{"textAnnotations": [{"boundingPoly": {"vertices": [{"x": 1531.0, "y": 39.0}, {"x": 1777.0, "y": 27.0}, {"x": 1779.0, "y": 61.0}, {"x": 1531.0, "y": 75.0}]}, "description": "merchant name"}, {"boundingPoly": {"vertices": [{"x": 1513.0, "y": 105.0}, {"x": 1781.0, "y": 96.0}, {"x": 1782.0, "y": 132.0}, {"x": 1513.0, "y": 139.0}]}, "description": "General Manager"}, {"boundingPoly": {"vertices": [{"x": 1455.0, "y": 175.0}, {"x": 1841.0, "y": 166.0}, {"x": 1842.0, "y": 202.0}, {"x": 1455.0, "y": 211.0}]}, "description": "We Love Your Feedback!"}, {"boundingPoly": {"vertices": [{"x": 1507.0, "y": 71.0}, {"x": 1785.0, "y": 62.0}, {"x": 1786.0, "y": 95.0}, {"x": 1508.0, "y": 104.0}]}, "description": "Matthew Frayser"}, {"boundingPoly": {"vertices": [{"x": 1535.0, "y": 140.0}, {"x": 1772.0, "y": 131.0}, {"x": 1773.0, "y": 166.0}, {"x": 1536.0, "y": 174.0}]}, "description": "merchant phone"}, {"boundingPoly": {"vertices": [{"x": 1453.0, "y": 213.0}, {"x": 1859.0, "y": 203.0}, {"x": 1860.0, "y": 238.0}, {"x": 1453.0, "y": 248.0}]}, "description": "Text @LF 11479 to 73940"}, {"boundingPoly": {"vertices": [{"x": 1968.0, "y": 276.0}, {"x": 2031.0, "y": 273.0}, {"x": 2032.0, "y": 304.0}, {"x": 1969.0, "y": 306.0}]}, "description": "USD"}, {"boundingPoly": {"vertices": [{"x": 1960.0, "y": 317.0}, {"x": 2034.0, "y": 315.0}, {"x": 2035.0, "y": 347.0}, {"x": 1960.0, "y": 348.0}]}, "description": "2.85"}, {"boundingPoly": {"vertices": [{"x": 1958.0, "y": 355.0}, {"x": 2044.0, "y": 353.0}, {"x": 2045.0, "y": 385.0}, {"x": 1959.0, "y": 387.0}]}, "description": "1.30"}, {"boundingPoly": {"vertices": [{"x": 1313.0, "y": 330.0}, {"x": 1388.0, "y": 328.0}, {"x": 1389.0, "y": 361.0}, {"x": 1313.0, "y": 362.0}]}, "description": "Coup"}, {"boundingPoly": {"vertices": [{"x": 1306.0, "y": 360.0}, {"x": 1617.0, "y": 360.0}, {"x": 1617.0, "y": 400.0}, {"x": 1306.0, "y": 400.0}]}, "description": " Chip Lays Classle"}, {"boundingPoly": {"vertices": [{"x": 1301.0, "y": 399.0}, {"x": 1618.0, "y": 399.0}, {"x": 1618.0, "y": 439.0}, {"x": 1301.0, "y": 439.0}]}, "description": " Chip Lays Classic"}, {"boundingPoly": {"vertices": [{"x": 1421.0, "y": 326.0}, {"x": 1499.0, "y": 324.0}, {"x": 1498.0, "y": 359.0}, {"x": 1420.0, "y": 360.0}]}, "description": "1207"}, {"boundingPoly": {"vertices": [{"x": 1623.0, "y": 360.0}, {"x": 1646.0, "y": 360.0}, {"x": 1646.0, "y": 400.0}, {"x": 1623.0, "y": 400.0}]}, "description": " 1"}, {"boundingPoly": {"vertices": [{"x": 1624.0, "y": 398.0}, {"x": 1647.0, "y": 398.0}, {"x": 1647.0, "y": 437.0}, {"x": 1624.0, "y": 437.0}]}, "description": " 1"}, {"boundingPoly": {"vertices": [{"x": 1302.0, "y": 438.0}, {"x": 1661.0, "y": 435.0}, {"x": 1662.0, "y": 472.0}, {"x": 1303.0, "y": 474.0}]}, "description": "Minute Maid Lemonade"}, {"boundingPoly": {"vertices": [{"x": 1302.0, "y": 476.0}, {"x": 1646.0, "y": 472.0}, {"x": 1647.0, "y": 510.0}, {"x": 1302.0, "y": 513.0}]}, "description": "0.35 lb x $ 7.68/15"}, {"boundingPoly": {"vertices": [{"x": 1305.0, "y": 516.0}, {"x": 1586.0, "y": 512.0}, {"x": 1587.0, "y": 550.0}, {"x": 1305.0, "y": 556.0}]}, "description": "Large Clamshell"}, {"boundingPoly": {"vertices": [{"x": 1961.0, "y": 386.0}, {"x": 2044.0, "y": 384.0}, {"x": 2043.0, "y": 421.0}, {"x": 1962.0, "y": 423.0}]}, "description": "1.30"}, {"boundingPoly": {"vertices": [{"x": 1968.0, "y": 425.0}, {"x": 2045.0, "y": 424.0}, {"x": 2044.0, "y": 457.0}, {"x": 1967.0, "y": 458.0}]}, "description": "1.80"}, {"boundingPoly": {"vertices": [{"x": 1972.0, "y": 505.0}, {"x": 2048.0, "y": 504.0}, {"x": 2047.0, "y": 539.0}, {"x": 1973.0, "y": 541.0}]}, "description": "2.69"}, {"boundingPoly": {"vertices": [{"x": 1715.0, "y": 589.0}, {"x": 1887.0, "y": 586.0}, {"x": 1887.0, "y": 623.0}, {"x": 1715.0, "y": 627.0}]}, "description": "Sub Total"}, {"boundingPoly": {"vertices": [{"x": 1718.0, "y": 631.0}, {"x": 1908.0, "y": 628.0}, {"x": 1909.0, "y": 664.0}, {"x": 1718.0, "y": 668.0}]}, "description": "Tax Amount"}, {"boundingPoly": {"vertices": [{"x": 1983.0, "y": 586.0}, {"x": 2056.0, "y": 586.0}, {"x": 2054.0, "y": 621.0}, {"x": 1982.0, "y": 621.0}]}, "description": "9.94"}, {"boundingPoly": {"vertices": [{"x": 1981.0, "y": 628.0}, {"x": 2057.0, "y": 626.0}, {"x": 2056.0, "y": 658.0}, {"x": 1980.0, "y": 660.0}]}, "description": "0.88"}, {"boundingPoly": {"vertices": [{"x": 1285.0, "y": 751.0}, {"x": 1619.0, "y": 750.0}, {"x": 1620.0, "y": 820.0}, {"x": 1285.0, "y": 824.0}]}, "description": "Total USD"}, {"boundingPoly": {"vertices": [{"x": 1878.0, "y": 748.0}, {"x": 2064.0, "y": 743.0}, {"x": 2065.0, "y": 814.0}, {"x": 1880.0, "y": 815.0}]}, "description": "10.82"}, {"boundingPoly": {"vertices": [{"x": 1277.0, "y": 941.0}, {"x": 1681.0, "y": 940.0}, {"x": 1681.0, "y": 981.0}, {"x": 1277.0, "y": 982.0}]}, "description": "5009 AMERICAN EXPRESS"}, {"boundingPoly": {"vertices": [{"x": 1983.0, "y": 938.0}, {"x": 2088.0, "y": 937.0}, {"x": 2087.0, "y": 976.0}, {"x": 1982.0, "y": 977.0}]}, "description": "10.82"}, {"boundingPoly": {"vertices": [{"x": 1284.0, "y": 1077.0}, {"x": 1343.0, "y": 1075.0}, {"x": 1344.0, "y": 1108.0}, {"x": 1284.0, "y": 1111.0}]}, "description": "Tax"}, {"boundingPoly": {"vertices": [{"x": 1281.0, "y": 1112.0}, {"x": 1438.0, "y": 1112.0}, {"x": 1439.0, "y": 1153.0}, {"x": 1281.0, "y": 1155.0}]}, "description": "() 8.875"}, {"boundingPoly": {"vertices": [{"x": 1587.0, "y": 1071.0}, {"x": 1867.0, "y": 1069.0}, {"x": 1867.0, "y": 1107.0}, {"x": 1587.0, "y": 1109.0}]}, "description": "Taxable Amount"}, {"boundingPoly": {"vertices": [{"x": 1781.0, "y": 1112.0}, {"x": 1858.0, "y": 1110.0}, {"x": 1860.0, "y": 1146.0}, {"x": 1781.0, "y": 1149.0}]}, "description": "9.94"}, {"boundingPoly": {"vertices": [{"x": 1884.0, "y": 1067.0}, {"x": 2089.0, "y": 1066.0}, {"x": 2089.0, "y": 1107.0}, {"x": 1884.0, "y": 1108.0}]}, "description": "Tax Amount"}, {"boundingPoly": {"vertices": [{"x": 2021.0, "y": 1111.0}, {"x": 2091.0, "y": 1110.0}, {"x": 2091.0, "y": 1146.0}, {"x": 2022.0, "y": 1147.0}]}, "description": ").88"}, {"boundingPoly": {"vertices": [{"x": 1281.0, "y": 1245.0}, {"x": 1673.0, "y": 1245.0}, {"x": 1673.0, "y": 1289.0}, {"x": 1281.0, "y": 1289.0}]}, "description": " 11/15/2019 01:39 PM #"}, {"boundingPoly": {"vertices": [{"x": 1277.0, "y": 1291.0}, {"x": 1471.0, "y": 1291.0}, {"x": 1471.0, "y": 1334.0}, {"x": 1277.0, "y": 1334.0}]}, "description": " 103 S:1111"}, {"boundingPoly": {"vertices": [{"x": 1277.0, "y": 1337.0}, {"x": 1480.0, "y": 1337.0}, {"x": 1480.0, "y": 1383.0}, {"x": 1277.0, "y": 1383.0}]}, "description": " Served you"}, {"boundingPoly": {"vertices": [{"x": 1681.0, "y": 1242.0}, {"x": 2102.0, "y": 1242.0}, {"x": 2102.0, "y": 1289.0}, {"x": 1681.0, "y": 1289.0}]}, "description": " :41478 Op:4024 C:111"}, {"boundingPoly": {"vertices": [{"x": 1487.0, "y": 1335.0}, {"x": 1911.0, "y": 1335.0}, {"x": 1911.0, "y": 1381.0}, {"x": 1487.0, "y": 1381.0}]}, "description": " : Winifred Wellington"}, {"boundingPoly": {"vertices": [{"x": 1452.0, "y": 1521.0}, {"x": 1877.0, "y": 1523.0}, {"x": 1876.0, "y": 1567.0}, {"x": 1451.0, "y": 1564.0}]}, "description": "*** Customer copy ***"}, {"boundingPoly": {"vertices": [{"x": 1529.0, "y": 1615.0}, {"x": 1814.0, "y": 1618.0}, {"x": 1814.0, "y": 1664.0}, {"x": 1528.0, "y": 1660.0}]}, "description": "AMEX NY937 (3)"}, {"boundingPoly": {"vertices": [{"x": 1294.0, "y": 1658.0}, {"x": 1319.0, "y": 1658.0}, {"x": 1319.0, "y": 1708.0}, {"x": 1294.0, "y": 1708.0}]}, "description": " I"}, {"boundingPoly": {"vertices": [{"x": 1326.0, "y": 1659.0}, {"x": 2044.0, "y": 1659.0}, {"x": 2044.0, "y": 1714.0}, {"x": 1326.0, "y": 1714.0}]}, "description": " agree to pay the above total amount"}, {"boundingPoly": {"vertices": [{"x": 1430.0, "y": 1715.0}, {"x": 1928.0, "y": 1716.0}, {"x": 1928.0, "y": 1759.0}, {"x": 1429.0, "y": 1757.0}]}, "description": "according to card issuer"}, {"boundingPoly": {"vertices": [{"x": 1272.0, "y": 1760.0}, {"x": 2072.0, "y": 1764.0}, {"x": 2072.0, "y": 1812.0}, {"x": 1272.0, "y": 1806.0}]}, "description": "agreement. (Merchant agreement if Credit"}, {"boundingPoly": {"vertices": [{"x": 1334.0, "y": 1805.0}, {"x": 2013.0, "y": 1816.0}, {"x": 2012.0, "y": 1863.0}, {"x": 1333.0, "y": 1851.0}]}, "description": "Voucher )Retain this copy for your"}, {"boundingPoly": {"vertices": [{"x": 1591.0, "y": 1863.0}, {"x": 1770.0, "y": 1863.0}, {"x": 1769.0, "y": 1908.0}, {"x": 1591.0, "y": 1907.0}]}, "description": "records."}, {"boundingPoly": {"vertices": [{"x": 1265.0, "y": 1953.0}, {"x": 1669.0, "y": 1958.0}, {"x": 1668.0, "y": 2008.0}, {"x": 1265.0, "y": 2002.0}]}, "description": "PURCHASE / APPROVED"}, {"boundingPoly": {"vertices": [{"x": 1269.0, "y": 2006.0}, {"x": 1608.0, "y": 2010.0}, {"x": 1607.0, "y": 2056.0}, {"x": 1268.0, "y": 2052.0}]}, "description": "AMERICAN EXPRESS"}, {"boundingPoly": {"vertices": [{"x": 1269.0, "y": 2065.0}, {"x": 1586.0, "y": 2068.0}, {"x": 1585.0, "y": 2113.0}, {"x": 1269.0, "y": 2106.0}]}, "description": "*********** 1006"}, {"boundingPoly": {"vertices": [{"x": 1264.0, "y": 2113.0}, {"x": 1512.0, "y": 2117.0}, {"x": 1511.0, "y": 2165.0}, {"x": 1263.0, "y": 2160.0}]}, "description": "CHIP READ /"}, {"boundingPoly": {"vertices": [{"x": 1267.0, "y": 2215.0}, {"x": 1674.0, "y": 2215.0}, {"x": 1674.0, "y": 2273.0}, {"x": 1267.0, "y": 2273.0}]}, "description": " 2019/11/15 13:39:59"}, {"boundingPoly": {"vertices": [{"x": 1264.0, "y": 2275.0}, {"x": 1334.0, "y": 2275.0}, {"x": 1334.0, "y": 2316.0}, {"x": 1264.0, "y": 2316.0}]}, "description": "TID"}, {"boundingPoly": {"vertices": [{"x": 1265.0, "y": 2327.0}, {"x": 1332.0, "y": 2329.0}, {"x": 1334.0, "y": 2375.0}, {"x": 1266.0, "y": 2373.0}]}, "description": "MID"}, {"boundingPoly": {"vertices": [{"x": 1263.0, "y": 2380.0}, {"x": 1458.0, "y": 2384.0}, {"x": 1457.0, "y": 2431.0}, {"x": 1262.0, "y": 2427.0}]}, "description": "REFERENCE"}, {"boundingPoly": {"vertices": [{"x": 1266.0, "y": 2439.0}, {"x": 1465.0, "y": 2442.0}, {"x": 1464.0, "y": 2490.0}, {"x": 1265.0, "y": 2486.0}]}, "description": "AUTH CODE"}, {"boundingPoly": {"vertices": [{"x": 1954.0, "y": 2288.0}, {"x": 2125.0, "y": 2289.0}, {"x": 2124.0, "y": 2333.0}, {"x": 1953.0, "y": 2329.0}]}, "description": "**** 6038"}, {"boundingPoly": {"vertices": [{"x": 1974.0, "y": 2340.0}, {"x": 2131.0, "y": 2340.0}, {"x": 2132.0, "y": 2388.0}, {"x": 1974.0, "y": 2389.0}]}, "description": "6634459"}, {"boundingPoly": {"vertices": [{"x": 1586.0, "y": 2388.0}, {"x": 2139.0, "y": 2395.0}, {"x": 2139.0, "y": 2445.0}, {"x": 1586.0, "y": 2438.0}]}, "description": "S11111111103#414780584093"}, {"boundingPoly": {"vertices": [{"x": 2000.0, "y": 2453.0}, {"x": 2138.0, "y": 2453.0}, {"x": 2139.0, "y": 2503.0}, {"x": 2002.0, "y": 2500.0}]}, "description": "830717"}, {"boundingPoly": {"vertices": [{"x": 1268.0, "y": 2551.0}, {"x": 1377.0, "y": 2553.0}, {"x": 1375.0, "y": 2601.0}, {"x": 1266.0, "y": 2598.0}]}, "description": "TOTAL"}, {"boundingPoly": {"vertices": [{"x": 1960.0, "y": 2565.0}, {"x": 2152.0, "y": 2566.0}, {"x": 2152.0, "y": 2619.0}, {"x": 1960.0, "y": 2616.0}]}, "description": "USD10.82"}, {"boundingPoly": {"vertices": [{"x": 1264.0, "y": 2666.0}, {"x": 1360.0, "y": 2666.0}, {"x": 1360.0, "y": 2717.0}, {"x": 1264.0, "y": 2717.0}]}, "description": " ARC:"}, {"boundingPoly": {"vertices": [{"x": 1266.0, "y": 2724.0}, {"x": 1355.0, "y": 2724.0}, {"x": 1355.0, "y": 2776.0}, {"x": 1266.0, "y": 2776.0}]}, "description": " TSI:"}, {"boundingPoly": {"vertices": [{"x": 1263.0, "y": 2782.0}, {"x": 1359.0, "y": 2782.0}, {"x": 1359.0, "y": 2837.0}, {"x": 1263.0, "y": 2837.0}]}, "description": " IAD:"}, {"boundingPoly": {"vertices": [{"x": 1257.0, "y": 2839.0}, {"x": 1356.0, "y": 2839.0}, {"x": 1356.0, "y": 2896.0}, {"x": 1257.0, "y": 2896.0}]}, "description": " TVR:"}, {"boundingPoly": {"vertices": [{"x": 1260.0, "y": 2904.0}, {"x": 1361.0, "y": 2904.0}, {"x": 1361.0, "y": 2956.0}, {"x": 1260.0, "y": 2956.0}]}, "description": " AID:"}, {"boundingPoly": {"vertices": [{"x": 1256.0, "y": 2962.0}, {"x": 1496.0, "y": 2962.0}, {"x": 1496.0, "y": 3007.0}, {"x": 1256.0, "y": 3010.0}]}, "description": "PAN Sen Ma"}, {"boundingPoly": {"vertices": [{"x": 1367.0, "y": 2667.0}, {"x": 1422.0, "y": 2667.0}, {"x": 1422.0, "y": 2718.0}, {"x": 1367.0, "y": 2718.0}]}, "description": " 00"}, {"boundingPoly": {"vertices": [{"x": 1364.0, "y": 2726.0}, {"x": 1467.0, "y": 2726.0}, {"x": 1467.0, "y": 2776.0}, {"x": 1364.0, "y": 2776.0}]}, "description": " F800"}, {"boundingPoly": {"vertices": [{"x": 1367.0, "y": 2785.0}, {"x": 1690.0, "y": 2785.0}, {"x": 1690.0, "y": 2844.0}, {"x": 1367.0, "y": 2844.0}]}, "description": " 06600103602002"}, {"boundingPoly": {"vertices": [{"x": 1366.0, "y": 2843.0}, {"x": 1600.0, "y": 2843.0}, {"x": 1600.0, "y": 2901.0}, {"x": 1366.0, "y": 2901.0}]}, "description": " 0000008000"}, {"boundingPoly": {"vertices": [{"x": 1370.0, "y": 2905.0}, {"x": 1737.0, "y": 2905.0}, {"x": 1737.0, "y": 2968.0}, {"x": 1370.0, "y": 2968.0}]}, "description": " A000000025010801"}]}