{"textAnnotations": [{"boundingPoly": {"vertices": [{"x": 320.0, "y": 87.0}, {"x": 579.0, "y": 87.0}, {"x": 578.0, "y": 112.0}, {"x": 320.0, "y": 111.0}]}, "description": "Thank You For Visiting the"}, {"boundingPoly": {"vertices": [{"x": 302.0, "y": 109.0}, {"x": 590.0, "y": 109.0}, {"x": 590.0, "y": 138.0}, {"x": 302.0, "y": 136.0}]}, "description": "merchant name"}, {"boundingPoly": {"vertices": [{"x": 289.0, "y": 131.0}, {"x": 599.0, "y": 134.0}, {"x": 599.0, "y": 163.0}, {"x": 289.0, "y": 160.0}]}, "description": "Nadine Varella, General Manager"}, {"boundingPoly": {"vertices": [{"x": 336.0, "y": 183.0}, {"x": 554.0, "y": 181.0}, {"x": 555.0, "y": 210.0}, {"x": 336.0, "y": 212.0}]}, "description": "We Love Your Feedback!"}, {"boundingPoly": {"vertices": [{"x": 378.0, "y": 160.0}, {"x": 520.0, "y": 163.0}, {"x": 519.0, "y": 189.0}, {"x": 378.0, "y": 186.0}]}, "description": "merchant phone"}, {"boundingPoly": {"vertices": [{"x": 332.0, "y": 208.0}, {"x": 561.0, "y": 202.0}, {"x": 561.0, "y": 231.0}, {"x": 332.0, "y": 235.0}]}, "description": "Text @LTF41042 to 73940"}, {"boundingPoly": {"vertices": [{"x": 622.0, "y": 245.0}, {"x": 656.0, "y": 244.0}, {"x": 656.0, "y": 265.0}, {"x": 623.0, "y": 266.0}]}, "description": "USD"}, {"boundingPoly": {"vertices": [{"x": 612.0, "y": 271.0}, {"x": 656.0, "y": 269.0}, {"x": 657.0, "y": 289.0}, {"x": 613.0, "y": 292.0}]}, "description": "0.55"}, {"boundingPoly": {"vertices": [{"x": 613.0, "y": 297.0}, {"x": 656.0, "y": 294.0}, {"x": 659.0, "y": 314.0}, {"x": 614.0, "y": 318.0}]}, "description": "1.70"}, {"boundingPoly": {"vertices": [{"x": 247.0, "y": 277.0}, {"x": 400.0, "y": 283.0}, {"x": 398.0, "y": 306.0}, {"x": 246.0, "y": 297.0}]}, "description": "Assorted Cookie"}, {"boundingPoly": {"vertices": [{"x": 246.0, "y": 299.0}, {"x": 446.0, "y": 307.0}, {"x": 445.0, "y": 331.0}, {"x": 245.0, "y": 323.0}]}, "description": "Starbucks Drip Coffe"}, {"boundingPoly": {"vertices": [{"x": 468.0, "y": 350.0}, {"x": 563.0, "y": 349.0}, {"x": 563.0, "y": 370.0}, {"x": 468.0, "y": 372.0}]}, "description": "Sub Total"}, {"boundingPoly": {"vertices": [{"x": 469.0, "y": 376.0}, {"x": 574.0, "y": 374.0}, {"x": 574.0, "y": 394.0}, {"x": 470.0, "y": 397.0}]}, "description": "Tax Amount"}, {"boundingPoly": {"vertices": [{"x": 611.0, "y": 345.0}, {"x": 659.0, "y": 343.0}, {"x": 660.0, "y": 365.0}, {"x": 612.0, "y": 367.0}]}, "description": "2.25"}, {"boundingPoly": {"vertices": [{"x": 609.0, "y": 372.0}, {"x": 656.0, "y": 369.0}, {"x": 658.0, "y": 389.0}, {"x": 611.0, "y": 392.0}]}, "description": "0.16"}, {"boundingPoly": {"vertices": [{"x": 232.0, "y": 444.0}, {"x": 414.0, "y": 448.0}, {"x": 413.0, "y": 490.0}, {"x": 231.0, "y": 487.0}]}, "description": "Total USD"}, {"boundingPoly": {"vertices": [{"x": 565.0, "y": 446.0}, {"x": 653.0, "y": 444.0}, {"x": 653.0, "y": 485.0}, {"x": 565.0, "y": 485.0}]}, "description": "2.41"}, {"boundingPoly": {"vertices": [{"x": 230.0, "y": 557.0}, {"x": 443.0, "y": 560.0}, {"x": 442.0, "y": 582.0}, {"x": 230.0, "y": 579.0}]}, "description": "5009 AMERICAN EXPRESS"}, {"boundingPoly": {"vertices": [{"x": 610.0, "y": 560.0}, {"x": 653.0, "y": 560.0}, {"x": 652.0, "y": 582.0}, {"x": 610.0, "y": 583.0}]}, "description": "2.41"}, {"boundingPoly": {"vertices": [{"x": 229.0, "y": 630.0}, {"x": 265.0, "y": 631.0}, {"x": 264.0, "y": 652.0}, {"x": 228.0, "y": 650.0}]}, "description": "Tax"}, {"boundingPoly": {"vertices": [{"x": 229.0, "y": 654.0}, {"x": 256.0, "y": 654.0}, {"x": 256.0, "y": 676.0}, {"x": 229.0, "y": 676.0}]}, "description": " ()"}, {"boundingPoly": {"vertices": [{"x": 391.0, "y": 633.0}, {"x": 539.0, "y": 633.0}, {"x": 539.0, "y": 657.0}, {"x": 391.0, "y": 657.0}]}, "description": " Taxable Amount"}, {"boundingPoly": {"vertices": [{"x": 491.0, "y": 658.0}, {"x": 532.0, "y": 659.0}, {"x": 532.0, "y": 679.0}, {"x": 490.0, "y": 678.0}]}, "description": "2.25"}, {"boundingPoly": {"vertices": [{"x": 548.0, "y": 636.0}, {"x": 653.0, "y": 636.0}, {"x": 653.0, "y": 657.0}, {"x": 548.0, "y": 657.0}]}, "description": " Tax Amount"}, {"boundingPoly": {"vertices": [{"x": 611.0, "y": 660.0}, {"x": 655.0, "y": 661.0}, {"x": 656.0, "y": 680.0}, {"x": 611.0, "y": 680.0}]}, "description": "0.16"}, {"boundingPoly": {"vertices": [{"x": 260.0, "y": 654.0}, {"x": 305.0, "y": 654.0}, {"x": 305.0, "y": 677.0}, {"x": 260.0, "y": 677.0}]}, "description": " 7.00"}, {"boundingPoly": {"vertices": [{"x": 223.0, "y": 725.0}, {"x": 443.0, "y": 725.0}, {"x": 443.0, "y": 754.0}, {"x": 223.0, "y": 754.0}]}, "description": " 11/19/2019 01:23 PM #:"}, {"boundingPoly": {"vertices": [{"x": 446.0, "y": 730.0}, {"x": 658.0, "y": 730.0}, {"x": 658.0, "y": 757.0}, {"x": 446.0, "y": 757.0}]}, "description": " 19917 Op:3053 C:113"}, {"boundingPoly": {"vertices": [{"x": 219.0, "y": 751.0}, {"x": 325.0, "y": 751.0}, {"x": 325.0, "y": 776.0}, {"x": 219.0, "y": 776.0}]}, "description": " 102 S:1131"}, {"boundingPoly": {"vertices": [{"x": 214.0, "y": 776.0}, {"x": 329.0, "y": 776.0}, {"x": 329.0, "y": 802.0}, {"x": 214.0, "y": 802.0}]}, "description": " Served you"}, {"boundingPoly": {"vertices": [{"x": 331.0, "y": 779.0}, {"x": 479.0, "y": 779.0}, {"x": 479.0, "y": 805.0}, {"x": 331.0, "y": 805.0}]}, "description": " : Marie Leonce"}, {"boundingPoly": {"vertices": [{"x": 299.0, "y": 879.0}, {"x": 536.0, "y": 887.0}, {"x": 535.0, "y": 909.0}, {"x": 299.0, "y": 902.0}]}, "description": "*** Customer copy ***"}, {"boundingPoly": {"vertices": [{"x": 322.0, "y": 930.0}, {"x": 525.0, "y": 937.0}, {"x": 524.0, "y": 961.0}, {"x": 322.0, "y": 952.0}]}, "description": "AMEX Sunrise 937-8"}, {"boundingPoly": {"vertices": [{"x": 290.0, "y": 976.0}, {"x": 555.0, "y": 986.0}, {"x": 554.0, "y": 1014.0}, {"x": 289.0, "y": 999.0}]}, "description": "according to card issuer"}, {"boundingPoly": {"vertices": [{"x": 237.0, "y": 1020.0}, {"x": 595.0, "y": 1033.0}, {"x": 593.0, "y": 1065.0}, {"x": 236.0, "y": 1045.0}]}, "description": "Voucher ) Retain this copy for your"}, {"boundingPoly": {"vertices": [{"x": 208.0, "y": 1084.0}, {"x": 413.0, "y": 1084.0}, {"x": 413.0, "y": 1107.0}, {"x": 208.0, "y": 1106.0}]}, "description": "PURCHASE / APPROVED"}, {"boundingPoly": {"vertices": [{"x": 213.0, "y": 1124.0}, {"x": 369.0, "y": 1127.0}, {"x": 368.0, "y": 1148.0}, {"x": 213.0, "y": 1143.0}]}, "description": "*********** 1009"}, {"boundingPoly": {"vertices": [{"x": 214.0, "y": 951.0}, {"x": 228.0, "y": 951.0}, {"x": 228.0, "y": 974.0}, {"x": 214.0, "y": 974.0}]}, "description": " I"}, {"boundingPoly": {"vertices": [{"x": 232.0, "y": 951.0}, {"x": 623.0, "y": 951.0}, {"x": 623.0, "y": 996.0}, {"x": 232.0, "y": 996.0}]}, "description": " agree to pay the above total amount"}, {"boundingPoly": {"vertices": [{"x": 203.0, "y": 1000.0}, {"x": 632.0, "y": 1012.0}, {"x": 630.0, "y": 1046.0}, {"x": 202.0, "y": 1025.0}]}, "description": "agreement. (Merchant agreement if Credit"}, {"boundingPoly": {"vertices": [{"x": 375.0, "y": 1045.0}, {"x": 462.0, "y": 1045.0}, {"x": 462.0, "y": 1068.0}, {"x": 375.0, "y": 1067.0}]}, "description": "records."}, {"boundingPoly": {"vertices": [{"x": 211.0, "y": 1104.0}, {"x": 381.0, "y": 1104.0}, {"x": 381.0, "y": 1124.0}, {"x": 211.0, "y": 1123.0}]}, "description": "AMERICAN EXPRESS"}, {"boundingPoly": {"vertices": [{"x": 210.0, "y": 1145.0}, {"x": 330.0, "y": 1151.0}, {"x": 328.0, "y": 1174.0}, {"x": 210.0, "y": 1167.0}]}, "description": "CHIP READ /"}]}