{"textAnnotations": [{"boundingPoly": {"vertices": [{"x": 296.0, "y": 190.0}, {"x": 890.0, "y": 189.0}, {"x": 890.0, "y": 255.0}, {"x": 296.0, "y": 256.0}]}, "description": "merchant name"}, {"boundingPoly": {"vertices": [{"x": 501.0, "y": 254.0}, {"x": 571.0, "y": 254.0}, {"x": 571.0, "y": 290.0}, {"x": 501.0, "y": 290.0}]}, "description": "merchant address"}, {"boundingPoly": {"vertices": [{"x": 413.0, "y": 294.0}, {"x": 569.0, "y": 294.0}, {"x": 569.0, "y": 330.0}, {"x": 413.0, "y": 330.0}]}, "description": "merchant address"}, {"boundingPoly": {"vertices": [{"x": 444.0, "y": 334.0}, {"x": 538.0, "y": 334.0}, {"x": 538.0, "y": 369.0}, {"x": 444.0, "y": 369.0}]}, "description": " A.B.N."}, {"boundingPoly": {"vertices": [{"x": 577.0, "y": 252.0}, {"x": 660.0, "y": 252.0}, {"x": 660.0, "y": 289.0}, {"x": 577.0, "y": 289.0}]}, "description": "merchant address"}, {"boundingPoly": {"vertices": [{"x": 575.0, "y": 293.0}, {"x": 657.0, "y": 293.0}, {"x": 657.0, "y": 330.0}, {"x": 575.0, "y": 330.0}]}, "description": "merchant address"}, {"boundingPoly": {"vertices": [{"x": 573.0, "y": 333.0}, {"x": 791.0, "y": 333.0}, {"x": 791.0, "y": 369.0}, {"x": 573.0, "y": 369.0}]}, "description": "merchant phone"}, {"boundingPoly": {"vertices": [{"x": 667.0, "y": 251.0}, {"x": 703.0, "y": 251.0}, {"x": 703.0, "y": 288.0}, {"x": 667.0, "y": 288.0}]}, "description": "merchant address"}, {"boundingPoly": {"vertices": [{"x": 664.0, "y": 292.0}, {"x": 718.0, "y": 292.0}, {"x": 718.0, "y": 329.0}, {"x": 664.0, "y": 329.0}]}, "description": "merchant address"}, {"boundingPoly": {"vertices": [{"x": 725.0, "y": 291.0}, {"x": 791.0, "y": 291.0}, {"x": 791.0, "y": 328.0}, {"x": 725.0, "y": 328.0}]}, "description": "merchant address"}, {"boundingPoly": {"vertices": [{"x": 544.0, "y": 334.0}, {"x": 567.0, "y": 334.0}, {"x": 567.0, "y": 369.0}, {"x": 544.0, "y": 369.0}]}, "description": " ="}, {"boundingPoly": {"vertices": [{"x": 295.0, "y": 414.0}, {"x": 377.0, "y": 414.0}, {"x": 377.0, "y": 451.0}, {"x": 295.0, "y": 451.0}]}, "description": " DATE:"}, {"boundingPoly": {"vertices": [{"x": 294.0, "y": 457.0}, {"x": 435.0, "y": 457.0}, {"x": 435.0, "y": 492.0}, {"x": 294.0, "y": 492.0}]}, "description": " Operator:"}, {"boundingPoly": {"vertices": [{"x": 293.0, "y": 495.0}, {"x": 376.0, "y": 495.0}, {"x": 376.0, "y": 534.0}, {"x": 293.0, "y": 534.0}]}, "description": " Till:"}, {"boundingPoly": {"vertices": [{"x": 384.0, "y": 414.0}, {"x": 539.0, "y": 414.0}, {"x": 539.0, "y": 451.0}, {"x": 384.0, "y": 451.0}]}, "description": " 13/11/2019"}, {"boundingPoly": {"vertices": [{"x": 715.0, "y": 414.0}, {"x": 795.0, "y": 414.0}, {"x": 795.0, "y": 450.0}, {"x": 715.0, "y": 450.0}]}, "description": " TIME:"}, {"boundingPoly": {"vertices": [{"x": 697.0, "y": 455.0}, {"x": 823.0, "y": 455.0}, {"x": 823.0, "y": 491.0}, {"x": 697.0, "y": 491.0}]}, "description": " Trans.#:"}, {"boundingPoly": {"vertices": [{"x": 740.0, "y": 494.0}, {"x": 927.0, "y": 494.0}, {"x": 927.0, "y": 535.0}, {"x": 740.0, "y": 535.0}]}, "description": " 1 13/11/2019"}, {"boundingPoly": {"vertices": [{"x": 802.0, "y": 412.0}, {"x": 929.0, "y": 412.0}, {"x": 929.0, "y": 449.0}, {"x": 802.0, "y": 449.0}]}, "description": " 12:52 PM"}, {"boundingPoly": {"vertices": [{"x": 828.0, "y": 454.0}, {"x": 927.0, "y": 454.0}, {"x": 927.0, "y": 491.0}, {"x": 828.0, "y": 491.0}]}, "description": " 364209"}, {"boundingPoly": {"vertices": [{"x": 441.0, "y": 457.0}, {"x": 554.0, "y": 457.0}, {"x": 554.0, "y": 492.0}, {"x": 441.0, "y": 492.0}]}, "description": " Claudia"}, {"boundingPoly": {"vertices": [{"x": 383.0, "y": 496.0}, {"x": 481.0, "y": 496.0}, {"x": 481.0, "y": 536.0}, {"x": 383.0, "y": 536.0}]}, "description": " Till 5"}, {"boundingPoly": {"vertices": [{"x": 634.0, "y": 496.0}, {"x": 733.0, "y": 496.0}, {"x": 733.0, "y": 535.0}, {"x": 634.0, "y": 535.0}]}, "description": " Shift:"}, {"boundingPoly": {"vertices": [{"x": 340.0, "y": 582.0}, {"x": 407.0, "y": 582.0}, {"x": 407.0, "y": 616.0}, {"x": 340.0, "y": 615.0}]}, "description": "Food"}, {"boundingPoly": {"vertices": [{"x": 290.0, "y": 623.0}, {"x": 640.0, "y": 624.0}, {"x": 640.0, "y": 660.0}, {"x": 290.0, "y": 660.0}]}, "description": "Mixed Grill $16.90, Meal"}, {"boundingPoly": {"vertices": [{"x": 726.0, "y": 630.0}, {"x": 744.0, "y": 628.0}, {"x": 745.0, "y": 654.0}, {"x": 726.0, "y": 656.0}]}, "description": "1"}, {"boundingPoly": {"vertices": [{"x": 845.0, "y": 625.0}, {"x": 923.0, "y": 624.0}, {"x": 921.0, "y": 658.0}, {"x": 846.0, "y": 658.0}]}, "description": "16.90"}, {"boundingPoly": {"vertices": [{"x": 575.0, "y": 706.0}, {"x": 729.0, "y": 706.0}, {"x": 729.0, "y": 739.0}, {"x": 575.0, "y": 741.0}]}, "description": "Food Total"}, {"boundingPoly": {"vertices": [{"x": 828.0, "y": 706.0}, {"x": 923.0, "y": 705.0}, {"x": 922.0, "y": 738.0}, {"x": 828.0, "y": 741.0}]}, "description": "$16.90"}, {"boundingPoly": {"vertices": [{"x": 290.0, "y": 830.0}, {"x": 555.0, "y": 830.0}, {"x": 555.0, "y": 894.0}, {"x": 290.0, "y": 894.0}]}, "description": " Subtotal:"}, {"boundingPoly": {"vertices": [{"x": 317.0, "y": 938.0}, {"x": 924.0, "y": 938.0}, {"x": 924.0, "y": 1007.0}, {"x": 317.0, "y": 1006.0}]}, "description": "American Expr"}, {"boundingPoly": {"vertices": [{"x": 403.0, "y": 1006.0}, {"x": 658.0, "y": 1006.0}, {"x": 658.0, "y": 1044.0}, {"x": 403.0, "y": 1044.0}]}, "description": " American Express"}, {"boundingPoly": {"vertices": [{"x": 435.0, "y": 1046.0}, {"x": 670.0, "y": 1046.0}, {"x": 670.0, "y": 1086.0}, {"x": 435.0, "y": 1086.0}]}, "description": " xxxxxxxxxxx1006"}, {"boundingPoly": {"vertices": [{"x": 315.0, "y": 1091.0}, {"x": 533.0, "y": 1091.0}, {"x": 533.0, "y": 1132.0}, {"x": 315.0, "y": 1132.0}]}, "description": " Approval Code:"}, {"boundingPoly": {"vertices": [{"x": 735.0, "y": 832.0}, {"x": 924.0, "y": 831.0}, {"x": 925.0, "y": 893.0}, {"x": 735.0, "y": 895.0}]}, "description": "$16.90"}, {"boundingPoly": {"vertices": [{"x": 318.0, "y": 1007.0}, {"x": 396.0, "y": 1007.0}, {"x": 396.0, "y": 1045.0}, {"x": 318.0, "y": 1045.0}]}, "description": " Type:"}, {"boundingPoly": {"vertices": [{"x": 313.0, "y": 1048.0}, {"x": 428.0, "y": 1048.0}, {"x": 428.0, "y": 1087.0}, {"x": 313.0, "y": 1087.0}]}, "description": " Number:"}, {"boundingPoly": {"vertices": [{"x": 540.0, "y": 1091.0}, {"x": 639.0, "y": 1091.0}, {"x": 639.0, "y": 1129.0}, {"x": 540.0, "y": 1129.0}]}, "description": " 822106"}, {"boundingPoly": {"vertices": [{"x": 360.0, "y": 1178.0}, {"x": 611.0, "y": 1178.0}, {"x": 611.0, "y": 1218.0}, {"x": 360.0, "y": 1218.0}]}, "description": " Number of items:"}, {"boundingPoly": {"vertices": [{"x": 618.0, "y": 1180.0}, {"x": 636.0, "y": 1180.0}, {"x": 636.0, "y": 1218.0}, {"x": 618.0, "y": 1218.0}]}, "description": " 1"}, {"boundingPoly": {"vertices": [{"x": 283.0, "y": 1264.0}, {"x": 515.0, "y": 1264.0}, {"x": 515.0, "y": 1305.0}, {"x": 283.0, "y": 1305.0}]}, "description": " Total Includes:"}, {"boundingPoly": {"vertices": [{"x": 523.0, "y": 1264.0}, {"x": 623.0, "y": 1264.0}, {"x": 623.0, "y": 1306.0}, {"x": 523.0, "y": 1306.0}]}, "description": " GST of"}, {"boundingPoly": {"vertices": [{"x": 848.0, "y": 1271.0}, {"x": 929.0, "y": 1272.0}, {"x": 930.0, "y": 1306.0}, {"x": 848.0, "y": 1307.0}]}, "description": "$1.54"}, {"boundingPoly": {"vertices": [{"x": 468.0, "y": 1354.0}, {"x": 767.0, "y": 1359.0}, {"x": 766.0, "y": 1428.0}, {"x": 467.0, "y": 1423.0}]}, "description": "Thank You!"}, {"boundingPoly": {"vertices": [{"x": 475.0, "y": 1426.0}, {"x": 730.0, "y": 1428.0}, {"x": 729.0, "y": 1470.0}, {"x": 475.0, "y": 1466.0}]}, "description": "Powered by Bepoz"}]}