{"textAnnotations": [{"boundingPoly": {"vertices": [{"x": 333.0, "y": 36.0}, {"x": 407.0, "y": 35.0}, {"x": 407.0, "y": 58.0}, {"x": 333.0, "y": 58.0}]}, "description": "merchant name"}, {"boundingPoly": {"vertices": [{"x": 332.0, "y": 150.0}, {"x": 420.0, "y": 150.0}, {"x": 420.0, "y": 175.0}, {"x": 333.0, "y": 176.0}]}, "description": "merchant name"}, {"boundingPoly": {"vertices": [{"x": 268.0, "y": 183.0}, {"x": 481.0, "y": 180.0}, {"x": 481.0, "y": 202.0}, {"x": 268.0, "y": 205.0}]}, "description": "merchant address"}, {"boundingPoly": {"vertices": [{"x": 287.0, "y": 209.0}, {"x": 463.0, "y": 207.0}, {"x": 463.0, "y": 229.0}, {"x": 287.0, "y": 231.0}]}, "description": "merchant address"}, {"boundingPoly": {"vertices": [{"x": 327.0, "y": 234.0}, {"x": 428.0, "y": 234.0}, {"x": 428.0, "y": 255.0}, {"x": 327.0, "y": 256.0}]}, "description": "merchant phone"}, {"boundingPoly": {"vertices": [{"x": 293.0, "y": 287.0}, {"x": 393.0, "y": 287.0}, {"x": 393.0, "y": 318.0}, {"x": 293.0, "y": 318.0}]}, "description": " ORDER:"}, {"boundingPoly": {"vertices": [{"x": 344.0, "y": 325.0}, {"x": 419.0, "y": 326.0}, {"x": 420.0, "y": 355.0}, {"x": 343.0, "y": 354.0}]}, "description": "To Go"}, {"boundingPoly": {"vertices": [{"x": 308.0, "y": 362.0}, {"x": 357.0, "y": 362.0}, {"x": 357.0, "y": 383.0}, {"x": 308.0, "y": 383.0}]}, "description": " Victor"}, {"boundingPoly": {"vertices": [{"x": 236.0, "y": 386.0}, {"x": 428.0, "y": 386.0}, {"x": 428.0, "y": 407.0}, {"x": 236.0, "y": 407.0}]}, "description": " 02-Dec-2019 11:10:01A"}, {"boundingPoly": {"vertices": [{"x": 236.0, "y": 422.0}, {"x": 413.0, "y": 420.0}, {"x": 414.0, "y": 441.0}, {"x": 236.0, "y": 443.0}]}, "description": "Transaction 5504314"}, {"boundingPoly": {"vertices": [{"x": 399.0, "y": 285.0}, {"x": 469.0, "y": 285.0}, {"x": 469.0, "y": 317.0}, {"x": 399.0, "y": 317.0}]}, "description": " allen"}, {"boundingPoly": {"vertices": [{"x": 233.0, "y": 363.0}, {"x": 304.0, "y": 363.0}, {"x": 304.0, "y": 383.0}, {"x": 233.0, "y": 383.0}]}, "description": " Cashier:"}, {"boundingPoly": {"vertices": [{"x": 234.0, "y": 471.0}, {"x": 251.0, "y": 471.0}, {"x": 251.0, "y": 489.0}, {"x": 234.0, "y": 489.0}]}, "description": " 1"}, {"boundingPoly": {"vertices": [{"x": 257.0, "y": 470.0}, {"x": 346.0, "y": 470.0}, {"x": 346.0, "y": 490.0}, {"x": 257.0, "y": 490.0}]}, "description": " Flat White"}, {"boundingPoly": {"vertices": [{"x": 480.0, "y": 469.0}, {"x": 531.0, "y": 469.0}, {"x": 530.0, "y": 489.0}, {"x": 479.0, "y": 487.0}]}, "description": "$4.25"}, {"boundingPoly": {"vertices": [{"x": 427.0, "y": 493.0}, {"x": 529.0, "y": 492.0}, {"x": 529.0, "y": 513.0}, {"x": 427.0, "y": 514.0}]}, "description": "Small $0.00"}, {"boundingPoly": {"vertices": [{"x": 377.0, "y": 519.0}, {"x": 530.0, "y": 517.0}, {"x": 530.0, "y": 539.0}, {"x": 377.0, "y": 541.0}]}, "description": "Caffeinated $0.00"}, {"boundingPoly": {"vertices": [{"x": 371.0, "y": 544.0}, {"x": 529.0, "y": 541.0}, {"x": 530.0, "y": 564.0}, {"x": 372.0, "y": 567.0}]}, "description": "Regular Milk $0.00"}, {"boundingPoly": {"vertices": [{"x": 235.0, "y": 594.0}, {"x": 317.0, "y": 595.0}, {"x": 317.0, "y": 615.0}, {"x": 235.0, "y": 614.0}]}, "description": "1 Coffee"}, {"boundingPoly": {"vertices": [{"x": 483.0, "y": 593.0}, {"x": 530.0, "y": 593.0}, {"x": 530.0, "y": 614.0}, {"x": 483.0, "y": 614.0}]}, "description": "$2.50"}, {"boundingPoly": {"vertices": [{"x": 426.0, "y": 618.0}, {"x": 530.0, "y": 617.0}, {"x": 531.0, "y": 639.0}, {"x": 426.0, "y": 640.0}]}, "description": "Small $0.00"}, {"boundingPoly": {"vertices": [{"x": 374.0, "y": 644.0}, {"x": 530.0, "y": 641.0}, {"x": 531.0, "y": 664.0}, {"x": 374.0, "y": 667.0}]}, "description": "Regular Milk $0.00"}, {"boundingPoly": {"vertices": [{"x": 236.0, "y": 720.0}, {"x": 312.0, "y": 720.0}, {"x": 312.0, "y": 740.0}, {"x": 236.0, "y": 739.0}]}, "description": "Subtotal"}, {"boundingPoly": {"vertices": [{"x": 237.0, "y": 746.0}, {"x": 270.0, "y": 747.0}, {"x": 269.0, "y": 765.0}, {"x": 236.0, "y": 764.0}]}, "description": "Tax"}, {"boundingPoly": {"vertices": [{"x": 482.0, "y": 716.0}, {"x": 533.0, "y": 718.0}, {"x": 531.0, "y": 738.0}, {"x": 482.0, "y": 738.0}]}, "description": "$6.75"}, {"boundingPoly": {"vertices": [{"x": 481.0, "y": 742.0}, {"x": 532.0, "y": 743.0}, {"x": 531.0, "y": 763.0}, {"x": 481.0, "y": 763.0}]}, "description": "$0.60"}, {"boundingPoly": {"vertices": [{"x": 234.0, "y": 795.0}, {"x": 280.0, "y": 796.0}, {"x": 279.0, "y": 816.0}, {"x": 234.0, "y": 816.0}]}, "description": "Total"}, {"boundingPoly": {"vertices": [{"x": 233.0, "y": 822.0}, {"x": 264.0, "y": 824.0}, {"x": 263.0, "y": 845.0}, {"x": 231.0, "y": 843.0}]}, "description": "Tip"}, {"boundingPoly": {"vertices": [{"x": 232.0, "y": 858.0}, {"x": 408.0, "y": 858.0}, {"x": 408.0, "y": 880.0}, {"x": 232.0, "y": 880.0}]}, "description": "CREDIT CARD SALE"}, {"boundingPoly": {"vertices": [{"x": 229.0, "y": 885.0}, {"x": 333.0, "y": 884.0}, {"x": 333.0, "y": 904.0}, {"x": 229.0, "y": 906.0}]}, "description": "AMEX 1005"}, {"boundingPoly": {"vertices": [{"x": 480.0, "y": 793.0}, {"x": 534.0, "y": 794.0}, {"x": 532.0, "y": 813.0}, {"x": 479.0, "y": 814.0}]}, "description": "$7.35"}, {"boundingPoly": {"vertices": [{"x": 480.0, "y": 819.0}, {"x": 534.0, "y": 819.0}, {"x": 534.0, "y": 841.0}, {"x": 480.0, "y": 840.0}]}, "description": "$1.10"}, {"boundingPoly": {"vertices": [{"x": 483.0, "y": 856.0}, {"x": 534.0, "y": 857.0}, {"x": 533.0, "y": 879.0}, {"x": 483.0, "y": 878.0}]}, "description": "$8.45"}, {"boundingPoly": {"vertices": [{"x": 232.0, "y": 924.0}, {"x": 426.0, "y": 924.0}, {"x": 426.0, "y": 946.0}, {"x": 232.0, "y": 946.0}]}, "description": " 02-Dec-2019 11:11:56A"}, {"boundingPoly": {"vertices": [{"x": 230.0, "y": 950.0}, {"x": 362.0, "y": 950.0}, {"x": 362.0, "y": 973.0}, {"x": 230.0, "y": 973.0}]}, "description": " $8.45 | Method:"}, {"boundingPoly": {"vertices": [{"x": 230.0, "y": 978.0}, {"x": 409.0, "y": 978.0}, {"x": 409.0, "y": 999.0}, {"x": 230.0, "y": 999.0}]}, "description": "AMERICAN EXPRESS"}, {"boundingPoly": {"vertices": [{"x": 229.0, "y": 1004.0}, {"x": 417.0, "y": 1004.0}, {"x": 417.0, "y": 1025.0}, {"x": 229.0, "y": 1025.0}]}, "description": "XXXXXXXXXXXX1005"}, {"boundingPoly": {"vertices": [{"x": 227.0, "y": 1059.0}, {"x": 277.0, "y": 1059.0}, {"x": 277.0, "y": 1081.0}, {"x": 227.0, "y": 1081.0}]}, "description": " Ref #:"}, {"boundingPoly": {"vertices": [{"x": 229.0, "y": 1086.0}, {"x": 292.0, "y": 1086.0}, {"x": 292.0, "y": 1108.0}, {"x": 229.0, "y": 1108.0}]}, "description": " Auth #:"}, {"boundingPoly": {"vertices": [{"x": 228.0, "y": 1112.0}, {"x": 266.0, "y": 1112.0}, {"x": 266.0, "y": 1134.0}, {"x": 228.0, "y": 1134.0}]}, "description": " MID:"}, {"boundingPoly": {"vertices": [{"x": 227.0, "y": 1140.0}, {"x": 262.0, "y": 1140.0}, {"x": 262.0, "y": 1161.0}, {"x": 227.0, "y": 1161.0}]}, "description": " AID:"}, {"boundingPoly": {"vertices": [{"x": 229.0, "y": 1165.0}, {"x": 341.0, "y": 1165.0}, {"x": 341.0, "y": 1186.0}, {"x": 229.0, "y": 1186.0}]}, "description": " AthNtwkNm:"}, {"boundingPoly": {"vertices": [{"x": 366.0, "y": 951.0}, {"x": 409.0, "y": 951.0}, {"x": 409.0, "y": 973.0}, {"x": 366.0, "y": 973.0}]}, "description": " EMV"}, {"boundingPoly": {"vertices": [{"x": 280.0, "y": 1059.0}, {"x": 414.0, "y": 1059.0}, {"x": 414.0, "y": 1081.0}, {"x": 280.0, "y": 1081.0}]}, "description": " 933600550040"}, {"boundingPoly": {"vertices": [{"x": 295.0, "y": 1086.0}, {"x": 362.0, "y": 1086.0}, {"x": 362.0, "y": 1108.0}, {"x": 295.0, "y": 1108.0}]}, "description": " 878376"}, {"boundingPoly": {"vertices": [{"x": 270.0, "y": 1112.0}, {"x": 395.0, "y": 1112.0}, {"x": 395.0, "y": 1135.0}, {"x": 270.0, "y": 1135.0}]}, "description": " ******** 1880"}, {"boundingPoly": {"vertices": [{"x": 266.0, "y": 1140.0}, {"x": 446.0, "y": 1140.0}, {"x": 446.0, "y": 1162.0}, {"x": 266.0, "y": 1162.0}]}, "description": " A000000025010801"}, {"boundingPoly": {"vertices": [{"x": 345.0, "y": 1165.0}, {"x": 403.0, "y": 1165.0}, {"x": 403.0, "y": 1186.0}, {"x": 345.0, "y": 1186.0}]}, "description": " AMEX"}, {"boundingPoly": {"vertices": [{"x": 261.0, "y": 1237.0}, {"x": 319.0, "y": 1237.0}, {"x": 319.0, "y": 1260.0}, {"x": 261.0, "y": 1260.0}]}, "description": " Online:"}, {"boundingPoly": {"vertices": [{"x": 305.0, "y": 1261.0}, {"x": 435.0, "y": 1262.0}, {"x": 435.0, "y": 1279.0}, {"x": 305.0, "y": 1278.0}]}, "description": "09K7073 JWT"}, {"boundingPoly": {"vertices": [{"x": 323.0, "y": 1239.0}, {"x": 513.0, "y": 1239.0}, {"x": 513.0, "y": 1268.0}, {"x": 323.0, "y": 1268.0}]}, "description": " https://clover.com/p/"}]}