{"textAnnotations": [{"boundingPoly": {"vertices": [{"x": 25.0, "y": 59.0}, {"x": 92.0, "y": 61.0}, {"x": 92.0, "y": 73.0}, {"x": 25.0, "y": 72.0}]}, "description": "11/11/19"}, {"boundingPoly": {"vertices": [{"x": 29.0, "y": 72.0}, {"x": 149.0, "y": 75.0}, {"x": 149.0, "y": 90.0}, {"x": 29.0, "y": 87.0}]}, "description": "merchant name"}, {"boundingPoly": {"vertices": [{"x": 20.0, "y": 91.0}, {"x": 103.0, "y": 91.0}, {"x": 103.0, "y": 110.0}, {"x": 20.0, "y": 110.0}]}, "description": " MERCH ID:"}, {"boundingPoly": {"vertices": [{"x": 20.0, "y": 113.0}, {"x": 153.0, "y": 113.0}, {"x": 153.0, "y": 132.0}, {"x": 20.0, "y": 132.0}]}, "description": " Csh:JULIO CESAR"}, {"boundingPoly": {"vertices": [{"x": 20.0, "y": 134.0}, {"x": 91.0, "y": 134.0}, {"x": 90.0, "y": 151.0}, {"x": 19.0, "y": 150.0}]}, "description": "Amex EMV"}, {"boundingPoly": {"vertices": [{"x": 21.0, "y": 154.0}, {"x": 73.0, "y": 154.0}, {"x": 73.0, "y": 173.0}, {"x": 21.0, "y": 173.0}]}, "description": " TABLE:"}, {"boundingPoly": {"vertices": [{"x": 19.0, "y": 175.0}, {"x": 52.0, "y": 175.0}, {"x": 52.0, "y": 192.0}, {"x": 19.0, "y": 192.0}]}, "description": " NAME"}, {"boundingPoly": {"vertices": [{"x": 21.0, "y": 195.0}, {"x": 81.0, "y": 195.0}, {"x": 81.0, "y": 213.0}, {"x": 21.0, "y": 213.0}]}, "description": " NUMBER:"}, {"boundingPoly": {"vertices": [{"x": 21.0, "y": 215.0}, {"x": 42.0, "y": 215.0}, {"x": 42.0, "y": 234.0}, {"x": 21.0, "y": 234.0}]}, "description": " EXP"}, {"boundingPoly": {"vertices": [{"x": 232.0, "y": 65.0}, {"x": 272.0, "y": 65.0}, {"x": 272.0, "y": 79.0}, {"x": 232.0, "y": 79.0}]}, "description": " 13:40"}, {"boundingPoly": {"vertices": [{"x": 105.0, "y": 93.0}, {"x": 192.0, "y": 93.0}, {"x": 192.0, "y": 113.0}, {"x": 105.0, "y": 113.0}]}, "description": " 1461506002"}, {"boundingPoly": {"vertices": [{"x": 178.0, "y": 116.0}, {"x": 241.0, "y": 116.0}, {"x": 241.0, "y": 135.0}, {"x": 178.0, "y": 135.0}]}, "description": " Trm:266"}, {"boundingPoly": {"vertices": [{"x": 179.0, "y": 138.0}, {"x": 265.0, "y": 138.0}, {"x": 265.0, "y": 157.0}, {"x": 179.0, "y": 157.0}]}, "description": " CK:2667472"}, {"boundingPoly": {"vertices": [{"x": 113.0, "y": 156.0}, {"x": 132.0, "y": 156.0}, {"x": 131.0, "y": 174.0}, {"x": 112.0, "y": 173.0}]}, "description": "77"}, {"boundingPoly": {"vertices": [{"x": 112.0, "y": 198.0}, {"x": 238.0, "y": 200.0}, {"x": 238.0, "y": 217.0}, {"x": 112.0, "y": 215.0}]}, "description": "XXXXXXXXXXX1004"}, {"boundingPoly": {"vertices": [{"x": 129.0, "y": 219.0}, {"x": 223.0, "y": 219.0}, {"x": 223.0, "y": 238.0}, {"x": 129.0, "y": 238.0}]}, "description": " AUTH:836784"}, {"boundingPoly": {"vertices": [{"x": 55.0, "y": 176.0}, {"x": 64.0, "y": 176.0}, {"x": 64.0, "y": 192.0}, {"x": 55.0, "y": 192.0}]}, "description": " :"}, {"boundingPoly": {"vertices": [{"x": 45.0, "y": 216.0}, {"x": 103.0, "y": 216.0}, {"x": 103.0, "y": 235.0}, {"x": 45.0, "y": 235.0}]}, "description": " : XX/XX"}, {"boundingPoly": {"vertices": [{"x": 19.0, "y": 256.0}, {"x": 109.0, "y": 256.0}, {"x": 109.0, "y": 277.0}, {"x": 19.0, "y": 277.0}]}, "description": " Total with"}, {"boundingPoly": {"vertices": [{"x": 22.0, "y": 279.0}, {"x": 196.0, "y": 279.0}, {"x": 196.0, "y": 298.0}, {"x": 22.0, "y": 298.0}]}, "description": " gratuity included is:"}, {"boundingPoly": {"vertices": [{"x": 113.0, "y": 258.0}, {"x": 140.0, "y": 258.0}, {"x": 140.0, "y": 278.0}, {"x": 113.0, "y": 278.0}]}, "description": " 18%"}, {"boundingPoly": {"vertices": [{"x": 143.0, "y": 259.0}, {"x": 221.0, "y": 259.0}, {"x": 221.0, "y": 280.0}, {"x": 143.0, "y": 280.0}]}, "description": " suggested"}, {"boundingPoly": {"vertices": [{"x": 152.0, "y": 320.0}, {"x": 198.0, "y": 320.0}, {"x": 197.0, "y": 337.0}, {"x": 152.0, "y": 337.0}]}, "description": "21.44"}, {"boundingPoly": {"vertices": [{"x": 20.0, "y": 357.0}, {"x": 90.0, "y": 357.0}, {"x": 90.0, "y": 376.0}, {"x": 20.0, "y": 376.0}]}, "description": " Gratuity"}, {"boundingPoly": {"vertices": [{"x": 19.0, "y": 389.0}, {"x": 128.0, "y": 389.0}, {"x": 128.0, "y": 416.0}, {"x": 19.0, "y": 416.0}]}, "description": " Final total:"}, {"boundingPoly": {"vertices": [{"x": 93.0, "y": 357.0}, {"x": 149.0, "y": 357.0}, {"x": 149.0, "y": 376.0}, {"x": 93.0, "y": 376.0}]}, "description": " Change"}, {"boundingPoly": {"vertices": [{"x": 138.0, "y": 379.0}, {"x": 222.0, "y": 379.0}, {"x": 222.0, "y": 413.0}, {"x": 138.0, "y": 413.0}]}, "description": " 21 . 44"}, {"boundingPoly": {"vertices": [{"x": 16.0, "y": 437.0}, {"x": 212.0, "y": 437.0}, {"x": 212.0, "y": 456.0}, {"x": 16.0, "y": 457.0}]}, "description": "Please note that an 18%"}, {"boundingPoly": {"vertices": [{"x": 15.0, "y": 460.0}, {"x": 246.0, "y": 458.0}, {"x": 246.0, "y": 476.0}, {"x": 15.0, "y": 478.0}]}, "description": "gratuity has been suggested"}, {"boundingPoly": {"vertices": [{"x": 15.0, "y": 481.0}, {"x": 236.0, "y": 478.0}, {"x": 236.0, "y": 496.0}, {"x": 16.0, "y": 499.0}]}, "description": "on your check. Please feel"}, {"boundingPoly": {"vertices": [{"x": 15.0, "y": 501.0}, {"x": 237.0, "y": 500.0}, {"x": 238.0, "y": 518.0}, {"x": 15.0, "y": 519.0}]}, "description": "free to decrease, increase"}, {"boundingPoly": {"vertices": [{"x": 40.0, "y": 520.0}, {"x": 212.0, "y": 520.0}, {"x": 212.0, "y": 541.0}, {"x": 40.0, "y": 541.0}]}, "description": " remove the gratuity."}, {"boundingPoly": {"vertices": [{"x": 15.0, "y": 542.0}, {"x": 261.0, "y": 541.0}, {"x": 261.0, "y": 560.0}, {"x": 15.0, "y": 562.0}]}, "description": "Thank you for dining with us."}, {"boundingPoly": {"vertices": [{"x": 152.0, "y": 356.0}, {"x": 194.0, "y": 356.0}, {"x": 194.0, "y": 376.0}, {"x": 152.0, "y": 376.0}]}, "description": " +/ -_"}, {"boundingPoly": {"vertices": [{"x": 14.0, "y": 524.0}, {"x": 38.0, "y": 524.0}, {"x": 38.0, "y": 541.0}, {"x": 14.0, "y": 541.0}]}, "description": " or"}, {"boundingPoly": {"vertices": [{"x": 12.0, "y": 587.0}, {"x": 24.0, "y": 587.0}, {"x": 24.0, "y": 607.0}, {"x": 12.0, "y": 607.0}]}, "description": " I"}, {"boundingPoly": {"vertices": [{"x": 11.0, "y": 609.0}, {"x": 247.0, "y": 606.0}, {"x": 247.0, "y": 624.0}, {"x": 12.0, "y": 628.0}]}, "description": "amount according to my card"}, {"boundingPoly": {"vertices": [{"x": 11.0, "y": 631.0}, {"x": 160.0, "y": 628.0}, {"x": 160.0, "y": 646.0}, {"x": 11.0, "y": 649.0}]}, "description": "issuer agreement."}, {"boundingPoly": {"vertices": [{"x": 27.0, "y": 583.0}, {"x": 237.0, "y": 583.0}, {"x": 237.0, "y": 607.0}, {"x": 27.0, "y": 607.0}]}, "description": " agree to pay above total"}]}