{"textAnnotations": [{"boundingPoly": {"vertices": [{"x": 331.0, "y": 7.0}, {"x": 390.0, "y": 7.0}, {"x": 390.0, "y": 29.0}, {"x": 331.0, "y": 29.0}]}, "description": " 12:28"}, {"boundingPoly": {"vertices": [{"x": 609.0, "y": 8.0}, {"x": 653.0, "y": 7.0}, {"x": 654.0, "y": 27.0}, {"x": 610.0, "y": 30.0}]}, "description": "BO"}, {"boundingPoly": {"vertices": [{"x": 99.0, "y": 65.0}, {"x": 416.0, "y": 64.0}, {"x": 417.0, "y": 89.0}, {"x": 100.0, "y": 91.0}]}, "description": "ORDER #57943465473"}, {"boundingPoly": {"vertices": [{"x": 99.0, "y": 96.0}, {"x": 303.0, "y": 96.0}, {"x": 303.0, "y": 118.0}, {"x": 99.0, "y": 118.0}]}, "description": " Delivered | 2 Items \u20b9"}, {"boundingPoly": {"vertices": [{"x": 306.0, "y": 96.0}, {"x": 364.0, "y": 96.0}, {"x": 364.0, "y": 118.0}, {"x": 306.0, "y": 118.0}]}, "description": " 3663"}, {"boundingPoly": {"vertices": [{"x": 622.0, "y": 80.0}, {"x": 689.0, "y": 79.0}, {"x": 690.0, "y": 101.0}, {"x": 622.0, "y": 102.0}]}, "description": "HELP"}, {"boundingPoly": {"vertices": [{"x": 96.0, "y": 199.0}, {"x": 371.0, "y": 200.0}, {"x": 371.0, "y": 226.0}, {"x": 96.0, "y": 225.0}]}, "description": "merchant name"}, {"boundingPoly": {"vertices": [{"x": 99.0, "y": 232.0}, {"x": 197.0, "y": 232.0}, {"x": 197.0, "y": 255.0}, {"x": 99.0, "y": 255.0}]}, "description": "merchant address"}, {"boundingPoly": {"vertices": [{"x": 201.0, "y": 232.0}, {"x": 378.0, "y": 232.0}, {"x": 378.0, "y": 257.0}, {"x": 201.0, "y": 257.0}]}, "description": "merchant address"}, {"boundingPoly": {"vertices": [{"x": 382.0, "y": 232.0}, {"x": 435.0, "y": 232.0}, {"x": 435.0, "y": 257.0}, {"x": 382.0, "y": 257.0}]}, "description": "merchant address"}, {"boundingPoly": {"vertices": [{"x": 439.0, "y": 233.0}, {"x": 492.0, "y": 233.0}, {"x": 492.0, "y": 256.0}, {"x": 439.0, "y": 256.0}]}, "description": "merchant address"}, {"boundingPoly": {"vertices": [{"x": 95.0, "y": 314.0}, {"x": 206.0, "y": 314.0}, {"x": 206.0, "y": 338.0}, {"x": 95.0, "y": 338.0}]}, "description": "Ofc add"}, {"boundingPoly": {"vertices": [{"x": 190.0, "y": 346.0}, {"x": 331.0, "y": 346.0}, {"x": 331.0, "y": 369.0}, {"x": 190.0, "y": 369.0}]}, "description": " Floor Am@10"}, {"boundingPoly": {"vertices": [{"x": 99.0, "y": 347.0}, {"x": 186.0, "y": 347.0}, {"x": 186.0, "y": 368.0}, {"x": 99.0, "y": 368.0}]}, "description": " Ikeva 1st"}, {"boundingPoly": {"vertices": [{"x": 334.0, "y": 346.0}, {"x": 426.0, "y": 346.0}, {"x": 426.0, "y": 370.0}, {"x": 334.0, "y": 370.0}]}, "description": " Building,"}, {"boundingPoly": {"vertices": [{"x": 430.0, "y": 346.0}, {"x": 474.0, "y": 346.0}, {"x": 474.0, "y": 370.0}, {"x": 430.0, "y": 370.0}]}, "description": " Icici"}, {"boundingPoly": {"vertices": [{"x": 477.0, "y": 346.0}, {"x": 644.0, "y": 346.0}, {"x": 644.0, "y": 370.0}, {"x": 477.0, "y": 370.0}]}, "description": " Prudential, Opp"}, {"boundingPoly": {"vertices": [{"x": 648.0, "y": 346.0}, {"x": 663.0, "y": 346.0}, {"x": 663.0, "y": 370.0}, {"x": 648.0, "y": 370.0}]}, "description": " Ci"}, {"boundingPoly": {"vertices": [{"x": 666.0, "y": 346.0}, {"x": 688.0, "y": 346.0}, {"x": 688.0, "y": 370.0}, {"x": 666.0, "y": 370.0}]}, "description": " ..."}, {"boundingPoly": {"vertices": [{"x": 30.0, "y": 481.0}, {"x": 73.0, "y": 474.0}, {"x": 75.0, "y": 500.0}, {"x": 34.0, "y": 508.0}]}, "description": "V"}, {"boundingPoly": {"vertices": [{"x": 103.0, "y": 477.0}, {"x": 550.0, "y": 477.0}, {"x": 550.0, "y": 501.0}, {"x": 103.0, "y": 501.0}]}, "description": " Order delivered on November 27, 9:24 PM"}, {"boundingPoly": {"vertices": [{"x": 31.0, "y": 628.0}, {"x": 167.0, "y": 627.0}, {"x": 167.0, "y": 648.0}, {"x": 31.0, "y": 649.0}]}, "description": "BILL DETAILS"}, {"boundingPoly": {"vertices": [{"x": 63.0, "y": 722.0}, {"x": 354.0, "y": 723.0}, {"x": 354.0, "y": 748.0}, {"x": 63.0, "y": 747.0}]}, "description": "Mini Chicken Biryani x 18"}, {"boundingPoly": {"vertices": [{"x": 617.0, "y": 722.0}, {"x": 689.0, "y": 723.0}, {"x": 689.0, "y": 745.0}, {"x": 617.0, "y": 744.0}]}, "description": "\u59292610"}, {"boundingPoly": {"vertices": [{"x": 31.0, "y": 770.0}, {"x": 277.0, "y": 770.0}, {"x": 277.0, "y": 796.0}, {"x": 31.0, "y": 795.0}]}, "description": "Q Mutton Biryani x 3"}, {"boundingPoly": {"vertices": [{"x": 627.0, "y": 770.0}, {"x": 687.0, "y": 771.0}, {"x": 687.0, "y": 793.0}, {"x": 627.0, "y": 792.0}]}, "description": "\u20b9855"}, {"boundingPoly": {"vertices": [{"x": 29.0, "y": 860.0}, {"x": 135.0, "y": 860.0}, {"x": 135.0, "y": 880.0}, {"x": 29.0, "y": 880.0}]}, "description": "Item Total"}, {"boundingPoly": {"vertices": [{"x": 584.0, "y": 859.0}, {"x": 688.0, "y": 859.0}, {"x": 688.0, "y": 880.0}, {"x": 584.0, "y": 880.0}]}, "description": "\u20b93465.00"}, {"boundingPoly": {"vertices": [{"x": 30.0, "y": 900.0}, {"x": 77.0, "y": 899.0}, {"x": 76.0, "y": 919.0}, {"x": 31.0, "y": 921.0}]}, "description": "GST"}, {"boundingPoly": {"vertices": [{"x": 608.0, "y": 898.0}, {"x": 688.0, "y": 899.0}, {"x": 687.0, "y": 920.0}, {"x": 608.0, "y": 919.0}]}, "description": "\u20b9173.25"}, {"boundingPoly": {"vertices": [{"x": 30.0, "y": 939.0}, {"x": 216.0, "y": 940.0}, {"x": 216.0, "y": 963.0}, {"x": 30.0, "y": 962.0}]}, "description": "Delivery Charges"}, {"boundingPoly": {"vertices": [{"x": 611.0, "y": 939.0}, {"x": 689.0, "y": 939.0}, {"x": 689.0, "y": 960.0}, {"x": 611.0, "y": 960.0}]}, "description": "25.00"}, {"boundingPoly": {"vertices": [{"x": 31.0, "y": 1020.0}, {"x": 307.0, "y": 1020.0}, {"x": 308.0, "y": 1042.0}, {"x": 31.0, "y": 1042.0}]}, "description": "Paid Via Credit/Debit card"}, {"boundingPoly": {"vertices": [{"x": 504.0, "y": 1021.0}, {"x": 562.0, "y": 1022.0}, {"x": 562.0, "y": 1042.0}, {"x": 504.0, "y": 1042.0}]}, "description": "Total"}, {"boundingPoly": {"vertices": [{"x": 610.0, "y": 1021.0}, {"x": 689.0, "y": 1021.0}, {"x": 689.0, "y": 1043.0}, {"x": 610.0, "y": 1042.0}]}, "description": "3663"}, {"boundingPoly": {"vertices": [{"x": 296.0, "y": 1217.0}, {"x": 424.0, "y": 1217.0}, {"x": 424.0, "y": 1241.0}, {"x": 296.0, "y": 1241.0}]}, "description": "REORDER"}]}