{"textAnnotations": [{"boundingPoly": {"vertices": [{"x": 305.0, "y": 121.0}, {"x": 515.0, "y": 121.0}, {"x": 515.0, "y": 167.0}, {"x": 305.0, "y": 166.0}]}, "description": "Yesterday"}, {"boundingPoly": {"vertices": [{"x": 237.0, "y": 192.0}, {"x": 582.0, "y": 192.0}, {"x": 582.0, "y": 220.0}, {"x": 237.0, "y": 221.0}]}, "description": "Your trip time was 01m 07s"}, {"boundingPoly": {"vertices": [{"x": 34.0, "y": 294.0}, {"x": 135.0, "y": 294.0}, {"x": 135.0, "y": 318.0}, {"x": 34.0, "y": 318.0}]}, "description": " 8:25 AM"}, {"boundingPoly": {"vertices": [{"x": 704.0, "y": 293.0}, {"x": 788.0, "y": 294.0}, {"x": 788.0, "y": 317.0}, {"x": 704.0, "y": 317.0}]}, "description": "1 ITEM"}, {"boundingPoly": {"vertices": [{"x": 247.0, "y": 382.0}, {"x": 751.0, "y": 383.0}, {"x": 751.0, "y": 418.0}, {"x": 247.0, "y": 416.0}]}, "description": "York Street Caterers Blueberry"}, {"boundingPoly": {"vertices": [{"x": 248.0, "y": 430.0}, {"x": 729.0, "y": 430.0}, {"x": 729.0, "y": 466.0}, {"x": 248.0, "y": 466.0}]}, "description": "Yogurt & Granola Cup 10.5 oz"}, {"boundingPoly": {"vertices": [{"x": 662.0, "y": 498.0}, {"x": 787.0, "y": 498.0}, {"x": 788.0, "y": 528.0}, {"x": 662.0, "y": 528.0}]}, "description": "US$4.79"}, {"boundingPoly": {"vertices": [{"x": 34.0, "y": 617.0}, {"x": 156.0, "y": 617.0}, {"x": 156.0, "y": 646.0}, {"x": 34.0, "y": 646.0}]}, "description": "Subtotal"}, {"boundingPoly": {"vertices": [{"x": 670.0, "y": 617.0}, {"x": 796.0, "y": 617.0}, {"x": 796.0, "y": 646.0}, {"x": 670.0, "y": 647.0}]}, "description": "US$4.79"}, {"boundingPoly": {"vertices": [{"x": 35.0, "y": 679.0}, {"x": 164.0, "y": 679.0}, {"x": 164.0, "y": 707.0}, {"x": 35.0, "y": 707.0}]}, "description": "Sales tax"}, {"boundingPoly": {"vertices": [{"x": 710.0, "y": 679.0}, {"x": 795.0, "y": 679.0}, {"x": 795.0, "y": 706.0}, {"x": 710.0, "y": 708.0}]}, "description": "$0.00"}, {"boundingPoly": {"vertices": [{"x": 34.0, "y": 739.0}, {"x": 481.0, "y": 739.0}, {"x": 481.0, "y": 771.0}, {"x": 34.0, "y": 771.0}]}, "description": "Total (AmericanExpress *1006)"}, {"boundingPoly": {"vertices": [{"x": 668.0, "y": 740.0}, {"x": 796.0, "y": 739.0}, {"x": 797.0, "y": 768.0}, {"x": 668.0, "y": 770.0}]}, "description": "US$4.79"}, {"boundingPoly": {"vertices": [{"x": 184.0, "y": 858.0}, {"x": 637.0, "y": 858.0}, {"x": 637.0, "y": 887.0}, {"x": 184.0, "y": 887.0}]}, "description": "THANKS FOR SHOPPING, AW!"}, {"boundingPoly": {"vertices": [{"x": 229.0, "y": 900.0}, {"x": 371.0, "y": 900.0}, {"x": 371.0, "y": 926.0}, {"x": 229.0, "y": 926.0}]}, "description": "merchant name"}, {"boundingPoly": {"vertices": [{"x": 150.0, "y": 939.0}, {"x": 670.0, "y": 939.0}, {"x": 670.0, "y": 965.0}, {"x": 150.0, "y": 967.0}]}, "description": "merchant address"}, {"boundingPoly": {"vertices": [{"x": 375.0, "y": 900.0}, {"x": 386.0, "y": 900.0}, {"x": 386.0, "y": 926.0}, {"x": 375.0, "y": 926.0}]}, "description": " |"}, {"boundingPoly": {"vertices": [{"x": 390.0, "y": 900.0}, {"x": 593.0, "y": 900.0}, {"x": 593.0, "y": 926.0}, {"x": 390.0, "y": 926.0}]}, "description": " Brookfield Place"}, {"boundingPoly": {"vertices": [{"x": 252.0, "y": 1017.0}, {"x": 350.0, "y": 1017.0}, {"x": 350.0, "y": 1043.0}, {"x": 252.0, "y": 1043.0}]}, "description": " Contact"}, {"boundingPoly": {"vertices": [{"x": 243.0, "y": 1063.0}, {"x": 578.0, "y": 1062.0}, {"x": 578.0, "y": 1087.0}, {"x": 243.0, "y": 1088.0}]}, "description": "Order #113-6094925-2792213"}, {"boundingPoly": {"vertices": [{"x": 355.0, "y": 1017.0}, {"x": 385.0, "y": 1017.0}, {"x": 385.0, "y": 1043.0}, {"x": 355.0, "y": 1043.0}]}, "description": " us"}, {"boundingPoly": {"vertices": [{"x": 390.0, "y": 1017.0}, {"x": 464.0, "y": 1017.0}, {"x": 464.0, "y": 1044.0}, {"x": 390.0, "y": 1044.0}]}, "description": " about"}, {"boundingPoly": {"vertices": [{"x": 469.0, "y": 1016.0}, {"x": 569.0, "y": 1016.0}, {"x": 569.0, "y": 1045.0}, {"x": 469.0, "y": 1045.0}]}, "description": " this trip"}, {"boundingPoly": {"vertices": [{"x": 248.0, "y": 1147.0}, {"x": 571.0, "y": 1146.0}, {"x": 572.0, "y": 1170.0}, {"x": 248.0, "y": 1172.0}]}, "description": "Learn more about refunds"}]}