{"textAnnotations": [{"boundingPoly": {"vertices": [{"x": 1027.0, "y": 322.0}, {"x": 1468.0, "y": 326.0}, {"x": 1468.0, "y": 351.0}, {"x": 1027.0, "y": 347.0}]}, "description": "merchant name"}, {"boundingPoly": {"vertices": [{"x": 1091.0, "y": 352.0}, {"x": 1328.0, "y": 352.0}, {"x": 1328.0, "y": 380.0}, {"x": 1091.0, "y": 380.0}]}, "description": "merchant address"}, {"boundingPoly": {"vertices": [{"x": 1181.0, "y": 380.0}, {"x": 1317.0, "y": 382.0}, {"x": 1317.0, "y": 410.0}, {"x": 1181.0, "y": 409.0}]}, "description": "merchant address"}, {"boundingPoly": {"vertices": [{"x": 1143.0, "y": 424.0}, {"x": 1298.0, "y": 424.0}, {"x": 1298.0, "y": 452.0}, {"x": 1143.0, "y": 452.0}]}, "description": " Cashier Name:"}, {"boundingPoly": {"vertices": [{"x": 1144.0, "y": 451.0}, {"x": 1291.0, "y": 451.0}, {"x": 1291.0, "y": 480.0}, {"x": 1144.0, "y": 480.0}]}, "description": " POS Station:"}, {"boundingPoly": {"vertices": [{"x": 1333.0, "y": 354.0}, {"x": 1409.0, "y": 354.0}, {"x": 1409.0, "y": 380.0}, {"x": 1333.0, "y": 380.0}]}, "description": "merchant address"}, {"boundingPoly": {"vertices": [{"x": 1302.0, "y": 425.0}, {"x": 1354.0, "y": 425.0}, {"x": 1354.0, "y": 452.0}, {"x": 1302.0, "y": 452.0}]}, "description": " rffv"}, {"boundingPoly": {"vertices": [{"x": 1295.0, "y": 453.0}, {"x": 1345.0, "y": 453.0}, {"x": 1345.0, "y": 480.0}, {"x": 1295.0, "y": 480.0}]}, "description": " POS2"}, {"boundingPoly": {"vertices": [{"x": 1152.0, "y": 511.0}, {"x": 1337.0, "y": 511.0}, {"x": 1337.0, "y": 598.0}, {"x": 1153.0, "y": 597.0}]}, "description": "#183"}, {"boundingPoly": {"vertices": [{"x": 1147.0, "y": 614.0}, {"x": 1248.0, "y": 614.0}, {"x": 1248.0, "y": 639.0}, {"x": 1147.0, "y": 639.0}]}, "description": " #6182082"}, {"boundingPoly": {"vertices": [{"x": 963.0, "y": 642.0}, {"x": 1167.0, "y": 642.0}, {"x": 1167.0, "y": 668.0}, {"x": 963.0, "y": 668.0}]}, "description": " Transaction Type:"}, {"boundingPoly": {"vertices": [{"x": 961.0, "y": 682.0}, {"x": 1027.0, "y": 682.0}, {"x": 1027.0, "y": 706.0}, {"x": 961.0, "y": 706.0}]}, "description": " Date:"}, {"boundingPoly": {"vertices": [{"x": 962.0, "y": 612.0}, {"x": 1143.0, "y": 612.0}, {"x": 1143.0, "y": 639.0}, {"x": 962.0, "y": 639.0}]}, "description": " Transaction Id:"}, {"boundingPoly": {"vertices": [{"x": 1172.0, "y": 644.0}, {"x": 1225.0, "y": 644.0}, {"x": 1225.0, "y": 669.0}, {"x": 1172.0, "y": 669.0}]}, "description": " SALE"}, {"boundingPoly": {"vertices": [{"x": 1031.0, "y": 683.0}, {"x": 1297.0, "y": 683.0}, {"x": 1297.0, "y": 710.0}, {"x": 1031.0, "y": 710.0}]}, "description": " 2019-11-04 08:39:24 PM"}, {"boundingPoly": {"vertices": [{"x": 966.0, "y": 740.0}, {"x": 1012.0, "y": 741.0}, {"x": 1012.0, "y": 764.0}, {"x": 967.0, "y": 763.0}]}, "description": "Item"}, {"boundingPoly": {"vertices": [{"x": 1397.0, "y": 743.0}, {"x": 1462.0, "y": 744.0}, {"x": 1460.0, "y": 768.0}, {"x": 1395.0, "y": 767.0}]}, "description": "Price"}, {"boundingPoly": {"vertices": [{"x": 964.0, "y": 848.0}, {"x": 978.0, "y": 852.0}, {"x": 977.0, "y": 875.0}, {"x": 962.0, "y": 871.0}]}, "description": "1"}, {"boundingPoly": {"vertices": [{"x": 1002.0, "y": 850.0}, {"x": 1210.0, "y": 850.0}, {"x": 1210.0, "y": 877.0}, {"x": 1002.0, "y": 876.0}]}, "description": "Mango D Slush (L)"}, {"boundingPoly": {"vertices": [{"x": 1008.0, "y": 877.0}, {"x": 1161.0, "y": 880.0}, {"x": 1160.0, "y": 907.0}, {"x": 1008.0, "y": 903.0}]}, "description": "+ Mixed Jelly"}, {"boundingPoly": {"vertices": [{"x": 1394.0, "y": 853.0}, {"x": 1457.0, "y": 854.0}, {"x": 1457.0, "y": 881.0}, {"x": 1393.0, "y": 880.0}]}, "description": "$6.99"}, {"boundingPoly": {"vertices": [{"x": 1393.0, "y": 883.0}, {"x": 1456.0, "y": 883.0}, {"x": 1456.0, "y": 907.0}, {"x": 1393.0, "y": 907.0}]}, "description": "$0.50"}, {"boundingPoly": {"vertices": [{"x": 958.0, "y": 988.0}, {"x": 1064.0, "y": 988.0}, {"x": 1064.0, "y": 1014.0}, {"x": 958.0, "y": 1014.0}]}, "description": " Subtotal:"}, {"boundingPoly": {"vertices": [{"x": 960.0, "y": 1017.0}, {"x": 1006.0, "y": 1017.0}, {"x": 1006.0, "y": 1042.0}, {"x": 960.0, "y": 1042.0}]}, "description": " Tax:"}, {"boundingPoly": {"vertices": [{"x": 958.0, "y": 1058.0}, {"x": 1033.0, "y": 1058.0}, {"x": 1033.0, "y": 1103.0}, {"x": 958.0, "y": 1103.0}]}, "description": " Total:"}, {"boundingPoly": {"vertices": [{"x": 1395.0, "y": 993.0}, {"x": 1454.0, "y": 992.0}, {"x": 1452.0, "y": 1016.0}, {"x": 1394.0, "y": 1016.0}]}, "description": "$7.49"}, {"boundingPoly": {"vertices": [{"x": 1393.0, "y": 1019.0}, {"x": 1457.0, "y": 1019.0}, {"x": 1456.0, "y": 1046.0}, {"x": 1393.0, "y": 1045.0}]}, "description": "$0.98"}, {"boundingPoly": {"vertices": [{"x": 1392.0, "y": 1063.0}, {"x": 1455.0, "y": 1060.0}, {"x": 1456.0, "y": 1106.0}, {"x": 1394.0, "y": 1109.0}]}, "description": "$8.47"}, {"boundingPoly": {"vertices": [{"x": 954.0, "y": 1185.0}, {"x": 1123.0, "y": 1185.0}, {"x": 1123.0, "y": 1211.0}, {"x": 954.0, "y": 1211.0}]}, "description": " Cash Received:"}, {"boundingPoly": {"vertices": [{"x": 957.0, "y": 1215.0}, {"x": 1205.0, "y": 1215.0}, {"x": 1205.0, "y": 1241.0}, {"x": 957.0, "y": 1241.0}]}, "description": " Card Amount Received:"}, {"boundingPoly": {"vertices": [{"x": 957.0, "y": 1244.0}, {"x": 1123.0, "y": 1244.0}, {"x": 1123.0, "y": 1270.0}, {"x": 957.0, "y": 1270.0}]}, "description": " Cash Rounding:"}, {"boundingPoly": {"vertices": [{"x": 949.0, "y": 1273.0}, {"x": 1039.0, "y": 1273.0}, {"x": 1039.0, "y": 1318.0}, {"x": 949.0, "y": 1318.0}]}, "description": " Change:"}, {"boundingPoly": {"vertices": [{"x": 1382.0, "y": 1187.0}, {"x": 1456.0, "y": 1187.0}, {"x": 1455.0, "y": 1214.0}, {"x": 1382.0, "y": 1214.0}]}, "description": "$10.00"}, {"boundingPoly": {"vertices": [{"x": 1388.0, "y": 1218.0}, {"x": 1452.0, "y": 1217.0}, {"x": 1451.0, "y": 1242.0}, {"x": 1391.0, "y": 1245.0}]}, "description": "$0.00"}, {"boundingPoly": {"vertices": [{"x": 1390.0, "y": 1247.0}, {"x": 1455.0, "y": 1245.0}, {"x": 1454.0, "y": 1271.0}, {"x": 1391.0, "y": 1274.0}]}, "description": "$0.02"}, {"boundingPoly": {"vertices": [{"x": 1388.0, "y": 1280.0}, {"x": 1457.0, "y": 1276.0}, {"x": 1457.0, "y": 1319.0}, {"x": 1390.0, "y": 1324.0}]}, "description": "$1.55"}, {"boundingPoly": {"vertices": [{"x": 1150.0, "y": 1361.0}, {"x": 1327.0, "y": 1363.0}, {"x": 1326.0, "y": 1390.0}, {"x": 1149.0, "y": 1387.0}]}, "description": "Rewards Summary"}, {"boundingPoly": {"vertices": [{"x": 1091.0, "y": 1399.0}, {"x": 1253.0, "y": 1399.0}, {"x": 1253.0, "y": 1407.0}, {"x": 1091.0, "y": 1406.0}]}, "description": "----------------"}, {"boundingPoly": {"vertices": [{"x": 1411.0, "y": 1398.0}, {"x": 1454.0, "y": 1397.0}, {"x": 1453.0, "y": 1413.0}, {"x": 1409.0, "y": 1414.0}]}, "description": "----"}, {"boundingPoly": {"vertices": [{"x": 1391.0, "y": 1422.0}, {"x": 1452.0, "y": 1422.0}, {"x": 1452.0, "y": 1444.0}, {"x": 1390.0, "y": 1443.0}]}, "description": "0 PTS"}, {"boundingPoly": {"vertices": [{"x": 1391.0, "y": 1450.0}, {"x": 1451.0, "y": 1450.0}, {"x": 1451.0, "y": 1472.0}, {"x": 1391.0, "y": 1473.0}]}, "description": "0 PTS"}, {"boundingPoly": {"vertices": [{"x": 1390.0, "y": 1479.0}, {"x": 1452.0, "y": 1479.0}, {"x": 1452.0, "y": 1502.0}, {"x": 1389.0, "y": 1502.0}]}, "description": "0 PTS"}, {"boundingPoly": {"vertices": [{"x": 953.0, "y": 1505.0}, {"x": 1524.0, "y": 1510.0}, {"x": 1524.0, "y": 1535.0}, {"x": 953.0, "y": 1528.0}]}, "description": "Download the Real Fruit app to earn points on yo"}, {"boundingPoly": {"vertices": [{"x": 954.0, "y": 1535.0}, {"x": 1155.0, "y": 1535.0}, {"x": 1155.0, "y": 1559.0}, {"x": 954.0, "y": 1559.0}]}, "description": "ur next purchase!"}, {"boundingPoly": {"vertices": [{"x": 950.0, "y": 1566.0}, {"x": 989.0, "y": 1565.0}, {"x": 990.0, "y": 1585.0}, {"x": 951.0, "y": 1585.0}]}, "description": "---"}, {"boundingPoly": {"vertices": [{"x": 954.0, "y": 1418.0}, {"x": 1072.0, "y": 1418.0}, {"x": 1072.0, "y": 1442.0}, {"x": 954.0, "y": 1442.0}]}, "description": " Collected:"}, {"boundingPoly": {"vertices": [{"x": 954.0, "y": 1447.0}, {"x": 1056.0, "y": 1447.0}, {"x": 1056.0, "y": 1471.0}, {"x": 954.0, "y": 1471.0}]}, "description": " Redeemed"}, {"boundingPoly": {"vertices": [{"x": 954.0, "y": 1477.0}, {"x": 1043.0, "y": 1477.0}, {"x": 1043.0, "y": 1501.0}, {"x": 954.0, "y": 1501.0}]}, "description": " Balance"}, {"boundingPoly": {"vertices": [{"x": 1060.0, "y": 1447.0}, {"x": 1073.0, "y": 1447.0}, {"x": 1073.0, "y": 1472.0}, {"x": 1060.0, "y": 1472.0}]}, "description": " :"}, {"boundingPoly": {"vertices": [{"x": 1048.0, "y": 1478.0}, {"x": 1060.0, "y": 1478.0}, {"x": 1060.0, "y": 1501.0}, {"x": 1048.0, "y": 1501.0}]}, "description": " :"}, {"boundingPoly": {"vertices": [{"x": 1099.0, "y": 1603.0}, {"x": 1375.0, "y": 1607.0}, {"x": 1374.0, "y": 1634.0}, {"x": 1099.0, "y": 1630.0}]}, "description": "Thank you for visiting."}, {"boundingPoly": {"vertices": [{"x": 1272.0, "y": 1634.0}, {"x": 1289.0, "y": 1634.0}, {"x": 1289.0, "y": 1663.0}, {"x": 1272.0, "y": 1663.0}]}, "description": " -"}, {"boundingPoly": {"vertices": [{"x": 1011.0, "y": 1631.0}, {"x": 1266.0, "y": 1631.0}, {"x": 1266.0, "y": 1663.0}, {"x": 1011.0, "y": 1663.0}]}, "description": " Real Fruit Bubble Tea"}, {"boundingPoly": {"vertices": [{"x": 1295.0, "y": 1634.0}, {"x": 1453.0, "y": 1634.0}, {"x": 1453.0, "y": 1666.0}, {"x": 1295.0, "y": 1666.0}]}, "description": " Fairview Mall"}]}