{"textAnnotations": [{"boundingPoly": {"vertices": [{"x": 1072.0, "y": 97.0}, {"x": 1105.0, "y": 98.0}, {"x": 1102.0, "y": 130.0}, {"x": 1070.0, "y": 129.0}]}, "description": "B"}, {"boundingPoly": {"vertices": [{"x": 6.0, "y": 169.0}, {"x": 38.0, "y": 172.0}, {"x": 35.0, "y": 195.0}, {"x": 4.0, "y": 193.0}]}, "description": "fn"}, {"boundingPoly": {"vertices": [{"x": 676.0, "y": 401.0}, {"x": 709.0, "y": 401.0}, {"x": 709.0, "y": 418.0}, {"x": 675.0, "y": 419.0}]}, "description": "TM"}, {"boundingPoly": {"vertices": [{"x": 372.0, "y": 475.0}, {"x": 812.0, "y": 470.0}, {"x": 813.0, "y": 503.0}, {"x": 372.0, "y": 508.0}]}, "description": "merchant name"}, {"boundingPoly": {"vertices": [{"x": 515.0, "y": 523.0}, {"x": 681.0, "y": 522.0}, {"x": 681.0, "y": 549.0}, {"x": 515.0, "y": 550.0}]}, "description": "TAX INVOICE"}, {"boundingPoly": {"vertices": [{"x": 351.0, "y": 563.0}, {"x": 836.0, "y": 559.0}, {"x": 836.0, "y": 593.0}, {"x": 351.0, "y": 597.0}]}, "description": "merchant address"}, {"boundingPoly": {"vertices": [{"x": 454.0, "y": 611.0}, {"x": 720.0, "y": 611.0}, {"x": 720.0, "y": 640.0}, {"x": 454.0, "y": 640.0}]}, "description": "merchant address"}, {"boundingPoly": {"vertices": [{"x": 450.0, "y": 656.0}, {"x": 737.0, "y": 654.0}, {"x": 737.0, "y": 684.0}, {"x": 450.0, "y": 686.0}]}, "description": "merchant address"}, {"boundingPoly": {"vertices": [{"x": 391.0, "y": 700.0}, {"x": 795.0, "y": 700.0}, {"x": 795.0, "y": 729.0}, {"x": 391.0, "y": 730.0}]}, "description": "merchant address"}, {"boundingPoly": {"vertices": [{"x": 393.0, "y": 745.0}, {"x": 796.0, "y": 743.0}, {"x": 796.0, "y": 775.0}, {"x": 393.0, "y": 777.0}]}, "description": "merchant address"}, {"boundingPoly": {"vertices": [{"x": 490.0, "y": 792.0}, {"x": 688.0, "y": 792.0}, {"x": 688.0, "y": 821.0}, {"x": 490.0, "y": 822.0}]}, "description": "merchant address"}, {"boundingPoly": {"vertices": [{"x": 493.0, "y": 840.0}, {"x": 635.0, "y": 840.0}, {"x": 635.0, "y": 869.0}, {"x": 493.0, "y": 869.0}]}, "description": " State Code"}, {"boundingPoly": {"vertices": [{"x": 374.0, "y": 884.0}, {"x": 736.0, "y": 884.0}, {"x": 736.0, "y": 917.0}, {"x": 374.0, "y": 917.0}]}, "description": " GSTIN NO:27AAECT06060122"}, {"boundingPoly": {"vertices": [{"x": 1.0, "y": 630.0}, {"x": 33.0, "y": 633.0}, {"x": 31.0, "y": 652.0}, {"x": 0.0, "y": 649.0}]}, "description": "its"}, {"boundingPoly": {"vertices": [{"x": 0.0, "y": 646.0}, {"x": 34.0, "y": 649.0}, {"x": 32.0, "y": 669.0}, {"x": 0.0, "y": 665.0}]}, "description": "nts"}, {"boundingPoly": {"vertices": [{"x": 640.0, "y": 840.0}, {"x": 690.0, "y": 840.0}, {"x": 690.0, "y": 869.0}, {"x": 640.0, "y": 869.0}]}, "description": " :27"}, {"boundingPoly": {"vertices": [{"x": 178.0, "y": 1009.0}, {"x": 343.0, "y": 1021.0}, {"x": 341.0, "y": 1050.0}, {"x": 176.0, "y": 1038.0}]}, "description": "TAX INVOICE"}, {"boundingPoly": {"vertices": [{"x": 180.0, "y": 1102.0}, {"x": 578.0, "y": 1115.0}, {"x": 577.0, "y": 1148.0}, {"x": 179.0, "y": 1136.0}]}, "description": "Invoice No .93617065191122"}, {"boundingPoly": {"vertices": [{"x": 182.0, "y": 1150.0}, {"x": 532.0, "y": 1150.0}, {"x": 532.0, "y": 1194.0}, {"x": 182.0, "y": 1194.0}]}, "description": " Invoice Date:22-11-2019"}, {"boundingPoly": {"vertices": [{"x": 166.0, "y": 1196.0}, {"x": 488.0, "y": 1196.0}, {"x": 488.0, "y": 1241.0}, {"x": 166.0, "y": 1241.0}]}, "description": " Invoice Time:08:21 PM"}, {"boundingPoly": {"vertices": [{"x": 816.0, "y": 1118.0}, {"x": 961.0, "y": 1118.0}, {"x": 961.0, "y": 1148.0}, {"x": 816.0, "y": 1148.0}]}, "description": " Shift Code"}, {"boundingPoly": {"vertices": [{"x": 818.0, "y": 1165.0}, {"x": 985.0, "y": 1165.0}, {"x": 985.0, "y": 1194.0}, {"x": 818.0, "y": 1194.0}]}, "description": " Till No:1 A"}, {"boundingPoly": {"vertices": [{"x": 907.0, "y": 1210.0}, {"x": 1017.0, "y": 1210.0}, {"x": 1017.0, "y": 1242.0}, {"x": 907.0, "y": 1242.0}]}, "description": " : Dilipk"}, {"boundingPoly": {"vertices": [{"x": 967.0, "y": 1118.0}, {"x": 999.0, "y": 1118.0}, {"x": 999.0, "y": 1148.0}, {"x": 967.0, "y": 1148.0}]}, "description": " : 3"}, {"boundingPoly": {"vertices": [{"x": 800.0, "y": 1212.0}, {"x": 902.0, "y": 1212.0}, {"x": 902.0, "y": 1241.0}, {"x": 800.0, "y": 1241.0}]}, "description": " Partner"}, {"boundingPoly": {"vertices": [{"x": 180.0, "y": 1290.0}, {"x": 318.0, "y": 1304.0}, {"x": 315.0, "y": 1331.0}, {"x": 178.0, "y": 1318.0}]}, "description": "Item name"}, {"boundingPoly": {"vertices": [{"x": 177.0, "y": 1337.0}, {"x": 303.0, "y": 1347.0}, {"x": 300.0, "y": 1374.0}, {"x": 175.0, "y": 1364.0}]}, "description": "HON code"}, {"boundingPoly": {"vertices": [{"x": 391.0, "y": 1349.0}, {"x": 435.0, "y": 1353.0}, {"x": 433.0, "y": 1380.0}, {"x": 389.0, "y": 1376.0}]}, "description": "Qty"}, {"boundingPoly": {"vertices": [{"x": 493.0, "y": 1350.0}, {"x": 648.0, "y": 1353.0}, {"x": 648.0, "y": 1381.0}, {"x": 493.0, "y": 1379.0}]}, "description": "Sale price"}, {"boundingPoly": {"vertices": [{"x": 750.0, "y": 1352.0}, {"x": 813.0, "y": 1355.0}, {"x": 812.0, "y": 1381.0}, {"x": 750.0, "y": 1379.0}]}, "description": "Disc"}, {"boundingPoly": {"vertices": [{"x": 876.0, "y": 1354.0}, {"x": 1013.0, "y": 1355.0}, {"x": 1013.0, "y": 1382.0}, {"x": 875.0, "y": 1381.0}]}, "description": "Total Amt"}, {"boundingPoly": {"vertices": [{"x": 176.0, "y": 1431.0}, {"x": 407.0, "y": 1446.0}, {"x": 405.0, "y": 1476.0}, {"x": 174.0, "y": 1462.0}]}, "description": "Short Capuccino"}, {"boundingPoly": {"vertices": [{"x": 174.0, "y": 1483.0}, {"x": 267.0, "y": 1486.0}, {"x": 266.0, "y": 1512.0}, {"x": 173.0, "y": 1508.0}]}, "description": "996331"}, {"boundingPoly": {"vertices": [{"x": 733.0, "y": 1497.0}, {"x": 812.0, "y": 1498.0}, {"x": 811.0, "y": 1526.0}, {"x": 733.0, "y": 1525.0}]}, "description": "00.00"}, {"boundingPoly": {"vertices": [{"x": 916.0, "y": 1499.0}, {"x": 1012.0, "y": 1500.0}, {"x": 1012.0, "y": 1528.0}, {"x": 916.0, "y": 1527.0}]}, "description": "245.00"}, {"boundingPoly": {"vertices": [{"x": 418.0, "y": 1493.0}, {"x": 417.0, "y": 1522.0}, {"x": 402.0, "y": 1521.0}, {"x": 403.0, "y": 1492.0}]}, "description": "-"}, {"boundingPoly": {"vertices": [{"x": 550.0, "y": 1495.0}, {"x": 646.0, "y": 1496.0}, {"x": 645.0, "y": 1524.0}, {"x": 549.0, "y": 1523.0}]}, "description": "245.00"}, {"boundingPoly": {"vertices": [{"x": 175.0, "y": 1578.0}, {"x": 250.0, "y": 1581.0}, {"x": 249.0, "y": 1610.0}, {"x": 174.0, "y": 1607.0}]}, "description": "Total"}, {"boundingPoly": {"vertices": [{"x": 552.0, "y": 1591.0}, {"x": 645.0, "y": 1592.0}, {"x": 644.0, "y": 1619.0}, {"x": 552.0, "y": 1618.0}]}, "description": "245.00"}, {"boundingPoly": {"vertices": [{"x": 914.0, "y": 1597.0}, {"x": 1007.0, "y": 1595.0}, {"x": 1007.0, "y": 1622.0}, {"x": 915.0, "y": 1623.0}]}, "description": "245.00"}, {"boundingPoly": {"vertices": [{"x": 417.0, "y": 1590.0}, {"x": 418.0, "y": 1617.0}, {"x": 403.0, "y": 1616.0}, {"x": 401.0, "y": 1589.0}]}, "description": "-"}, {"boundingPoly": {"vertices": [{"x": 733.0, "y": 1596.0}, {"x": 812.0, "y": 1596.0}, {"x": 812.0, "y": 1620.0}, {"x": 733.0, "y": 1619.0}]}, "description": "00.00"}, {"boundingPoly": {"vertices": [{"x": 155.0, "y": 1662.0}, {"x": 326.0, "y": 1671.0}, {"x": 325.0, "y": 1696.0}, {"x": 154.0, "y": 1687.0}]}, "description": "GST SUMMARY"}, {"boundingPoly": {"vertices": [{"x": 154.0, "y": 1702.0}, {"x": 281.0, "y": 1711.0}, {"x": 279.0, "y": 1738.0}, {"x": 152.0, "y": 1729.0}]}, "description": "HSN Code"}, {"boundingPoly": {"vertices": [{"x": 150.0, "y": 1749.0}, {"x": 214.0, "y": 1752.0}, {"x": 213.0, "y": 1777.0}, {"x": 150.0, "y": 1774.0}]}, "description": "CGST"}, {"boundingPoly": {"vertices": [{"x": 147.0, "y": 1794.0}, {"x": 216.0, "y": 1798.0}, {"x": 214.0, "y": 1823.0}, {"x": 146.0, "y": 1819.0}]}, "description": "Rate"}, {"boundingPoly": {"vertices": [{"x": 145.0, "y": 1840.0}, {"x": 194.0, "y": 1843.0}, {"x": 193.0, "y": 1868.0}, {"x": 143.0, "y": 1865.0}]}, "description": "Amt"}, {"boundingPoly": {"vertices": [{"x": 324.0, "y": 1763.0}, {"x": 385.0, "y": 1765.0}, {"x": 383.0, "y": 1790.0}, {"x": 323.0, "y": 1788.0}]}, "description": "SGST"}, {"boundingPoly": {"vertices": [{"x": 322.0, "y": 1806.0}, {"x": 388.0, "y": 1811.0}, {"x": 386.0, "y": 1837.0}, {"x": 319.0, "y": 1832.0}]}, "description": "Rate"}, {"boundingPoly": {"vertices": [{"x": 320.0, "y": 1853.0}, {"x": 373.0, "y": 1858.0}, {"x": 371.0, "y": 1882.0}, {"x": 317.0, "y": 1878.0}]}, "description": "Amt"}, {"boundingPoly": {"vertices": [{"x": 492.0, "y": 1774.0}, {"x": 557.0, "y": 1778.0}, {"x": 555.0, "y": 1802.0}, {"x": 491.0, "y": 1798.0}]}, "description": "cess"}, {"boundingPoly": {"vertices": [{"x": 491.0, "y": 1820.0}, {"x": 557.0, "y": 1821.0}, {"x": 556.0, "y": 1847.0}, {"x": 490.0, "y": 1845.0}]}, "description": "Rate"}, {"boundingPoly": {"vertices": [{"x": 492.0, "y": 1866.0}, {"x": 542.0, "y": 1867.0}, {"x": 541.0, "y": 1891.0}, {"x": 491.0, "y": 1891.0}]}, "description": "Amt"}, {"boundingPoly": {"vertices": [{"x": 662.0, "y": 1768.0}, {"x": 771.0, "y": 1763.0}, {"x": 772.0, "y": 1791.0}, {"x": 662.0, "y": 1795.0}]}, "description": "Taxable"}, {"boundingPoly": {"vertices": [{"x": 662.0, "y": 1813.0}, {"x": 741.0, "y": 1812.0}, {"x": 741.0, "y": 1838.0}, {"x": 662.0, "y": 1840.0}]}, "description": "Value"}, {"boundingPoly": {"vertices": [{"x": 867.0, "y": 1852.0}, {"x": 1022.0, "y": 1848.0}, {"x": 1023.0, "y": 1876.0}, {"x": 867.0, "y": 1880.0}]}, "description": "Tax Amount"}, {"boundingPoly": {"vertices": [{"x": 143.0, "y": 1935.0}, {"x": 241.0, "y": 1940.0}, {"x": 240.0, "y": 1967.0}, {"x": 142.0, "y": 1963.0}]}, "description": "996331"}, {"boundingPoly": {"vertices": [{"x": 140.0, "y": 1984.0}, {"x": 239.0, "y": 1989.0}, {"x": 237.0, "y": 2017.0}, {"x": 139.0, "y": 2011.0}]}, "description": "02.50%"}, {"boundingPoly": {"vertices": [{"x": 138.0, "y": 2033.0}, {"x": 221.0, "y": 2038.0}, {"x": 219.0, "y": 2066.0}, {"x": 136.0, "y": 2061.0}]}, "description": "06.13"}, {"boundingPoly": {"vertices": [{"x": 318.0, "y": 1997.0}, {"x": 418.0, "y": 2001.0}, {"x": 416.0, "y": 2028.0}, {"x": 317.0, "y": 2024.0}]}, "description": "02.50%"}, {"boundingPoly": {"vertices": [{"x": 317.0, "y": 2044.0}, {"x": 398.0, "y": 2048.0}, {"x": 396.0, "y": 2077.0}, {"x": 315.0, "y": 2072.0}]}, "description": "06.13"}, {"boundingPoly": {"vertices": [{"x": 490.0, "y": 2008.0}, {"x": 587.0, "y": 2009.0}, {"x": 587.0, "y": 2036.0}, {"x": 490.0, "y": 2035.0}]}, "description": "00.00%"}, {"boundingPoly": {"vertices": [{"x": 491.0, "y": 2055.0}, {"x": 571.0, "y": 2057.0}, {"x": 570.0, "y": 2087.0}, {"x": 490.0, "y": 2084.0}]}, "description": "00.00"}, {"boundingPoly": {"vertices": [{"x": 680.0, "y": 2004.0}, {"x": 778.0, "y": 1999.0}, {"x": 779.0, "y": 2029.0}, {"x": 681.0, "y": 2034.0}]}, "description": "245.00"}, {"boundingPoly": {"vertices": [{"x": 956.0, "y": 2040.0}, {"x": 1034.0, "y": 2039.0}, {"x": 1034.0, "y": 2068.0}, {"x": 957.0, "y": 2071.0}]}, "description": "12.26"}, {"boundingPoly": {"vertices": [{"x": 136.0, "y": 2134.0}, {"x": 215.0, "y": 2138.0}, {"x": 215.0, "y": 2165.0}, {"x": 135.0, "y": 2162.0}]}, "description": "Total"}, {"boundingPoly": {"vertices": [{"x": 126.0, "y": 2185.0}, {"x": 431.0, "y": 2199.0}, {"x": 430.0, "y": 2230.0}, {"x": 126.0, "y": 2215.0}]}, "description": "Net Invoice Amount"}, {"boundingPoly": {"vertices": [{"x": 126.0, "y": 2238.0}, {"x": 560.0, "y": 2257.0}, {"x": 559.0, "y": 2289.0}, {"x": 125.0, "y": 2270.0}]}, "description": "Rounded Off Invoice Amount"}, {"boundingPoly": {"vertices": [{"x": 959.0, "y": 2143.0}, {"x": 1044.0, "y": 2140.0}, {"x": 1044.0, "y": 2170.0}, {"x": 959.0, "y": 2173.0}]}, "description": "12.26"}, {"boundingPoly": {"vertices": [{"x": 945.0, "y": 2195.0}, {"x": 1045.0, "y": 2191.0}, {"x": 1046.0, "y": 2221.0}, {"x": 946.0, "y": 2225.0}]}, "description": "257 .26"}, {"boundingPoly": {"vertices": [{"x": 947.0, "y": 2247.0}, {"x": 1053.0, "y": 2245.0}, {"x": 1054.0, "y": 2274.0}, {"x": 948.0, "y": 2277.0}]}, "description": "257.00"}, {"boundingPoly": {"vertices": [{"x": 121.0, "y": 2345.0}, {"x": 380.0, "y": 2353.0}, {"x": 379.0, "y": 2384.0}, {"x": 120.0, "y": 2376.0}]}, "description": "PAYMENT SUMMARY"}, {"boundingPoly": {"vertices": [{"x": 118.0, "y": 2401.0}, {"x": 312.0, "y": 2406.0}, {"x": 311.0, "y": 2438.0}, {"x": 117.0, "y": 2433.0}]}, "description": "card Amount"}, {"boundingPoly": {"vertices": [{"x": 119.0, "y": 2457.0}, {"x": 330.0, "y": 2461.0}, {"x": 330.0, "y": 2492.0}, {"x": 119.0, "y": 2488.0}]}, "description": "Total Amount"}, {"boundingPoly": {"vertices": [{"x": 110.0, "y": 2513.0}, {"x": 346.0, "y": 2515.0}, {"x": 346.0, "y": 2552.0}, {"x": 110.0, "y": 2548.0}]}, "description": "Amount Repaid"}, {"boundingPoly": {"vertices": [{"x": 923.0, "y": 2409.0}, {"x": 1026.0, "y": 2408.0}, {"x": 1027.0, "y": 2442.0}, {"x": 923.0, "y": 2444.0}]}, "description": "257.00"}, {"boundingPoly": {"vertices": [{"x": 926.0, "y": 2467.0}, {"x": 1032.0, "y": 2466.0}, {"x": 1032.0, "y": 2497.0}, {"x": 926.0, "y": 2499.0}]}, "description": "257.00"}, {"boundingPoly": {"vertices": [{"x": 948.0, "y": 2521.0}, {"x": 1034.0, "y": 2520.0}, {"x": 1034.0, "y": 2551.0}, {"x": 949.0, "y": 2552.0}]}, "description": "00.00"}, {"boundingPoly": {"vertices": [{"x": 105.0, "y": 2627.0}, {"x": 376.0, "y": 2631.0}, {"x": 375.0, "y": 2664.0}, {"x": 105.0, "y": 2659.0}]}, "description": "PAYMENT DETAILS"}, {"boundingPoly": {"vertices": [{"x": 96.0, "y": 2746.0}, {"x": 302.0, "y": 2750.0}, {"x": 301.0, "y": 2784.0}, {"x": 95.0, "y": 2780.0}]}, "description": "Card Amount"}, {"boundingPoly": {"vertices": [{"x": 92.0, "y": 2806.0}, {"x": 227.0, "y": 2808.0}, {"x": 226.0, "y": 2842.0}, {"x": 92.0, "y": 2840.0}]}, "description": "Card No"}, {"boundingPoly": {"vertices": [{"x": 696.0, "y": 2751.0}, {"x": 805.0, "y": 2749.0}, {"x": 805.0, "y": 2783.0}, {"x": 696.0, "y": 2785.0}]}, "description": "257.00"}, {"boundingPoly": {"vertices": [{"x": 699.0, "y": 2810.0}, {"x": 964.0, "y": 2802.0}, {"x": 965.0, "y": 2835.0}, {"x": 699.0, "y": 2839.0}]}, "description": "*********** 1002"}]}