{"textAnnotations": [{"boundingPoly": {"vertices": [{"x": 186.0, "y": 546.0}, {"x": 736.0, "y": 527.0}, {"x": 737.0, "y": 565.0}, {"x": 186.0, "y": 585.0}]}, "description": "merchant address"}, {"boundingPoly": {"vertices": [{"x": 307.0, "y": 579.0}, {"x": 379.0, "y": 579.0}, {"x": 379.0, "y": 618.0}, {"x": 307.0, "y": 618.0}]}, "description": " Tel:"}, {"boundingPoly": {"vertices": [{"x": 386.0, "y": 573.0}, {"x": 599.0, "y": 573.0}, {"x": 599.0, "y": 615.0}, {"x": 386.0, "y": 615.0}]}, "description": "merchant phone"}, {"boundingPoly": {"vertices": [{"x": 318.0, "y": 660.0}, {"x": 601.0, "y": 658.0}, {"x": 601.0, "y": 691.0}, {"x": 319.0, "y": 693.0}]}, "description": "beaubourgnyc.com"}, {"boundingPoly": {"vertices": [{"x": 208.0, "y": 700.0}, {"x": 703.0, "y": 691.0}, {"x": 703.0, "y": 729.0}, {"x": 209.0, "y": 739.0}]}, "description": "Suggested Gratuity 18% - 20%"}, {"boundingPoly": {"vertices": [{"x": 972.0, "y": 645.0}, {"x": 1388.0, "y": 641.0}, {"x": 1388.0, "y": 674.0}, {"x": 972.0, "y": 678.0}]}, "description": "merchant address"}, {"boundingPoly": {"vertices": [{"x": 1068.0, "y": 729.0}, {"x": 1278.0, "y": 728.0}, {"x": 1278.0, "y": 753.0}, {"x": 1068.0, "y": 754.0}]}, "description": "beaubourgnyc.com"}, {"boundingPoly": {"vertices": [{"x": 99.0, "y": 783.0}, {"x": 296.0, "y": 782.0}, {"x": 297.0, "y": 820.0}, {"x": 100.0, "y": 823.0}]}, "description": "2152 Sudhan"}, {"boundingPoly": {"vertices": [{"x": 790.0, "y": 775.0}, {"x": 813.0, "y": 775.0}, {"x": 813.0, "y": 806.0}, {"x": 790.0, "y": 806.0}]}, "description": "2"}, {"boundingPoly": {"vertices": [{"x": 1005.0, "y": 810.0}, {"x": 1383.0, "y": 803.0}, {"x": 1384.0, "y": 835.0}, {"x": 1005.0, "y": 841.0}]}, "description": "Suggested Gratuity 18% - 20%"}, {"boundingPoly": {"vertices": [{"x": 1073.0, "y": 847.0}, {"x": 1316.0, "y": 847.0}, {"x": 1316.0, "y": 880.0}, {"x": 1073.0, "y": 880.0}]}, "description": " 11/19/2019 8:47 PM"}, {"boundingPoly": {"vertices": [{"x": 92.0, "y": 867.0}, {"x": 258.0, "y": 864.0}, {"x": 259.0, "y": 902.0}, {"x": 92.0, "y": 904.0}]}, "description": "CHK 12396"}, {"boundingPoly": {"vertices": [{"x": 384.0, "y": 859.0}, {"x": 509.0, "y": 857.0}, {"x": 509.0, "y": 896.0}, {"x": 384.0, "y": 897.0}]}, "description": "TBL 6/1"}, {"boundingPoly": {"vertices": [{"x": 719.0, "y": 856.0}, {"x": 813.0, "y": 854.0}, {"x": 814.0, "y": 891.0}, {"x": 719.0, "y": 892.0}]}, "description": "GST 2"}, {"boundingPoly": {"vertices": [{"x": 108.0, "y": 952.0}, {"x": 131.0, "y": 952.0}, {"x": 131.0, "y": 990.0}, {"x": 108.0, "y": 990.0}]}, "description": " 1"}, {"boundingPoly": {"vertices": [{"x": 103.0, "y": 995.0}, {"x": 128.0, "y": 995.0}, {"x": 128.0, "y": 1033.0}, {"x": 103.0, "y": 1033.0}]}, "description": " 1"}, {"boundingPoly": {"vertices": [{"x": 104.0, "y": 1039.0}, {"x": 129.0, "y": 1039.0}, {"x": 129.0, "y": 1077.0}, {"x": 104.0, "y": 1077.0}]}, "description": " 1"}, {"boundingPoly": {"vertices": [{"x": 99.0, "y": 1081.0}, {"x": 123.0, "y": 1081.0}, {"x": 123.0, "y": 1121.0}, {"x": 99.0, "y": 1121.0}]}, "description": " 1"}, {"boundingPoly": {"vertices": [{"x": 97.0, "y": 1126.0}, {"x": 119.0, "y": 1126.0}, {"x": 119.0, "y": 1167.0}, {"x": 97.0, "y": 1167.0}]}, "description": " 1"}, {"boundingPoly": {"vertices": [{"x": 95.0, "y": 1170.0}, {"x": 115.0, "y": 1170.0}, {"x": 115.0, "y": 1211.0}, {"x": 95.0, "y": 1211.0}]}, "description": " 1"}, {"boundingPoly": {"vertices": [{"x": 138.0, "y": 951.0}, {"x": 308.0, "y": 951.0}, {"x": 308.0, "y": 990.0}, {"x": 138.0, "y": 990.0}]}, "description": " Ketel One"}, {"boundingPoly": {"vertices": [{"x": 135.0, "y": 993.0}, {"x": 346.0, "y": 993.0}, {"x": 346.0, "y": 1033.0}, {"x": 135.0, "y": 1033.0}]}, "description": " Cosmo Blanc"}, {"boundingPoly": {"vertices": [{"x": 136.0, "y": 1033.0}, {"x": 416.0, "y": 1033.0}, {"x": 416.0, "y": 1077.0}, {"x": 136.0, "y": 1077.0}]}, "description": " Trout Almondine"}, {"boundingPoly": {"vertices": [{"x": 130.0, "y": 1078.0}, {"x": 453.0, "y": 1078.0}, {"x": 453.0, "y": 1121.0}, {"x": 130.0, "y": 1121.0}]}, "description": " Roasted Asparagus"}, {"boundingPoly": {"vertices": [{"x": 126.0, "y": 1123.0}, {"x": 338.0, "y": 1123.0}, {"x": 338.0, "y": 1166.0}, {"x": 126.0, "y": 1166.0}]}, "description": " Cosmo Blanc"}, {"boundingPoly": {"vertices": [{"x": 620.0, "y": 945.0}, {"x": 712.0, "y": 944.0}, {"x": 708.0, "y": 978.0}, {"x": 620.0, "y": 980.0}]}, "description": "14.00"}, {"boundingPoly": {"vertices": [{"x": 618.0, "y": 987.0}, {"x": 706.0, "y": 985.0}, {"x": 706.0, "y": 1020.0}, {"x": 619.0, "y": 1022.0}]}, "description": "14.00"}, {"boundingPoly": {"vertices": [{"x": 616.0, "y": 1029.0}, {"x": 709.0, "y": 1028.0}, {"x": 706.0, "y": 1061.0}, {"x": 616.0, "y": 1063.0}]}, "description": "28.00"}, {"boundingPoly": {"vertices": [{"x": 618.0, "y": 1072.0}, {"x": 707.0, "y": 1070.0}, {"x": 710.0, "y": 1104.0}, {"x": 620.0, "y": 1107.0}]}, "description": "12.00"}, {"boundingPoly": {"vertices": [{"x": 621.0, "y": 1114.0}, {"x": 706.0, "y": 1113.0}, {"x": 709.0, "y": 1149.0}, {"x": 621.0, "y": 1150.0}]}, "description": "14.00"}, {"boundingPoly": {"vertices": [{"x": 618.0, "y": 1157.0}, {"x": 708.0, "y": 1156.0}, {"x": 711.0, "y": 1192.0}, {"x": 618.0, "y": 1194.0}]}, "description": "13.00"}, {"boundingPoly": {"vertices": [{"x": 932.0, "y": 936.0}, {"x": 1011.0, "y": 936.0}, {"x": 1011.0, "y": 963.0}, {"x": 932.0, "y": 963.0}]}, "description": " Check:"}, {"boundingPoly": {"vertices": [{"x": 934.0, "y": 979.0}, {"x": 1008.0, "y": 979.0}, {"x": 1008.0, "y": 1006.0}, {"x": 934.0, "y": 1006.0}]}, "description": " Table:"}, {"boundingPoly": {"vertices": [{"x": 936.0, "y": 1023.0}, {"x": 1028.0, "y": 1023.0}, {"x": 1028.0, "y": 1052.0}, {"x": 936.0, "y": 1052.0}]}, "description": " Server:"}, {"boundingPoly": {"vertices": [{"x": 932.0, "y": 1066.0}, {"x": 1072.0, "y": 1066.0}, {"x": 1072.0, "y": 1097.0}, {"x": 932.0, "y": 1097.0}]}, "description": " Card Type:"}, {"boundingPoly": {"vertices": [{"x": 934.0, "y": 1108.0}, {"x": 1073.0, "y": 1108.0}, {"x": 1073.0, "y": 1140.0}, {"x": 934.0, "y": 1140.0}]}, "description": " Acct Num:"}, {"boundingPoly": {"vertices": [{"x": 938.0, "y": 1152.0}, {"x": 1075.0, "y": 1152.0}, {"x": 1075.0, "y": 1186.0}, {"x": 938.0, "y": 1186.0}]}, "description": " Auth Code:"}, {"boundingPoly": {"vertices": [{"x": 935.0, "y": 1197.0}, {"x": 1075.0, "y": 1197.0}, {"x": 1075.0, "y": 1229.0}, {"x": 935.0, "y": 1229.0}]}, "description": " Customer:"}, {"boundingPoly": {"vertices": [{"x": 1076.0, "y": 933.0}, {"x": 1201.0, "y": 932.0}, {"x": 1202.0, "y": 963.0}, {"x": 1076.0, "y": 964.0}]}, "description": "CHK 12396"}, {"boundingPoly": {"vertices": [{"x": 1077.0, "y": 980.0}, {"x": 1114.0, "y": 980.0}, {"x": 1114.0, "y": 1008.0}, {"x": 1077.0, "y": 1008.0}]}, "description": "6/1"}, {"boundingPoly": {"vertices": [{"x": 1079.0, "y": 1020.0}, {"x": 1235.0, "y": 1019.0}, {"x": 1235.0, "y": 1049.0}, {"x": 1080.0, "y": 1051.0}]}, "description": "2152 Sudhan"}, {"boundingPoly": {"vertices": [{"x": 1078.0, "y": 1064.0}, {"x": 1143.0, "y": 1064.0}, {"x": 1143.0, "y": 1097.0}, {"x": 1078.0, "y": 1097.0}]}, "description": " AMEX"}, {"boundingPoly": {"vertices": [{"x": 1080.0, "y": 1104.0}, {"x": 1296.0, "y": 1104.0}, {"x": 1296.0, "y": 1137.0}, {"x": 1080.0, "y": 1137.0}]}, "description": " *********** 3004"}, {"boundingPoly": {"vertices": [{"x": 1082.0, "y": 1151.0}, {"x": 1172.0, "y": 1151.0}, {"x": 1172.0, "y": 1184.0}, {"x": 1082.0, "y": 1184.0}]}, "description": " 567380"}, {"boundingPoly": {"vertices": [{"x": 122.0, "y": 1163.0}, {"x": 449.0, "y": 1163.0}, {"x": 449.0, "y": 1211.0}, {"x": 122.0, "y": 1211.0}]}, "description": " Warm Profiteroles"}, {"boundingPoly": {"vertices": [{"x": 129.0, "y": 1262.0}, {"x": 200.0, "y": 1260.0}, {"x": 200.0, "y": 1296.0}, {"x": 131.0, "y": 1297.0}]}, "description": "FOOD"}, {"boundingPoly": {"vertices": [{"x": 122.0, "y": 1308.0}, {"x": 238.0, "y": 1306.0}, {"x": 238.0, "y": 1346.0}, {"x": 123.0, "y": 1347.0}]}, "description": "LIQUOR"}, {"boundingPoly": {"vertices": [{"x": 123.0, "y": 1353.0}, {"x": 173.0, "y": 1354.0}, {"x": 172.0, "y": 1393.0}, {"x": 122.0, "y": 1392.0}]}, "description": "TAX"}, {"boundingPoly": {"vertices": [{"x": 58.0, "y": 1399.0}, {"x": 318.0, "y": 1395.0}, {"x": 319.0, "y": 1433.0}, {"x": 59.0, "y": 1437.0}]}, "description": "TOTAL DUE"}, {"boundingPoly": {"vertices": [{"x": 595.0, "y": 1247.0}, {"x": 709.0, "y": 1244.0}, {"x": 708.0, "y": 1282.0}, {"x": 596.0, "y": 1287.0}]}, "description": "$53.00"}, {"boundingPoly": {"vertices": [{"x": 594.0, "y": 1295.0}, {"x": 706.0, "y": 1292.0}, {"x": 708.0, "y": 1330.0}, {"x": 597.0, "y": 1334.0}]}, "description": "$42.00"}, {"boundingPoly": {"vertices": [{"x": 611.0, "y": 1342.0}, {"x": 709.0, "y": 1338.0}, {"x": 711.0, "y": 1376.0}, {"x": 613.0, "y": 1379.0}]}, "description": "$8.43"}, {"boundingPoly": {"vertices": [{"x": 429.0, "y": 1390.0}, {"x": 633.0, "y": 1384.0}, {"x": 634.0, "y": 1420.0}, {"x": 430.0, "y": 1426.0}]}, "description": "$103.43"}, {"boundingPoly": {"vertices": [{"x": 940.0, "y": 1286.0}, {"x": 1131.0, "y": 1286.0}, {"x": 1131.0, "y": 1323.0}, {"x": 940.0, "y": 1323.0}]}, "description": " Amount:"}, {"boundingPoly": {"vertices": [{"x": 1308.0, "y": 1282.0}, {"x": 1505.0, "y": 1276.0}, {"x": 1506.0, "y": 1311.0}, {"x": 1309.0, "y": 1317.0}]}, "description": "$103.43"}, {"boundingPoly": {"vertices": [{"x": 1196.0, "y": 1360.0}, {"x": 1362.0, "y": 1351.0}, {"x": 1369.0, "y": 1446.0}, {"x": 1207.0, "y": 1456.0}]}, "description": "20"}, {"boundingPoly": {"vertices": [{"x": 1176.0, "y": 1480.0}, {"x": 1459.0, "y": 1462.0}, {"x": 1462.0, "y": 1553.0}, {"x": 1181.0, "y": 1573.0}]}, "description": "123.43"}, {"boundingPoly": {"vertices": [{"x": 1034.0, "y": 1426.0}, {"x": 1067.0, "y": 1426.0}, {"x": 1067.0, "y": 1461.0}, {"x": 1034.0, "y": 1461.0}]}, "description": " Tip"}, {"boundingPoly": {"vertices": [{"x": 1073.0, "y": 1426.0}, {"x": 1104.0, "y": 1426.0}, {"x": 1104.0, "y": 1461.0}, {"x": 1073.0, "y": 1461.0}]}, "description": " :_"}, {"boundingPoly": {"vertices": [{"x": 131.0, "y": 1544.0}, {"x": 546.0, "y": 1532.0}, {"x": 547.0, "y": 1571.0}, {"x": 132.0, "y": 1583.0}]}, "description": "Suggested Gratuity 18% - 20%"}, {"boundingPoly": {"vertices": [{"x": 1023.0, "y": 1525.0}, {"x": 1112.0, "y": 1525.0}, {"x": 1112.0, "y": 1560.0}, {"x": 1023.0, "y": 1560.0}]}, "description": " Total:"}, {"boundingPoly": {"vertices": [{"x": 124.0, "y": 1687.0}, {"x": 458.0, "y": 1687.0}, {"x": 458.0, "y": 1735.0}, {"x": 124.0, "y": 1735.0}]}, "description": " Suggested Gratuity 18%"}, {"boundingPoly": {"vertices": [{"x": 464.0, "y": 1687.0}, {"x": 486.0, "y": 1687.0}, {"x": 486.0, "y": 1726.0}, {"x": 464.0, "y": 1726.0}]}, "description": " -"}, {"boundingPoly": {"vertices": [{"x": 492.0, "y": 1685.0}, {"x": 548.0, "y": 1685.0}, {"x": 548.0, "y": 1725.0}, {"x": 492.0, "y": 1725.0}]}, "description": " 20%"}]}