{"textAnnotations": [{"boundingPoly": {"vertices": [{"x": 466.0, "y": 286.0}, {"x": 854.0, "y": 277.0}, {"x": 855.0, "y": 319.0}, {"x": 467.0, "y": 330.0}]}, "description": "merchant name"}, {"boundingPoly": {"vertices": [{"x": 492.0, "y": 335.0}, {"x": 835.0, "y": 328.0}, {"x": 836.0, "y": 369.0}, {"x": 492.0, "y": 378.0}]}, "description": "merchant address"}, {"boundingPoly": {"vertices": [{"x": 582.0, "y": 381.0}, {"x": 742.0, "y": 378.0}, {"x": 742.0, "y": 419.0}, {"x": 583.0, "y": 423.0}]}, "description": "merchant address"}, {"boundingPoly": {"vertices": [{"x": 220.0, "y": 489.0}, {"x": 319.0, "y": 489.0}, {"x": 319.0, "y": 536.0}, {"x": 220.0, "y": 536.0}]}, "description": " Till"}, {"boundingPoly": {"vertices": [{"x": 214.0, "y": 542.0}, {"x": 402.0, "y": 543.0}, {"x": 402.0, "y": 582.0}, {"x": 214.0, "y": 581.0}]}, "description": "Brittany"}, {"boundingPoly": {"vertices": [{"x": 327.0, "y": 488.0}, {"x": 358.0, "y": 488.0}, {"x": 358.0, "y": 535.0}, {"x": 327.0, "y": 535.0}]}, "description": " 3"}, {"boundingPoly": {"vertices": [{"x": 741.0, "y": 521.0}, {"x": 1144.0, "y": 521.0}, {"x": 1144.0, "y": 575.0}, {"x": 741.0, "y": 575.0}]}, "description": " 03 Dec 2019 12:59"}, {"boundingPoly": {"vertices": [{"x": 1055.0, "y": 615.0}, {"x": 1152.0, "y": 615.0}, {"x": 1152.0, "y": 655.0}, {"x": 1055.0, "y": 655.0}]}, "description": " 2366"}, {"boundingPoly": {"vertices": [{"x": 200.0, "y": 626.0}, {"x": 355.0, "y": 626.0}, {"x": 355.0, "y": 669.0}, {"x": 200.0, "y": 669.0}]}, "description": " Table:"}, {"boundingPoly": {"vertices": [{"x": 363.0, "y": 626.0}, {"x": 526.0, "y": 626.0}, {"x": 526.0, "y": 668.0}, {"x": 363.0, "y": 668.0}]}, "description": " 39 c:"}, {"boundingPoly": {"vertices": [{"x": 534.0, "y": 627.0}, {"x": 555.0, "y": 627.0}, {"x": 555.0, "y": 665.0}, {"x": 534.0, "y": 665.0}]}, "description": " 1"}, {"boundingPoly": {"vertices": [{"x": 841.0, "y": 617.0}, {"x": 1049.0, "y": 617.0}, {"x": 1049.0, "y": 658.0}, {"x": 841.0, "y": 658.0}]}, "description": " ORDER #:"}, {"boundingPoly": {"vertices": [{"x": 265.0, "y": 727.0}, {"x": 289.0, "y": 728.0}, {"x": 288.0, "y": 755.0}, {"x": 264.0, "y": 755.0}]}, "description": "1"}, {"boundingPoly": {"vertices": [{"x": 259.0, "y": 772.0}, {"x": 286.0, "y": 774.0}, {"x": 285.0, "y": 800.0}, {"x": 258.0, "y": 798.0}]}, "description": "1"}, {"boundingPoly": {"vertices": [{"x": 408.0, "y": 717.0}, {"x": 728.0, "y": 716.0}, {"x": 728.0, "y": 757.0}, {"x": 408.0, "y": 759.0}]}, "description": "Steak & Chips"}, {"boundingPoly": {"vertices": [{"x": 407.0, "y": 768.0}, {"x": 606.0, "y": 769.0}, {"x": 606.0, "y": 808.0}, {"x": 407.0, "y": 807.0}]}, "description": "Guinness"}, {"boundingPoly": {"vertices": [{"x": 945.0, "y": 720.0}, {"x": 970.0, "y": 721.0}, {"x": 970.0, "y": 741.0}, {"x": 945.0, "y": 741.0}]}, "description": "="}, {"boundingPoly": {"vertices": [{"x": 1041.0, "y": 706.0}, {"x": 1162.0, "y": 703.0}, {"x": 1163.0, "y": 742.0}, {"x": 1042.0, "y": 746.0}]}, "description": "19.50"}, {"boundingPoly": {"vertices": [{"x": 1065.0, "y": 752.0}, {"x": 1169.0, "y": 753.0}, {"x": 1170.0, "y": 791.0}, {"x": 1067.0, "y": 793.0}]}, "description": "5.40"}, {"boundingPoly": {"vertices": [{"x": 946.0, "y": 766.0}, {"x": 972.0, "y": 764.0}, {"x": 972.0, "y": 783.0}, {"x": 946.0, "y": 785.0}]}, "description": "="}, {"boundingPoly": {"vertices": [{"x": 177.0, "y": 867.0}, {"x": 421.0, "y": 868.0}, {"x": 421.0, "y": 914.0}, {"x": 177.0, "y": 914.0}]}, "description": "Total"}, {"boundingPoly": {"vertices": [{"x": 877.0, "y": 858.0}, {"x": 1176.0, "y": 851.0}, {"x": 1177.0, "y": 898.0}, {"x": 878.0, "y": 905.0}]}, "description": "\u00a324.90"}, {"boundingPoly": {"vertices": [{"x": 260.0, "y": 1034.0}, {"x": 1040.0, "y": 1021.0}, {"x": 1041.0, "y": 1071.0}, {"x": 260.0, "y": 1084.0}]}, "description": "Payment Receipt"}, {"boundingPoly": {"vertices": [{"x": 888.0, "y": 1136.0}, {"x": 1204.0, "y": 1130.0}, {"x": 1206.0, "y": 1179.0}, {"x": 888.0, "y": 1187.0}]}, "description": "\u00a324.90"}, {"boundingPoly": {"vertices": [{"x": 1078.0, "y": 1194.0}, {"x": 1219.0, "y": 1192.0}, {"x": 1219.0, "y": 1238.0}, {"x": 1079.0, "y": 1240.0}]}, "description": "\u00a34.15"}, {"boundingPoly": {"vertices": [{"x": 141.0, "y": 1145.0}, {"x": 569.0, "y": 1142.0}, {"x": 569.0, "y": 1193.0}, {"x": 141.0, "y": 1197.0}]}, "description": "Card Int"}, {"boundingPoly": {"vertices": [{"x": 407.0, "y": 1203.0}, {"x": 623.0, "y": 1203.0}, {"x": 623.0, "y": 1254.0}, {"x": 407.0, "y": 1254.0}]}, "description": " included"}, {"boundingPoly": {"vertices": [{"x": 126.0, "y": 1267.0}, {"x": 649.0, "y": 1258.0}, {"x": 650.0, "y": 1312.0}, {"x": 126.0, "y": 1319.0}]}, "description": "Receipt no. 76/0373"}, {"boundingPoly": {"vertices": [{"x": 113.0, "y": 1326.0}, {"x": 429.0, "y": 1323.0}, {"x": 430.0, "y": 1375.0}, {"x": 114.0, "y": 1378.0}]}, "description": "340 377 862"}, {"boundingPoly": {"vertices": [{"x": 132.0, "y": 1205.0}, {"x": 343.0, "y": 1205.0}, {"x": 343.0, "y": 1255.0}, {"x": 132.0, "y": 1255.0}]}, "description": " 20% VAT"}, {"boundingPoly": {"vertices": [{"x": 352.0, "y": 1204.0}, {"x": 398.0, "y": 1204.0}, {"x": 398.0, "y": 1255.0}, {"x": 352.0, "y": 1255.0}]}, "description": " 1"}, {"boundingPoly": {"vertices": [{"x": 279.0, "y": 1446.0}, {"x": 741.0, "y": 1446.0}, {"x": 741.0, "y": 1509.0}, {"x": 279.0, "y": 1509.0}]}, "description": " ORDER #:"}, {"boundingPoly": {"vertices": [{"x": 761.0, "y": 1438.0}, {"x": 1018.0, "y": 1435.0}, {"x": 1018.0, "y": 1506.0}, {"x": 761.0, "y": 1509.0}]}, "description": "2366"}, {"boundingPoly": {"vertices": [{"x": 234.0, "y": 1591.0}, {"x": 1088.0, "y": 1584.0}, {"x": 1089.0, "y": 1643.0}, {"x": 235.0, "y": 1650.0}]}, "description": "Thank you for visiting and we"}, {"boundingPoly": {"vertices": [{"x": 198.0, "y": 1660.0}, {"x": 1129.0, "y": 1659.0}, {"x": 1130.0, "y": 1717.0}, {"x": 198.0, "y": 1720.0}]}, "description": "look forward to seeing you soon"}, {"boundingPoly": {"vertices": [{"x": 575.0, "y": 1724.0}, {"x": 918.0, "y": 1724.0}, {"x": 918.0, "y": 1795.0}, {"x": 575.0, "y": 1795.0}]}, "description": "merchant phone"}, {"boundingPoly": {"vertices": [{"x": 424.0, "y": 1727.0}, {"x": 562.0, "y": 1727.0}, {"x": 562.0, "y": 1797.0}, {"x": 424.0, "y": 1797.0}]}, "description": " Tel:"}]}