{"textAnnotations": [{"boundingPoly": {"vertices": [{"x": 422.0, "y": 338.0}, {"x": 710.0, "y": 336.0}, {"x": 710.0, "y": 366.0}, {"x": 422.0, "y": 368.0}]}, "description": "merchant name"}, {"boundingPoly": {"vertices": [{"x": 469.0, "y": 369.0}, {"x": 664.0, "y": 370.0}, {"x": 664.0, "y": 397.0}, {"x": 469.0, "y": 396.0}]}, "description": "merchant address"}, {"boundingPoly": {"vertices": [{"x": 457.0, "y": 399.0}, {"x": 680.0, "y": 398.0}, {"x": 680.0, "y": 427.0}, {"x": 457.0, "y": 428.0}]}, "description": "merchant address"}, {"boundingPoly": {"vertices": [{"x": 493.0, "y": 429.0}, {"x": 643.0, "y": 429.0}, {"x": 643.0, "y": 456.0}, {"x": 493.0, "y": 456.0}]}, "description": "merchant phone"}, {"boundingPoly": {"vertices": [{"x": 323.0, "y": 480.0}, {"x": 809.0, "y": 480.0}, {"x": 809.0, "y": 516.0}, {"x": 323.0, "y": 516.0}]}, "description": " Cntr 1200 11/01/19-A 7:28pm"}, {"boundingPoly": {"vertices": [{"x": 320.0, "y": 513.0}, {"x": 602.0, "y": 518.0}, {"x": 602.0, "y": 546.0}, {"x": 320.0, "y": 539.0}]}, "description": "Guests 1 Pick A Bagel"}, {"boundingPoly": {"vertices": [{"x": 611.0, "y": 516.0}, {"x": 809.0, "y": 507.0}, {"x": 811.0, "y": 537.0}, {"x": 611.0, "y": 544.0}]}, "description": "Table (STANDEE)"}, {"boundingPoly": {"vertices": [{"x": 762.0, "y": 571.0}, {"x": 812.0, "y": 569.0}, {"x": 813.0, "y": 595.0}, {"x": 762.0, "y": 596.0}]}, "description": "1.00"}, {"boundingPoly": {"vertices": [{"x": 761.0, "y": 602.0}, {"x": 812.0, "y": 601.0}, {"x": 813.0, "y": 625.0}, {"x": 761.0, "y": 626.0}]}, "description": "3.00"}, {"boundingPoly": {"vertices": [{"x": 328.0, "y": 574.0}, {"x": 330.0, "y": 574.0}, {"x": 330.0, "y": 602.0}, {"x": 328.0, "y": 602.0}]}, "description": " 1"}, {"boundingPoly": {"vertices": [{"x": 325.0, "y": 603.0}, {"x": 332.0, "y": 603.0}, {"x": 332.0, "y": 630.0}, {"x": 325.0, "y": 630.0}]}, "description": " 1"}, {"boundingPoly": {"vertices": [{"x": 336.0, "y": 574.0}, {"x": 354.0, "y": 574.0}, {"x": 354.0, "y": 602.0}, {"x": 336.0, "y": 602.0}]}, "description": " .."}, {"boundingPoly": {"vertices": [{"x": 336.0, "y": 603.0}, {"x": 357.0, "y": 603.0}, {"x": 357.0, "y": 632.0}, {"x": 336.0, "y": 632.0}]}, "description": " .."}, {"boundingPoly": {"vertices": [{"x": 359.0, "y": 574.0}, {"x": 514.0, "y": 574.0}, {"x": 514.0, "y": 605.0}, {"x": 359.0, "y": 605.0}]}, "description": " Potato Chips"}, {"boundingPoly": {"vertices": [{"x": 361.0, "y": 604.0}, {"x": 478.0, "y": 604.0}, {"x": 478.0, "y": 634.0}, {"x": 361.0, "y": 634.0}]}, "description": " Tropicana"}, {"boundingPoly": {"vertices": [{"x": 558.0, "y": 666.0}, {"x": 618.0, "y": 668.0}, {"x": 617.0, "y": 691.0}, {"x": 556.0, "y": 690.0}]}, "description": "Items"}, {"boundingPoly": {"vertices": [{"x": 460.0, "y": 694.0}, {"x": 614.0, "y": 694.0}, {"x": 614.0, "y": 720.0}, {"x": 460.0, "y": 721.0}]}, "description": "Tax (on 1.00)"}, {"boundingPoly": {"vertices": [{"x": 421.0, "y": 722.0}, {"x": 611.0, "y": 723.0}, {"x": 611.0, "y": 750.0}, {"x": 421.0, "y": 749.0}]}, "description": "Subtotal"}, {"boundingPoly": {"vertices": [{"x": 761.0, "y": 664.0}, {"x": 812.0, "y": 662.0}, {"x": 813.0, "y": 687.0}, {"x": 760.0, "y": 688.0}]}, "description": "4.00"}, {"boundingPoly": {"vertices": [{"x": 775.0, "y": 691.0}, {"x": 812.0, "y": 691.0}, {"x": 812.0, "y": 716.0}, {"x": 775.0, "y": 716.0}]}, "description": ".09"}, {"boundingPoly": {"vertices": [{"x": 712.0, "y": 719.0}, {"x": 811.0, "y": 718.0}, {"x": 812.0, "y": 747.0}, {"x": 712.0, "y": 749.0}]}, "description": "4.09"}, {"boundingPoly": {"vertices": [{"x": 581.0, "y": 809.0}, {"x": 618.0, "y": 812.0}, {"x": 616.0, "y": 839.0}, {"x": 579.0, "y": 836.0}]}, "description": "Tip"}, {"boundingPoly": {"vertices": [{"x": 557.0, "y": 897.0}, {"x": 614.0, "y": 900.0}, {"x": 613.0, "y": 925.0}, {"x": 556.0, "y": 922.0}]}, "description": "TOTAL"}, {"boundingPoly": {"vertices": [{"x": 323.0, "y": 956.0}, {"x": 628.0, "y": 958.0}, {"x": 628.0, "y": 984.0}, {"x": 323.0, "y": 983.0}]}, "description": "01.98134064 AMLX*1000 Chp"}, {"boundingPoly": {"vertices": [{"x": 351.0, "y": 987.0}, {"x": 628.0, "y": 987.0}, {"x": 628.0, "y": 1015.0}, {"x": 351.0, "y": 1015.0}]}, "description": " 11-01-2019 19:28:35 NOS"}, {"boundingPoly": {"vertices": [{"x": 345.0, "y": 1015.0}, {"x": 537.0, "y": 1015.0}, {"x": 537.0, "y": 1042.0}, {"x": 345.0, "y": 1042.0}]}, "description": "AMERICAN EXPRESS"}, {"boundingPoly": {"vertices": [{"x": 344.0, "y": 1046.0}, {"x": 538.0, "y": 1046.0}, {"x": 538.0, "y": 1075.0}, {"x": 344.0, "y": 1075.0}]}, "description": " 0000008000/F800"}, {"boundingPoly": {"vertices": [{"x": 762.0, "y": 991.0}, {"x": 813.0, "y": 991.0}, {"x": 812.0, "y": 1015.0}, {"x": 761.0, "y": 1015.0}]}, "description": "4.09"}, {"boundingPoly": {"vertices": [{"x": 612.0, "y": 1018.0}, {"x": 811.0, "y": 1021.0}, {"x": 810.0, "y": 1046.0}, {"x": 612.0, "y": 1043.0}]}, "description": "A000000025010801"}, {"boundingPoly": {"vertices": [{"x": 548.0, "y": 1048.0}, {"x": 813.0, "y": 1048.0}, {"x": 813.0, "y": 1081.0}, {"x": 548.0, "y": 1081.0}]}, "description": " 00000103602002/886807"}, {"boundingPoly": {"vertices": [{"x": 403.0, "y": 1105.0}, {"x": 430.0, "y": 1106.0}, {"x": 428.0, "y": 1133.0}, {"x": 401.0, "y": 1132.0}]}, "description": "r"}, {"boundingPoly": {"vertices": [{"x": 480.0, "y": 1109.0}, {"x": 550.0, "y": 1109.0}, {"x": 550.0, "y": 1137.0}, {"x": 480.0, "y": 1137.0}]}, "description": " tom"}, {"boundingPoly": {"vertices": [{"x": 577.0, "y": 1110.0}, {"x": 723.0, "y": 1110.0}, {"x": 723.0, "y": 1142.0}, {"x": 577.0, "y": 1142.0}]}, "description": " r Copy"}, {"boundingPoly": {"vertices": [{"x": 336.0, "y": 1164.0}, {"x": 337.0, "y": 1189.0}, {"x": 320.0, "y": 1189.0}, {"x": 319.0, "y": 1164.0}]}, "description": "C"}, {"boundingPoly": {"vertices": [{"x": 508.0, "y": 1172.0}, {"x": 816.0, "y": 1176.0}, {"x": 815.0, "y": 1206.0}, {"x": 508.0, "y": 1200.0}]}, "description": "to pay the above TOTAL"}, {"boundingPoly": {"vertices": [{"x": 429.0, "y": 1201.0}, {"x": 806.0, "y": 1210.0}, {"x": 805.0, "y": 1239.0}, {"x": 428.0, "y": 1229.0}]}, "description": "according to issuer agreement."}, {"boundingPoly": {"vertices": [{"x": 388.0, "y": 1258.0}, {"x": 539.0, "y": 1258.0}, {"x": 539.0, "y": 1296.0}, {"x": 388.0, "y": 1296.0}]}, "description": " Thank you f"}, {"boundingPoly": {"vertices": [{"x": 567.0, "y": 1266.0}, {"x": 748.0, "y": 1266.0}, {"x": 748.0, "y": 1305.0}, {"x": 567.0, "y": 1305.0}]}, "description": " our patronage."}, {"boundingPoly": {"vertices": [{"x": 419.0, "y": 1326.0}, {"x": 704.0, "y": 1337.0}, {"x": 703.0, "y": 1369.0}, {"x": 418.0, "y": 1356.0}]}, "description": "www.pickabageltogo.com"}]}