{"textAnnotations": [{"boundingPoly": {"vertices": [{"x": 152.0, "y": 99.0}, {"x": 261.0, "y": 99.0}, {"x": 261.0, "y": 120.0}, {"x": 152.0, "y": 119.0}]}, "description": "merchant name"}, {"boundingPoly": {"vertices": [{"x": 44.0, "y": 123.0}, {"x": 410.0, "y": 121.0}, {"x": 410.0, "y": 142.0}, {"x": 44.0, "y": 144.0}]}, "description": "merchant address"}, {"boundingPoly": {"vertices": [{"x": 136.0, "y": 144.0}, {"x": 392.0, "y": 144.0}, {"x": 392.0, "y": 168.0}, {"x": 136.0, "y": 168.0}]}, "description": "merchant phone"}, {"boundingPoly": {"vertices": [{"x": 49.0, "y": 146.0}, {"x": 123.0, "y": 146.0}, {"x": 123.0, "y": 168.0}, {"x": 49.0, "y": 168.0}]}, "description": " Tel:"}, {"boundingPoly": {"vertices": [{"x": 127.0, "y": 194.0}, {"x": 299.0, "y": 194.0}, {"x": 299.0, "y": 213.0}, {"x": 127.0, "y": 214.0}]}, "description": "WED OCTOBER 23,2019"}, {"boundingPoly": {"vertices": [{"x": 64.0, "y": 216.0}, {"x": 318.0, "y": 216.0}, {"x": 318.0, "y": 238.0}, {"x": 64.0, "y": 238.0}]}, "description": " CHECK #583193-"}, {"boundingPoly": {"vertices": [{"x": 338.0, "y": 217.0}, {"x": 352.0, "y": 217.0}, {"x": 352.0, "y": 237.0}, {"x": 338.0, "y": 237.0}]}, "description": " 1"}, {"boundingPoly": {"vertices": [{"x": 171.0, "y": 262.0}, {"x": 253.0, "y": 263.0}, {"x": 253.0, "y": 286.0}, {"x": 171.0, "y": 285.0}]}, "description": "Take Away"}, {"boundingPoly": {"vertices": [{"x": 74.0, "y": 286.0}, {"x": 139.0, "y": 287.0}, {"x": 139.0, "y": 306.0}, {"x": 74.0, "y": 305.0}]}, "description": "1 Latte"}, {"boundingPoly": {"vertices": [{"x": 74.0, "y": 309.0}, {"x": 86.0, "y": 309.0}, {"x": 86.0, "y": 329.0}, {"x": 74.0, "y": 329.0}]}, "description": " 1"}, {"boundingPoly": {"vertices": [{"x": 77.0, "y": 330.0}, {"x": 84.0, "y": 330.0}, {"x": 84.0, "y": 354.0}, {"x": 77.0, "y": 354.0}]}, "description": " 1"}, {"boundingPoly": {"vertices": [{"x": 74.0, "y": 355.0}, {"x": 86.0, "y": 355.0}, {"x": 86.0, "y": 374.0}, {"x": 74.0, "y": 374.0}]}, "description": " 1"}, {"boundingPoly": {"vertices": [{"x": 81.0, "y": 375.0}, {"x": 161.0, "y": 375.0}, {"x": 161.0, "y": 398.0}, {"x": 81.0, "y": 398.0}]}, "description": "Fresh OJ"}, {"boundingPoly": {"vertices": [{"x": 88.0, "y": 400.0}, {"x": 120.0, "y": 401.0}, {"x": 119.0, "y": 418.0}, {"x": 88.0, "y": 418.0}]}, "description": "TAX"}, {"boundingPoly": {"vertices": [{"x": 63.0, "y": 421.0}, {"x": 150.0, "y": 421.0}, {"x": 150.0, "y": 444.0}, {"x": 63.0, "y": 444.0}]}, "description": "TOTAL"}, {"boundingPoly": {"vertices": [{"x": 323.0, "y": 287.0}, {"x": 363.0, "y": 288.0}, {"x": 362.0, "y": 307.0}, {"x": 323.0, "y": 307.0}]}, "description": "3.50"}, {"boundingPoly": {"vertices": [{"x": 323.0, "y": 311.0}, {"x": 363.0, "y": 312.0}, {"x": 361.0, "y": 330.0}, {"x": 323.0, "y": 329.0}]}, "description": "0.00"}, {"boundingPoly": {"vertices": [{"x": 322.0, "y": 335.0}, {"x": 361.0, "y": 334.0}, {"x": 361.0, "y": 352.0}, {"x": 322.0, "y": 353.0}]}, "description": "3.50"}, {"boundingPoly": {"vertices": [{"x": 322.0, "y": 357.0}, {"x": 360.0, "y": 357.0}, {"x": 360.0, "y": 373.0}, {"x": 322.0, "y": 374.0}]}, "description": "0.80"}, {"boundingPoly": {"vertices": [{"x": 323.0, "y": 378.0}, {"x": 359.0, "y": 378.0}, {"x": 359.0, "y": 395.0}, {"x": 322.0, "y": 395.0}]}, "description": "7.00"}, {"boundingPoly": {"vertices": [{"x": 322.0, "y": 400.0}, {"x": 359.0, "y": 400.0}, {"x": 359.0, "y": 418.0}, {"x": 323.0, "y": 417.0}]}, "description": "1.35"}, {"boundingPoly": {"vertices": [{"x": 261.0, "y": 420.0}, {"x": 349.0, "y": 421.0}, {"x": 349.0, "y": 442.0}, {"x": 261.0, "y": 441.0}]}, "description": "14.80"}, {"boundingPoly": {"vertices": [{"x": 89.0, "y": 310.0}, {"x": 138.0, "y": 310.0}, {"x": 138.0, "y": 330.0}, {"x": 89.0, "y": 330.0}]}, "description": " Sugar"}, {"boundingPoly": {"vertices": [{"x": 89.0, "y": 330.0}, {"x": 182.0, "y": 330.0}, {"x": 182.0, "y": 354.0}, {"x": 89.0, "y": 354.0}]}, "description": " Long Black"}, {"boundingPoly": {"vertices": [{"x": 89.0, "y": 355.0}, {"x": 138.0, "y": 355.0}, {"x": 138.0, "y": 374.0}, {"x": 89.0, "y": 374.0}]}, "description": " LARGE"}, {"boundingPoly": {"vertices": [{"x": 98.0, "y": 467.0}, {"x": 324.0, "y": 467.0}, {"x": 324.0, "y": 491.0}, {"x": 98.0, "y": 491.0}]}, "description": "Total is inclusive of GST"}, {"boundingPoly": {"vertices": [{"x": 151.0, "y": 536.0}, {"x": 259.0, "y": 538.0}, {"x": 258.0, "y": 559.0}, {"x": 151.0, "y": 556.0}]}, "description": "Vessel"}, {"boundingPoly": {"vertices": [{"x": 135.0, "y": 559.0}, {"x": 296.0, "y": 564.0}, {"x": 296.0, "y": 584.0}, {"x": 135.0, "y": 579.0}]}, "description": "Take Away"}, {"boundingPoly": {"vertices": [{"x": 102.0, "y": 583.0}, {"x": 151.0, "y": 583.0}, {"x": 151.0, "y": 602.0}, {"x": 102.0, "y": 602.0}]}, "description": " Time:"}, {"boundingPoly": {"vertices": [{"x": 154.0, "y": 583.0}, {"x": 203.0, "y": 583.0}, {"x": 203.0, "y": 603.0}, {"x": 154.0, "y": 603.0}]}, "description": " 11 14"}, {"boundingPoly": {"vertices": [{"x": 242.0, "y": 585.0}, {"x": 254.0, "y": 585.0}, {"x": 254.0, "y": 605.0}, {"x": 242.0, "y": 605.0}]}, "description": " 1"}, {"boundingPoly": {"vertices": [{"x": 257.0, "y": 585.0}, {"x": 336.0, "y": 585.0}, {"x": 336.0, "y": 605.0}, {"x": 257.0, "y": 605.0}]}, "description": " CUSTOMER"}, {"boundingPoly": {"vertices": [{"x": 164.0, "y": 629.0}, {"x": 264.0, "y": 630.0}, {"x": 263.0, "y": 649.0}, {"x": 163.0, "y": 647.0}]}, "description": "TAX INVOICE"}, {"boundingPoly": {"vertices": [{"x": 129.0, "y": 649.0}, {"x": 299.0, "y": 653.0}, {"x": 299.0, "y": 672.0}, {"x": 128.0, "y": 668.0}]}, "description": "ABN# 48 629 038 777"}, {"boundingPoly": {"vertices": [{"x": 130.0, "y": 693.0}, {"x": 309.0, "y": 697.0}, {"x": 309.0, "y": 715.0}, {"x": 130.0, "y": 711.0}]}, "description": "YOU HAVE BEEN SERVED"}, {"boundingPoly": {"vertices": [{"x": 174.0, "y": 715.0}, {"x": 198.0, "y": 715.0}, {"x": 198.0, "y": 735.0}, {"x": 174.0, "y": 735.0}]}, "description": " BY"}, {"boundingPoly": {"vertices": [{"x": 200.0, "y": 717.0}, {"x": 264.0, "y": 717.0}, {"x": 264.0, "y": 737.0}, {"x": 200.0, "y": 737.0}]}, "description": " : Preet"}, {"boundingPoly": {"vertices": [{"x": 167.0, "y": 780.0}, {"x": 265.0, "y": 780.0}, {"x": 265.0, "y": 801.0}, {"x": 167.0, "y": 801.0}]}, "description": " SETTLED BY:"}, {"boundingPoly": {"vertices": [{"x": 64.0, "y": 804.0}, {"x": 101.0, "y": 800.0}, {"x": 101.0, "y": 818.0}, {"x": 64.0, "y": 820.0}]}, "description": "patt"}, {"boundingPoly": {"vertices": [{"x": 327.0, "y": 806.0}, {"x": 372.0, "y": 808.0}, {"x": 371.0, "y": 827.0}, {"x": 326.0, "y": 824.0}]}, "description": "14.80"}, {"boundingPoly": {"vertices": [{"x": 159.0, "y": 823.0}, {"x": 276.0, "y": 825.0}, {"x": 275.0, "y": 844.0}, {"x": 159.0, "y": 842.0}]}, "description": "CUSTOMER COPY"}]}