{"textAnnotations": [{"boundingPoly": {"vertices": [{"x": 25.0, "y": 38.0}, {"x": 62.0, "y": 39.0}, {"x": 61.0, "y": 51.0}, {"x": 25.0, "y": 50.0}]}, "description": "merchant name"}, {"boundingPoly": {"vertices": [{"x": 26.0, "y": 53.0}, {"x": 75.0, "y": 53.0}, {"x": 75.0, "y": 66.0}, {"x": 26.0, "y": 66.0}]}, "description": " GST NO:"}, {"boundingPoly": {"vertices": [{"x": 77.0, "y": 54.0}, {"x": 179.0, "y": 54.0}, {"x": 179.0, "y": 66.0}, {"x": 77.0, "y": 66.0}]}, "description": " 06AABCD5534A129"}, {"boundingPoly": {"vertices": [{"x": 83.0, "y": 67.0}, {"x": 137.0, "y": 67.0}, {"x": 137.0, "y": 79.0}, {"x": 83.0, "y": 80.0}]}, "description": "KOT - 74"}, {"boundingPoly": {"vertices": [{"x": 20.0, "y": 108.0}, {"x": 70.0, "y": 108.0}, {"x": 70.0, "y": 120.0}, {"x": 20.0, "y": 120.0}]}, "description": " Invoice"}, {"boundingPoly": {"vertices": [{"x": 15.0, "y": 134.0}, {"x": 94.0, "y": 134.0}, {"x": 94.0, "y": 150.0}, {"x": 15.0, "y": 150.0}]}, "description": " Order Time:"}, {"boundingPoly": {"vertices": [{"x": 15.0, "y": 152.0}, {"x": 100.0, "y": 152.0}, {"x": 100.0, "y": 168.0}, {"x": 15.0, "y": 168.0}]}, "description": " Order Status:"}, {"boundingPoly": {"vertices": [{"x": 16.0, "y": 174.0}, {"x": 149.0, "y": 174.0}, {"x": 149.0, "y": 190.0}, {"x": 16.0, "y": 189.0}]}, "description": "Hot Chocolate Large"}, {"boundingPoly": {"vertices": [{"x": 17.0, "y": 192.0}, {"x": 82.0, "y": 192.0}, {"x": 82.0, "y": 207.0}, {"x": 17.0, "y": 207.0}]}, "description": " Hot Addon"}, {"boundingPoly": {"vertices": [{"x": 80.0, "y": 103.0}, {"x": 163.0, "y": 103.0}, {"x": 163.0, "y": 119.0}, {"x": 80.0, "y": 119.0}]}, "description": " #COSAAQ56099"}, {"boundingPoly": {"vertices": [{"x": 17.0, "y": 122.0}, {"x": 55.0, "y": 122.0}, {"x": 55.0, "y": 134.0}, {"x": 17.0, "y": 134.0}]}, "description": " Name:"}, {"boundingPoly": {"vertices": [{"x": 97.0, "y": 134.0}, {"x": 213.0, "y": 134.0}, {"x": 213.0, "y": 150.0}, {"x": 97.0, "y": 150.0}]}, "description": " 03:24 27-11-2019"}, {"boundingPoly": {"vertices": [{"x": 103.0, "y": 152.0}, {"x": 171.0, "y": 152.0}, {"x": 171.0, "y": 168.0}, {"x": 103.0, "y": 168.0}]}, "description": " delivered"}, {"boundingPoly": {"vertices": [{"x": 166.0, "y": 173.0}, {"x": 177.0, "y": 173.0}, {"x": 177.0, "y": 189.0}, {"x": 166.0, "y": 189.0}]}, "description": " 1"}, {"boundingPoly": {"vertices": [{"x": 85.0, "y": 192.0}, {"x": 204.0, "y": 192.0}, {"x": 204.0, "y": 207.0}, {"x": 85.0, "y": 207.0}]}, "description": " : Chocolate Sauce"}, {"boundingPoly": {"vertices": [{"x": 179.0, "y": 173.0}, {"x": 233.0, "y": 173.0}, {"x": 233.0, "y": 189.0}, {"x": 179.0, "y": 189.0}]}, "description": " X 95.24"}, {"boundingPoly": {"vertices": [{"x": 20.0, "y": 225.0}, {"x": 153.0, "y": 225.0}, {"x": 153.0, "y": 241.0}, {"x": 20.0, "y": 241.0}]}, "description": " Hot Chocolate Large"}, {"boundingPoly": {"vertices": [{"x": 87.0, "y": 241.0}, {"x": 208.0, "y": 241.0}, {"x": 208.0, "y": 257.0}, {"x": 87.0, "y": 257.0}]}, "description": " : Flavour Hazelnut"}, {"boundingPoly": {"vertices": [{"x": 165.0, "y": 225.0}, {"x": 175.0, "y": 225.0}, {"x": 175.0, "y": 240.0}, {"x": 165.0, "y": 240.0}]}, "description": " 1"}, {"boundingPoly": {"vertices": [{"x": 178.0, "y": 224.0}, {"x": 229.0, "y": 224.0}, {"x": 229.0, "y": 240.0}, {"x": 178.0, "y": 240.0}]}, "description": " \u00d7 95.24"}, {"boundingPoly": {"vertices": [{"x": 23.0, "y": 242.0}, {"x": 84.0, "y": 242.0}, {"x": 84.0, "y": 257.0}, {"x": 23.0, "y": 257.0}]}, "description": " Hot Addon"}, {"boundingPoly": {"vertices": [{"x": 27.0, "y": 287.0}, {"x": 157.0, "y": 287.0}, {"x": 157.0, "y": 302.0}, {"x": 27.0, "y": 302.0}]}, "description": " Choco Walnut Brownie"}, {"boundingPoly": {"vertices": [{"x": 164.0, "y": 287.0}, {"x": 173.0, "y": 287.0}, {"x": 173.0, "y": 300.0}, {"x": 164.0, "y": 300.0}]}, "description": " 1"}, {"boundingPoly": {"vertices": [{"x": 176.0, "y": 286.0}, {"x": 224.0, "y": 286.0}, {"x": 224.0, "y": 300.0}, {"x": 176.0, "y": 300.0}]}, "description": " \u00d7 79.05"}, {"boundingPoly": {"vertices": [{"x": 31.0, "y": 361.0}, {"x": 110.0, "y": 361.0}, {"x": 110.0, "y": 376.0}, {"x": 31.0, "y": 376.0}]}, "description": "Mocha Regular"}, {"boundingPoly": {"vertices": [{"x": 165.0, "y": 360.0}, {"x": 170.0, "y": 360.0}, {"x": 170.0, "y": 376.0}, {"x": 165.0, "y": 376.0}]}, "description": " 1"}, {"boundingPoly": {"vertices": [{"x": 173.0, "y": 360.0}, {"x": 220.0, "y": 360.0}, {"x": 220.0, "y": 376.0}, {"x": 173.0, "y": 376.0}]}, "description": " \u00d7 70. 48"}, {"boundingPoly": {"vertices": [{"x": 30.0, "y": 391.0}, {"x": 100.0, "y": 392.0}, {"x": 100.0, "y": 407.0}, {"x": 30.0, "y": 406.0}]}, "description": "Mocha Large"}, {"boundingPoly": {"vertices": [{"x": 165.0, "y": 391.0}, {"x": 171.0, "y": 391.0}, {"x": 171.0, "y": 407.0}, {"x": 165.0, "y": 407.0}]}, "description": " 1"}, {"boundingPoly": {"vertices": [{"x": 174.0, "y": 391.0}, {"x": 221.0, "y": 391.0}, {"x": 221.0, "y": 407.0}, {"x": 174.0, "y": 407.0}]}, "description": " \u00d7 80.00"}, {"boundingPoly": {"vertices": [{"x": 30.0, "y": 422.0}, {"x": 99.0, "y": 423.0}, {"x": 99.0, "y": 438.0}, {"x": 30.0, "y": 437.0}]}, "description": "Mocha Large"}, {"boundingPoly": {"vertices": [{"x": 164.0, "y": 422.0}, {"x": 171.0, "y": 422.0}, {"x": 171.0, "y": 437.0}, {"x": 164.0, "y": 437.0}]}, "description": " 1"}, {"boundingPoly": {"vertices": [{"x": 174.0, "y": 422.0}, {"x": 221.0, "y": 422.0}, {"x": 221.0, "y": 437.0}, {"x": 174.0, "y": 437.0}]}, "description": " \u00d7 80. 00"}, {"boundingPoly": {"vertices": [{"x": 30.0, "y": 453.0}, {"x": 101.0, "y": 454.0}, {"x": 100.0, "y": 467.0}, {"x": 30.0, "y": 466.0}]}, "description": "Mocha Large"}, {"boundingPoly": {"vertices": [{"x": 165.0, "y": 452.0}, {"x": 171.0, "y": 452.0}, {"x": 171.0, "y": 467.0}, {"x": 165.0, "y": 467.0}]}, "description": " 1"}, {"boundingPoly": {"vertices": [{"x": 174.0, "y": 452.0}, {"x": 219.0, "y": 452.0}, {"x": 219.0, "y": 467.0}, {"x": 174.0, "y": 467.0}]}, "description": " \u00d7 80.00"}, {"boundingPoly": {"vertices": [{"x": 32.0, "y": 479.0}, {"x": 219.0, "y": 479.0}, {"x": 219.0, "y": 492.0}, {"x": 32.0, "y": 492.0}]}, "description": "Bombay Style Sandwicx 88.57"}, {"boundingPoly": {"vertices": [{"x": 86.0, "y": 520.0}, {"x": 205.0, "y": 521.0}, {"x": 205.0, "y": 536.0}, {"x": 86.0, "y": 535.0}]}, "description": "CGSI @ 2.50% - 16.71"}, {"boundingPoly": {"vertices": [{"x": 86.0, "y": 536.0}, {"x": 205.0, "y": 537.0}, {"x": 205.0, "y": 552.0}, {"x": 86.0, "y": 550.0}]}, "description": "SGSI @ 2.50% = 16.71"}, {"boundingPoly": {"vertices": [{"x": 104.0, "y": 551.0}, {"x": 184.0, "y": 553.0}, {"x": 183.0, "y": 567.0}, {"x": 104.0, "y": 565.0}]}, "description": "Total - 702.0"}, {"boundingPoly": {"vertices": [{"x": 63.0, "y": 582.0}, {"x": 188.0, "y": 582.0}, {"x": 188.0, "y": 597.0}, {"x": 63.0, "y": 597.0}]}, "description": " -03:25:16 27-11-2019-"}, {"boundingPoly": {"vertices": [{"x": 104.0, "y": 612.0}, {"x": 148.0, "y": 611.0}, {"x": 148.0, "y": 625.0}, {"x": 104.0, "y": 625.0}]}, "description": "-1.0.60"}]}