{"textAnnotations": [{"boundingPoly": {"vertices": [{"x": 98.0, "y": 12.0}, {"x": 223.0, "y": 12.0}, {"x": 224.0, "y": 51.0}, {"x": 99.0, "y": 52.0}]}, "description": "68.14"}, {"boundingPoly": {"vertices": [{"x": 31.0, "y": 80.0}, {"x": 111.0, "y": 80.0}, {"x": 111.0, "y": 91.0}, {"x": 31.0, "y": 91.0}]}, "description": "Custom Amount"}, {"boundingPoly": {"vertices": [{"x": 254.0, "y": 80.0}, {"x": 290.0, "y": 80.0}, {"x": 290.0, "y": 91.0}, {"x": 254.0, "y": 91.0}]}, "description": "$68.14"}, {"boundingPoly": {"vertices": [{"x": 32.0, "y": 109.0}, {"x": 57.0, "y": 109.0}, {"x": 57.0, "y": 120.0}, {"x": 32.0, "y": 120.0}]}, "description": "Total"}, {"boundingPoly": {"vertices": [{"x": 254.0, "y": 109.0}, {"x": 290.0, "y": 109.0}, {"x": 290.0, "y": 120.0}, {"x": 254.0, "y": 120.0}]}, "description": "$68.14"}, {"boundingPoly": {"vertices": [{"x": 122.0, "y": 161.0}, {"x": 170.0, "y": 146.0}, {"x": 175.0, "y": 163.0}, {"x": 127.0, "y": 178.0}]}, "description": "Malle"}, {"boundingPoly": {"vertices": [{"x": 294.0, "y": 206.0}, {"x": 295.0, "y": 255.0}, {"x": 287.0, "y": 255.0}, {"x": 286.0, "y": 206.0}]}, "description": "NW 87TH AVE"}, {"boundingPoly": {"vertices": [{"x": 269.0, "y": 265.0}, {"x": 295.0, "y": 264.0}, {"x": 295.0, "y": 273.0}, {"x": 268.0, "y": 274.0}]}, "description": "CACHE"}, {"boundingPoly": {"vertices": [{"x": 24.0, "y": 222.0}, {"x": 70.0, "y": 222.0}, {"x": 70.0, "y": 231.0}, {"x": 24.0, "y": 231.0}]}, "description": "WW. 33RD ST"}, {"boundingPoly": {"vertices": [{"x": 216.0, "y": 219.0}, {"x": 264.0, "y": 219.0}, {"x": 264.0, "y": 229.0}, {"x": 216.0, "y": 228.0}]}, "description": "NW 33RD ST"}, {"boundingPoly": {"vertices": [{"x": 30.0, "y": 260.0}, {"x": 96.0, "y": 259.0}, {"x": 96.0, "y": 268.0}, {"x": 30.0, "y": 268.0}]}, "description": "Broward Health"}, {"boundingPoly": {"vertices": [{"x": 33.0, "y": 268.0}, {"x": 87.0, "y": 269.0}, {"x": 87.0, "y": 278.0}, {"x": 33.0, "y": 277.0}]}, "description": "Coral Springs"}, {"boundingPoly": {"vertices": [{"x": 97.0, "y": 255.0}, {"x": 154.0, "y": 255.0}, {"x": 154.0, "y": 265.0}, {"x": 97.0, "y": 265.0}]}, "description": "NW.31ST CT"}, {"boundingPoly": {"vertices": [{"x": 163.0, "y": 271.0}, {"x": 163.0, "y": 296.0}, {"x": 156.0, "y": 296.0}, {"x": 156.0, "y": 271.0}]}, "description": "N'UND"}, {"boundingPoly": {"vertices": [{"x": 127.0, "y": 312.0}, {"x": 194.0, "y": 312.0}, {"x": 193.0, "y": 322.0}, {"x": 127.0, "y": 322.0}]}, "description": "merchant name"}, {"boundingPoly": {"vertices": [{"x": 96.0, "y": 329.0}, {"x": 224.0, "y": 329.0}, {"x": 224.0, "y": 341.0}, {"x": 96.0, "y": 340.0}]}, "description": "merchant address"}, {"boundingPoly": {"vertices": [{"x": 101.0, "y": 346.0}, {"x": 220.0, "y": 346.0}, {"x": 220.0, "y": 357.0}, {"x": 101.0, "y": 358.0}]}, "description": "merchant address"}, {"boundingPoly": {"vertices": [{"x": 126.0, "y": 362.0}, {"x": 195.0, "y": 363.0}, {"x": 195.0, "y": 374.0}, {"x": 126.0, "y": 374.0}]}, "description": "merchant phone"}, {"boundingPoly": {"vertices": [{"x": 32.0, "y": 430.0}, {"x": 63.0, "y": 430.0}, {"x": 63.0, "y": 442.0}, {"x": 32.0, "y": 442.0}]}, "description": " AMEX"}, {"boundingPoly": {"vertices": [{"x": 65.0, "y": 430.0}, {"x": 88.0, "y": 430.0}, {"x": 88.0, "y": 443.0}, {"x": 65.0, "y": 443.0}]}, "description": " 1001"}, {"boundingPoly": {"vertices": [{"x": 90.0, "y": 430.0}, {"x": 123.0, "y": 430.0}, {"x": 123.0, "y": 444.0}, {"x": 90.0, "y": 444.0}]}, "description": " (Chip)"}, {"boundingPoly": {"vertices": [{"x": 252.0, "y": 430.0}, {"x": 290.0, "y": 430.0}, {"x": 290.0, "y": 441.0}, {"x": 252.0, "y": 441.0}]}, "description": "Nov 12"}, {"boundingPoly": {"vertices": [{"x": 263.0, "y": 446.0}, {"x": 289.0, "y": 446.0}, {"x": 289.0, "y": 457.0}, {"x": 263.0, "y": 457.0}]}, "description": "2019"}, {"boundingPoly": {"vertices": [{"x": 256.0, "y": 461.0}, {"x": 290.0, "y": 461.0}, {"x": 290.0, "y": 472.0}, {"x": 256.0, "y": 472.0}]}, "description": " at 6:31"}, {"boundingPoly": {"vertices": [{"x": 272.0, "y": 477.0}, {"x": 287.0, "y": 477.0}, {"x": 287.0, "y": 487.0}, {"x": 272.0, "y": 487.0}]}, "description": "PM"}, {"boundingPoly": {"vertices": [{"x": 251.0, "y": 493.0}, {"x": 290.0, "y": 494.0}, {"x": 290.0, "y": 504.0}, {"x": 251.0, "y": 504.0}]}, "description": "#50Cm"}, {"boundingPoly": {"vertices": [{"x": 266.0, "y": 509.0}, {"x": 290.0, "y": 510.0}, {"x": 290.0, "y": 520.0}, {"x": 266.0, "y": 520.0}]}, "description": "Auth"}, {"boundingPoly": {"vertices": [{"x": 260.0, "y": 526.0}, {"x": 289.0, "y": 526.0}, {"x": 289.0, "y": 536.0}, {"x": 260.0, "y": 536.0}]}, "description": " code:"}, {"boundingPoly": {"vertices": [{"x": 251.0, "y": 540.0}, {"x": 290.0, "y": 540.0}, {"x": 290.0, "y": 551.0}, {"x": 251.0, "y": 551.0}]}, "description": "805414"}, {"boundingPoly": {"vertices": [{"x": 31.0, "y": 569.0}, {"x": 52.0, "y": 569.0}, {"x": 52.0, "y": 581.0}, {"x": 31.0, "y": 581.0}]}, "description": " AID:"}, {"boundingPoly": {"vertices": [{"x": 30.0, "y": 586.0}, {"x": 78.0, "y": 586.0}, {"x": 78.0, "y": 598.0}, {"x": 30.0, "y": 598.0}]}, "description": " Signature"}, {"boundingPoly": {"vertices": [{"x": 54.0, "y": 569.0}, {"x": 154.0, "y": 569.0}, {"x": 154.0, "y": 581.0}, {"x": 54.0, "y": 581.0}]}, "description": " A000000025010801"}, {"boundingPoly": {"vertices": [{"x": 80.0, "y": 586.0}, {"x": 119.0, "y": 586.0}, {"x": 119.0, "y": 597.0}, {"x": 80.0, "y": 597.0}]}, "description": " Verified"}]}