{"textAnnotations": [{"boundingPoly": {"vertices": [{"x": 223.0, "y": 32.0}, {"x": 445.0, "y": 26.0}, {"x": 446.0, "y": 46.0}, {"x": 223.0, "y": 53.0}]}, "description": "Thank You For Visiting the"}, {"boundingPoly": {"vertices": [{"x": 208.0, "y": 79.0}, {"x": 466.0, "y": 72.0}, {"x": 467.0, "y": 92.0}, {"x": 208.0, "y": 100.0}]}, "description": "Nadine Varella, General Manager"}, {"boundingPoly": {"vertices": [{"x": 250.0, "y": 123.0}, {"x": 431.0, "y": 116.0}, {"x": 432.0, "y": 137.0}, {"x": 251.0, "y": 143.0}]}, "description": "We Love Your Feedback!"}, {"boundingPoly": {"vertices": [{"x": 212.0, "y": 56.0}, {"x": 458.0, "y": 48.0}, {"x": 459.0, "y": 69.0}, {"x": 213.0, "y": 77.0}]}, "description": "merchant name"}, {"boundingPoly": {"vertices": [{"x": 283.0, "y": 98.0}, {"x": 400.0, "y": 97.0}, {"x": 400.0, "y": 117.0}, {"x": 284.0, "y": 119.0}]}, "description": "merchant phone"}, {"boundingPoly": {"vertices": [{"x": 251.0, "y": 143.0}, {"x": 437.0, "y": 138.0}, {"x": 438.0, "y": 158.0}, {"x": 252.0, "y": 164.0}]}, "description": "Text @LTF41042 to 73940"}, {"boundingPoly": {"vertices": [{"x": 184.0, "y": 195.0}, {"x": 346.0, "y": 202.0}, {"x": 346.0, "y": 219.0}, {"x": 183.0, "y": 212.0}]}, "description": "Starbucks Drip Coffe"}, {"boundingPoly": {"vertices": [{"x": 482.0, "y": 178.0}, {"x": 514.0, "y": 178.0}, {"x": 514.0, "y": 196.0}, {"x": 483.0, "y": 197.0}]}, "description": "USD"}, {"boundingPoly": {"vertices": [{"x": 479.0, "y": 199.0}, {"x": 512.0, "y": 199.0}, {"x": 513.0, "y": 215.0}, {"x": 479.0, "y": 216.0}]}, "description": "1.70"}, {"boundingPoly": {"vertices": [{"x": 367.0, "y": 237.0}, {"x": 440.0, "y": 237.0}, {"x": 440.0, "y": 254.0}, {"x": 367.0, "y": 254.0}]}, "description": "Sub Total"}, {"boundingPoly": {"vertices": [{"x": 367.0, "y": 255.0}, {"x": 448.0, "y": 255.0}, {"x": 448.0, "y": 273.0}, {"x": 367.0, "y": 273.0}]}, "description": "Tax Amount"}, {"boundingPoly": {"vertices": [{"x": 480.0, "y": 239.0}, {"x": 514.0, "y": 238.0}, {"x": 515.0, "y": 253.0}, {"x": 481.0, "y": 254.0}]}, "description": "1.70"}, {"boundingPoly": {"vertices": [{"x": 478.0, "y": 256.0}, {"x": 513.0, "y": 256.0}, {"x": 513.0, "y": 271.0}, {"x": 479.0, "y": 272.0}]}, "description": "0.12"}, {"boundingPoly": {"vertices": [{"x": 168.0, "y": 301.0}, {"x": 318.0, "y": 304.0}, {"x": 317.0, "y": 343.0}, {"x": 167.0, "y": 339.0}]}, "description": "Total USD"}, {"boundingPoly": {"vertices": [{"x": 449.0, "y": 313.0}, {"x": 514.0, "y": 311.0}, {"x": 514.0, "y": 342.0}, {"x": 451.0, "y": 342.0}]}, "description": "1.82"}, {"boundingPoly": {"vertices": [{"x": 157.0, "y": 375.0}, {"x": 340.0, "y": 384.0}, {"x": 339.0, "y": 402.0}, {"x": 157.0, "y": 394.0}]}, "description": "5009 AMERICAN EXPRESS"}, {"boundingPoly": {"vertices": [{"x": 483.0, "y": 388.0}, {"x": 516.0, "y": 388.0}, {"x": 515.0, "y": 402.0}, {"x": 483.0, "y": 402.0}]}, "description": "1.82"}, {"boundingPoly": {"vertices": [{"x": 153.0, "y": 434.0}, {"x": 182.0, "y": 434.0}, {"x": 181.0, "y": 449.0}, {"x": 152.0, "y": 449.0}]}, "description": "Tax"}, {"boundingPoly": {"vertices": [{"x": 149.0, "y": 450.0}, {"x": 212.0, "y": 449.0}, {"x": 212.0, "y": 468.0}, {"x": 149.0, "y": 468.0}]}, "description": "() 7.00"}, {"boundingPoly": {"vertices": [{"x": 290.0, "y": 433.0}, {"x": 416.0, "y": 434.0}, {"x": 416.0, "y": 451.0}, {"x": 290.0, "y": 450.0}]}, "description": "Taxable Amount"}, {"boundingPoly": {"vertices": [{"x": 379.0, "y": 451.0}, {"x": 415.0, "y": 452.0}, {"x": 415.0, "y": 468.0}, {"x": 378.0, "y": 468.0}]}, "description": "1.70"}, {"boundingPoly": {"vertices": [{"x": 424.0, "y": 434.0}, {"x": 518.0, "y": 434.0}, {"x": 518.0, "y": 450.0}, {"x": 424.0, "y": 451.0}]}, "description": "Tax Amount"}, {"boundingPoly": {"vertices": [{"x": 484.0, "y": 452.0}, {"x": 520.0, "y": 451.0}, {"x": 520.0, "y": 470.0}, {"x": 484.0, "y": 470.0}]}, "description": "0.12"}, {"boundingPoly": {"vertices": [{"x": 147.0, "y": 511.0}, {"x": 517.0, "y": 511.0}, {"x": 517.0, "y": 537.0}, {"x": 147.0, "y": 537.0}]}, "description": " 11/18/2019 02:15 PM #:25471 Op:102 C:1131"}, {"boundingPoly": {"vertices": [{"x": 145.0, "y": 555.0}, {"x": 243.0, "y": 555.0}, {"x": 243.0, "y": 576.0}, {"x": 145.0, "y": 576.0}]}, "description": " Served you"}, {"boundingPoly": {"vertices": [{"x": 147.0, "y": 533.0}, {"x": 229.0, "y": 533.0}, {"x": 229.0, "y": 553.0}, {"x": 147.0, "y": 553.0}]}, "description": " 13 S:1131"}, {"boundingPoly": {"vertices": [{"x": 246.0, "y": 556.0}, {"x": 442.0, "y": 556.0}, {"x": 442.0, "y": 579.0}, {"x": 246.0, "y": 579.0}]}, "description": " : SR Self Checkout - 2"}, {"boundingPoly": {"vertices": [{"x": 144.0, "y": 597.0}, {"x": 234.0, "y": 597.0}, {"x": 234.0, "y": 618.0}, {"x": 144.0, "y": 618.0}]}, "description": " Reprint #"}, {"boundingPoly": {"vertices": [{"x": 237.0, "y": 597.0}, {"x": 248.0, "y": 597.0}, {"x": 248.0, "y": 618.0}, {"x": 237.0, "y": 618.0}]}, "description": " 1"}, {"boundingPoly": {"vertices": [{"x": 228.0, "y": 662.0}, {"x": 413.0, "y": 663.0}, {"x": 413.0, "y": 682.0}, {"x": 228.0, "y": 681.0}]}, "description": "*** Customer copy ***"}, {"boundingPoly": {"vertices": [{"x": 244.0, "y": 703.0}, {"x": 405.0, "y": 702.0}, {"x": 405.0, "y": 722.0}, {"x": 244.0, "y": 723.0}]}, "description": "AMEX Sunrise 937-3"}, {"boundingPoly": {"vertices": [{"x": 153.0, "y": 726.0}, {"x": 481.0, "y": 725.0}, {"x": 481.0, "y": 745.0}, {"x": 153.0, "y": 747.0}]}, "description": "I agree to pay the above total amount"}, {"boundingPoly": {"vertices": [{"x": 215.0, "y": 748.0}, {"x": 429.0, "y": 747.0}, {"x": 429.0, "y": 767.0}, {"x": 215.0, "y": 768.0}]}, "description": "according to card issuer"}, {"boundingPoly": {"vertices": [{"x": 140.0, "y": 769.0}, {"x": 406.0, "y": 769.0}, {"x": 406.0, "y": 792.0}, {"x": 140.0, "y": 792.0}]}, "description": " agreement. (Merchant agreement"}, {"boundingPoly": {"vertices": [{"x": 168.0, "y": 792.0}, {"x": 463.0, "y": 791.0}, {"x": 463.0, "y": 812.0}, {"x": 168.0, "y": 813.0}]}, "description": "Voucher) Retain this copy for your"}, {"boundingPoly": {"vertices": [{"x": 283.0, "y": 816.0}, {"x": 353.0, "y": 816.0}, {"x": 353.0, "y": 834.0}, {"x": 283.0, "y": 835.0}]}, "description": "records."}, {"boundingPoly": {"vertices": [{"x": 410.0, "y": 769.0}, {"x": 493.0, "y": 769.0}, {"x": 493.0, "y": 790.0}, {"x": 410.0, "y": 790.0}]}, "description": " if Credit"}, {"boundingPoly": {"vertices": [{"x": 138.0, "y": 860.0}, {"x": 312.0, "y": 859.0}, {"x": 312.0, "y": 880.0}, {"x": 138.0, "y": 881.0}]}, "description": "PURCHASE / APPROVED"}, {"boundingPoly": {"vertices": [{"x": 135.0, "y": 884.0}, {"x": 283.0, "y": 883.0}, {"x": 283.0, "y": 905.0}, {"x": 135.0, "y": 906.0}]}, "description": "AMERICAN EXPRESS"}, {"boundingPoly": {"vertices": [{"x": 137.0, "y": 907.0}, {"x": 274.0, "y": 907.0}, {"x": 274.0, "y": 926.0}, {"x": 137.0, "y": 926.0}]}, "description": "*********** 1009"}, {"boundingPoly": {"vertices": [{"x": 134.0, "y": 931.0}, {"x": 228.0, "y": 930.0}, {"x": 229.0, "y": 950.0}, {"x": 134.0, "y": 952.0}]}, "description": "CHIP READ"}, {"boundingPoly": {"vertices": [{"x": 133.0, "y": 978.0}, {"x": 310.0, "y": 978.0}, {"x": 310.0, "y": 1001.0}, {"x": 133.0, "y": 1001.0}]}, "description": " 2019/11/18 14:16:06"}, {"boundingPoly": {"vertices": [{"x": 130.0, "y": 1005.0}, {"x": 161.0, "y": 1003.0}, {"x": 161.0, "y": 1024.0}, {"x": 130.0, "y": 1025.0}]}, "description": "TID"}, {"boundingPoly": {"vertices": [{"x": 128.0, "y": 1029.0}, {"x": 161.0, "y": 1028.0}, {"x": 160.0, "y": 1048.0}, {"x": 129.0, "y": 1049.0}]}, "description": "MID"}, {"boundingPoly": {"vertices": [{"x": 127.0, "y": 1053.0}, {"x": 217.0, "y": 1052.0}, {"x": 217.0, "y": 1075.0}, {"x": 127.0, "y": 1075.0}]}, "description": "REFERENCE"}, {"boundingPoly": {"vertices": [{"x": 128.0, "y": 1079.0}, {"x": 214.0, "y": 1079.0}, {"x": 214.0, "y": 1101.0}, {"x": 128.0, "y": 1102.0}]}, "description": "AUTH CODE"}, {"boundingPoly": {"vertices": [{"x": 429.0, "y": 1004.0}, {"x": 505.0, "y": 1004.0}, {"x": 504.0, "y": 1026.0}, {"x": 429.0, "y": 1026.0}]}, "description": "**** 5714"}, {"boundingPoly": {"vertices": [{"x": 268.0, "y": 1049.0}, {"x": 498.0, "y": 1048.0}, {"x": 498.0, "y": 1073.0}, {"x": 268.0, "y": 1076.0}]}, "description": "S1131T113113#254710877"}, {"boundingPoly": {"vertices": [{"x": 446.0, "y": 1076.0}, {"x": 501.0, "y": 1072.0}, {"x": 502.0, "y": 1095.0}, {"x": 447.0, "y": 1097.0}]}, "description": "869405"}, {"boundingPoly": {"vertices": [{"x": 119.0, "y": 1132.0}, {"x": 170.0, "y": 1131.0}, {"x": 169.0, "y": 1153.0}, {"x": 119.0, "y": 1153.0}]}, "description": "TOTAL"}, {"boundingPoly": {"vertices": [{"x": 428.0, "y": 1130.0}, {"x": 508.0, "y": 1127.0}, {"x": 508.0, "y": 1150.0}, {"x": 429.0, "y": 1153.0}]}, "description": "USD1.82"}]}