{"textAnnotations": [{"boundingPoly": {"vertices": [{"x": 16.0, "y": 73.0}, {"x": 255.0, "y": 66.0}, {"x": 256.0, "y": 84.0}, {"x": 17.0, "y": 93.0}]}, "description": "merchant name"}, {"boundingPoly": {"vertices": [{"x": 95.0, "y": 106.0}, {"x": 177.0, "y": 104.0}, {"x": 177.0, "y": 122.0}, {"x": 96.0, "y": 124.0}]}, "description": "ORDER # 90"}, {"boundingPoly": {"vertices": [{"x": 17.0, "y": 198.0}, {"x": 74.0, "y": 198.0}, {"x": 74.0, "y": 217.0}, {"x": 17.0, "y": 217.0}]}, "description": " Device:"}, {"boundingPoly": {"vertices": [{"x": 17.0, "y": 216.0}, {"x": 76.0, "y": 216.0}, {"x": 76.0, "y": 235.0}, {"x": 17.0, "y": 235.0}]}, "description": " Origin:"}, {"boundingPoly": {"vertices": [{"x": 19.0, "y": 234.0}, {"x": 95.0, "y": 234.0}, {"x": 95.0, "y": 252.0}, {"x": 19.0, "y": 252.0}]}, "description": " Order ID:"}, {"boundingPoly": {"vertices": [{"x": 19.0, "y": 251.0}, {"x": 127.0, "y": 251.0}, {"x": 127.0, "y": 270.0}, {"x": 19.0, "y": 270.0}]}, "description": " POS Order Id:"}, {"boundingPoly": {"vertices": [{"x": 69.0, "y": 269.0}, {"x": 151.0, "y": 269.0}, {"x": 151.0, "y": 288.0}, {"x": 69.0, "y": 288.0}]}, "description": " 10/24/2019"}, {"boundingPoly": {"vertices": [{"x": 68.0, "y": 287.0}, {"x": 139.0, "y": 287.0}, {"x": 139.0, "y": 305.0}, {"x": 68.0, "y": 305.0}]}, "description": " 08:00 AM"}, {"boundingPoly": {"vertices": [{"x": 118.0, "y": 305.0}, {"x": 181.0, "y": 305.0}, {"x": 181.0, "y": 320.0}, {"x": 118.0, "y": 320.0}]}, "description": "Take Out"}, {"boundingPoly": {"vertices": [{"x": 77.0, "y": 195.0}, {"x": 167.0, "y": 195.0}, {"x": 167.0, "y": 216.0}, {"x": 77.0, "y": 216.0}]}, "description": " KSKPEIWEI03"}, {"boundingPoly": {"vertices": [{"x": 79.0, "y": 216.0}, {"x": 122.0, "y": 216.0}, {"x": 122.0, "y": 234.0}, {"x": 79.0, "y": 234.0}]}, "description": " Kiosk"}, {"boundingPoly": {"vertices": [{"x": 98.0, "y": 233.0}, {"x": 138.0, "y": 233.0}, {"x": 138.0, "y": 251.0}, {"x": 98.0, "y": 251.0}]}, "description": " 74056"}, {"boundingPoly": {"vertices": [{"x": 130.0, "y": 250.0}, {"x": 163.0, "y": 250.0}, {"x": 163.0, "y": 269.0}, {"x": 130.0, "y": 269.0}]}, "description": " 7190"}, {"boundingPoly": {"vertices": [{"x": 24.0, "y": 270.0}, {"x": 66.0, "y": 270.0}, {"x": 66.0, "y": 288.0}, {"x": 24.0, "y": 288.0}]}, "description": " Date:"}, {"boundingPoly": {"vertices": [{"x": 25.0, "y": 286.0}, {"x": 65.0, "y": 286.0}, {"x": 65.0, "y": 305.0}, {"x": 25.0, "y": 305.0}]}, "description": " Time:"}, {"boundingPoly": {"vertices": [{"x": 25.0, "y": 342.0}, {"x": 97.0, "y": 342.0}, {"x": 97.0, "y": 352.0}, {"x": 25.0, "y": 352.0}]}, "description": "========="}, {"boundingPoly": {"vertices": [{"x": 39.0, "y": 353.0}, {"x": 129.0, "y": 353.0}, {"x": 129.0, "y": 372.0}, {"x": 39.0, "y": 372.0}]}, "description": " Cauliflower"}, {"boundingPoly": {"vertices": [{"x": 119.0, "y": 370.0}, {"x": 199.0, "y": 370.0}, {"x": 199.0, "y": 389.0}, {"x": 119.0, "y": 389.0}]}, "description": " Fried Rice"}, {"boundingPoly": {"vertices": [{"x": 188.0, "y": 341.0}, {"x": 273.0, "y": 342.0}, {"x": 273.0, "y": 352.0}, {"x": 187.0, "y": 351.0}]}, "description": "==========-"}, {"boundingPoly": {"vertices": [{"x": 132.0, "y": 353.0}, {"x": 275.0, "y": 353.0}, {"x": 275.0, "y": 373.0}, {"x": 132.0, "y": 373.0}]}, "description": " Fried Rice $11.99"}, {"boundingPoly": {"vertices": [{"x": 235.0, "y": 372.0}, {"x": 277.0, "y": 371.0}, {"x": 277.0, "y": 389.0}, {"x": 236.0, "y": 390.0}]}, "description": "$3.00"}, {"boundingPoly": {"vertices": [{"x": 27.0, "y": 354.0}, {"x": 36.0, "y": 354.0}, {"x": 36.0, "y": 371.0}, {"x": 27.0, "y": 371.0}]}, "description": " 1"}, {"boundingPoly": {"vertices": [{"x": 26.0, "y": 371.0}, {"x": 116.0, "y": 371.0}, {"x": 116.0, "y": 389.0}, {"x": 26.0, "y": 389.0}]}, "description": " *Substitute"}, {"boundingPoly": {"vertices": [{"x": 29.0, "y": 390.0}, {"x": 86.0, "y": 390.0}, {"x": 86.0, "y": 407.0}, {"x": 29.0, "y": 407.0}]}, "description": "*No Egg"}, {"boundingPoly": {"vertices": [{"x": 35.0, "y": 424.0}, {"x": 181.0, "y": 424.0}, {"x": 181.0, "y": 442.0}, {"x": 35.0, "y": 442.0}]}, "description": "1 Fountain Beverage"}, {"boundingPoly": {"vertices": [{"x": 38.0, "y": 447.0}, {"x": 53.0, "y": 446.0}, {"x": 52.0, "y": 455.0}, {"x": 38.0, "y": 455.0}]}, "description": "=="}, {"boundingPoly": {"vertices": [{"x": 38.0, "y": 458.0}, {"x": 107.0, "y": 458.0}, {"x": 107.0, "y": 475.0}, {"x": 38.0, "y": 475.0}]}, "description": "Sub-Total"}, {"boundingPoly": {"vertices": [{"x": 40.0, "y": 477.0}, {"x": 82.0, "y": 477.0}, {"x": 82.0, "y": 493.0}, {"x": 40.0, "y": 493.0}]}, "description": " Sales"}, {"boundingPoly": {"vertices": [{"x": 39.0, "y": 492.0}, {"x": 166.0, "y": 493.0}, {"x": 166.0, "y": 510.0}, {"x": 39.0, "y": 509.0}]}, "description": "TOTAL - Plus Tax"}, {"boundingPoly": {"vertices": [{"x": 41.0, "y": 510.0}, {"x": 149.0, "y": 510.0}, {"x": 149.0, "y": 527.0}, {"x": 41.0, "y": 527.0}]}, "description": " Customer Name:"}, {"boundingPoly": {"vertices": [{"x": 42.0, "y": 526.0}, {"x": 145.0, "y": 526.0}, {"x": 145.0, "y": 543.0}, {"x": 42.0, "y": 543.0}]}, "description": " Paid - Card#:"}, {"boundingPoly": {"vertices": [{"x": 43.0, "y": 543.0}, {"x": 76.0, "y": 543.0}, {"x": 77.0, "y": 559.0}, {"x": 44.0, "y": 559.0}]}, "description": "AMEX"}, {"boundingPoly": {"vertices": [{"x": 237.0, "y": 423.0}, {"x": 279.0, "y": 424.0}, {"x": 279.0, "y": 441.0}, {"x": 237.0, "y": 441.0}]}, "description": "$3.79"}, {"boundingPoly": {"vertices": [{"x": 128.0, "y": 447.0}, {"x": 167.0, "y": 447.0}, {"x": 167.0, "y": 455.0}, {"x": 128.0, "y": 455.0}]}, "description": "====="}, {"boundingPoly": {"vertices": [{"x": 233.0, "y": 457.0}, {"x": 280.0, "y": 457.0}, {"x": 279.0, "y": 474.0}, {"x": 234.0, "y": 475.0}]}, "description": "$18.78"}, {"boundingPoly": {"vertices": [{"x": 240.0, "y": 476.0}, {"x": 280.0, "y": 475.0}, {"x": 280.0, "y": 492.0}, {"x": 240.0, "y": 493.0}]}, "description": "$1.60"}, {"boundingPoly": {"vertices": [{"x": 236.0, "y": 494.0}, {"x": 282.0, "y": 493.0}, {"x": 282.0, "y": 510.0}, {"x": 236.0, "y": 510.0}]}, "description": "$20.18"}, {"boundingPoly": {"vertices": [{"x": 85.0, "y": 477.0}, {"x": 110.0, "y": 477.0}, {"x": 110.0, "y": 493.0}, {"x": 85.0, "y": 493.0}]}, "description": " Tax"}, {"boundingPoly": {"vertices": [{"x": 148.0, "y": 527.0}, {"x": 270.0, "y": 527.0}, {"x": 270.0, "y": 544.0}, {"x": 148.0, "y": 544.0}]}, "description": " ************ 1007"}, {"boundingPoly": {"vertices": [{"x": 241.0, "y": 561.0}, {"x": 287.0, "y": 561.0}, {"x": 287.0, "y": 579.0}, {"x": 241.0, "y": 579.0}]}, "description": "$20.18"}, {"boundingPoly": {"vertices": [{"x": 49.0, "y": 594.0}, {"x": 166.0, "y": 594.0}, {"x": 166.0, "y": 609.0}, {"x": 49.0, "y": 609.0}]}, "description": " ***************"}, {"boundingPoly": {"vertices": [{"x": 51.0, "y": 610.0}, {"x": 164.0, "y": 612.0}, {"x": 164.0, "y": 625.0}, {"x": 50.0, "y": 623.0}]}, "description": "***************"}, {"boundingPoly": {"vertices": [{"x": 168.0, "y": 594.0}, {"x": 232.0, "y": 594.0}, {"x": 232.0, "y": 611.0}, {"x": 168.0, "y": 611.0}]}, "description": " PURCHASE"}, {"boundingPoly": {"vertices": [{"x": 172.0, "y": 626.0}, {"x": 232.0, "y": 627.0}, {"x": 232.0, "y": 643.0}, {"x": 172.0, "y": 642.0}]}, "description": "APPROVED"}, {"boundingPoly": {"vertices": [{"x": 56.0, "y": 657.0}, {"x": 100.0, "y": 657.0}, {"x": 100.0, "y": 674.0}, {"x": 56.0, "y": 674.0}]}, "description": " Total:"}, {"boundingPoly": {"vertices": [{"x": 55.0, "y": 673.0}, {"x": 101.0, "y": 674.0}, {"x": 100.0, "y": 690.0}, {"x": 55.0, "y": 689.0}]}, "description": "$20.18"}, {"boundingPoly": {"vertices": [{"x": 55.0, "y": 706.0}, {"x": 130.0, "y": 706.0}, {"x": 130.0, "y": 724.0}, {"x": 55.0, "y": 724.0}]}, "description": " Card Type:"}, {"boundingPoly": {"vertices": [{"x": 56.0, "y": 724.0}, {"x": 137.0, "y": 724.0}, {"x": 137.0, "y": 742.0}, {"x": 56.0, "y": 742.0}]}, "description": " Card Entry:"}, {"boundingPoly": {"vertices": [{"x": 57.0, "y": 740.0}, {"x": 112.0, "y": 740.0}, {"x": 112.0, "y": 757.0}, {"x": 57.0, "y": 757.0}]}, "description": " Acct #:"}, {"boundingPoly": {"vertices": [{"x": 57.0, "y": 757.0}, {"x": 162.0, "y": 757.0}, {"x": 162.0, "y": 776.0}, {"x": 57.0, "y": 776.0}]}, "description": " Approval Code:"}, {"boundingPoly": {"vertices": [{"x": 165.0, "y": 709.0}, {"x": 196.0, "y": 708.0}, {"x": 196.0, "y": 725.0}, {"x": 165.0, "y": 725.0}]}, "description": "AMEX"}, {"boundingPoly": {"vertices": [{"x": 165.0, "y": 725.0}, {"x": 196.0, "y": 725.0}, {"x": 196.0, "y": 741.0}, {"x": 165.0, "y": 741.0}]}, "description": "CHIP"}, {"boundingPoly": {"vertices": [{"x": 166.0, "y": 743.0}, {"x": 280.0, "y": 744.0}, {"x": 279.0, "y": 761.0}, {"x": 166.0, "y": 757.0}]}, "description": "*********** 1007"}, {"boundingPoly": {"vertices": [{"x": 165.0, "y": 758.0}, {"x": 214.0, "y": 758.0}, {"x": 214.0, "y": 777.0}, {"x": 165.0, "y": 777.0}]}, "description": " 826152"}, {"boundingPoly": {"vertices": [{"x": 161.0, "y": 791.0}, {"x": 186.0, "y": 791.0}, {"x": 186.0, "y": 809.0}, {"x": 161.0, "y": 809.0}]}, "description": " PIN"}, {"boundingPoly": {"vertices": [{"x": 189.0, "y": 792.0}, {"x": 255.0, "y": 792.0}, {"x": 255.0, "y": 809.0}, {"x": 189.0, "y": 809.0}]}, "description": " Verified"}, {"boundingPoly": {"vertices": [{"x": 58.0, "y": 823.0}, {"x": 160.0, "y": 823.0}, {"x": 160.0, "y": 839.0}, {"x": 58.0, "y": 839.0}]}, "description": " *************"}, {"boundingPoly": {"vertices": [{"x": 60.0, "y": 839.0}, {"x": 158.0, "y": 841.0}, {"x": 157.0, "y": 853.0}, {"x": 60.0, "y": 851.0}]}, "description": "*************"}, {"boundingPoly": {"vertices": [{"x": 63.0, "y": 853.0}, {"x": 137.0, "y": 853.0}, {"x": 137.0, "y": 870.0}, {"x": 63.0, "y": 870.0}]}, "description": " App Label:"}, {"boundingPoly": {"vertices": [{"x": 65.0, "y": 881.0}, {"x": 94.0, "y": 881.0}, {"x": 94.0, "y": 895.0}, {"x": 65.0, "y": 895.0}]}, "description": " Mode"}, {"boundingPoly": {"vertices": [{"x": 68.0, "y": 895.0}, {"x": 114.0, "y": 898.0}, {"x": 114.0, "y": 911.0}, {"x": 68.0, "y": 908.0}]}, "description": "Issuer"}, {"boundingPoly": {"vertices": [{"x": 69.0, "y": 910.0}, {"x": 101.0, "y": 910.0}, {"x": 101.0, "y": 927.0}, {"x": 69.0, "y": 927.0}]}, "description": " AID:"}, {"boundingPoly": {"vertices": [{"x": 69.0, "y": 926.0}, {"x": 101.0, "y": 926.0}, {"x": 101.0, "y": 944.0}, {"x": 69.0, "y": 944.0}]}, "description": " TVR:"}, {"boundingPoly": {"vertices": [{"x": 67.0, "y": 944.0}, {"x": 101.0, "y": 944.0}, {"x": 101.0, "y": 961.0}, {"x": 67.0, "y": 961.0}]}, "description": " IAD:"}, {"boundingPoly": {"vertices": [{"x": 66.0, "y": 960.0}, {"x": 100.0, "y": 960.0}, {"x": 100.0, "y": 977.0}, {"x": 66.0, "y": 977.0}]}, "description": " TSI:"}, {"boundingPoly": {"vertices": [{"x": 66.0, "y": 977.0}, {"x": 99.0, "y": 977.0}, {"x": 99.0, "y": 994.0}, {"x": 66.0, "y": 994.0}]}, "description": " ARC:"}, {"boundingPoly": {"vertices": [{"x": 162.0, "y": 824.0}, {"x": 255.0, "y": 824.0}, {"x": 255.0, "y": 841.0}, {"x": 162.0, "y": 841.0}]}, "description": " EMV PURCHASE"}, {"boundingPoly": {"vertices": [{"x": 64.0, "y": 866.0}, {"x": 184.0, "y": 871.0}, {"x": 184.0, "y": 886.0}, {"x": 64.0, "y": 881.0}]}, "description": "AMERICAN EXPRESS"}, {"boundingPoly": {"vertices": [{"x": 95.0, "y": 882.0}, {"x": 103.0, "y": 882.0}, {"x": 103.0, "y": 896.0}, {"x": 95.0, "y": 896.0}]}, "description": " :"}, {"boundingPoly": {"vertices": [{"x": 104.0, "y": 911.0}, {"x": 222.0, "y": 911.0}, {"x": 222.0, "y": 930.0}, {"x": 104.0, "y": 930.0}]}, "description": " A000000025010801"}, {"boundingPoly": {"vertices": [{"x": 103.0, "y": 944.0}, {"x": 209.0, "y": 944.0}, {"x": 209.0, "y": 962.0}, {"x": 103.0, "y": 962.0}]}, "description": " 06600103642002"}, {"boundingPoly": {"vertices": [{"x": 103.0, "y": 960.0}, {"x": 136.0, "y": 960.0}, {"x": 136.0, "y": 978.0}, {"x": 103.0, "y": 978.0}]}, "description": " F800"}, {"boundingPoly": {"vertices": [{"x": 102.0, "y": 978.0}, {"x": 121.0, "y": 978.0}, {"x": 121.0, "y": 995.0}, {"x": 102.0, "y": 995.0}]}, "description": " 00"}, {"boundingPoly": {"vertices": [{"x": 103.0, "y": 927.0}, {"x": 181.0, "y": 927.0}, {"x": 181.0, "y": 945.0}, {"x": 103.0, "y": 945.0}]}, "description": " 0000008000"}, {"boundingPoly": {"vertices": [{"x": 64.0, "y": 1028.0}, {"x": 119.0, "y": 1029.0}, {"x": 119.0, "y": 1047.0}, {"x": 63.0, "y": 1046.0}]}, "description": "Balance"}, {"boundingPoly": {"vertices": [{"x": 261.0, "y": 1031.0}, {"x": 303.0, "y": 1034.0}, {"x": 302.0, "y": 1051.0}, {"x": 260.0, "y": 1049.0}]}, "description": "$0.00"}, {"boundingPoly": {"vertices": [{"x": 68.0, "y": 1120.0}, {"x": 68.0, "y": 1137.0}, {"x": 59.0, "y": 1137.0}, {"x": 59.0, "y": 1120.0}]}, "description": "X"}]}