{"textAnnotations": [{"boundingPoly": {"vertices": [{"x": 55.0, "y": 31.0}, {"x": 251.0, "y": 31.0}, {"x": 251.0, "y": 98.0}, {"x": 55.0, "y": 98.0}]}, "description": " Heathrow"}, {"boundingPoly": {"vertices": [{"x": 174.0, "y": 131.0}, {"x": 335.0, "y": 130.0}, {"x": 335.0, "y": 157.0}, {"x": 175.0, "y": 159.0}]}, "description": "merchant name"}, {"boundingPoly": {"vertices": [{"x": 139.0, "y": 164.0}, {"x": 388.0, "y": 158.0}, {"x": 389.0, "y": 185.0}, {"x": 139.0, "y": 191.0}]}, "description": "merchant address"}, {"boundingPoly": {"vertices": [{"x": 162.0, "y": 193.0}, {"x": 350.0, "y": 190.0}, {"x": 350.0, "y": 217.0}, {"x": 163.0, "y": 219.0}]}, "description": "merchant address"}, {"boundingPoly": {"vertices": [{"x": 198.0, "y": 223.0}, {"x": 313.0, "y": 221.0}, {"x": 314.0, "y": 247.0}, {"x": 198.0, "y": 249.0}]}, "description": "merchant address"}, {"boundingPoly": {"vertices": [{"x": 213.0, "y": 254.0}, {"x": 301.0, "y": 253.0}, {"x": 302.0, "y": 279.0}, {"x": 213.0, "y": 280.0}]}, "description": "merchant address"}, {"boundingPoly": {"vertices": [{"x": 258.0, "y": 31.0}, {"x": 404.0, "y": 31.0}, {"x": 404.0, "y": 105.0}, {"x": 258.0, "y": 105.0}]}, "description": " Projeck"}, {"boundingPoly": {"vertices": [{"x": 11.0, "y": 315.0}, {"x": 426.0, "y": 315.0}, {"x": 426.0, "y": 344.0}, {"x": 11.0, "y": 344.0}]}, "description": " 21/08/2019 09:32:44 32823000079"}, {"boundingPoly": {"vertices": [{"x": 8.0, "y": 378.0}, {"x": 56.0, "y": 378.0}, {"x": 56.0, "y": 405.0}, {"x": 8.0, "y": 405.0}]}, "description": " POS"}, {"boundingPoly": {"vertices": [{"x": 61.0, "y": 378.0}, {"x": 216.0, "y": 378.0}, {"x": 216.0, "y": 405.0}, {"x": 61.0, "y": 405.0}]}, "description": " : 4 - Till 4"}, {"boundingPoly": {"vertices": [{"x": 84.0, "y": 440.0}, {"x": 200.0, "y": 440.0}, {"x": 200.0, "y": 464.0}, {"x": 84.0, "y": 464.0}]}, "description": "TAKE AWAY"}, {"boundingPoly": {"vertices": [{"x": 83.0, "y": 470.0}, {"x": 403.0, "y": 470.0}, {"x": 403.0, "y": 495.0}, {"x": 83.0, "y": 496.0}]}, "description": "SMOKED SALMON PROTEIN BOX"}, {"boundingPoly": {"vertices": [{"x": 83.0, "y": 500.0}, {"x": 401.0, "y": 499.0}, {"x": 401.0, "y": 526.0}, {"x": 83.0, "y": 528.0}]}, "description": "EGG & SPINACH PROTEIN POT"}, {"boundingPoly": {"vertices": [{"x": 446.0, "y": 468.0}, {"x": 499.0, "y": 468.0}, {"x": 499.0, "y": 494.0}, {"x": 446.0, "y": 494.0}]}, "description": "5.25"}, {"boundingPoly": {"vertices": [{"x": 449.0, "y": 500.0}, {"x": 501.0, "y": 500.0}, {"x": 501.0, "y": 525.0}, {"x": 449.0, "y": 525.0}]}, "description": "1.85"}, {"boundingPoly": {"vertices": [{"x": 48.0, "y": 470.0}, {"x": 51.0, "y": 527.0}, {"x": 38.0, "y": 527.0}, {"x": 35.0, "y": 470.0}]}, "description": "--"}, {"boundingPoly": {"vertices": [{"x": 88.0, "y": 567.0}, {"x": 326.0, "y": 565.0}, {"x": 327.0, "y": 590.0}, {"x": 88.0, "y": 591.0}]}, "description": "INCLUSIVE TOTAL DUE"}, {"boundingPoly": {"vertices": [{"x": 449.0, "y": 564.0}, {"x": 502.0, "y": 564.0}, {"x": 501.0, "y": 590.0}, {"x": 449.0, "y": 590.0}]}, "description": "7.10"}, {"boundingPoly": {"vertices": [{"x": 91.0, "y": 632.0}, {"x": 144.0, "y": 631.0}, {"x": 144.0, "y": 656.0}, {"x": 92.0, "y": 655.0}]}, "description": "AMEX"}, {"boundingPoly": {"vertices": [{"x": 448.0, "y": 629.0}, {"x": 501.0, "y": 629.0}, {"x": 501.0, "y": 654.0}, {"x": 448.0, "y": 654.0}]}, "description": "7.10"}, {"boundingPoly": {"vertices": [{"x": 91.0, "y": 693.0}, {"x": 253.0, "y": 693.0}, {"x": 253.0, "y": 719.0}, {"x": 91.0, "y": 719.0}]}, "description": "VAT BREAKDOWN"}, {"boundingPoly": {"vertices": [{"x": 89.0, "y": 730.0}, {"x": 107.0, "y": 730.0}, {"x": 106.0, "y": 748.0}, {"x": 88.0, "y": 748.0}]}, "description": "%"}, {"boundingPoly": {"vertices": [{"x": 263.0, "y": 725.0}, {"x": 302.0, "y": 725.0}, {"x": 302.0, "y": 751.0}, {"x": 264.0, "y": 751.0}]}, "description": "NET"}, {"boundingPoly": {"vertices": [{"x": 360.0, "y": 724.0}, {"x": 404.0, "y": 724.0}, {"x": 404.0, "y": 750.0}, {"x": 360.0, "y": 750.0}]}, "description": "TAX"}, {"boundingPoly": {"vertices": [{"x": 434.0, "y": 725.0}, {"x": 501.0, "y": 726.0}, {"x": 502.0, "y": 749.0}, {"x": 434.0, "y": 750.0}]}, "description": "Gross"}, {"boundingPoly": {"vertices": [{"x": 191.0, "y": 787.0}, {"x": 342.0, "y": 787.0}, {"x": 342.0, "y": 814.0}, {"x": 191.0, "y": 814.0}]}, "description": "0208 7596716"}, {"boundingPoly": {"vertices": [{"x": 166.0, "y": 819.0}, {"x": 378.0, "y": 819.0}, {"x": 378.0, "y": 845.0}, {"x": 166.0, "y": 845.0}]}, "description": "VAT No. 927137420"}, {"boundingPoly": {"vertices": [{"x": 68.0, "y": 977.0}, {"x": 392.0, "y": 977.0}, {"x": 392.0, "y": 1009.0}, {"x": 68.0, "y": 1009.0}]}, "description": " CLOSED 21/08/2019 02:3382"}]}