{"textAnnotations": [{"boundingPoly": {"vertices": [{"x": 375.0, "y": 308.0}, {"x": 1034.0, "y": 403.0}, {"x": 1027.0, "y": 450.0}, {"x": 370.0, "y": 351.0}]}, "description": "merchant name"}, {"boundingPoly": {"vertices": [{"x": 600.0, "y": 485.0}, {"x": 841.0, "y": 523.0}, {"x": 835.0, "y": 561.0}, {"x": 594.0, "y": 523.0}]}, "description": "merchant phone"}, {"boundingPoly": {"vertices": [{"x": 253.0, "y": 564.0}, {"x": 751.0, "y": 564.0}, {"x": 751.0, "y": 666.0}, {"x": 253.0, "y": 666.0}]}, "description": " 22-Nov-2019 12:19:56P"}, {"boundingPoly": {"vertices": [{"x": 249.0, "y": 742.0}, {"x": 291.0, "y": 747.0}, {"x": 286.0, "y": 792.0}, {"x": 245.0, "y": 786.0}]}, "description": "1"}, {"boundingPoly": {"vertices": [{"x": 514.0, "y": 379.0}, {"x": 871.0, "y": 379.0}, {"x": 871.0, "y": 474.0}, {"x": 514.0, "y": 474.0}]}, "description": "merchant address"}, {"boundingPoly": {"vertices": [{"x": 872.0, "y": 437.0}, {"x": 908.0, "y": 437.0}, {"x": 908.0, "y": 480.0}, {"x": 872.0, "y": 480.0}]}, "description": "merchant address"}, {"boundingPoly": {"vertices": [{"x": 559.0, "y": 429.0}, {"x": 876.0, "y": 482.0}, {"x": 869.0, "y": 520.0}, {"x": 554.0, "y": 467.0}]}, "description": "merchant address"}, {"boundingPoly": {"vertices": [{"x": 441.0, "y": 532.0}, {"x": 602.0, "y": 532.0}, {"x": 602.0, "y": 593.0}, {"x": 441.0, "y": 593.0}]}, "description": " Sandra"}, {"boundingPoly": {"vertices": [{"x": 251.0, "y": 509.0}, {"x": 438.0, "y": 509.0}, {"x": 438.0, "y": 574.0}, {"x": 251.0, "y": 574.0}]}, "description": " Cashier:"}, {"boundingPoly": {"vertices": [{"x": 246.0, "y": 639.0}, {"x": 677.0, "y": 683.0}, {"x": 672.0, "y": 725.0}, {"x": 244.0, "y": 680.0}]}, "description": "Transaction 715107"}, {"boundingPoly": {"vertices": [{"x": 315.0, "y": 750.0}, {"x": 516.0, "y": 773.0}, {"x": 511.0, "y": 817.0}, {"x": 311.0, "y": 796.0}]}, "description": "Mangos"}, {"boundingPoly": {"vertices": [{"x": 244.0, "y": 856.0}, {"x": 443.0, "y": 867.0}, {"x": 440.0, "y": 914.0}, {"x": 241.0, "y": 902.0}]}, "description": "Subtotal"}, {"boundingPoly": {"vertices": [{"x": 246.0, "y": 913.0}, {"x": 325.0, "y": 920.0}, {"x": 322.0, "y": 961.0}, {"x": 244.0, "y": 955.0}]}, "description": "Tax"}, {"boundingPoly": {"vertices": [{"x": 1032.0, "y": 817.0}, {"x": 1136.0, "y": 821.0}, {"x": 1134.0, "y": 859.0}, {"x": 1031.0, "y": 855.0}]}, "description": "$7.99"}, {"boundingPoly": {"vertices": [{"x": 1036.0, "y": 912.0}, {"x": 1139.0, "y": 915.0}, {"x": 1138.0, "y": 951.0}, {"x": 1036.0, "y": 952.0}]}, "description": "$7.99"}, {"boundingPoly": {"vertices": [{"x": 1037.0, "y": 961.0}, {"x": 1146.0, "y": 962.0}, {"x": 1146.0, "y": 1000.0}, {"x": 1037.0, "y": 1000.0}]}, "description": "$0.56"}, {"boundingPoly": {"vertices": [{"x": 239.0, "y": 1028.0}, {"x": 359.0, "y": 1030.0}, {"x": 357.0, "y": 1075.0}, {"x": 238.0, "y": 1073.0}]}, "description": "Total"}, {"boundingPoly": {"vertices": [{"x": 236.0, "y": 1086.0}, {"x": 310.0, "y": 1087.0}, {"x": 308.0, "y": 1141.0}, {"x": 237.0, "y": 1139.0}]}, "description": "Tip"}, {"boundingPoly": {"vertices": [{"x": 230.0, "y": 1173.0}, {"x": 677.0, "y": 1174.0}, {"x": 677.0, "y": 1221.0}, {"x": 230.0, "y": 1219.0}]}, "description": "CREDIT CARD SALE"}, {"boundingPoly": {"vertices": [{"x": 231.0, "y": 1233.0}, {"x": 501.0, "y": 1231.0}, {"x": 501.0, "y": 1277.0}, {"x": 231.0, "y": 1280.0}]}, "description": "AMEX 1005"}, {"boundingPoly": {"vertices": [{"x": 231.0, "y": 1308.0}, {"x": 761.0, "y": 1308.0}, {"x": 761.0, "y": 1369.0}, {"x": 231.0, "y": 1369.0}]}, "description": " 22-Nov-2019 12:20:19P"}, {"boundingPoly": {"vertices": [{"x": 228.0, "y": 1369.0}, {"x": 610.0, "y": 1369.0}, {"x": 610.0, "y": 1428.0}, {"x": 228.0, "y": 1428.0}]}, "description": " $10.55 | Method:"}, {"boundingPoly": {"vertices": [{"x": 1045.0, "y": 1055.0}, {"x": 1152.0, "y": 1056.0}, {"x": 1152.0, "y": 1097.0}, {"x": 1045.0, "y": 1096.0}]}, "description": "$8.55"}, {"boundingPoly": {"vertices": [{"x": 1047.0, "y": 1107.0}, {"x": 1157.0, "y": 1106.0}, {"x": 1157.0, "y": 1147.0}, {"x": 1048.0, "y": 1147.0}]}, "description": "$2.00"}, {"boundingPoly": {"vertices": [{"x": 1032.0, "y": 1178.0}, {"x": 1164.0, "y": 1177.0}, {"x": 1164.0, "y": 1220.0}, {"x": 1032.0, "y": 1222.0}]}, "description": "$10.55"}, {"boundingPoly": {"vertices": [{"x": 619.0, "y": 1364.0}, {"x": 725.0, "y": 1364.0}, {"x": 725.0, "y": 1416.0}, {"x": 619.0, "y": 1416.0}]}, "description": " EMV"}, {"boundingPoly": {"vertices": [{"x": 225.0, "y": 1440.0}, {"x": 1146.0, "y": 1407.0}, {"x": 1148.0, "y": 1453.0}, {"x": 225.0, "y": 1488.0}]}, "description": "AMERICAN EXPRESS XXXXXXXXXXXX1005"}, {"boundingPoly": {"vertices": [{"x": 892.0, "y": 1521.0}, {"x": 1051.0, "y": 1521.0}, {"x": 1051.0, "y": 1577.0}, {"x": 892.0, "y": 1577.0}]}, "description": " 864108"}, {"boundingPoly": {"vertices": [{"x": 221.0, "y": 1557.0}, {"x": 357.0, "y": 1557.0}, {"x": 357.0, "y": 1613.0}, {"x": 221.0, "y": 1613.0}]}, "description": " Ref #:"}, {"boundingPoly": {"vertices": [{"x": 217.0, "y": 1624.0}, {"x": 331.0, "y": 1624.0}, {"x": 331.0, "y": 1679.0}, {"x": 217.0, "y": 1679.0}]}, "description": " MID:"}, {"boundingPoly": {"vertices": [{"x": 216.0, "y": 1684.0}, {"x": 321.0, "y": 1684.0}, {"x": 321.0, "y": 1740.0}, {"x": 216.0, "y": 1740.0}]}, "description": " AID:"}, {"boundingPoly": {"vertices": [{"x": 215.0, "y": 1814.0}, {"x": 728.0, "y": 1774.0}, {"x": 731.0, "y": 1822.0}, {"x": 217.0, "y": 1863.0}]}, "description": "SIGNATURE VERIFIED"}, {"boundingPoly": {"vertices": [{"x": 365.0, "y": 1530.0}, {"x": 884.0, "y": 1530.0}, {"x": 884.0, "y": 1606.0}, {"x": 365.0, "y": 1606.0}]}, "description": " 932600871250 | Auth #:"}, {"boundingPoly": {"vertices": [{"x": 329.0, "y": 1652.0}, {"x": 791.0, "y": 1652.0}, {"x": 791.0, "y": 1732.0}, {"x": 329.0, "y": 1732.0}]}, "description": " A000000025010801"}, {"boundingPoly": {"vertices": [{"x": 212.0, "y": 1733.0}, {"x": 519.0, "y": 1733.0}, {"x": 519.0, "y": 1802.0}, {"x": 212.0, "y": 1802.0}]}, "description": " AthNtwkNm:"}, {"boundingPoly": {"vertices": [{"x": 339.0, "y": 1603.0}, {"x": 640.0, "y": 1603.0}, {"x": 640.0, "y": 1666.0}, {"x": 339.0, "y": 1666.0}]}, "description": " ******** 8884"}, {"boundingPoly": {"vertices": [{"x": 526.0, "y": 1722.0}, {"x": 671.0, "y": 1722.0}, {"x": 671.0, "y": 1779.0}, {"x": 526.0, "y": 1779.0}]}, "description": " AMEX"}, {"boundingPoly": {"vertices": [{"x": 214.0, "y": 2012.0}, {"x": 774.0, "y": 1964.0}, {"x": 776.0, "y": 2007.0}, {"x": 217.0, "y": 2056.0}]}, "description": "Order BNYW8P1R39PAO"}]}