{"textAnnotations": [{"boundingPoly": {"vertices": [{"x": 76.0, "y": 67.0}, {"x": 96.0, "y": 68.0}, {"x": 96.0, "y": 92.0}, {"x": 75.0, "y": 92.0}]}, "description": "79"}, {"boundingPoly": {"vertices": [{"x": 197.0, "y": 71.0}, {"x": 272.0, "y": 71.0}, {"x": 272.0, "y": 91.0}, {"x": 197.0, "y": 91.0}]}, "description": " 09:21 AM"}, {"boundingPoly": {"vertices": [{"x": 173.0, "y": 98.0}, {"x": 342.0, "y": 96.0}, {"x": 343.0, "y": 114.0}, {"x": 173.0, "y": 117.0}]}, "description": "merchant name"}, {"boundingPoly": {"vertices": [{"x": 193.0, "y": 119.0}, {"x": 318.0, "y": 117.0}, {"x": 318.0, "y": 134.0}, {"x": 193.0, "y": 136.0}]}, "description": "merchant address"}, {"boundingPoly": {"vertices": [{"x": 286.0, "y": 137.0}, {"x": 362.0, "y": 137.0}, {"x": 362.0, "y": 157.0}, {"x": 286.0, "y": 157.0}]}, "description": "merchant address"}, {"boundingPoly": {"vertices": [{"x": 195.0, "y": 159.0}, {"x": 320.0, "y": 158.0}, {"x": 321.0, "y": 176.0}, {"x": 195.0, "y": 177.0}]}, "description": "lorisdiner.com"}, {"boundingPoly": {"vertices": [{"x": 321.0, "y": 70.0}, {"x": 410.0, "y": 71.0}, {"x": 410.0, "y": 91.0}, {"x": 321.0, "y": 89.0}]}, "description": "11/12/2019"}, {"boundingPoly": {"vertices": [{"x": 154.0, "y": 138.0}, {"x": 283.0, "y": 138.0}, {"x": 283.0, "y": 159.0}, {"x": 154.0, "y": 159.0}]}, "description": "merchant address"}, {"boundingPoly": {"vertices": [{"x": 51.0, "y": 214.0}, {"x": 127.0, "y": 208.0}, {"x": 129.0, "y": 226.0}, {"x": 52.0, "y": 232.0}]}, "description": "AMEX 2002"}, {"boundingPoly": {"vertices": [{"x": 402.0, "y": 207.0}, {"x": 417.0, "y": 207.0}, {"x": 416.0, "y": 223.0}, {"x": 401.0, "y": 223.0}]}, "description": "2"}, {"boundingPoly": {"vertices": [{"x": 49.0, "y": 234.0}, {"x": 145.0, "y": 229.0}, {"x": 146.0, "y": 249.0}, {"x": 50.0, "y": 254.0}]}, "description": "830567 Chip"}, {"boundingPoly": {"vertices": [{"x": 126.0, "y": 272.0}, {"x": 144.0, "y": 272.0}, {"x": 144.0, "y": 290.0}, {"x": 126.0, "y": 290.0}]}, "description": " ID"}, {"boundingPoly": {"vertices": [{"x": 114.0, "y": 294.0}, {"x": 127.0, "y": 294.0}, {"x": 127.0, "y": 311.0}, {"x": 114.0, "y": 311.0}]}, "description": " #"}, {"boundingPoly": {"vertices": [{"x": 48.0, "y": 317.0}, {"x": 125.0, "y": 315.0}, {"x": 125.0, "y": 330.0}, {"x": 48.0, "y": 333.0}]}, "description": "Reference"}, {"boundingPoly": {"vertices": [{"x": 47.0, "y": 337.0}, {"x": 73.0, "y": 336.0}, {"x": 74.0, "y": 352.0}, {"x": 47.0, "y": 353.0}]}, "description": "AID"}, {"boundingPoly": {"vertices": [{"x": 45.0, "y": 356.0}, {"x": 71.0, "y": 356.0}, {"x": 70.0, "y": 374.0}, {"x": 45.0, "y": 373.0}]}, "description": "TVR"}, {"boundingPoly": {"vertices": [{"x": 44.0, "y": 376.0}, {"x": 68.0, "y": 376.0}, {"x": 68.0, "y": 394.0}, {"x": 44.0, "y": 393.0}]}, "description": "TSI"}, {"boundingPoly": {"vertices": [{"x": 53.0, "y": 274.0}, {"x": 123.0, "y": 274.0}, {"x": 123.0, "y": 296.0}, {"x": 53.0, "y": 296.0}]}, "description": " Merchant"}, {"boundingPoly": {"vertices": [{"x": 164.0, "y": 269.0}, {"x": 257.0, "y": 264.0}, {"x": 258.0, "y": 282.0}, {"x": 165.0, "y": 286.0}]}, "description": "9000008119"}, {"boundingPoly": {"vertices": [{"x": 167.0, "y": 289.0}, {"x": 280.0, "y": 285.0}, {"x": 281.0, "y": 302.0}, {"x": 168.0, "y": 307.0}]}, "description": "1573574926530"}, {"boundingPoly": {"vertices": [{"x": 163.0, "y": 311.0}, {"x": 201.0, "y": 309.0}, {"x": 201.0, "y": 327.0}, {"x": 163.0, "y": 327.0}]}, "description": "0059"}, {"boundingPoly": {"vertices": [{"x": 163.0, "y": 331.0}, {"x": 306.0, "y": 328.0}, {"x": 306.0, "y": 346.0}, {"x": 163.0, "y": 350.0}]}, "description": "A000000025010801"}, {"boundingPoly": {"vertices": [{"x": 163.0, "y": 352.0}, {"x": 253.0, "y": 350.0}, {"x": 253.0, "y": 369.0}, {"x": 163.0, "y": 370.0}]}, "description": "0000008800"}, {"boundingPoly": {"vertices": [{"x": 162.0, "y": 374.0}, {"x": 198.0, "y": 374.0}, {"x": 198.0, "y": 391.0}, {"x": 162.0, "y": 391.0}]}, "description": "E800"}, {"boundingPoly": {"vertices": [{"x": 52.0, "y": 295.0}, {"x": 112.0, "y": 295.0}, {"x": 112.0, "y": 314.0}, {"x": 52.0, "y": 314.0}]}, "description": " Invoice"}, {"boundingPoly": {"vertices": [{"x": 90.0, "y": 418.0}, {"x": 161.0, "y": 417.0}, {"x": 161.0, "y": 436.0}, {"x": 90.0, "y": 436.0}]}, "description": "Subtotal"}, {"boundingPoly": {"vertices": [{"x": 91.0, "y": 439.0}, {"x": 162.0, "y": 439.0}, {"x": 162.0, "y": 459.0}, {"x": 91.0, "y": 459.0}]}, "description": " *(5%) SF"}, {"boundingPoly": {"vertices": [{"x": 91.0, "y": 461.0}, {"x": 136.0, "y": 461.0}, {"x": 136.0, "y": 481.0}, {"x": 91.0, "y": 481.0}]}, "description": " *(8.5"}, {"boundingPoly": {"vertices": [{"x": 345.0, "y": 419.0}, {"x": 360.0, "y": 419.0}, {"x": 360.0, "y": 437.0}, {"x": 345.0, "y": 437.0}]}, "description": " $"}, {"boundingPoly": {"vertices": [{"x": 345.0, "y": 442.0}, {"x": 360.0, "y": 442.0}, {"x": 360.0, "y": 459.0}, {"x": 345.0, "y": 459.0}]}, "description": " $"}, {"boundingPoly": {"vertices": [{"x": 345.0, "y": 463.0}, {"x": 358.0, "y": 463.0}, {"x": 358.0, "y": 481.0}, {"x": 345.0, "y": 481.0}]}, "description": " $"}, {"boundingPoly": {"vertices": [{"x": 363.0, "y": 419.0}, {"x": 409.0, "y": 419.0}, {"x": 409.0, "y": 438.0}, {"x": 363.0, "y": 438.0}]}, "description": " 22.90"}, {"boundingPoly": {"vertices": [{"x": 363.0, "y": 441.0}, {"x": 400.0, "y": 441.0}, {"x": 400.0, "y": 460.0}, {"x": 363.0, "y": 460.0}]}, "description": " 1.15"}, {"boundingPoly": {"vertices": [{"x": 361.0, "y": 463.0}, {"x": 400.0, "y": 463.0}, {"x": 400.0, "y": 481.0}, {"x": 361.0, "y": 481.0}]}, "description": " 2.04"}, {"boundingPoly": {"vertices": [{"x": 166.0, "y": 439.0}, {"x": 296.0, "y": 439.0}, {"x": 296.0, "y": 458.0}, {"x": 166.0, "y": 458.0}]}, "description": " HEALTH MANDATE"}, {"boundingPoly": {"vertices": [{"x": 166.0, "y": 461.0}, {"x": 217.0, "y": 461.0}, {"x": 217.0, "y": 480.0}, {"x": 166.0, "y": 480.0}]}, "description": " Sales"}, {"boundingPoly": {"vertices": [{"x": 139.0, "y": 461.0}, {"x": 163.0, "y": 461.0}, {"x": 163.0, "y": 480.0}, {"x": 139.0, "y": 480.0}]}, "description": " %)"}, {"boundingPoly": {"vertices": [{"x": 220.0, "y": 461.0}, {"x": 250.0, "y": 461.0}, {"x": 250.0, "y": 480.0}, {"x": 220.0, "y": 480.0}]}, "description": " Tax"}, {"boundingPoly": {"vertices": [{"x": 90.0, "y": 504.0}, {"x": 138.0, "y": 504.0}, {"x": 138.0, "y": 523.0}, {"x": 90.0, "y": 523.0}]}, "description": " Check"}, {"boundingPoly": {"vertices": [{"x": 141.0, "y": 504.0}, {"x": 186.0, "y": 504.0}, {"x": 186.0, "y": 524.0}, {"x": 141.0, "y": 524.0}]}, "description": " Total"}, {"boundingPoly": {"vertices": [{"x": 343.0, "y": 505.0}, {"x": 407.0, "y": 505.0}, {"x": 407.0, "y": 524.0}, {"x": 343.0, "y": 524.0}]}, "description": "$ 26.09"}, {"boundingPoly": {"vertices": [{"x": 177.0, "y": 564.0}, {"x": 205.0, "y": 564.0}, {"x": 205.0, "y": 583.0}, {"x": 177.0, "y": 583.0}]}, "description": " ADD"}, {"boundingPoly": {"vertices": [{"x": 208.0, "y": 565.0}, {"x": 223.0, "y": 565.0}, {"x": 223.0, "y": 583.0}, {"x": 208.0, "y": 583.0}]}, "description": " A"}, {"boundingPoly": {"vertices": [{"x": 226.0, "y": 564.0}, {"x": 256.0, "y": 564.0}, {"x": 256.0, "y": 583.0}, {"x": 226.0, "y": 583.0}]}, "description": " TIP"}, {"boundingPoly": {"vertices": [{"x": 100.0, "y": 612.0}, {"x": 127.0, "y": 612.0}, {"x": 125.0, "y": 632.0}, {"x": 99.0, "y": 631.0}]}, "description": "18%"}, {"boundingPoly": {"vertices": [{"x": 153.0, "y": 614.0}, {"x": 245.0, "y": 614.0}, {"x": 245.0, "y": 636.0}, {"x": 153.0, "y": 636.0}]}, "description": " (Tip $4.70,"}, {"boundingPoly": {"vertices": [{"x": 249.0, "y": 616.0}, {"x": 298.0, "y": 616.0}, {"x": 298.0, "y": 637.0}, {"x": 249.0, "y": 637.0}]}, "description": " Total"}, {"boundingPoly": {"vertices": [{"x": 302.0, "y": 617.0}, {"x": 366.0, "y": 617.0}, {"x": 366.0, "y": 638.0}, {"x": 302.0, "y": 638.0}]}, "description": " $30.79)"}, {"boundingPoly": {"vertices": [{"x": 95.0, "y": 663.0}, {"x": 125.0, "y": 663.0}, {"x": 124.0, "y": 683.0}, {"x": 94.0, "y": 682.0}]}, "description": "20%"}, {"boundingPoly": {"vertices": [{"x": 154.0, "y": 665.0}, {"x": 190.0, "y": 665.0}, {"x": 190.0, "y": 687.0}, {"x": 154.0, "y": 687.0}]}, "description": " (Tip"}, {"boundingPoly": {"vertices": [{"x": 194.0, "y": 666.0}, {"x": 244.0, "y": 666.0}, {"x": 244.0, "y": 688.0}, {"x": 194.0, "y": 688.0}]}, "description": " $5.22,"}, {"boundingPoly": {"vertices": [{"x": 248.0, "y": 667.0}, {"x": 296.0, "y": 667.0}, {"x": 296.0, "y": 689.0}, {"x": 248.0, "y": 689.0}]}, "description": " Total"}, {"boundingPoly": {"vertices": [{"x": 300.0, "y": 668.0}, {"x": 364.0, "y": 668.0}, {"x": 364.0, "y": 689.0}, {"x": 300.0, "y": 689.0}]}, "description": " $31.31)"}, {"boundingPoly": {"vertices": [{"x": 93.0, "y": 713.0}, {"x": 123.0, "y": 714.0}, {"x": 122.0, "y": 734.0}, {"x": 92.0, "y": 733.0}]}, "description": "25%"}, {"boundingPoly": {"vertices": [{"x": 154.0, "y": 716.0}, {"x": 363.0, "y": 718.0}, {"x": 362.0, "y": 739.0}, {"x": 153.0, "y": 737.0}]}, "description": "(Tip $6.52, Total $32.61)"}, {"boundingPoly": {"vertices": [{"x": 123.0, "y": 799.0}, {"x": 213.0, "y": 804.0}, {"x": 212.0, "y": 823.0}, {"x": 122.0, "y": 818.0}]}, "description": "CUSTOM TIP"}, {"boundingPoly": {"vertices": [{"x": 247.0, "y": 804.0}, {"x": 288.0, "y": 804.0}, {"x": 288.0, "y": 821.0}, {"x": 247.0, "y": 821.0}]}, "description": "TOTAL"}, {"boundingPoly": {"vertices": [{"x": 30.0, "y": 966.0}, {"x": 41.0, "y": 966.0}, {"x": 40.0, "y": 979.0}, {"x": 29.0, "y": 979.0}]}, "description": "x"}, {"boundingPoly": {"vertices": [{"x": 24.0, "y": 1110.0}, {"x": 188.0, "y": 1110.0}, {"x": 188.0, "y": 1137.0}, {"x": 24.0, "y": 1137.0}]}, "description": " 09:56 AM 11/12/2019"}]}