{"textAnnotations": [{"boundingPoly": {"vertices": [{"x": 282.0, "y": 488.0}, {"x": 538.0, "y": 482.0}, {"x": 538.0, "y": 514.0}, {"x": 282.0, "y": 520.0}]}, "description": "merchant name"}, {"boundingPoly": {"vertices": [{"x": 283.0, "y": 523.0}, {"x": 705.0, "y": 517.0}, {"x": 706.0, "y": 553.0}, {"x": 283.0, "y": 558.0}]}, "description": "merchant address"}, {"boundingPoly": {"vertices": [{"x": 284.0, "y": 564.0}, {"x": 404.0, "y": 560.0}, {"x": 405.0, "y": 591.0}, {"x": 285.0, "y": 595.0}]}, "description": "merchant address"}, {"boundingPoly": {"vertices": [{"x": 286.0, "y": 638.0}, {"x": 377.0, "y": 637.0}, {"x": 377.0, "y": 666.0}, {"x": 286.0, "y": 668.0}]}, "description": "TABLE#"}, {"boundingPoly": {"vertices": [{"x": 288.0, "y": 675.0}, {"x": 375.0, "y": 675.0}, {"x": 374.0, "y": 703.0}, {"x": 289.0, "y": 705.0}]}, "description": "SERVER"}, {"boundingPoly": {"vertices": [{"x": 285.0, "y": 712.0}, {"x": 375.0, "y": 710.0}, {"x": 376.0, "y": 740.0}, {"x": 285.0, "y": 742.0}]}, "description": "CHECK#"}, {"boundingPoly": {"vertices": [{"x": 374.0, "y": 743.0}, {"x": 660.0, "y": 743.0}, {"x": 660.0, "y": 778.0}, {"x": 374.0, "y": 778.0}]}, "description": " 2019/11/11 09:51:52"}, {"boundingPoly": {"vertices": [{"x": 372.0, "y": 782.0}, {"x": 659.0, "y": 781.0}, {"x": 659.0, "y": 812.0}, {"x": 372.0, "y": 812.0}]}, "description": "***** Authorize *****"}, {"boundingPoly": {"vertices": [{"x": 280.0, "y": 817.0}, {"x": 734.0, "y": 817.0}, {"x": 734.0, "y": 849.0}, {"x": 280.0, "y": 849.0}]}, "description": " MERC ID:0010600008029886440767"}, {"boundingPoly": {"vertices": [{"x": 283.0, "y": 854.0}, {"x": 394.0, "y": 854.0}, {"x": 394.0, "y": 886.0}, {"x": 283.0, "y": 886.0}]}, "description": " REF No:"}, {"boundingPoly": {"vertices": [{"x": 386.0, "y": 890.0}, {"x": 627.0, "y": 890.0}, {"x": 627.0, "y": 921.0}, {"x": 386.0, "y": 920.0}]}, "description": "*********** 1009"}, {"boundingPoly": {"vertices": [{"x": 395.0, "y": 927.0}, {"x": 476.0, "y": 927.0}, {"x": 476.0, "y": 957.0}, {"x": 395.0, "y": 957.0}]}, "description": "XX/XX"}, {"boundingPoly": {"vertices": [{"x": 394.0, "y": 963.0}, {"x": 643.0, "y": 963.0}, {"x": 642.0, "y": 998.0}, {"x": 394.0, "y": 996.0}]}, "description": "AMERICAN EXPRESS"}, {"boundingPoly": {"vertices": [{"x": 395.0, "y": 1000.0}, {"x": 457.0, "y": 1000.0}, {"x": 457.0, "y": 1033.0}, {"x": 395.0, "y": 1033.0}]}, "description": " 1420"}, {"boundingPoly": {"vertices": [{"x": 277.0, "y": 1036.0}, {"x": 443.0, "y": 1036.0}, {"x": 443.0, "y": 1071.0}, {"x": 277.0, "y": 1071.0}]}, "description": " TableNo:2/1"}, {"boundingPoly": {"vertices": [{"x": 274.0, "y": 1072.0}, {"x": 495.0, "y": 1072.0}, {"x": 495.0, "y": 1107.0}, {"x": 274.0, "y": 1107.0}]}, "description": " APPROVAL CODE:"}, {"boundingPoly": {"vertices": [{"x": 460.0, "y": 635.0}, {"x": 508.0, "y": 633.0}, {"x": 508.0, "y": 665.0}, {"x": 460.0, "y": 666.0}]}, "description": "2/1"}, {"boundingPoly": {"vertices": [{"x": 462.0, "y": 670.0}, {"x": 612.0, "y": 668.0}, {"x": 613.0, "y": 700.0}, {"x": 462.0, "y": 702.0}]}, "description": "30013/Jeff"}, {"boundingPoly": {"vertices": [{"x": 462.0, "y": 708.0}, {"x": 524.0, "y": 707.0}, {"x": 522.0, "y": 738.0}, {"x": 462.0, "y": 738.0}]}, "description": "1420"}, {"boundingPoly": {"vertices": [{"x": 400.0, "y": 854.0}, {"x": 553.0, "y": 854.0}, {"x": 553.0, "y": 887.0}, {"x": 400.0, "y": 887.0}]}, "description": " 1112025152"}, {"boundingPoly": {"vertices": [{"x": 281.0, "y": 891.0}, {"x": 383.0, "y": 891.0}, {"x": 383.0, "y": 922.0}, {"x": 281.0, "y": 922.0}]}, "description": " CT No:"}, {"boundingPoly": {"vertices": [{"x": 279.0, "y": 927.0}, {"x": 318.0, "y": 927.0}, {"x": 318.0, "y": 957.0}, {"x": 279.0, "y": 957.0}]}, "description": " EXP"}, {"boundingPoly": {"vertices": [{"x": 276.0, "y": 962.0}, {"x": 330.0, "y": 962.0}, {"x": 330.0, "y": 994.0}, {"x": 276.0, "y": 994.0}]}, "description": " CARD"}, {"boundingPoly": {"vertices": [{"x": 277.0, "y": 999.0}, {"x": 389.0, "y": 999.0}, {"x": 389.0, "y": 1033.0}, {"x": 277.0, "y": 1033.0}]}, "description": " CheckNo:"}, {"boundingPoly": {"vertices": [{"x": 323.0, "y": 928.0}, {"x": 341.0, "y": 928.0}, {"x": 341.0, "y": 957.0}, {"x": 323.0, "y": 957.0}]}, "description": " :"}, {"boundingPoly": {"vertices": [{"x": 335.0, "y": 963.0}, {"x": 348.0, "y": 963.0}, {"x": 348.0, "y": 994.0}, {"x": 335.0, "y": 994.0}]}, "description": " :"}, {"boundingPoly": {"vertices": [{"x": 500.0, "y": 1075.0}, {"x": 592.0, "y": 1075.0}, {"x": 592.0, "y": 1109.0}, {"x": 500.0, "y": 1109.0}]}, "description": " 133738"}, {"boundingPoly": {"vertices": [{"x": 514.0, "y": 1112.0}, {"x": 656.0, "y": 1112.0}, {"x": 656.0, "y": 1147.0}, {"x": 514.0, "y": 1147.0}]}, "description": " Subtotal:"}, {"boundingPoly": {"vertices": [{"x": 662.0, "y": 1115.0}, {"x": 760.0, "y": 1115.0}, {"x": 760.0, "y": 1148.0}, {"x": 662.0, "y": 1148.0}]}, "description": " $10.66"}, {"boundingPoly": {"vertices": [{"x": 588.0, "y": 1183.0}, {"x": 652.0, "y": 1183.0}, {"x": 652.0, "y": 1217.0}, {"x": 588.0, "y": 1217.0}]}, "description": " Tip:"}, {"boundingPoly": {"vertices": [{"x": 556.0, "y": 1252.0}, {"x": 651.0, "y": 1252.0}, {"x": 651.0, "y": 1287.0}, {"x": 556.0, "y": 1287.0}]}, "description": " Total:"}, {"boundingPoly": {"vertices": [{"x": 249.0, "y": 1327.0}, {"x": 270.0, "y": 1329.0}, {"x": 267.0, "y": 1353.0}, {"x": 246.0, "y": 1350.0}]}, "description": "X"}, {"boundingPoly": {"vertices": [{"x": 423.0, "y": 1360.0}, {"x": 572.0, "y": 1364.0}, {"x": 571.0, "y": 1399.0}, {"x": 422.0, "y": 1396.0}]}, "description": "Signature"}, {"boundingPoly": {"vertices": [{"x": 386.0, "y": 1398.0}, {"x": 606.0, "y": 1402.0}, {"x": 605.0, "y": 1438.0}, {"x": 385.0, "y": 1435.0}]}, "description": "CUSTOMER COPY"}]}