{"textAnnotations": [{"boundingPoly": {"vertices": [{"x": 221.0, "y": 88.0}, {"x": 265.0, "y": 88.0}, {"x": 265.0, "y": 112.0}, {"x": 221.0, "y": 112.0}]}, "description": "merchant name"}, {"boundingPoly": {"vertices": [{"x": 158.0, "y": 115.0}, {"x": 415.0, "y": 114.0}, {"x": 415.0, "y": 140.0}, {"x": 158.0, "y": 142.0}]}, "description": "merchant address"}, {"boundingPoly": {"vertices": [{"x": 184.0, "y": 145.0}, {"x": 402.0, "y": 145.0}, {"x": 401.0, "y": 171.0}, {"x": 184.0, "y": 170.0}]}, "description": "merchant address"}, {"boundingPoly": {"vertices": [{"x": 232.0, "y": 174.0}, {"x": 354.0, "y": 176.0}, {"x": 354.0, "y": 200.0}, {"x": 232.0, "y": 197.0}]}, "description": "merchant address"}, {"boundingPoly": {"vertices": [{"x": 217.0, "y": 201.0}, {"x": 366.0, "y": 203.0}, {"x": 366.0, "y": 230.0}, {"x": 216.0, "y": 228.0}]}, "description": "merchant phone"}, {"boundingPoly": {"vertices": [{"x": 277.0, "y": 89.0}, {"x": 365.0, "y": 89.0}, {"x": 365.0, "y": 112.0}, {"x": 277.0, "y": 112.0}]}, "description": "merchant name"}, {"boundingPoly": {"vertices": [{"x": 76.0, "y": 299.0}, {"x": 98.0, "y": 300.0}, {"x": 97.0, "y": 306.0}, {"x": 75.0, "y": 305.0}]}, "description": "-"}, {"boundingPoly": {"vertices": [{"x": 307.0, "y": 303.0}, {"x": 506.0, "y": 302.0}, {"x": 506.0, "y": 310.0}, {"x": 307.0, "y": 311.0}]}, "description": "-----------------"}, {"boundingPoly": {"vertices": [{"x": 519.0, "y": 301.0}, {"x": 535.0, "y": 300.0}, {"x": 535.0, "y": 307.0}, {"x": 520.0, "y": 308.0}]}, "description": "--"}, {"boundingPoly": {"vertices": [{"x": 46.0, "y": 319.0}, {"x": 146.0, "y": 319.0}, {"x": 146.0, "y": 345.0}, {"x": 46.0, "y": 346.0}]}, "description": "Chk 1440"}, {"boundingPoly": {"vertices": [{"x": 53.0, "y": 359.0}, {"x": 97.0, "y": 359.0}, {"x": 97.0, "y": 367.0}, {"x": 53.0, "y": 367.0}]}, "description": "-----"}, {"boundingPoly": {"vertices": [{"x": 254.0, "y": 322.0}, {"x": 502.0, "y": 322.0}, {"x": 502.0, "y": 348.0}, {"x": 254.0, "y": 348.0}]}, "description": " Nov11'19 02:10P Gst"}, {"boundingPoly": {"vertices": [{"x": 192.0, "y": 359.0}, {"x": 355.0, "y": 360.0}, {"x": 355.0, "y": 369.0}, {"x": 192.0, "y": 368.0}]}, "description": "--------------"}, {"boundingPoly": {"vertices": [{"x": 515.0, "y": 323.0}, {"x": 536.0, "y": 323.0}, {"x": 536.0, "y": 344.0}, {"x": 515.0, "y": 344.0}]}, "description": "0"}, {"boundingPoly": {"vertices": [{"x": 405.0, "y": 362.0}, {"x": 536.0, "y": 359.0}, {"x": 536.0, "y": 367.0}, {"x": 405.0, "y": 371.0}]}, "description": "-----------"}, {"boundingPoly": {"vertices": [{"x": 92.0, "y": 381.0}, {"x": 315.0, "y": 381.0}, {"x": 315.0, "y": 406.0}, {"x": 92.0, "y": 406.0}]}, "description": "** TO GO **"}, {"boundingPoly": {"vertices": [{"x": 90.0, "y": 412.0}, {"x": 209.0, "y": 412.0}, {"x": 209.0, "y": 437.0}, {"x": 90.0, "y": 437.0}]}, "description": " Latte MED"}, {"boundingPoly": {"vertices": [{"x": 79.0, "y": 441.0}, {"x": 314.0, "y": 442.0}, {"x": 314.0, "y": 468.0}, {"x": 79.0, "y": 467.0}]}, "description": "XXXXXXXXXXXXXXX2001"}, {"boundingPoly": {"vertices": [{"x": 90.0, "y": 473.0}, {"x": 144.0, "y": 475.0}, {"x": 143.0, "y": 497.0}, {"x": 89.0, "y": 496.0}]}, "description": "Amex"}, {"boundingPoly": {"vertices": [{"x": 71.0, "y": 412.0}, {"x": 85.0, "y": 412.0}, {"x": 85.0, "y": 437.0}, {"x": 71.0, "y": 437.0}]}, "description": " 1"}, {"boundingPoly": {"vertices": [{"x": 447.0, "y": 413.0}, {"x": 499.0, "y": 412.0}, {"x": 499.0, "y": 435.0}, {"x": 448.0, "y": 437.0}]}, "description": "4.95"}, {"boundingPoly": {"vertices": [{"x": 448.0, "y": 474.0}, {"x": 499.0, "y": 473.0}, {"x": 500.0, "y": 498.0}, {"x": 449.0, "y": 498.0}]}, "description": "5.39"}, {"boundingPoly": {"vertices": [{"x": 86.0, "y": 534.0}, {"x": 165.0, "y": 535.0}, {"x": 165.0, "y": 561.0}, {"x": 86.0, "y": 560.0}]}, "description": "NA Bev"}, {"boundingPoly": {"vertices": [{"x": 86.0, "y": 567.0}, {"x": 127.0, "y": 568.0}, {"x": 127.0, "y": 592.0}, {"x": 86.0, "y": 591.0}]}, "description": "Tax"}, {"boundingPoly": {"vertices": [{"x": 84.0, "y": 597.0}, {"x": 177.0, "y": 597.0}, {"x": 177.0, "y": 625.0}, {"x": 84.0, "y": 625.0}]}, "description": "Payment"}, {"boundingPoly": {"vertices": [{"x": 449.0, "y": 536.0}, {"x": 503.0, "y": 536.0}, {"x": 502.0, "y": 562.0}, {"x": 449.0, "y": 563.0}]}, "description": "4.95"}, {"boundingPoly": {"vertices": [{"x": 449.0, "y": 567.0}, {"x": 503.0, "y": 567.0}, {"x": 502.0, "y": 593.0}, {"x": 449.0, "y": 594.0}]}, "description": "0.44"}, {"boundingPoly": {"vertices": [{"x": 449.0, "y": 599.0}, {"x": 502.0, "y": 599.0}, {"x": 502.0, "y": 626.0}, {"x": 448.0, "y": 625.0}]}, "description": "5.39"}, {"boundingPoly": {"vertices": [{"x": 110.0, "y": 663.0}, {"x": 182.0, "y": 663.0}, {"x": 182.0, "y": 689.0}, {"x": 110.0, "y": 689.0}]}, "description": " Win a"}, {"boundingPoly": {"vertices": [{"x": 109.0, "y": 693.0}, {"x": 467.0, "y": 694.0}, {"x": 467.0, "y": 723.0}, {"x": 108.0, "y": 721.0}]}, "description": "Go to the website to tell us"}, {"boundingPoly": {"vertices": [{"x": 122.0, "y": 727.0}, {"x": 451.0, "y": 728.0}, {"x": 451.0, "y": 755.0}, {"x": 122.0, "y": 753.0}]}, "description": "about your visit and enter"}, {"boundingPoly": {"vertices": [{"x": 171.0, "y": 760.0}, {"x": 352.0, "y": 760.0}, {"x": 352.0, "y": 786.0}, {"x": 171.0, "y": 786.0}]}, "description": "our prize draw"}, {"boundingPoly": {"vertices": [{"x": 157.0, "y": 791.0}, {"x": 403.0, "y": 791.0}, {"x": 403.0, "y": 820.0}, {"x": 157.0, "y": 818.0}]}, "description": "See website for T&C"}, {"boundingPoly": {"vertices": [{"x": 144.0, "y": 824.0}, {"x": 443.0, "y": 825.0}, {"x": 443.0, "y": 854.0}, {"x": 144.0, "y": 853.0}]}, "description": "www.eatonthemove.com/US"}, {"boundingPoly": {"vertices": [{"x": 407.0, "y": 871.0}, {"x": 490.0, "y": 871.0}, {"x": 490.0, "y": 879.0}, {"x": 407.0, "y": 879.0}]}, "description": "------"}, {"boundingPoly": {"vertices": [{"x": 196.0, "y": 662.0}, {"x": 463.0, "y": 662.0}, {"x": 463.0, "y": 691.0}, {"x": 196.0, "y": 691.0}]}, "description": " $500 Amazon Gift Card"}, {"boundingPoly": {"vertices": [{"x": 99.0, "y": 866.0}, {"x": 122.0, "y": 866.0}, {"x": 122.0, "y": 873.0}, {"x": 99.0, "y": 873.0}]}, "description": "--"}, {"boundingPoly": {"vertices": [{"x": 181.0, "y": 890.0}, {"x": 299.0, "y": 890.0}, {"x": 299.0, "y": 920.0}, {"x": 181.0, "y": 920.0}]}, "description": " LOCATION:"}, {"boundingPoly": {"vertices": [{"x": 305.0, "y": 892.0}, {"x": 403.0, "y": 892.0}, {"x": 403.0, "y": 922.0}, {"x": 305.0, "y": 922.0}]}, "description": " 6354310"}, {"boundingPoly": {"vertices": [{"x": 81.0, "y": 932.0}, {"x": 134.0, "y": 932.0}, {"x": 134.0, "y": 940.0}, {"x": 81.0, "y": 939.0}]}, "description": "----"}, {"boundingPoly": {"vertices": [{"x": 407.0, "y": 935.0}, {"x": 492.0, "y": 936.0}, {"x": 491.0, "y": 946.0}, {"x": 407.0, "y": 944.0}]}, "description": "-------"}, {"boundingPoly": {"vertices": [{"x": 100.0, "y": 955.0}, {"x": 468.0, "y": 957.0}, {"x": 468.0, "y": 990.0}, {"x": 100.0, "y": 987.0}]}, "description": "merchant phone"}]}