{"textAnnotations": [{"boundingPoly": {"vertices": [{"x": 1187.0, "y": 504.0}, {"x": 1533.0, "y": 504.0}, {"x": 1533.0, "y": 524.0}, {"x": 1187.0, "y": 524.0}]}, "description": "merchant name"}, {"boundingPoly": {"vertices": [{"x": 1172.0, "y": 526.0}, {"x": 1549.0, "y": 527.0}, {"x": 1549.0, "y": 547.0}, {"x": 1172.0, "y": 546.0}]}, "description": "merchant address"}, {"boundingPoly": {"vertices": [{"x": 1187.0, "y": 548.0}, {"x": 1517.0, "y": 548.0}, {"x": 1516.0, "y": 568.0}, {"x": 1187.0, "y": 567.0}]}, "description": "merchant address"}, {"boundingPoly": {"vertices": [{"x": 1266.0, "y": 570.0}, {"x": 1454.0, "y": 571.0}, {"x": 1454.0, "y": 590.0}, {"x": 1266.0, "y": 590.0}]}, "description": "merchant phone"}, {"boundingPoly": {"vertices": [{"x": 1173.0, "y": 615.0}, {"x": 1207.0, "y": 617.0}, {"x": 1206.0, "y": 630.0}, {"x": 1170.0, "y": 632.0}]}, "description": "**"}, {"boundingPoly": {"vertices": [{"x": 1173.0, "y": 639.0}, {"x": 1303.0, "y": 639.0}, {"x": 1303.0, "y": 660.0}, {"x": 1173.0, "y": 660.0}]}, "description": " Tran. #:"}, {"boundingPoly": {"vertices": [{"x": 1172.0, "y": 661.0}, {"x": 1303.0, "y": 661.0}, {"x": 1303.0, "y": 681.0}, {"x": 1172.0, "y": 681.0}]}, "description": " Check #:"}, {"boundingPoly": {"vertices": [{"x": 1171.0, "y": 683.0}, {"x": 1351.0, "y": 683.0}, {"x": 1351.0, "y": 706.0}, {"x": 1171.0, "y": 706.0}]}, "description": " Employee #:"}, {"boundingPoly": {"vertices": [{"x": 1172.0, "y": 705.0}, {"x": 1321.0, "y": 705.0}, {"x": 1321.0, "y": 729.0}, {"x": 1172.0, "y": 729.0}]}, "description": " Employee:"}, {"boundingPoly": {"vertices": [{"x": 1218.0, "y": 616.0}, {"x": 1550.0, "y": 616.0}, {"x": 1550.0, "y": 637.0}, {"x": 1218.0, "y": 638.0}]}, "description": "TRANSACTION RECORD **"}, {"boundingPoly": {"vertices": [{"x": 1316.0, "y": 638.0}, {"x": 1375.0, "y": 638.0}, {"x": 1375.0, "y": 660.0}, {"x": 1316.0, "y": 660.0}]}, "description": " 1405"}, {"boundingPoly": {"vertices": [{"x": 1314.0, "y": 661.0}, {"x": 1422.0, "y": 661.0}, {"x": 1422.0, "y": 681.0}, {"x": 1314.0, "y": 681.0}]}, "description": " 1909589"}, {"boundingPoly": {"vertices": [{"x": 1358.0, "y": 683.0}, {"x": 1407.0, "y": 683.0}, {"x": 1407.0, "y": 705.0}, {"x": 1358.0, "y": 705.0}]}, "description": " 310"}, {"boundingPoly": {"vertices": [{"x": 1327.0, "y": 706.0}, {"x": 1404.0, "y": 706.0}, {"x": 1404.0, "y": 728.0}, {"x": 1327.0, "y": 728.0}]}, "description": " SURIL"}, {"boundingPoly": {"vertices": [{"x": 1171.0, "y": 750.0}, {"x": 1423.0, "y": 752.0}, {"x": 1423.0, "y": 775.0}, {"x": 1171.0, "y": 772.0}]}, "description": "American Express"}, {"boundingPoly": {"vertices": [{"x": 1173.0, "y": 774.0}, {"x": 1299.0, "y": 775.0}, {"x": 1299.0, "y": 794.0}, {"x": 1173.0, "y": 792.0}]}, "description": "Purchase"}, {"boundingPoly": {"vertices": [{"x": 1171.0, "y": 798.0}, {"x": 1440.0, "y": 797.0}, {"x": 1440.0, "y": 816.0}, {"x": 1171.0, "y": 817.0}]}, "description": "xxxxxxxxxxx1003 C"}, {"boundingPoly": {"vertices": [{"x": 1173.0, "y": 819.0}, {"x": 1238.0, "y": 819.0}, {"x": 1238.0, "y": 839.0}, {"x": 1173.0, "y": 839.0}]}, "description": " AID:"}, {"boundingPoly": {"vertices": [{"x": 1172.0, "y": 843.0}, {"x": 1310.0, "y": 843.0}, {"x": 1310.0, "y": 864.0}, {"x": 1172.0, "y": 864.0}]}, "description": " App Name:"}, {"boundingPoly": {"vertices": [{"x": 1186.0, "y": 864.0}, {"x": 1438.0, "y": 864.0}, {"x": 1438.0, "y": 885.0}, {"x": 1186.0, "y": 884.0}]}, "description": "AMERICAN EXPRESS"}, {"boundingPoly": {"vertices": [{"x": 1249.0, "y": 820.0}, {"x": 1500.0, "y": 820.0}, {"x": 1500.0, "y": 841.0}, {"x": 1249.0, "y": 841.0}]}, "description": " A000000025010801"}, {"boundingPoly": {"vertices": [{"x": 1296.0, "y": 912.0}, {"x": 1395.0, "y": 912.0}, {"x": 1394.0, "y": 947.0}, {"x": 1296.0, "y": 947.0}]}, "description": "Amount"}, {"boundingPoly": {"vertices": [{"x": 1347.0, "y": 954.0}, {"x": 1389.0, "y": 957.0}, {"x": 1386.0, "y": 998.0}, {"x": 1344.0, "y": 995.0}]}, "description": "Tip"}, {"boundingPoly": {"vertices": [{"x": 1384.0, "y": 999.0}, {"x": 1551.0, "y": 1000.0}, {"x": 1550.0, "y": 1026.0}, {"x": 1383.0, "y": 1024.0}]}, "description": "=========="}, {"boundingPoly": {"vertices": [{"x": 1444.0, "y": 912.0}, {"x": 1553.0, "y": 911.0}, {"x": 1551.0, "y": 948.0}, {"x": 1444.0, "y": 950.0}]}, "description": "$21.47"}, {"boundingPoly": {"vertices": [{"x": 1474.0, "y": 959.0}, {"x": 1546.0, "y": 959.0}, {"x": 1546.0, "y": 994.0}, {"x": 1472.0, "y": 994.0}]}, "description": "$4.29"}, {"boundingPoly": {"vertices": [{"x": 1311.0, "y": 1023.0}, {"x": 1550.0, "y": 1023.0}, {"x": 1550.0, "y": 1065.0}, {"x": 1311.0, "y": 1064.0}]}, "description": "TOTAL CAD$25.76"}, {"boundingPoly": {"vertices": [{"x": 1170.0, "y": 1091.0}, {"x": 1405.0, "y": 1092.0}, {"x": 1405.0, "y": 1112.0}, {"x": 1170.0, "y": 1111.0}]}, "description": "APPROVED 807560"}, {"boundingPoly": {"vertices": [{"x": 1169.0, "y": 1113.0}, {"x": 1468.0, "y": 1115.0}, {"x": 1468.0, "y": 1135.0}, {"x": 1169.0, "y": 1132.0}]}, "description": "00-000 (000) 807560"}, {"boundingPoly": {"vertices": [{"x": 1170.0, "y": 1136.0}, {"x": 1439.0, "y": 1137.0}, {"x": 1439.0, "y": 1157.0}, {"x": 1170.0, "y": 1154.0}]}, "description": "300MCS15/300MCC15"}, {"boundingPoly": {"vertices": [{"x": 1169.0, "y": 1158.0}, {"x": 1358.0, "y": 1159.0}, {"x": 1358.0, "y": 1179.0}, {"x": 1169.0, "y": 1177.0}]}, "description": "000090607649"}, {"boundingPoly": {"vertices": [{"x": 1169.0, "y": 1180.0}, {"x": 1327.0, "y": 1182.0}, {"x": 1327.0, "y": 1201.0}, {"x": 1169.0, "y": 1199.0}]}, "description": "11/04/2019"}, {"boundingPoly": {"vertices": [{"x": 1388.0, "y": 1180.0}, {"x": 1547.0, "y": 1180.0}, {"x": 1547.0, "y": 1207.0}, {"x": 1388.0, "y": 1207.0}]}, "description": " 9:05:28 PM"}, {"boundingPoly": {"vertices": [{"x": 1244.0, "y": 1226.0}, {"x": 1405.0, "y": 1226.0}, {"x": 1405.0, "y": 1250.0}, {"x": 1244.0, "y": 1250.0}]}, "description": " 0000008000"}, {"boundingPoly": {"vertices": [{"x": 1245.0, "y": 1248.0}, {"x": 1316.0, "y": 1248.0}, {"x": 1316.0, "y": 1271.0}, {"x": 1245.0, "y": 1271.0}]}, "description": "F800"}, {"boundingPoly": {"vertices": [{"x": 1168.0, "y": 1225.0}, {"x": 1237.0, "y": 1225.0}, {"x": 1237.0, "y": 1248.0}, {"x": 1168.0, "y": 1248.0}]}, "description": " TVR:"}, {"boundingPoly": {"vertices": [{"x": 1167.0, "y": 1248.0}, {"x": 1227.0, "y": 1248.0}, {"x": 1227.0, "y": 1271.0}, {"x": 1167.0, "y": 1271.0}]}, "description": " TSI:"}, {"boundingPoly": {"vertices": [{"x": 1246.0, "y": 1295.0}, {"x": 1448.0, "y": 1297.0}, {"x": 1448.0, "y": 1320.0}, {"x": 1246.0, "y": 1317.0}]}, "description": "Customer Copy"}]}