{"textAnnotations": [{"boundingPoly": {"vertices": [{"x": 638.0, "y": 369.0}, {"x": 940.0, "y": 352.0}, {"x": 944.0, "y": 471.0}, {"x": 643.0, "y": 482.0}]}, "description": "merchant name"}, {"boundingPoly": {"vertices": [{"x": 657.0, "y": 543.0}, {"x": 936.0, "y": 545.0}, {"x": 936.0, "y": 586.0}, {"x": 657.0, "y": 584.0}]}, "description": "YOU + CHIPOTLE"}, {"boundingPoly": {"vertices": [{"x": 556.0, "y": 585.0}, {"x": 1033.0, "y": 590.0}, {"x": 1032.0, "y": 635.0}, {"x": 556.0, "y": 630.0}]}, "description": "A BURRITOFUL COMBINATION"}, {"boundingPoly": {"vertices": [{"x": 541.0, "y": 632.0}, {"x": 1026.0, "y": 640.0}, {"x": 1026.0, "y": 682.0}, {"x": 540.0, "y": 673.0}]}, "description": "merchant address"}, {"boundingPoly": {"vertices": [{"x": 593.0, "y": 679.0}, {"x": 976.0, "y": 684.0}, {"x": 975.0, "y": 728.0}, {"x": 593.0, "y": 721.0}]}, "description": "merchant address"}, {"boundingPoly": {"vertices": [{"x": 661.0, "y": 726.0}, {"x": 933.0, "y": 731.0}, {"x": 932.0, "y": 775.0}, {"x": 661.0, "y": 771.0}]}, "description": "merchant phone"}, {"boundingPoly": {"vertices": [{"x": 372.0, "y": 772.0}, {"x": 485.0, "y": 772.0}, {"x": 485.0, "y": 818.0}, {"x": 372.0, "y": 818.0}]}, "description": " Host:"}, {"boundingPoly": {"vertices": [{"x": 373.0, "y": 822.0}, {"x": 574.0, "y": 822.0}, {"x": 574.0, "y": 866.0}, {"x": 373.0, "y": 867.0}]}, "description": "ORDER #127"}, {"boundingPoly": {"vertices": [{"x": 492.0, "y": 774.0}, {"x": 619.0, "y": 774.0}, {"x": 619.0, "y": 820.0}, {"x": 492.0, "y": 820.0}]}, "description": " valery"}, {"boundingPoly": {"vertices": [{"x": 1009.0, "y": 778.0}, {"x": 1205.0, "y": 774.0}, {"x": 1206.0, "y": 818.0}, {"x": 1010.0, "y": 822.0}]}, "description": "12/01/2019"}, {"boundingPoly": {"vertices": [{"x": 1052.0, "y": 826.0}, {"x": 1209.0, "y": 826.0}, {"x": 1209.0, "y": 871.0}, {"x": 1052.0, "y": 871.0}]}, "description": " 12:10 PM"}, {"boundingPoly": {"vertices": [{"x": 1106.0, "y": 877.0}, {"x": 1205.0, "y": 874.0}, {"x": 1207.0, "y": 915.0}, {"x": 1107.0, "y": 916.0}]}, "description": "10028"}, {"boundingPoly": {"vertices": [{"x": 365.0, "y": 1062.0}, {"x": 592.0, "y": 1063.0}, {"x": 592.0, "y": 1108.0}, {"x": 365.0, "y": 1107.0}]}, "description": "Veggie Bowl"}, {"boundingPoly": {"vertices": [{"x": 366.0, "y": 1110.0}, {"x": 572.0, "y": 1111.0}, {"x": 572.0, "y": 1155.0}, {"x": 365.0, "y": 1154.0}]}, "description": "Small Soda"}, {"boundingPoly": {"vertices": [{"x": 1123.0, "y": 1070.0}, {"x": 1204.0, "y": 1069.0}, {"x": 1206.0, "y": 1106.0}, {"x": 1124.0, "y": 1109.0}]}, "description": "7.00"}, {"boundingPoly": {"vertices": [{"x": 1128.0, "y": 1117.0}, {"x": 1208.0, "y": 1115.0}, {"x": 1208.0, "y": 1156.0}, {"x": 1128.0, "y": 1160.0}]}, "description": "1.95"}, {"boundingPoly": {"vertices": [{"x": 356.0, "y": 1261.0}, {"x": 992.0, "y": 1263.0}, {"x": 992.0, "y": 1309.0}, {"x": 356.0, "y": 1307.0}]}, "description": "How're we doing? Let us know at"}, {"boundingPoly": {"vertices": [{"x": 357.0, "y": 1311.0}, {"x": 775.0, "y": 1312.0}, {"x": 775.0, "y": 1358.0}, {"x": 357.0, "y": 1357.0}]}, "description": "ChipotleFeedback.com"}, {"boundingPoly": {"vertices": [{"x": 358.0, "y": 1362.0}, {"x": 1007.0, "y": 1363.0}, {"x": 1007.0, "y": 1409.0}, {"x": 358.0, "y": 1408.0}]}, "description": "to win FREE Chipotle for a year!"}, {"boundingPoly": {"vertices": [{"x": 354.0, "y": 1413.0}, {"x": 605.0, "y": 1413.0}, {"x": 605.0, "y": 1460.0}, {"x": 354.0, "y": 1460.0}]}, "description": " Unique Code:"}, {"boundingPoly": {"vertices": [{"x": 370.0, "y": 1513.0}, {"x": 910.0, "y": 1513.0}, {"x": 910.0, "y": 1560.0}, {"x": 370.0, "y": 1560.0}]}, "description": "029 002 100 112 010 186 42"}, {"boundingPoly": {"vertices": [{"x": 345.0, "y": 1617.0}, {"x": 1109.0, "y": 1618.0}, {"x": 1109.0, "y": 1669.0}, {"x": 345.0, "y": 1666.0}]}, "description": "For complete rules visit our website."}, {"boundingPoly": {"vertices": [{"x": 339.0, "y": 1777.0}, {"x": 515.0, "y": 1774.0}, {"x": 516.0, "y": 1819.0}, {"x": 340.0, "y": 1823.0}]}, "description": "Subtotal"}, {"boundingPoly": {"vertices": [{"x": 343.0, "y": 1834.0}, {"x": 411.0, "y": 1833.0}, {"x": 411.0, "y": 1874.0}, {"x": 343.0, "y": 1874.0}]}, "description": "Tax"}, {"boundingPoly": {"vertices": [{"x": 1128.0, "y": 1778.0}, {"x": 1216.0, "y": 1778.0}, {"x": 1216.0, "y": 1821.0}, {"x": 1129.0, "y": 1822.0}]}, "description": "8.95"}, {"boundingPoly": {"vertices": [{"x": 1126.0, "y": 1828.0}, {"x": 1218.0, "y": 1830.0}, {"x": 1218.0, "y": 1874.0}, {"x": 1127.0, "y": 1871.0}]}, "description": "0.63"}, {"boundingPoly": {"vertices": [{"x": 330.0, "y": 1940.0}, {"x": 611.0, "y": 1928.0}, {"x": 612.0, "y": 1975.0}, {"x": 332.0, "y": 1989.0}]}, "description": "DINE IN Total"}, {"boundingPoly": {"vertices": [{"x": 327.0, "y": 1996.0}, {"x": 494.0, "y": 1989.0}, {"x": 496.0, "y": 2036.0}, {"x": 330.0, "y": 2046.0}]}, "description": "CP Card"}, {"boundingPoly": {"vertices": [{"x": 1130.0, "y": 1931.0}, {"x": 1219.0, "y": 1933.0}, {"x": 1218.0, "y": 1977.0}, {"x": 1130.0, "y": 1978.0}]}, "description": "9.58"}, {"boundingPoly": {"vertices": [{"x": 1131.0, "y": 1984.0}, {"x": 1218.0, "y": 1986.0}, {"x": 1217.0, "y": 2029.0}, {"x": 1131.0, "y": 2028.0}]}, "description": "9.58"}, {"boundingPoly": {"vertices": [{"x": 369.0, "y": 2051.0}, {"x": 668.0, "y": 2043.0}, {"x": 670.0, "y": 2090.0}, {"x": 370.0, "y": 2101.0}]}, "description": "Authorizing ..."}, {"boundingPoly": {"vertices": [{"x": 320.0, "y": 2112.0}, {"x": 569.0, "y": 2097.0}, {"x": 572.0, "y": 2147.0}, {"x": 323.0, "y": 2163.0}]}, "description": "Balance Due"}, {"boundingPoly": {"vertices": [{"x": 473.0, "y": 2212.0}, {"x": 1081.0, "y": 2201.0}, {"x": 1082.0, "y": 2251.0}, {"x": 475.0, "y": 2267.0}]}, "description": "Order online at chipotle com"}, {"boundingPoly": {"vertices": [{"x": 1130.0, "y": 2092.0}, {"x": 1221.0, "y": 2093.0}, {"x": 1221.0, "y": 2140.0}, {"x": 1132.0, "y": 2140.0}]}, "description": "9.58"}]}