{"textAnnotations": [{"boundingPoly": {"vertices": [{"x": 291.0, "y": 173.0}, {"x": 355.0, "y": 173.0}, {"x": 355.0, "y": 204.0}, {"x": 291.0, "y": 204.0}]}, "description": "merchant name"}, {"boundingPoly": {"vertices": [{"x": 297.0, "y": 220.0}, {"x": 604.0, "y": 220.0}, {"x": 604.0, "y": 252.0}, {"x": 297.0, "y": 252.0}]}, "description": "merchant address"}, {"boundingPoly": {"vertices": [{"x": 381.0, "y": 270.0}, {"x": 546.0, "y": 268.0}, {"x": 546.0, "y": 293.0}, {"x": 381.0, "y": 295.0}]}, "description": "merchant phone"}, {"boundingPoly": {"vertices": [{"x": 295.0, "y": 302.0}, {"x": 628.0, "y": 294.0}, {"x": 629.0, "y": 318.0}, {"x": 295.0, "y": 331.0}]}, "description": "www.firstclassconcessions.com"}, {"boundingPoly": {"vertices": [{"x": 371.0, "y": 171.0}, {"x": 623.0, "y": 171.0}, {"x": 623.0, "y": 198.0}, {"x": 371.0, "y": 198.0}]}, "description": "merchant name"}, {"boundingPoly": {"vertices": [{"x": 404.0, "y": 196.0}, {"x": 594.0, "y": 196.0}, {"x": 594.0, "y": 221.0}, {"x": 404.0, "y": 221.0}]}, "description": "merchant address"}, {"boundingPoly": {"vertices": [{"x": 316.0, "y": 198.0}, {"x": 364.0, "y": 198.0}, {"x": 364.0, "y": 225.0}, {"x": 316.0, "y": 225.0}]}, "description": "merchant address"}, {"boundingPoly": {"vertices": [{"x": 357.0, "y": 245.0}, {"x": 558.0, "y": 243.0}, {"x": 559.0, "y": 267.0}, {"x": 357.0, "y": 270.0}]}, "description": "merchant address"}, {"boundingPoly": {"vertices": [{"x": 369.0, "y": 197.0}, {"x": 399.0, "y": 197.0}, {"x": 399.0, "y": 222.0}, {"x": 369.0, "y": 222.0}]}, "description": "merchant address"}, {"boundingPoly": {"vertices": [{"x": 609.0, "y": 220.0}, {"x": 626.0, "y": 220.0}, {"x": 626.0, "y": 245.0}, {"x": 609.0, "y": 245.0}]}, "description": "merchant address"}, {"boundingPoly": {"vertices": [{"x": 311.0, "y": 411.0}, {"x": 361.0, "y": 411.0}, {"x": 361.0, "y": 442.0}, {"x": 311.0, "y": 442.0}]}, "description": " 2483"}, {"boundingPoly": {"vertices": [{"x": 589.0, "y": 399.0}, {"x": 687.0, "y": 399.0}, {"x": 687.0, "y": 423.0}, {"x": 589.0, "y": 423.0}]}, "description": " Guests:"}, {"boundingPoly": {"vertices": [{"x": 691.0, "y": 399.0}, {"x": 704.0, "y": 399.0}, {"x": 704.0, "y": 422.0}, {"x": 691.0, "y": 422.0}]}, "description": " 1"}, {"boundingPoly": {"vertices": [{"x": 253.0, "y": 418.0}, {"x": 310.0, "y": 418.0}, {"x": 310.0, "y": 451.0}, {"x": 253.0, "y": 451.0}]}, "description": " Check:"}, {"boundingPoly": {"vertices": [{"x": 359.0, "y": 427.0}, {"x": 568.0, "y": 427.0}, {"x": 568.0, "y": 464.0}, {"x": 359.0, "y": 464.0}]}, "description": " 10/09/2019 09:59AM"}, {"boundingPoly": {"vertices": [{"x": 293.0, "y": 504.0}, {"x": 359.0, "y": 498.0}, {"x": 360.0, "y": 521.0}, {"x": 294.0, "y": 526.0}]}, "description": "BANANA"}, {"boundingPoly": {"vertices": [{"x": 595.0, "y": 486.0}, {"x": 644.0, "y": 485.0}, {"x": 644.0, "y": 509.0}, {"x": 595.0, "y": 509.0}]}, "description": "1.50"}, {"boundingPoly": {"vertices": [{"x": 589.0, "y": 513.0}, {"x": 646.0, "y": 513.0}, {"x": 645.0, "y": 537.0}, {"x": 589.0, "y": 538.0}]}, "description": "2.07"}, {"boundingPoly": {"vertices": [{"x": 589.0, "y": 544.0}, {"x": 645.0, "y": 543.0}, {"x": 645.0, "y": 568.0}, {"x": 590.0, "y": 570.0}]}, "description": "3.99"}, {"boundingPoly": {"vertices": [{"x": 579.0, "y": 575.0}, {"x": 647.0, "y": 573.0}, {"x": 646.0, "y": 599.0}, {"x": 580.0, "y": 601.0}]}, "description": "20.00"}, {"boundingPoly": {"vertices": [{"x": 297.0, "y": 522.0}, {"x": 416.0, "y": 522.0}, {"x": 416.0, "y": 555.0}, {"x": 297.0, "y": 555.0}]}, "description": " BTTLE WATER"}, {"boundingPoly": {"vertices": [{"x": 420.0, "y": 521.0}, {"x": 442.0, "y": 521.0}, {"x": 442.0, "y": 548.0}, {"x": 420.0, "y": 548.0}]}, "description": " -"}, {"boundingPoly": {"vertices": [{"x": 296.0, "y": 557.0}, {"x": 427.0, "y": 550.0}, {"x": 428.0, "y": 575.0}, {"x": 297.0, "y": 583.0}]}, "description": "3-PACK MADLN"}, {"boundingPoly": {"vertices": [{"x": 300.0, "y": 591.0}, {"x": 337.0, "y": 587.0}, {"x": 339.0, "y": 608.0}, {"x": 301.0, "y": 612.0}]}, "description": "Cash"}, {"boundingPoly": {"vertices": [{"x": 447.0, "y": 517.0}, {"x": 521.0, "y": 517.0}, {"x": 521.0, "y": 547.0}, {"x": 447.0, "y": 547.0}]}, "description": " 16.9oz"}, {"boundingPoly": {"vertices": [{"x": 294.0, "y": 643.0}, {"x": 382.0, "y": 642.0}, {"x": 382.0, "y": 668.0}, {"x": 295.0, "y": 669.0}]}, "description": "SUBTOTAL"}, {"boundingPoly": {"vertices": [{"x": 295.0, "y": 673.0}, {"x": 325.0, "y": 675.0}, {"x": 325.0, "y": 696.0}, {"x": 295.0, "y": 695.0}]}, "description": "Tax"}, {"boundingPoly": {"vertices": [{"x": 296.0, "y": 700.0}, {"x": 370.0, "y": 700.0}, {"x": 369.0, "y": 725.0}, {"x": 296.0, "y": 725.0}]}, "description": "PAYMENT"}, {"boundingPoly": {"vertices": [{"x": 265.0, "y": 730.0}, {"x": 463.0, "y": 731.0}, {"x": 463.0, "y": 759.0}, {"x": 265.0, "y": 758.0}]}, "description": "Change Due"}, {"boundingPoly": {"vertices": [{"x": 593.0, "y": 636.0}, {"x": 648.0, "y": 635.0}, {"x": 648.0, "y": 662.0}, {"x": 594.0, "y": 664.0}]}, "description": "7.56"}, {"boundingPoly": {"vertices": [{"x": 596.0, "y": 668.0}, {"x": 650.0, "y": 668.0}, {"x": 650.0, "y": 695.0}, {"x": 595.0, "y": 695.0}]}, "description": "0.65"}, {"boundingPoly": {"vertices": [{"x": 595.0, "y": 699.0}, {"x": 648.0, "y": 700.0}, {"x": 647.0, "y": 727.0}, {"x": 596.0, "y": 726.0}]}, "description": "8.21"}, {"boundingPoly": {"vertices": [{"x": 560.0, "y": 731.0}, {"x": 715.0, "y": 730.0}, {"x": 716.0, "y": 759.0}, {"x": 560.0, "y": 759.0}]}, "description": "$11.79"}, {"boundingPoly": {"vertices": [{"x": 330.0, "y": 793.0}, {"x": 542.0, "y": 793.0}, {"x": 542.0, "y": 820.0}, {"x": 330.0, "y": 819.0}]}, "description": "---- Check Closed"}, {"boundingPoly": {"vertices": [{"x": 334.0, "y": 822.0}, {"x": 591.0, "y": 822.0}, {"x": 591.0, "y": 853.0}, {"x": 334.0, "y": 853.0}]}, "description": " 10/09/2019 10:00:36AM"}, {"boundingPoly": {"vertices": [{"x": 320.0, "y": 884.0}, {"x": 616.0, "y": 884.0}, {"x": 616.0, "y": 919.0}, {"x": 320.0, "y": 919.0}]}, "description": " Comments or Suggestions:"}, {"boundingPoly": {"vertices": [{"x": 247.0, "y": 988.0}, {"x": 410.0, "y": 1010.0}, {"x": 407.0, "y": 1037.0}, {"x": 244.0, "y": 1016.0}]}, "description": "Name (optional)"}, {"boundingPoly": {"vertices": [{"x": 350.0, "y": 1066.0}, {"x": 591.0, "y": 1083.0}, {"x": 589.0, "y": 1113.0}, {"x": 348.0, "y": 1096.0}]}, "description": "THANK YOU!"}, {"boundingPoly": {"vertices": [{"x": 249.0, "y": 1136.0}, {"x": 366.0, "y": 1146.0}, {"x": 364.0, "y": 1171.0}, {"x": 247.0, "y": 1161.0}]}, "description": "Order"}, {"boundingPoly": {"vertices": [{"x": 248.0, "y": 1016.0}, {"x": 425.0, "y": 1041.0}, {"x": 421.0, "y": 1071.0}, {"x": 244.0, "y": 1045.0}]}, "description": "Email (optional)"}]}