{"textAnnotations": [{"boundingPoly": {"vertices": [{"x": 13.0, "y": 99.0}, {"x": 156.0, "y": 99.0}, {"x": 156.0, "y": 128.0}, {"x": 13.0, "y": 128.0}]}, "description": "merchant name"}, {"boundingPoly": {"vertices": [{"x": 16.0, "y": 130.0}, {"x": 145.0, "y": 126.0}, {"x": 146.0, "y": 147.0}, {"x": 17.0, "y": 152.0}]}, "description": "merchant phone"}, {"boundingPoly": {"vertices": [{"x": 160.0, "y": 99.0}, {"x": 175.0, "y": 99.0}, {"x": 175.0, "y": 124.0}, {"x": 160.0, "y": 124.0}]}, "description": "merchant name"}, {"boundingPoly": {"vertices": [{"x": 179.0, "y": 96.0}, {"x": 290.0, "y": 96.0}, {"x": 290.0, "y": 123.0}, {"x": 179.0, "y": 123.0}]}, "description": "merchant name"}, {"boundingPoly": {"vertices": [{"x": 13.0, "y": 178.0}, {"x": 67.0, "y": 178.0}, {"x": 67.0, "y": 204.0}, {"x": 13.0, "y": 204.0}]}, "description": " Date:"}, {"boundingPoly": {"vertices": [{"x": 16.0, "y": 203.0}, {"x": 167.0, "y": 203.0}, {"x": 167.0, "y": 227.0}, {"x": 16.0, "y": 227.0}]}, "description": " Status:Approved"}, {"boundingPoly": {"vertices": [{"x": 15.0, "y": 227.0}, {"x": 275.0, "y": 227.0}, {"x": 275.0, "y": 251.0}, {"x": 15.0, "y": 251.0}]}, "description": " Card Type:American Express"}, {"boundingPoly": {"vertices": [{"x": 15.0, "y": 250.0}, {"x": 288.0, "y": 250.0}, {"x": 288.0, "y": 274.0}, {"x": 15.0, "y": 274.0}]}, "description": " Card Number:XXXXXXXXXXX1000"}, {"boundingPoly": {"vertices": [{"x": 16.0, "y": 276.0}, {"x": 161.0, "y": 276.0}, {"x": 161.0, "y": 299.0}, {"x": 16.0, "y": 299.0}]}, "description": " Expiration Date"}, {"boundingPoly": {"vertices": [{"x": 87.0, "y": 301.0}, {"x": 207.0, "y": 301.0}, {"x": 207.0, "y": 323.0}, {"x": 87.0, "y": 323.0}]}, "description": " 1055 Ignacio"}, {"boundingPoly": {"vertices": [{"x": 17.0, "y": 325.0}, {"x": 208.0, "y": 325.0}, {"x": 208.0, "y": 348.0}, {"x": 17.0, "y": 348.0}]}, "description": " Check Number:439213"}, {"boundingPoly": {"vertices": [{"x": 17.0, "y": 350.0}, {"x": 161.0, "y": 350.0}, {"x": 161.0, "y": 374.0}, {"x": 17.0, "y": 374.0}]}, "description": " Table Number:9"}, {"boundingPoly": {"vertices": [{"x": 16.0, "y": 377.0}, {"x": 110.0, "y": 377.0}, {"x": 110.0, "y": 397.0}, {"x": 16.0, "y": 397.0}]}, "description": " Persons:1"}, {"boundingPoly": {"vertices": [{"x": 105.0, "y": 426.0}, {"x": 199.0, "y": 426.0}, {"x": 199.0, "y": 449.0}, {"x": 105.0, "y": 449.0}]}, "description": " Approved."}, {"boundingPoly": {"vertices": [{"x": 72.0, "y": 175.0}, {"x": 177.0, "y": 175.0}, {"x": 177.0, "y": 202.0}, {"x": 72.0, "y": 202.0}]}, "description": " 11/19/2019"}, {"boundingPoly": {"vertices": [{"x": 203.0, "y": 174.0}, {"x": 257.0, "y": 174.0}, {"x": 257.0, "y": 198.0}, {"x": 203.0, "y": 198.0}]}, "description": " Time:"}, {"boundingPoly": {"vertices": [{"x": 261.0, "y": 172.0}, {"x": 369.0, "y": 172.0}, {"x": 369.0, "y": 196.0}, {"x": 261.0, "y": 196.0}]}, "description": " 9:43:51 PM"}, {"boundingPoly": {"vertices": [{"x": 165.0, "y": 276.0}, {"x": 227.0, "y": 276.0}, {"x": 227.0, "y": 298.0}, {"x": 165.0, "y": 298.0}]}, "description": " :** / **"}, {"boundingPoly": {"vertices": [{"x": 16.0, "y": 302.0}, {"x": 83.0, "y": 302.0}, {"x": 83.0, "y": 323.0}, {"x": 16.0, "y": 323.0}]}, "description": " Server:"}, {"boundingPoly": {"vertices": [{"x": 16.0, "y": 427.0}, {"x": 101.0, "y": 427.0}, {"x": 101.0, "y": 450.0}, {"x": 16.0, "y": 450.0}]}, "description": " Response:"}, {"boundingPoly": {"vertices": [{"x": 16.0, "y": 500.0}, {"x": 80.0, "y": 499.0}, {"x": 80.0, "y": 519.0}, {"x": 16.0, "y": 521.0}]}, "description": "AMOUNT"}, {"boundingPoly": {"vertices": [{"x": 119.0, "y": 499.0}, {"x": 179.0, "y": 498.0}, {"x": 179.0, "y": 519.0}, {"x": 119.0, "y": 519.0}]}, "description": "109.22"}, {"boundingPoly": {"vertices": [{"x": 123.0, "y": 550.0}, {"x": 217.0, "y": 547.0}, {"x": 218.0, "y": 585.0}, {"x": 125.0, "y": 588.0}]}, "description": "15.00"}, {"boundingPoly": {"vertices": [{"x": 16.0, "y": 575.0}, {"x": 47.0, "y": 574.0}, {"x": 47.0, "y": 595.0}, {"x": 16.0, "y": 596.0}]}, "description": "TIP"}, {"boundingPoly": {"vertices": [{"x": 99.0, "y": 626.0}, {"x": 226.0, "y": 622.0}, {"x": 227.0, "y": 661.0}, {"x": 101.0, "y": 663.0}]}, "description": "124.22"}, {"boundingPoly": {"vertices": [{"x": 114.0, "y": 676.0}, {"x": 179.0, "y": 676.0}, {"x": 179.0, "y": 702.0}, {"x": 114.0, "y": 702.0}]}, "description": " 140076"}, {"boundingPoly": {"vertices": [{"x": 13.0, "y": 653.0}, {"x": 63.0, "y": 653.0}, {"x": 63.0, "y": 674.0}, {"x": 13.0, "y": 674.0}]}, "description": "TOTAL"}, {"boundingPoly": {"vertices": [{"x": 13.0, "y": 677.0}, {"x": 109.0, "y": 677.0}, {"x": 109.0, "y": 705.0}, {"x": 13.0, "y": 705.0}]}, "description": " Approval:"}, {"boundingPoly": {"vertices": [{"x": 11.0, "y": 728.0}, {"x": 354.0, "y": 728.0}, {"x": 354.0, "y": 750.0}, {"x": 11.0, "y": 750.0}]}, "description": "RETAIN THIS COPY FOR YOUR RECORDS"}]}