{"textAnnotations": [{"boundingPoly": {"vertices": [{"x": 145.0, "y": 87.0}, {"x": 224.0, "y": 53.0}, {"x": 254.0, "y": 114.0}, {"x": 175.0, "y": 148.0}]}, "description": "6 Q"}, {"boundingPoly": {"vertices": [{"x": 212.0, "y": 142.0}, {"x": 276.0, "y": 84.0}, {"x": 315.0, "y": 131.0}, {"x": 251.0, "y": 189.0}]}, "description": "mee"}, {"boundingPoly": {"vertices": [{"x": 255.0, "y": 203.0}, {"x": 311.0, "y": 204.0}, {"x": 310.0, "y": 229.0}, {"x": 254.0, "y": 228.0}]}, "description": "merchant name"}, {"boundingPoly": {"vertices": [{"x": 181.0, "y": 233.0}, {"x": 390.0, "y": 233.0}, {"x": 390.0, "y": 264.0}, {"x": 180.0, "y": 264.0}]}, "description": "merchant address"}, {"boundingPoly": {"vertices": [{"x": 303.0, "y": 136.0}, {"x": 482.0, "y": 49.0}, {"x": 503.0, "y": 90.0}, {"x": 324.0, "y": 181.0}]}, "description": "I verdey"}, {"boundingPoly": {"vertices": [{"x": 18.0, "y": 299.0}, {"x": 111.0, "y": 299.0}, {"x": 111.0, "y": 329.0}, {"x": 18.0, "y": 329.0}]}, "description": " Server:"}, {"boundingPoly": {"vertices": [{"x": 21.0, "y": 332.0}, {"x": 125.0, "y": 332.0}, {"x": 125.0, "y": 358.0}, {"x": 21.0, "y": 358.0}]}, "description": " 07:45 PM"}, {"boundingPoly": {"vertices": [{"x": 21.0, "y": 364.0}, {"x": 88.0, "y": 363.0}, {"x": 86.0, "y": 391.0}, {"x": 22.0, "y": 390.0}]}, "description": "3 P/1"}, {"boundingPoly": {"vertices": [{"x": 117.0, "y": 298.0}, {"x": 274.0, "y": 298.0}, {"x": 274.0, "y": 328.0}, {"x": 117.0, "y": 328.0}]}, "description": " bar terminal"}, {"boundingPoly": {"vertices": [{"x": 361.0, "y": 298.0}, {"x": 422.0, "y": 298.0}, {"x": 422.0, "y": 327.0}, {"x": 361.0, "y": 327.0}]}, "description": " DOB:"}, {"boundingPoly": {"vertices": [{"x": 427.0, "y": 296.0}, {"x": 562.0, "y": 296.0}, {"x": 562.0, "y": 325.0}, {"x": 427.0, "y": 325.0}]}, "description": " 11/12/2019"}, {"boundingPoly": {"vertices": [{"x": 429.0, "y": 330.0}, {"x": 561.0, "y": 327.0}, {"x": 561.0, "y": 356.0}, {"x": 429.0, "y": 359.0}]}, "description": "11/12/2019"}, {"boundingPoly": {"vertices": [{"x": 465.0, "y": 361.0}, {"x": 564.0, "y": 359.0}, {"x": 564.0, "y": 389.0}, {"x": 465.0, "y": 391.0}]}, "description": "3/30037"}, {"boundingPoly": {"vertices": [{"x": 27.0, "y": 429.0}, {"x": 81.0, "y": 429.0}, {"x": 81.0, "y": 453.0}, {"x": 28.0, "y": 452.0}]}, "description": "Amex"}, {"boundingPoly": {"vertices": [{"x": 29.0, "y": 458.0}, {"x": 294.0, "y": 458.0}, {"x": 294.0, "y": 485.0}, {"x": 29.0, "y": 484.0}]}, "description": "Card #XXXXXXXXXXX2006"}, {"boundingPoly": {"vertices": [{"x": 31.0, "y": 490.0}, {"x": 309.0, "y": 490.0}, {"x": 309.0, "y": 518.0}, {"x": 31.0, "y": 518.0}]}, "description": " Magnetic card present:"}, {"boundingPoly": {"vertices": [{"x": 153.0, "y": 521.0}, {"x": 234.0, "y": 521.0}, {"x": 234.0, "y": 549.0}, {"x": 153.0, "y": 549.0}]}, "description": " 543786"}, {"boundingPoly": {"vertices": [{"x": 467.0, "y": 427.0}, {"x": 563.0, "y": 426.0}, {"x": 563.0, "y": 452.0}, {"x": 467.0, "y": 453.0}]}, "description": "3145776"}, {"boundingPoly": {"vertices": [{"x": 34.0, "y": 522.0}, {"x": 148.0, "y": 522.0}, {"x": 148.0, "y": 550.0}, {"x": 34.0, "y": 550.0}]}, "description": " Approval:"}, {"boundingPoly": {"vertices": [{"x": 284.0, "y": 586.0}, {"x": 355.0, "y": 586.0}, {"x": 355.0, "y": 611.0}, {"x": 284.0, "y": 611.0}]}, "description": " Amount"}, {"boundingPoly": {"vertices": [{"x": 359.0, "y": 587.0}, {"x": 371.0, "y": 587.0}, {"x": 371.0, "y": 611.0}, {"x": 359.0, "y": 611.0}]}, "description": " :"}, {"boundingPoly": {"vertices": [{"x": 501.0, "y": 586.0}, {"x": 568.0, "y": 587.0}, {"x": 567.0, "y": 613.0}, {"x": 500.0, "y": 612.0}]}, "description": "43.44"}, {"boundingPoly": {"vertices": [{"x": 299.0, "y": 650.0}, {"x": 374.0, "y": 650.0}, {"x": 374.0, "y": 677.0}, {"x": 299.0, "y": 677.0}]}, "description": " + Tip:"}, {"boundingPoly": {"vertices": [{"x": 515.0, "y": 636.0}, {"x": 594.0, "y": 636.0}, {"x": 594.0, "y": 676.0}, {"x": 515.0, "y": 676.0}]}, "description": " 8:00"}, {"boundingPoly": {"vertices": [{"x": 431.0, "y": 684.0}, {"x": 583.0, "y": 692.0}, {"x": 581.0, "y": 747.0}, {"x": 430.0, "y": 738.0}]}, "description": "51.44"}, {"boundingPoly": {"vertices": [{"x": 274.0, "y": 711.0}, {"x": 376.0, "y": 711.0}, {"x": 376.0, "y": 737.0}, {"x": 274.0, "y": 737.0}]}, "description": " = Total:"}, {"boundingPoly": {"vertices": [{"x": 218.0, "y": 896.0}, {"x": 386.0, "y": 899.0}, {"x": 385.0, "y": 927.0}, {"x": 218.0, "y": 925.0}]}, "description": "Customer Copy"}, {"boundingPoly": {"vertices": [{"x": 38.0, "y": 800.0}, {"x": 57.0, "y": 801.0}, {"x": 56.0, "y": 821.0}, {"x": 37.0, "y": 820.0}]}, "description": "X"}]}