{"textAnnotations": [{"boundingPoly": {"vertices": [{"x": 15.0, "y": 3.0}, {"x": 94.0, "y": 8.0}, {"x": 93.0, "y": 23.0}, {"x": 15.0, "y": 18.0}]}, "description": "merchant address"}, {"boundingPoly": {"vertices": [{"x": 15.0, "y": 33.0}, {"x": 103.0, "y": 37.0}, {"x": 102.0, "y": 50.0}, {"x": 15.0, "y": 47.0}]}, "description": "merchant phone"}, {"boundingPoly": {"vertices": [{"x": 17.0, "y": 59.0}, {"x": 137.0, "y": 59.0}, {"x": 137.0, "y": 80.0}, {"x": 17.0, "y": 80.0}]}, "description": " Thursday, October 31,"}, {"boundingPoly": {"vertices": [{"x": 15.0, "y": 88.0}, {"x": 74.0, "y": 89.0}, {"x": 74.0, "y": 102.0}, {"x": 15.0, "y": 101.0}]}, "description": "Table 501"}, {"boundingPoly": {"vertices": [{"x": 17.0, "y": 103.0}, {"x": 86.0, "y": 103.0}, {"x": 86.0, "y": 119.0}, {"x": 17.0, "y": 119.0}]}, "description": " Guest Name:"}, {"boundingPoly": {"vertices": [{"x": 16.0, "y": 117.0}, {"x": 95.0, "y": 118.0}, {"x": 95.0, "y": 132.0}, {"x": 15.0, "y": 130.0}]}, "description": "# of Guests. 0"}, {"boundingPoly": {"vertices": [{"x": 16.0, "y": 18.0}, {"x": 129.0, "y": 25.0}, {"x": 128.0, "y": 39.0}, {"x": 15.0, "y": 32.0}]}, "description": "New York, NY 10281"}, {"boundingPoly": {"vertices": [{"x": 139.0, "y": 65.0}, {"x": 216.0, "y": 65.0}, {"x": 216.0, "y": 83.0}, {"x": 139.0, "y": 83.0}]}, "description": " 2019 2 12 PM"}, {"boundingPoly": {"vertices": [{"x": 16.0, "y": 74.0}, {"x": 104.0, "y": 77.0}, {"x": 103.0, "y": 91.0}, {"x": 16.0, "y": 87.0}]}, "description": "Server(s) Louis"}, {"boundingPoly": {"vertices": [{"x": 88.0, "y": 105.0}, {"x": 176.0, "y": 105.0}, {"x": 176.0, "y": 119.0}, {"x": 88.0, "y": 119.0}]}, "description": " No Guest Name"}, {"boundingPoly": {"vertices": [{"x": 15.0, "y": 145.0}, {"x": 83.0, "y": 145.0}, {"x": 83.0, "y": 166.0}, {"x": 15.0, "y": 166.0}]}, "description": " Check#:"}, {"boundingPoly": {"vertices": [{"x": 72.0, "y": 168.0}, {"x": 80.0, "y": 168.0}, {"x": 80.0, "y": 184.0}, {"x": 72.0, "y": 184.0}]}, "description": " 1"}, {"boundingPoly": {"vertices": [{"x": 55.0, "y": 185.0}, {"x": 103.0, "y": 185.0}, {"x": 103.0, "y": 199.0}, {"x": 55.0, "y": 199.0}]}, "description": " Take out"}, {"boundingPoly": {"vertices": [{"x": 16.0, "y": 200.0}, {"x": 94.0, "y": 199.0}, {"x": 94.0, "y": 214.0}, {"x": 16.0, "y": 214.0}]}, "description": "Area Counter"}, {"boundingPoly": {"vertices": [{"x": 87.0, "y": 144.0}, {"x": 162.0, "y": 144.0}, {"x": 162.0, "y": 165.0}, {"x": 87.0, "y": 165.0}]}, "description": " 1793602"}, {"boundingPoly": {"vertices": [{"x": 18.0, "y": 169.0}, {"x": 69.0, "y": 169.0}, {"x": 69.0, "y": 184.0}, {"x": 18.0, "y": 184.0}]}, "description": " Reprint #:"}, {"boundingPoly": {"vertices": [{"x": 16.0, "y": 185.0}, {"x": 52.0, "y": 185.0}, {"x": 52.0, "y": 199.0}, {"x": 16.0, "y": 199.0}]}, "description": " Order:"}, {"boundingPoly": {"vertices": [{"x": 15.0, "y": 245.0}, {"x": 99.0, "y": 245.0}, {"x": 99.0, "y": 261.0}, {"x": 15.0, "y": 261.0}]}, "description": "Bento Bowl"}, {"boundingPoly": {"vertices": [{"x": 19.0, "y": 267.0}, {"x": 63.0, "y": 267.0}, {"x": 62.0, "y": 282.0}, {"x": 18.0, "y": 281.0}]}, "description": "Water"}, {"boundingPoly": {"vertices": [{"x": 16.0, "y": 285.0}, {"x": 143.0, "y": 284.0}, {"x": 143.0, "y": 302.0}, {"x": 16.0, "y": 303.0}]}, "description": "REG MISO SOUP"}, {"boundingPoly": {"vertices": [{"x": 272.0, "y": 238.0}, {"x": 320.0, "y": 236.0}, {"x": 321.0, "y": 250.0}, {"x": 273.0, "y": 254.0}]}, "description": "$18.50"}, {"boundingPoly": {"vertices": [{"x": 280.0, "y": 259.0}, {"x": 320.0, "y": 254.0}, {"x": 322.0, "y": 269.0}, {"x": 282.0, "y": 274.0}]}, "description": "$2.50"}, {"boundingPoly": {"vertices": [{"x": 279.0, "y": 280.0}, {"x": 322.0, "y": 276.0}, {"x": 323.0, "y": 291.0}, {"x": 281.0, "y": 296.0}]}, "description": "$5.00"}, {"boundingPoly": {"vertices": [{"x": 18.0, "y": 325.0}, {"x": 81.0, "y": 326.0}, {"x": 81.0, "y": 342.0}, {"x": 17.0, "y": 341.0}]}, "description": "Subtotal"}, {"boundingPoly": {"vertices": [{"x": 272.0, "y": 320.0}, {"x": 322.0, "y": 318.0}, {"x": 323.0, "y": 333.0}, {"x": 273.0, "y": 337.0}]}, "description": "$26.00"}, {"boundingPoly": {"vertices": [{"x": 19.0, "y": 357.0}, {"x": 96.0, "y": 357.0}, {"x": 96.0, "y": 373.0}, {"x": 19.0, "y": 372.0}]}, "description": "Total Taxes"}, {"boundingPoly": {"vertices": [{"x": 19.0, "y": 377.0}, {"x": 57.0, "y": 378.0}, {"x": 57.0, "y": 393.0}, {"x": 19.0, "y": 392.0}]}, "description": "Total"}, {"boundingPoly": {"vertices": [{"x": 281.0, "y": 353.0}, {"x": 325.0, "y": 353.0}, {"x": 325.0, "y": 366.0}, {"x": 281.0, "y": 370.0}]}, "description": "$2.30"}, {"boundingPoly": {"vertices": [{"x": 273.0, "y": 375.0}, {"x": 323.0, "y": 374.0}, {"x": 323.0, "y": 390.0}, {"x": 274.0, "y": 391.0}]}, "description": "$28.30"}, {"boundingPoly": {"vertices": [{"x": 16.0, "y": 409.0}, {"x": 100.0, "y": 409.0}, {"x": 100.0, "y": 426.0}, {"x": 16.0, "y": 425.0}]}, "description": "CreditCard"}, {"boundingPoly": {"vertices": [{"x": 273.0, "y": 409.0}, {"x": 323.0, "y": 407.0}, {"x": 324.0, "y": 422.0}, {"x": 274.0, "y": 425.0}]}, "description": "$30.30"}, {"boundingPoly": {"vertices": [{"x": 48.0, "y": 454.0}, {"x": 288.0, "y": 453.0}, {"x": 288.0, "y": 478.0}, {"x": 48.0, "y": 479.0}]}, "description": "BALANCE DUE $0.00"}, {"boundingPoly": {"vertices": [{"x": 36.0, "y": 504.0}, {"x": 110.0, "y": 504.0}, {"x": 110.0, "y": 518.0}, {"x": 36.0, "y": 518.0}]}, "description": "15% = $3.90"}, {"boundingPoly": {"vertices": [{"x": 136.0, "y": 504.0}, {"x": 207.0, "y": 504.0}, {"x": 207.0, "y": 518.0}, {"x": 136.0, "y": 518.0}]}, "description": "18% = $4.68"}, {"boundingPoly": {"vertices": [{"x": 229.0, "y": 504.0}, {"x": 302.0, "y": 502.0}, {"x": 302.0, "y": 517.0}, {"x": 229.0, "y": 518.0}]}, "description": "20% = $5.20"}, {"boundingPoly": {"vertices": [{"x": 102.0, "y": 534.0}, {"x": 237.0, "y": 534.0}, {"x": 237.0, "y": 552.0}, {"x": 102.0, "y": 552.0}]}, "description": "Suggested Gratuity"}, {"boundingPoly": {"vertices": [{"x": 18.0, "y": 603.0}, {"x": 305.0, "y": 600.0}, {"x": 305.0, "y": 619.0}, {"x": 18.0, "y": 622.0}]}, "description": "merchant name"}, {"boundingPoly": {"vertices": [{"x": 18.0, "y": 625.0}, {"x": 70.0, "y": 625.0}, {"x": 70.0, "y": 642.0}, {"x": 18.0, "y": 642.0}]}, "description": "Place"}, {"boundingPoly": {"vertices": [{"x": 15.0, "y": 645.0}, {"x": 105.0, "y": 644.0}, {"x": 105.0, "y": 657.0}, {"x": 15.0, "y": 659.0}]}, "description": "(212) 786-0808"}, {"boundingPoly": {"vertices": [{"x": 20.0, "y": 656.0}, {"x": 222.0, "y": 656.0}, {"x": 222.0, "y": 673.0}, {"x": 20.0, "y": 673.0}]}, "description": " Thursday, October 31, 2019 2:12 PM"}, {"boundingPoly": {"vertices": [{"x": 73.0, "y": 673.0}, {"x": 104.0, "y": 673.0}, {"x": 104.0, "y": 686.0}, {"x": 73.0, "y": 686.0}]}, "description": " Louis"}, {"boundingPoly": {"vertices": [{"x": 53.0, "y": 686.0}, {"x": 74.0, "y": 686.0}, {"x": 74.0, "y": 699.0}, {"x": 53.0, "y": 699.0}]}, "description": " 501"}, {"boundingPoly": {"vertices": [{"x": 20.0, "y": 674.0}, {"x": 71.0, "y": 674.0}, {"x": 71.0, "y": 686.0}, {"x": 20.0, "y": 686.0}]}, "description": " Server(s):"}, {"boundingPoly": {"vertices": [{"x": 21.0, "y": 686.0}, {"x": 51.0, "y": 686.0}, {"x": 51.0, "y": 699.0}, {"x": 21.0, "y": 699.0}]}, "description": " Table:"}, {"boundingPoly": {"vertices": [{"x": 19.0, "y": 726.0}, {"x": 83.0, "y": 726.0}, {"x": 83.0, "y": 740.0}, {"x": 19.0, "y": 740.0}]}, "description": " Merchant ID"}, {"boundingPoly": {"vertices": [{"x": 19.0, "y": 751.0}, {"x": 70.0, "y": 750.0}, {"x": 70.0, "y": 762.0}, {"x": 19.0, "y": 762.0}]}, "description": "Purchase"}, {"boundingPoly": {"vertices": [{"x": 85.0, "y": 726.0}, {"x": 93.0, "y": 726.0}, {"x": 93.0, "y": 739.0}, {"x": 85.0, "y": 739.0}]}, "description": " -"}, {"boundingPoly": {"vertices": [{"x": 19.0, "y": 773.0}, {"x": 56.0, "y": 773.0}, {"x": 56.0, "y": 786.0}, {"x": 19.0, "y": 786.0}]}, "description": " Amex:"}, {"boundingPoly": {"vertices": [{"x": 84.0, "y": 769.0}, {"x": 105.0, "y": 769.0}, {"x": 105.0, "y": 782.0}, {"x": 84.0, "y": 782.0}]}, "description": " ******"}, {"boundingPoly": {"vertices": [{"x": 19.0, "y": 786.0}, {"x": 119.0, "y": 783.0}, {"x": 120.0, "y": 797.0}, {"x": 19.0, "y": 800.0}]}, "description": "Entry Method Chip"}, {"boundingPoly": {"vertices": [{"x": 19.0, "y": 798.0}, {"x": 80.0, "y": 798.0}, {"x": 80.0, "y": 813.0}, {"x": 19.0, "y": 813.0}]}, "description": " Cardholder:"}, {"boundingPoly": {"vertices": [{"x": 20.0, "y": 811.0}, {"x": 71.0, "y": 811.0}, {"x": 71.0, "y": 826.0}, {"x": 20.0, "y": 826.0}]}, "description": " Invoice #:"}, {"boundingPoly": {"vertices": [{"x": 18.0, "y": 825.0}, {"x": 76.0, "y": 825.0}, {"x": 76.0, "y": 840.0}, {"x": 18.0, "y": 840.0}]}, "description": " Auth Code:"}, {"boundingPoly": {"vertices": [{"x": 19.0, "y": 839.0}, {"x": 78.0, "y": 839.0}, {"x": 78.0, "y": 853.0}, {"x": 19.0, "y": 853.0}]}, "description": " Reference:"}, {"boundingPoly": {"vertices": [{"x": 19.0, "y": 863.0}, {"x": 77.0, "y": 862.0}, {"x": 78.0, "y": 875.0}, {"x": 19.0, "y": 876.0}]}, "description": "Approved"}, {"boundingPoly": {"vertices": [{"x": 108.0, "y": 769.0}, {"x": 136.0, "y": 769.0}, {"x": 136.0, "y": 783.0}, {"x": 108.0, "y": 783.0}]}, "description": " 1005"}, {"boundingPoly": {"vertices": [{"x": 73.0, "y": 810.0}, {"x": 123.0, "y": 810.0}, {"x": 123.0, "y": 825.0}, {"x": 73.0, "y": 825.0}]}, "description": " 1793603"}, {"boundingPoly": {"vertices": [{"x": 79.0, "y": 824.0}, {"x": 121.0, "y": 824.0}, {"x": 121.0, "y": 838.0}, {"x": 79.0, "y": 838.0}]}, "description": " 862951"}, {"boundingPoly": {"vertices": [{"x": 80.0, "y": 837.0}, {"x": 128.0, "y": 837.0}, {"x": 128.0, "y": 852.0}, {"x": 80.0, "y": 852.0}]}, "description": " 1793603"}, {"boundingPoly": {"vertices": [{"x": 20.0, "y": 910.0}, {"x": 200.0, "y": 904.0}, {"x": 200.0, "y": 921.0}, {"x": 20.0, "y": 927.0}]}, "description": "CREDITCARD PAYMENT"}, {"boundingPoly": {"vertices": [{"x": 19.0, "y": 931.0}, {"x": 80.0, "y": 930.0}, {"x": 80.0, "y": 944.0}, {"x": 19.0, "y": 945.0}]}, "description": "Amount"}, {"boundingPoly": {"vertices": [{"x": 271.0, "y": 920.0}, {"x": 318.0, "y": 920.0}, {"x": 319.0, "y": 935.0}, {"x": 271.0, "y": 936.0}]}, "description": "$28.30"}, {"boundingPoly": {"vertices": [{"x": 21.0, "y": 979.0}, {"x": 41.0, "y": 980.0}, {"x": 41.0, "y": 996.0}, {"x": 20.0, "y": 995.0}]}, "description": "Tip"}, {"boundingPoly": {"vertices": [{"x": 280.0, "y": 970.0}, {"x": 318.0, "y": 969.0}, {"x": 318.0, "y": 984.0}, {"x": 280.0, "y": 985.0}]}, "description": "$2.00"}, {"boundingPoly": {"vertices": [{"x": 19.0, "y": 1029.0}, {"x": 59.0, "y": 1029.0}, {"x": 59.0, "y": 1043.0}, {"x": 20.0, "y": 1045.0}]}, "description": "Total"}, {"boundingPoly": {"vertices": [{"x": 271.0, "y": 1020.0}, {"x": 320.0, "y": 1020.0}, {"x": 320.0, "y": 1034.0}, {"x": 271.0, "y": 1034.0}]}, "description": "$30.30"}, {"boundingPoly": {"vertices": [{"x": 46.0, "y": 1115.0}, {"x": 49.0, "y": 1115.0}, {"x": 49.0, "y": 1133.0}, {"x": 46.0, "y": 1133.0}]}, "description": " I"}, {"boundingPoly": {"vertices": [{"x": 52.0, "y": 1111.0}, {"x": 205.0, "y": 1111.0}, {"x": 205.0, "y": 1133.0}, {"x": 52.0, "y": 1133.0}]}, "description": " agree to pay the above"}, {"boundingPoly": {"vertices": [{"x": 208.0, "y": 1110.0}, {"x": 238.0, "y": 1110.0}, {"x": 238.0, "y": 1128.0}, {"x": 208.0, "y": 1128.0}]}, "description": " total"}, {"boundingPoly": {"vertices": [{"x": 37.0, "y": 1133.0}, {"x": 304.0, "y": 1128.0}, {"x": 304.0, "y": 1143.0}, {"x": 37.0, "y": 1150.0}]}, "description": "according to my card holder agreement"}, {"boundingPoly": {"vertices": [{"x": 241.0, "y": 1110.0}, {"x": 295.0, "y": 1110.0}, {"x": 295.0, "y": 1127.0}, {"x": 241.0, "y": 1127.0}]}, "description": " amount"}, {"boundingPoly": {"vertices": [{"x": 19.0, "y": 1192.0}, {"x": 47.0, "y": 1192.0}, {"x": 47.0, "y": 1207.0}, {"x": 19.0, "y": 1207.0}]}, "description": " APP:"}, {"boundingPoly": {"vertices": [{"x": 21.0, "y": 1219.0}, {"x": 158.0, "y": 1217.0}, {"x": 159.0, "y": 1230.0}, {"x": 21.0, "y": 1232.0}]}, "description": "TC EBE50FF12B670088"}, {"boundingPoly": {"vertices": [{"x": 49.0, "y": 1231.0}, {"x": 119.0, "y": 1231.0}, {"x": 119.0, "y": 1246.0}, {"x": 49.0, "y": 1246.0}]}, "description": " 0000008000"}, {"boundingPoly": {"vertices": [{"x": 21.0, "y": 1246.0}, {"x": 78.0, "y": 1246.0}, {"x": 78.0, "y": 1260.0}, {"x": 21.0, "y": 1260.0}]}, "description": " TSI:E800"}, {"boundingPoly": {"vertices": [{"x": 20.0, "y": 1260.0}, {"x": 79.0, "y": 1260.0}, {"x": 79.0, "y": 1273.0}, {"x": 20.0, "y": 1273.0}]}, "description": " ATC:005C"}, {"boundingPoly": {"vertices": [{"x": 52.0, "y": 1271.0}, {"x": 122.0, "y": 1271.0}, {"x": 122.0, "y": 1286.0}, {"x": 52.0, "y": 1286.0}]}, "description": " SIGNATURE"}, {"boundingPoly": {"vertices": [{"x": 49.0, "y": 1189.0}, {"x": 174.0, "y": 1189.0}, {"x": 174.0, "y": 1206.0}, {"x": 49.0, "y": 1206.0}]}, "description": " AMERICAN EXPRESS"}, {"boundingPoly": {"vertices": [{"x": 19.0, "y": 1205.0}, {"x": 154.0, "y": 1204.0}, {"x": 154.0, "y": 1217.0}, {"x": 19.0, "y": 1219.0}]}, "description": "AID A000000025010801"}, {"boundingPoly": {"vertices": [{"x": 22.0, "y": 1233.0}, {"x": 46.0, "y": 1233.0}, {"x": 46.0, "y": 1246.0}, {"x": 22.0, "y": 1246.0}]}, "description": " TVR:"}, {"boundingPoly": {"vertices": [{"x": 20.0, "y": 1274.0}, {"x": 49.0, "y": 1274.0}, {"x": 49.0, "y": 1287.0}, {"x": 20.0, "y": 1287.0}]}, "description": " CVM:"}, {"boundingPoly": {"vertices": [{"x": 133.0, "y": 1312.0}, {"x": 211.0, "y": 1312.0}, {"x": 211.0, "y": 1331.0}, {"x": 133.0, "y": 1331.0}]}, "description": "Thank you"}]}