{"textAnnotations": [{"boundingPoly": {"vertices": [{"x": 939.0, "y": 242.0}, {"x": 1036.0, "y": 242.0}, {"x": 1036.0, "y": 276.0}, {"x": 939.0, "y": 276.0}]}, "description": "merchant name"}, {"boundingPoly": {"vertices": [{"x": 1043.0, "y": 242.0}, {"x": 1075.0, "y": 242.0}, {"x": 1075.0, "y": 274.0}, {"x": 1043.0, "y": 274.0}]}, "description": "merchant phone"}, {"boundingPoly": {"vertices": [{"x": 1082.0, "y": 241.0}, {"x": 1155.0, "y": 241.0}, {"x": 1155.0, "y": 274.0}, {"x": 1082.0, "y": 274.0}]}, "description": "merchant name"}, {"boundingPoly": {"vertices": [{"x": 769.0, "y": 318.0}, {"x": 1032.0, "y": 333.0}, {"x": 1030.0, "y": 372.0}, {"x": 766.0, "y": 363.0}]}, "description": "merchant address"}, {"boundingPoly": {"vertices": [{"x": 894.0, "y": 375.0}, {"x": 1007.0, "y": 374.0}, {"x": 1007.0, "y": 406.0}, {"x": 894.0, "y": 407.0}]}, "description": "merchant address"}, {"boundingPoly": {"vertices": [{"x": 266.0, "y": 356.0}, {"x": 368.0, "y": 356.0}, {"x": 368.0, "y": 392.0}, {"x": 266.0, "y": 392.0}]}, "description": "merchant address"}, {"boundingPoly": {"vertices": [{"x": 290.0, "y": 393.0}, {"x": 450.0, "y": 393.0}, {"x": 450.0, "y": 429.0}, {"x": 290.0, "y": 429.0}]}, "description": "merchant name"}, {"boundingPoly": {"vertices": [{"x": 254.0, "y": 430.0}, {"x": 340.0, "y": 430.0}, {"x": 340.0, "y": 455.0}, {"x": 254.0, "y": 455.0}]}, "description": "merchant address"}, {"boundingPoly": {"vertices": [{"x": 287.0, "y": 457.0}, {"x": 512.0, "y": 461.0}, {"x": 511.0, "y": 492.0}, {"x": 286.0, "y": 485.0}]}, "description": "merchant address"}, {"boundingPoly": {"vertices": [{"x": 372.0, "y": 361.0}, {"x": 440.0, "y": 361.0}, {"x": 440.0, "y": 394.0}, {"x": 372.0, "y": 394.0}]}, "description": "merchant address"}, {"boundingPoly": {"vertices": [{"x": 453.0, "y": 398.0}, {"x": 522.0, "y": 398.0}, {"x": 522.0, "y": 432.0}, {"x": 453.0, "y": 432.0}]}, "description": "merchant address"}, {"boundingPoly": {"vertices": [{"x": 415.0, "y": 431.0}, {"x": 478.0, "y": 431.0}, {"x": 478.0, "y": 459.0}, {"x": 415.0, "y": 459.0}]}, "description": " Fria"}, {"boundingPoly": {"vertices": [{"x": 346.0, "y": 430.0}, {"x": 410.0, "y": 430.0}, {"x": 410.0, "y": 456.0}, {"x": 346.0, "y": 456.0}]}, "description": " Agua"}, {"boundingPoly": {"vertices": [{"x": 482.0, "y": 432.0}, {"x": 539.0, "y": 432.0}, {"x": 539.0, "y": 462.0}, {"x": 482.0, "y": 462.0}]}, "description": " Frwy"}, {"boundingPoly": {"vertices": [{"x": 115.0, "y": 523.0}, {"x": 217.0, "y": 523.0}, {"x": 217.0, "y": 553.0}, {"x": 115.0, "y": 553.0}]}, "description": " Server:"}, {"boundingPoly": {"vertices": [{"x": 112.0, "y": 555.0}, {"x": 232.0, "y": 555.0}, {"x": 232.0, "y": 586.0}, {"x": 112.0, "y": 586.0}]}, "description": " 02:02 PM"}, {"boundingPoly": {"vertices": [{"x": 111.0, "y": 586.0}, {"x": 249.0, "y": 588.0}, {"x": 249.0, "y": 618.0}, {"x": 110.0, "y": 615.0}]}, "description": "Table 34/1"}, {"boundingPoly": {"vertices": [{"x": 222.0, "y": 527.0}, {"x": 292.0, "y": 527.0}, {"x": 292.0, "y": 555.0}, {"x": 222.0, "y": 555.0}]}, "description": " Jesse"}, {"boundingPoly": {"vertices": [{"x": 481.0, "y": 527.0}, {"x": 543.0, "y": 527.0}, {"x": 543.0, "y": 562.0}, {"x": 481.0, "y": 562.0}]}, "description": " DOB:"}, {"boundingPoly": {"vertices": [{"x": 548.0, "y": 530.0}, {"x": 692.0, "y": 530.0}, {"x": 692.0, "y": 566.0}, {"x": 548.0, "y": 566.0}]}, "description": " 11/08/2019"}, {"boundingPoly": {"vertices": [{"x": 913.0, "y": 538.0}, {"x": 1213.0, "y": 538.0}, {"x": 1213.0, "y": 571.0}, {"x": 913.0, "y": 571.0}]}, "description": " 11/07/2019 10:03:51 PM"}, {"boundingPoly": {"vertices": [{"x": 1081.0, "y": 570.0}, {"x": 1241.0, "y": 570.0}, {"x": 1241.0, "y": 604.0}, {"x": 1081.0, "y": 604.0}]}, "description": " 9786 Op ID:"}, {"boundingPoly": {"vertices": [{"x": 921.0, "y": 606.0}, {"x": 1109.0, "y": 606.0}, {"x": 1109.0, "y": 636.0}, {"x": 921.0, "y": 636.0}]}, "description": " Your cashier:"}, {"boundingPoly": {"vertices": [{"x": 548.0, "y": 562.0}, {"x": 690.0, "y": 564.0}, {"x": 689.0, "y": 596.0}, {"x": 548.0, "y": 594.0}]}, "description": "11/08/2019"}, {"boundingPoly": {"vertices": [{"x": 587.0, "y": 598.0}, {"x": 687.0, "y": 597.0}, {"x": 687.0, "y": 627.0}, {"x": 587.0, "y": 628.0}]}, "description": "6/60029"}, {"boundingPoly": {"vertices": [{"x": 795.0, "y": 571.0}, {"x": 928.0, "y": 571.0}, {"x": 928.0, "y": 606.0}, {"x": 795.0, "y": 606.0}]}, "description": " Register:"}, {"boundingPoly": {"vertices": [{"x": 933.0, "y": 571.0}, {"x": 1075.0, "y": 571.0}, {"x": 1075.0, "y": 604.0}, {"x": 933.0, "y": 604.0}]}, "description": " 1 Trans #:"}, {"boundingPoly": {"vertices": [{"x": 1247.0, "y": 569.0}, {"x": 1306.0, "y": 569.0}, {"x": 1306.0, "y": 605.0}, {"x": 1247.0, "y": 605.0}]}, "description": " 1722"}, {"boundingPoly": {"vertices": [{"x": 1114.0, "y": 607.0}, {"x": 1201.0, "y": 607.0}, {"x": 1201.0, "y": 636.0}, {"x": 1114.0, "y": 636.0}]}, "description": " Jammes"}, {"boundingPoly": {"vertices": [{"x": 368.0, "y": 659.0}, {"x": 424.0, "y": 660.0}, {"x": 424.0, "y": 689.0}, {"x": 368.0, "y": 687.0}]}, "description": "SALE"}, {"boundingPoly": {"vertices": [{"x": 894.0, "y": 670.0}, {"x": 1212.0, "y": 670.0}, {"x": 1212.0, "y": 703.0}, {"x": 894.0, "y": 702.0}]}, "description": "*** PREPAID RECEIPT ***"}, {"boundingPoly": {"vertices": [{"x": 109.0, "y": 717.0}, {"x": 160.0, "y": 718.0}, {"x": 161.0, "y": 747.0}, {"x": 110.0, "y": 746.0}]}, "description": "AMEX"}, {"boundingPoly": {"vertices": [{"x": 109.0, "y": 751.0}, {"x": 165.0, "y": 751.0}, {"x": 165.0, "y": 783.0}, {"x": 109.0, "y": 783.0}]}, "description": " Card"}, {"boundingPoly": {"vertices": [{"x": 106.0, "y": 787.0}, {"x": 412.0, "y": 787.0}, {"x": 412.0, "y": 825.0}, {"x": 106.0, "y": 825.0}]}, "description": " Magnetic caro present:"}, {"boundingPoly": {"vertices": [{"x": 170.0, "y": 752.0}, {"x": 399.0, "y": 752.0}, {"x": 399.0, "y": 790.0}, {"x": 170.0, "y": 790.0}]}, "description": " #XXXXXXXXXXX1007"}, {"boundingPoly": {"vertices": [{"x": 582.0, "y": 727.0}, {"x": 683.0, "y": 729.0}, {"x": 683.0, "y": 762.0}, {"x": 581.0, "y": 761.0}]}, "description": "6291485"}, {"boundingPoly": {"vertices": [{"x": 772.0, "y": 738.0}, {"x": 887.0, "y": 738.0}, {"x": 886.0, "y": 769.0}, {"x": 772.0, "y": 768.0}]}, "description": "AQUAFINA"}, {"boundingPoly": {"vertices": [{"x": 772.0, "y": 769.0}, {"x": 905.0, "y": 771.0}, {"x": 905.0, "y": 800.0}, {"x": 771.0, "y": 799.0}]}, "description": "2 @ $1.69"}, {"boundingPoly": {"vertices": [{"x": 895.0, "y": 802.0}, {"x": 918.0, "y": 802.0}, {"x": 918.0, "y": 835.0}, {"x": 895.0, "y": 835.0}]}, "description": " 1"}, {"boundingPoly": {"vertices": [{"x": 416.0, "y": 792.0}, {"x": 655.0, "y": 792.0}, {"x": 655.0, "y": 827.0}, {"x": 416.0, "y": 827.0}]}, "description": " MALAGA.BUT KUSUMA"}, {"boundingPoly": {"vertices": [{"x": 1223.0, "y": 771.0}, {"x": 1348.0, "y": 770.0}, {"x": 1348.0, "y": 801.0}, {"x": 1223.0, "y": 802.0}]}, "description": "$3.38 102"}, {"boundingPoly": {"vertices": [{"x": 1257.0, "y": 803.0}, {"x": 1355.0, "y": 803.0}, {"x": 1355.0, "y": 834.0}, {"x": 1257.0, "y": 834.0}]}, "description": "$-1.16"}, {"boundingPoly": {"vertices": [{"x": 770.0, "y": 803.0}, {"x": 891.0, "y": 803.0}, {"x": 891.0, "y": 835.0}, {"x": 770.0, "y": 835.0}]}, "description": " Aquafina"}, {"boundingPoly": {"vertices": [{"x": 923.0, "y": 801.0}, {"x": 1092.0, "y": 801.0}, {"x": 1092.0, "y": 837.0}, {"x": 923.0, "y": 837.0}]}, "description": " liter 2/2.00"}, {"boundingPoly": {"vertices": [{"x": 767.0, "y": 902.0}, {"x": 970.0, "y": 901.0}, {"x": 970.0, "y": 934.0}, {"x": 768.0, "y": 935.0}]}, "description": "BA BANANA CAKE"}, {"boundingPoly": {"vertices": [{"x": 772.0, "y": 936.0}, {"x": 904.0, "y": 934.0}, {"x": 905.0, "y": 966.0}, {"x": 772.0, "y": 969.0}]}, "description": "2 @ $1.99"}, {"boundingPoly": {"vertices": [{"x": 769.0, "y": 968.0}, {"x": 871.0, "y": 968.0}, {"x": 871.0, "y": 999.0}, {"x": 769.0, "y": 999.0}]}, "description": " V-POWER"}, {"boundingPoly": {"vertices": [{"x": 877.0, "y": 969.0}, {"x": 922.0, "y": 969.0}, {"x": 922.0, "y": 999.0}, {"x": 877.0, "y": 999.0}]}, "description": " CA"}, {"boundingPoly": {"vertices": [{"x": 941.0, "y": 967.0}, {"x": 1049.0, "y": 966.0}, {"x": 1050.0, "y": 1000.0}, {"x": 941.0, "y": 1001.0}]}, "description": "PUMP# 5"}, {"boundingPoly": {"vertices": [{"x": 1210.0, "y": 941.0}, {"x": 1354.0, "y": 938.0}, {"x": 1355.0, "y": 972.0}, {"x": 1210.0, "y": 978.0}]}, "description": "$3.98 102"}, {"boundingPoly": {"vertices": [{"x": 1203.0, "y": 959.0}, {"x": 1308.0, "y": 957.0}, {"x": 1309.0, "y": 997.0}, {"x": 1203.0, "y": 999.0}]}, "description": "$25.00"}, {"boundingPoly": {"vertices": [{"x": 1032.0, "y": 1033.0}, {"x": 1141.0, "y": 1038.0}, {"x": 1139.0, "y": 1068.0}, {"x": 1032.0, "y": 1063.0}]}, "description": "Subtotal"}, {"boundingPoly": {"vertices": [{"x": 559.0, "y": 1064.0}, {"x": 626.0, "y": 1064.0}, {"x": 626.0, "y": 1102.0}, {"x": 559.0, "y": 1102.0}]}, "description": " 22"}, {"boundingPoly": {"vertices": [{"x": 633.0, "y": 1065.0}, {"x": 669.0, "y": 1065.0}, {"x": 669.0, "y": 1102.0}, {"x": 633.0, "y": 1102.0}]}, "description": " 00"}, {"boundingPoly": {"vertices": [{"x": 1087.0, "y": 1057.0}, {"x": 1147.0, "y": 1061.0}, {"x": 1147.0, "y": 1094.0}, {"x": 1087.0, "y": 1092.0}]}, "description": "- ax"}, {"boundingPoly": {"vertices": [{"x": 1142.0, "y": 1041.0}, {"x": 1178.0, "y": 1040.0}, {"x": 1179.0, "y": 1061.0}, {"x": 1143.0, "y": 1062.0}]}, "description": "="}, {"boundingPoly": {"vertices": [{"x": 1147.0, "y": 1070.0}, {"x": 1177.0, "y": 1069.0}, {"x": 1178.0, "y": 1090.0}, {"x": 1148.0, "y": 1091.0}]}, "description": "="}, {"boundingPoly": {"vertices": [{"x": 1205.0, "y": 1031.0}, {"x": 1294.0, "y": 1033.0}, {"x": 1292.0, "y": 1070.0}, {"x": 1207.0, "y": 1068.0}]}, "description": "$31.20"}, {"boundingPoly": {"vertices": [{"x": 1215.0, "y": 1060.0}, {"x": 1292.0, "y": 1061.0}, {"x": 1291.0, "y": 1094.0}, {"x": 1212.0, "y": 1093.0}]}, "description": "$0.00"}, {"boundingPoly": {"vertices": [{"x": 359.0, "y": 1085.0}, {"x": 463.0, "y": 1085.0}, {"x": 463.0, "y": 1111.0}, {"x": 359.0, "y": 1111.0}]}, "description": "= Total"}, {"boundingPoly": {"vertices": [{"x": 1079.0, "y": 1136.0}, {"x": 1147.0, "y": 1136.0}, {"x": 1147.0, "y": 1164.0}, {"x": 1079.0, "y": 1164.0}]}, "description": " Total"}, {"boundingPoly": {"vertices": [{"x": 1151.0, "y": 1139.0}, {"x": 1177.0, "y": 1139.0}, {"x": 1177.0, "y": 1164.0}, {"x": 1151.0, "y": 1164.0}]}, "description": " ="}, {"boundingPoly": {"vertices": [{"x": 1203.0, "y": 1133.0}, {"x": 1293.0, "y": 1132.0}, {"x": 1292.0, "y": 1165.0}, {"x": 1203.0, "y": 1165.0}]}, "description": "$31.20"}, {"boundingPoly": {"vertices": [{"x": 223.0, "y": 1180.0}, {"x": 241.0, "y": 1180.0}, {"x": 241.0, "y": 1213.0}, {"x": 223.0, "y": 1213.0}]}, "description": " I"}, {"boundingPoly": {"vertices": [{"x": 187.0, "y": 1215.0}, {"x": 492.0, "y": 1215.0}, {"x": 492.0, "y": 1246.0}, {"x": 187.0, "y": 1246.0}]}, "description": " total amount according"}, {"boundingPoly": {"vertices": [{"x": 238.0, "y": 1249.0}, {"x": 536.0, "y": 1251.0}, {"x": 536.0, "y": 1280.0}, {"x": 238.0, "y": 1279.0}]}, "description": "card issuer agreement."}, {"boundingPoly": {"vertices": [{"x": 247.0, "y": 1180.0}, {"x": 563.0, "y": 1180.0}, {"x": 563.0, "y": 1214.0}, {"x": 247.0, "y": 1214.0}]}, "description": " agree to pay the above"}, {"boundingPoly": {"vertices": [{"x": 538.0, "y": 1213.0}, {"x": 581.0, "y": 1213.0}, {"x": 581.0, "y": 1247.0}, {"x": 538.0, "y": 1247.0}]}, "description": " the"}, {"boundingPoly": {"vertices": [{"x": 497.0, "y": 1214.0}, {"x": 533.0, "y": 1214.0}, {"x": 533.0, "y": 1247.0}, {"x": 497.0, "y": 1247.0}]}, "description": " to"}, {"boundingPoly": {"vertices": [{"x": 992.0, "y": 1198.0}, {"x": 1179.0, "y": 1201.0}, {"x": 1179.0, "y": 1232.0}, {"x": 991.0, "y": 1231.0}]}, "description": "Dhange Due ="}, {"boundingPoly": {"vertices": [{"x": 1216.0, "y": 1198.0}, {"x": 1295.0, "y": 1200.0}, {"x": 1294.0, "y": 1231.0}, {"x": 1216.0, "y": 1231.0}]}, "description": "$0.00"}, {"boundingPoly": {"vertices": [{"x": 1210.0, "y": 1260.0}, {"x": 1295.0, "y": 1261.0}, {"x": 1294.0, "y": 1296.0}, {"x": 1208.0, "y": 1294.0}]}, "description": "$31.20"}, {"boundingPoly": {"vertices": [{"x": 809.0, "y": 1321.0}, {"x": 886.0, "y": 1321.0}, {"x": 886.0, "y": 1357.0}, {"x": 809.0, "y": 1357.0}]}, "description": " RICAN"}, {"boundingPoly": {"vertices": [{"x": 769.0, "y": 1359.0}, {"x": 831.0, "y": 1359.0}, {"x": 831.0, "y": 1391.0}, {"x": 769.0, "y": 1391.0}]}, "description": " XXXX"}, {"boundingPoly": {"vertices": [{"x": 773.0, "y": 1394.0}, {"x": 896.0, "y": 1394.0}, {"x": 896.0, "y": 1425.0}, {"x": 773.0, "y": 1424.0}]}, "description": "Chip Read"}, {"boundingPoly": {"vertices": [{"x": 769.0, "y": 1428.0}, {"x": 885.0, "y": 1428.0}, {"x": 885.0, "y": 1458.0}, {"x": 769.0, "y": 1458.0}]}, "description": "APPROVED"}, {"boundingPoly": {"vertices": [{"x": 772.0, "y": 1461.0}, {"x": 953.0, "y": 1461.0}, {"x": 953.0, "y": 1491.0}, {"x": 772.0, "y": 1491.0}]}, "description": "AUTH # 874658"}, {"boundingPoly": {"vertices": [{"x": 770.0, "y": 1494.0}, {"x": 979.0, "y": 1494.0}, {"x": 979.0, "y": 1526.0}, {"x": 769.0, "y": 1525.0}]}, "description": "Verified by PIN"}, {"boundingPoly": {"vertices": [{"x": 890.0, "y": 1326.0}, {"x": 1001.0, "y": 1326.0}, {"x": 1001.0, "y": 1367.0}, {"x": 890.0, "y": 1367.0}]}, "description": " EXPRESS"}, {"boundingPoly": {"vertices": [{"x": 1127.0, "y": 1326.0}, {"x": 1253.0, "y": 1327.0}, {"x": 1253.0, "y": 1362.0}, {"x": 1126.0, "y": 1361.0}]}, "description": "USD$31.20"}, {"boundingPoly": {"vertices": [{"x": 255.0, "y": 1383.0}, {"x": 324.0, "y": 1384.0}, {"x": 323.0, "y": 1408.0}, {"x": 256.0, "y": 1409.0}]}, "description": "Guide"}, {"boundingPoly": {"vertices": [{"x": 836.0, "y": 1354.0}, {"x": 1001.0, "y": 1354.0}, {"x": 1001.0, "y": 1391.0}, {"x": 836.0, "y": 1391.0}]}, "description": " XXXXXX X1007"}, {"boundingPoly": {"vertices": [{"x": 1125.0, "y": 1461.0}, {"x": 1169.0, "y": 1461.0}, {"x": 1169.0, "y": 1494.0}, {"x": 1125.0, "y": 1494.0}]}, "description": " INV"}, {"boundingPoly": {"vertices": [{"x": 1175.0, "y": 1462.0}, {"x": 1195.0, "y": 1462.0}, {"x": 1195.0, "y": 1494.0}, {"x": 1175.0, "y": 1494.0}]}, "description": " #"}, {"boundingPoly": {"vertices": [{"x": 1201.0, "y": 1460.0}, {"x": 1292.0, "y": 1460.0}, {"x": 1292.0, "y": 1494.0}, {"x": 1201.0, "y": 1494.0}]}, "description": " 814194"}, {"boundingPoly": {"vertices": [{"x": 154.0, "y": 1517.0}, {"x": 181.0, "y": 1517.0}, {"x": 181.0, "y": 1538.0}, {"x": 153.0, "y": 1538.0}]}, "description": "="}, {"boundingPoly": {"vertices": [{"x": 277.0, "y": 1582.0}, {"x": 556.0, "y": 1586.0}, {"x": 555.0, "y": 1619.0}, {"x": 277.0, "y": 1613.0}]}, "description": "Free Chips ano Base"}, {"boundingPoly": {"vertices": [{"x": 769.0, "y": 1558.0}, {"x": 845.0, "y": 1558.0}, {"x": 845.0, "y": 1590.0}, {"x": 769.0, "y": 1590.0}]}, "description": " Mode:"}, {"boundingPoly": {"vertices": [{"x": 769.0, "y": 1592.0}, {"x": 830.0, "y": 1592.0}, {"x": 830.0, "y": 1622.0}, {"x": 769.0, "y": 1622.0}]}, "description": " AID:"}, {"boundingPoly": {"vertices": [{"x": 768.0, "y": 1626.0}, {"x": 829.0, "y": 1626.0}, {"x": 829.0, "y": 1657.0}, {"x": 768.0, "y": 1657.0}]}, "description": " TVR:"}, {"boundingPoly": {"vertices": [{"x": 769.0, "y": 1660.0}, {"x": 830.0, "y": 1660.0}, {"x": 830.0, "y": 1690.0}, {"x": 769.0, "y": 1690.0}]}, "description": " IAD:"}, {"boundingPoly": {"vertices": [{"x": 769.0, "y": 1694.0}, {"x": 830.0, "y": 1694.0}, {"x": 830.0, "y": 1722.0}, {"x": 769.0, "y": 1722.0}]}, "description": " TSI:"}, {"boundingPoly": {"vertices": [{"x": 770.0, "y": 1726.0}, {"x": 832.0, "y": 1726.0}, {"x": 832.0, "y": 1751.0}, {"x": 770.0, "y": 1751.0}]}, "description": " ARC:"}, {"boundingPoly": {"vertices": [{"x": 851.0, "y": 1560.0}, {"x": 936.0, "y": 1560.0}, {"x": 936.0, "y": 1590.0}, {"x": 851.0, "y": 1590.0}]}, "description": " Issuer"}, {"boundingPoly": {"vertices": [{"x": 836.0, "y": 1592.0}, {"x": 1057.0, "y": 1592.0}, {"x": 1057.0, "y": 1624.0}, {"x": 836.0, "y": 1624.0}]}, "description": " A000000025010801"}, {"boundingPoly": {"vertices": [{"x": 835.0, "y": 1624.0}, {"x": 975.0, "y": 1624.0}, {"x": 975.0, "y": 1657.0}, {"x": 835.0, "y": 1657.0}]}, "description": " 0000008000"}, {"boundingPoly": {"vertices": [{"x": 835.0, "y": 1655.0}, {"x": 1033.0, "y": 1655.0}, {"x": 1033.0, "y": 1690.0}, {"x": 835.0, "y": 1690.0}]}, "description": " 06600103642002"}, {"boundingPoly": {"vertices": [{"x": 835.0, "y": 1693.0}, {"x": 893.0, "y": 1693.0}, {"x": 893.0, "y": 1722.0}, {"x": 835.0, "y": 1722.0}]}, "description": " F800"}, {"boundingPoly": {"vertices": [{"x": 836.0, "y": 1723.0}, {"x": 870.0, "y": 1723.0}, {"x": 870.0, "y": 1751.0}, {"x": 836.0, "y": 1751.0}]}, "description": " 00"}, {"boundingPoly": {"vertices": [{"x": 291.0, "y": 1720.0}, {"x": 355.0, "y": 1720.0}, {"x": 355.0, "y": 1748.0}, {"x": 291.0, "y": 1748.0}]}, "description": " Caro"}, {"boundingPoly": {"vertices": [{"x": 255.0, "y": 1753.0}, {"x": 355.0, "y": 1753.0}, {"x": 355.0, "y": 1781.0}, {"x": 255.0, "y": 1781.0}]}, "description": " Delayed"}, {"boundingPoly": {"vertices": [{"x": 360.0, "y": 1717.0}, {"x": 508.0, "y": 1717.0}, {"x": 508.0, "y": 1748.0}, {"x": 360.0, "y": 1748.0}]}, "description": " activation"}, {"boundingPoly": {"vertices": [{"x": 360.0, "y": 1753.0}, {"x": 398.0, "y": 1753.0}, {"x": 398.0, "y": 1781.0}, {"x": 360.0, "y": 1781.0}]}, "description": " oy"}, {"boundingPoly": {"vertices": [{"x": 511.0, "y": 1716.0}, {"x": 542.0, "y": 1716.0}, {"x": 542.0, "y": 1747.0}, {"x": 511.0, "y": 1747.0}]}, "description": " is"}, {"boundingPoly": {"vertices": [{"x": 426.0, "y": 1753.0}, {"x": 518.0, "y": 1753.0}, {"x": 518.0, "y": 1781.0}, {"x": 426.0, "y": 1781.0}]}, "description": " hours."}, {"boundingPoly": {"vertices": [{"x": 402.0, "y": 1753.0}, {"x": 422.0, "y": 1753.0}, {"x": 422.0, "y": 1781.0}, {"x": 402.0, "y": 1781.0}]}, "description": " 4"}, {"boundingPoly": {"vertices": [{"x": 944.0, "y": 1789.0}, {"x": 1120.0, "y": 1789.0}, {"x": 1120.0, "y": 1821.0}, {"x": 944.0, "y": 1821.0}]}, "description": "Customer Copy"}, {"boundingPoly": {"vertices": [{"x": 850.0, "y": 1953.0}, {"x": 1249.0, "y": 1953.0}, {"x": 1249.0, "y": 1988.0}, {"x": 850.0, "y": 1988.0}]}, "description": "Thank you, Please come again!"}, {"boundingPoly": {"vertices": [{"x": 851.0, "y": 1986.0}, {"x": 1237.0, "y": 1986.0}, {"x": 1237.0, "y": 2021.0}, {"x": 851.0, "y": 2020.0}]}, "description": "Diesel Tax rate 18c per gal."}, {"boundingPoly": {"vertices": [{"x": 920.0, "y": 2085.0}, {"x": 1139.0, "y": 2087.0}, {"x": 1139.0, "y": 2121.0}, {"x": 919.0, "y": 2119.0}]}, "description": "Please come aga\""}]}