{"textAnnotations": [{"boundingPoly": {"vertices": [{"x": 630.0, "y": 0.0}, {"x": 631.0, "y": 205.0}, {"x": 601.0, "y": 205.0}, {"x": 601.0, "y": 0.0}]}, "description": "AWAY ON BACK"}, {"boundingPoly": {"vertices": [{"x": 595.0, "y": 231.0}, {"x": 631.0, "y": 230.0}, {"x": 630.0, "y": 251.0}, {"x": 595.0, "y": 252.0}]}, "description": "-"}, {"boundingPoly": {"vertices": [{"x": 181.0, "y": 14.0}, {"x": 222.0, "y": 14.0}, {"x": 222.0, "y": 65.0}, {"x": 181.0, "y": 65.0}]}, "description": " For"}, {"boundingPoly": {"vertices": [{"x": 91.0, "y": 97.0}, {"x": 257.0, "y": 97.0}, {"x": 257.0, "y": 151.0}, {"x": 91.0, "y": 151.0}]}, "description": " Survey Code:"}, {"boundingPoly": {"vertices": [{"x": 181.0, "y": 149.0}, {"x": 463.0, "y": 149.0}, {"x": 463.0, "y": 183.0}, {"x": 181.0, "y": 182.0}]}, "description": "(Diganos en Espanol)"}, {"boundingPoly": {"vertices": [{"x": 340.0, "y": 191.0}, {"x": 551.0, "y": 187.0}, {"x": 552.0, "y": 217.0}, {"x": 340.0, "y": 225.0}]}, "description": "*************"}, {"boundingPoly": {"vertices": [{"x": 231.0, "y": 15.0}, {"x": 248.0, "y": 15.0}, {"x": 248.0, "y": 66.0}, {"x": 231.0, "y": 66.0}]}, "description": " a"}, {"boundingPoly": {"vertices": [{"x": 257.0, "y": 15.0}, {"x": 347.0, "y": 15.0}, {"x": 347.0, "y": 67.0}, {"x": 257.0, "y": 67.0}]}, "description": " Chance"}, {"boundingPoly": {"vertices": [{"x": 345.0, "y": 65.0}, {"x": 444.0, "y": 65.0}, {"x": 444.0, "y": 97.0}, {"x": 345.0, "y": 97.0}]}, "description": " Receipt"}, {"boundingPoly": {"vertices": [{"x": 265.0, "y": 97.0}, {"x": 540.0, "y": 97.0}, {"x": 540.0, "y": 151.0}, {"x": 265.0, "y": 151.0}]}, "description": " 0021-6134-0152-2300"}, {"boundingPoly": {"vertices": [{"x": 356.0, "y": 15.0}, {"x": 386.0, "y": 15.0}, {"x": 386.0, "y": 67.0}, {"x": 356.0, "y": 67.0}]}, "description": " to"}, {"boundingPoly": {"vertices": [{"x": 395.0, "y": 13.0}, {"x": 455.0, "y": 13.0}, {"x": 455.0, "y": 67.0}, {"x": 395.0, "y": 67.0}]}, "description": " WIN"}, {"boundingPoly": {"vertices": [{"x": 184.0, "y": 62.0}, {"x": 339.0, "y": 62.0}, {"x": 339.0, "y": 95.0}, {"x": 184.0, "y": 95.0}]}, "description": " See Back of"}, {"boundingPoly": {"vertices": [{"x": 81.0, "y": 194.0}, {"x": 126.0, "y": 194.0}, {"x": 124.0, "y": 226.0}, {"x": 80.0, "y": 226.0}]}, "description": "***"}, {"boundingPoly": {"vertices": [{"x": 630.0, "y": 281.0}, {"x": 633.0, "y": 701.0}, {"x": 604.0, "y": 702.0}, {"x": 601.0, "y": 281.0}]}, "description": "$500 CASH GIVEAWAY ON BACK"}, {"boundingPoly": {"vertices": [{"x": 599.0, "y": 733.0}, {"x": 638.0, "y": 733.0}, {"x": 636.0, "y": 751.0}, {"x": 597.0, "y": 752.0}]}, "description": "-"}, {"boundingPoly": {"vertices": [{"x": 207.0, "y": 305.0}, {"x": 255.0, "y": 305.0}, {"x": 255.0, "y": 357.0}, {"x": 207.0, "y": 357.0}]}, "description": "merchant name"}, {"boundingPoly": {"vertices": [{"x": 210.0, "y": 358.0}, {"x": 273.0, "y": 358.0}, {"x": 273.0, "y": 389.0}, {"x": 210.0, "y": 389.0}]}, "description": "merchant address"}, {"boundingPoly": {"vertices": [{"x": 196.0, "y": 390.0}, {"x": 435.0, "y": 389.0}, {"x": 435.0, "y": 420.0}, {"x": 196.0, "y": 420.0}]}, "description": "merchant address"}, {"boundingPoly": {"vertices": [{"x": 228.0, "y": 421.0}, {"x": 412.0, "y": 421.0}, {"x": 412.0, "y": 452.0}, {"x": 228.0, "y": 452.0}]}, "description": "merchant phone"}, {"boundingPoly": {"vertices": [{"x": 263.0, "y": 304.0}, {"x": 430.0, "y": 304.0}, {"x": 430.0, "y": 358.0}, {"x": 263.0, "y": 358.0}]}, "description": "merchant name"}, {"boundingPoly": {"vertices": [{"x": 279.0, "y": 356.0}, {"x": 427.0, "y": 356.0}, {"x": 427.0, "y": 390.0}, {"x": 279.0, "y": 390.0}]}, "description": "merchant address"}, {"boundingPoly": {"vertices": [{"x": 587.0, "y": 389.0}, {"x": 458.0, "y": 388.0}, {"x": 459.0, "y": 338.0}, {"x": 588.0, "y": 348.0}]}, "description": "BERT"}, {"boundingPoly": {"vertices": [{"x": 28.0, "y": 487.0}, {"x": 150.0, "y": 486.0}, {"x": 150.0, "y": 519.0}, {"x": 29.0, "y": 520.0}]}, "description": "11/2/2019"}, {"boundingPoly": {"vertices": [{"x": 119.0, "y": 523.0}, {"x": 209.0, "y": 523.0}, {"x": 209.0, "y": 552.0}, {"x": 119.0, "y": 552.0}]}, "description": " 306060"}, {"boundingPoly": {"vertices": [{"x": 24.0, "y": 555.0}, {"x": 154.0, "y": 555.0}, {"x": 154.0, "y": 584.0}, {"x": 24.0, "y": 584.0}]}, "description": " Customer:"}, {"boundingPoly": {"vertices": [{"x": 427.0, "y": 489.0}, {"x": 565.0, "y": 489.0}, {"x": 565.0, "y": 522.0}, {"x": 427.0, "y": 522.0}]}, "description": " 12:34:31 A"}, {"boundingPoly": {"vertices": [{"x": 326.0, "y": 524.0}, {"x": 440.0, "y": 524.0}, {"x": 440.0, "y": 554.0}, {"x": 326.0, "y": 554.0}]}, "description": " Cashier:"}, {"boundingPoly": {"vertices": [{"x": 29.0, "y": 524.0}, {"x": 106.0, "y": 524.0}, {"x": 106.0, "y": 551.0}, {"x": 29.0, "y": 551.0}]}, "description": " Order"}, {"boundingPoly": {"vertices": [{"x": 445.0, "y": 524.0}, {"x": 537.0, "y": 524.0}, {"x": 537.0, "y": 554.0}, {"x": 445.0, "y": 554.0}]}, "description": " Lisa W"}, {"boundingPoly": {"vertices": [{"x": 71.0, "y": 620.0}, {"x": 85.0, "y": 620.0}, {"x": 85.0, "y": 649.0}, {"x": 71.0, "y": 649.0}]}, "description": " 2."}, {"boundingPoly": {"vertices": [{"x": 89.0, "y": 620.0}, {"x": 319.0, "y": 620.0}, {"x": 319.0, "y": 650.0}, {"x": 89.0, "y": 650.0}]}, "description": " Beef Chalupa Sup"}, {"boundingPoly": {"vertices": [{"x": 134.0, "y": 650.0}, {"x": 153.0, "y": 650.0}, {"x": 153.0, "y": 679.0}, {"x": 134.0, "y": 679.0}]}, "description": " 2"}, {"boundingPoly": {"vertices": [{"x": 131.0, "y": 681.0}, {"x": 263.0, "y": 681.0}, {"x": 263.0, "y": 711.0}, {"x": 131.0, "y": 711.0}]}, "description": "2 No Beef"}, {"boundingPoly": {"vertices": [{"x": 134.0, "y": 712.0}, {"x": 373.0, "y": 715.0}, {"x": 372.0, "y": 747.0}, {"x": 134.0, "y": 744.0}]}, "description": "2 Sb frm Bf to Bn"}, {"boundingPoly": {"vertices": [{"x": 91.0, "y": 749.0}, {"x": 344.0, "y": 749.0}, {"x": 344.0, "y": 781.0}, {"x": 91.0, "y": 781.0}]}, "description": " Beef Soft Taco Sup"}, {"boundingPoly": {"vertices": [{"x": 133.0, "y": 782.0}, {"x": 331.0, "y": 782.0}, {"x": 331.0, "y": 814.0}, {"x": 133.0, "y": 812.0}]}, "description": "2 SOUR ON SIDE"}, {"boundingPoly": {"vertices": [{"x": 134.0, "y": 815.0}, {"x": 261.0, "y": 816.0}, {"x": 261.0, "y": 846.0}, {"x": 134.0, "y": 845.0}]}, "description": "2 No Beef"}, {"boundingPoly": {"vertices": [{"x": 132.0, "y": 847.0}, {"x": 375.0, "y": 850.0}, {"x": 375.0, "y": 881.0}, {"x": 132.0, "y": 878.0}]}, "description": "2 Sb frm Bf to Bn"}, {"boundingPoly": {"vertices": [{"x": 91.0, "y": 880.0}, {"x": 287.0, "y": 880.0}, {"x": 287.0, "y": 913.0}, {"x": 91.0, "y": 913.0}]}, "description": " Nacho Supreme"}, {"boundingPoly": {"vertices": [{"x": 149.0, "y": 914.0}, {"x": 251.0, "y": 914.0}, {"x": 251.0, "y": 945.0}, {"x": 149.0, "y": 945.0}]}, "description": "No Beef"}, {"boundingPoly": {"vertices": [{"x": 91.0, "y": 948.0}, {"x": 282.0, "y": 948.0}, {"x": 282.0, "y": 980.0}, {"x": 91.0, "y": 980.0}]}, "description": " Side Jalapeno"}, {"boundingPoly": {"vertices": [{"x": 91.0, "y": 981.0}, {"x": 211.0, "y": 981.0}, {"x": 211.0, "y": 1013.0}, {"x": 91.0, "y": 1013.0}]}, "description": " Aquafina"}, {"boundingPoly": {"vertices": [{"x": 518.0, "y": 621.0}, {"x": 576.0, "y": 620.0}, {"x": 575.0, "y": 650.0}, {"x": 519.0, "y": 649.0}]}, "description": "6.38"}, {"boundingPoly": {"vertices": [{"x": 516.0, "y": 654.0}, {"x": 578.0, "y": 652.0}, {"x": 577.0, "y": 680.0}, {"x": 517.0, "y": 680.0}]}, "description": "0.00"}, {"boundingPoly": {"vertices": [{"x": 519.0, "y": 688.0}, {"x": 576.0, "y": 686.0}, {"x": 576.0, "y": 712.0}, {"x": 519.0, "y": 713.0}]}, "description": "0.00"}, {"boundingPoly": {"vertices": [{"x": 520.0, "y": 720.0}, {"x": 577.0, "y": 719.0}, {"x": 576.0, "y": 745.0}, {"x": 519.0, "y": 746.0}]}, "description": "0.00"}, {"boundingPoly": {"vertices": [{"x": 524.0, "y": 751.0}, {"x": 577.0, "y": 751.0}, {"x": 575.0, "y": 780.0}, {"x": 522.0, "y": 780.0}]}, "description": "4.58"}, {"boundingPoly": {"vertices": [{"x": 523.0, "y": 786.0}, {"x": 576.0, "y": 787.0}, {"x": 574.0, "y": 813.0}, {"x": 521.0, "y": 812.0}]}, "description": "0.00"}, {"boundingPoly": {"vertices": [{"x": 521.0, "y": 818.0}, {"x": 568.0, "y": 819.0}, {"x": 567.0, "y": 845.0}, {"x": 520.0, "y": 844.0}]}, "description": "0.00"}, {"boundingPoly": {"vertices": [{"x": 520.0, "y": 851.0}, {"x": 567.0, "y": 852.0}, {"x": 567.0, "y": 878.0}, {"x": 520.0, "y": 878.0}]}, "description": "0.00"}, {"boundingPoly": {"vertices": [{"x": 519.0, "y": 885.0}, {"x": 574.0, "y": 885.0}, {"x": 573.0, "y": 912.0}, {"x": 521.0, "y": 912.0}]}, "description": "3.49"}, {"boundingPoly": {"vertices": [{"x": 518.0, "y": 919.0}, {"x": 577.0, "y": 920.0}, {"x": 576.0, "y": 945.0}, {"x": 519.0, "y": 944.0}]}, "description": "0.00"}, {"boundingPoly": {"vertices": [{"x": 521.0, "y": 952.0}, {"x": 577.0, "y": 951.0}, {"x": 575.0, "y": 977.0}, {"x": 519.0, "y": 978.0}]}, "description": "0.40"}, {"boundingPoly": {"vertices": [{"x": 524.0, "y": 983.0}, {"x": 578.0, "y": 983.0}, {"x": 578.0, "y": 1011.0}, {"x": 523.0, "y": 1011.0}]}, "description": "1.59"}, {"boundingPoly": {"vertices": [{"x": 158.0, "y": 650.0}, {"x": 335.0, "y": 650.0}, {"x": 335.0, "y": 681.0}, {"x": 158.0, "y": 681.0}]}, "description": " SOUR ON SIDE"}, {"boundingPoly": {"vertices": [{"x": 69.0, "y": 749.0}, {"x": 85.0, "y": 749.0}, {"x": 85.0, "y": 779.0}, {"x": 69.0, "y": 779.0}]}, "description": " 2"}, {"boundingPoly": {"vertices": [{"x": 865.0, "y": 774.0}, {"x": 1156.0, "y": 774.0}, {"x": 1156.0, "y": 813.0}, {"x": 865.0, "y": 813.0}]}, "description": " 11/8/2019 11:01:46 PM"}, {"boundingPoly": {"vertices": [{"x": 739.0, "y": 815.0}, {"x": 922.0, "y": 815.0}, {"x": 922.0, "y": 848.0}, {"x": 739.0, "y": 848.0}]}, "description": " Order Number:"}, {"boundingPoly": {"vertices": [{"x": 795.0, "y": 849.0}, {"x": 912.0, "y": 849.0}, {"x": 912.0, "y": 875.0}, {"x": 795.0, "y": 876.0}]}, "description": "Circle K"}, {"boundingPoly": {"vertices": [{"x": 882.0, "y": 878.0}, {"x": 1103.0, "y": 877.0}, {"x": 1104.0, "y": 908.0}, {"x": 882.0, "y": 909.0}]}, "description": "merchant name"}, {"boundingPoly": {"vertices": [{"x": 632.0, "y": 785.0}, {"x": 632.0, "y": 1214.0}, {"x": 607.0, "y": 1214.0}, {"x": 606.0, "y": 785.0}]}, "description": "$500 CASH GIVEAWAY ON BACK"}, {"boundingPoly": {"vertices": [{"x": 599.0, "y": 1239.0}, {"x": 636.0, "y": 1240.0}, {"x": 636.0, "y": 1263.0}, {"x": 600.0, "y": 1262.0}]}, "description": "-"}, {"boundingPoly": {"vertices": [{"x": 1050.0, "y": 809.0}, {"x": 1156.0, "y": 808.0}, {"x": 1156.0, "y": 837.0}, {"x": 1050.0, "y": 838.0}]}, "description": "3479243"}, {"boundingPoly": {"vertices": [{"x": 1069.0, "y": 843.0}, {"x": 1169.0, "y": 841.0}, {"x": 1169.0, "y": 870.0}, {"x": 1069.0, "y": 872.0}]}, "description": "2708518"}, {"boundingPoly": {"vertices": [{"x": 72.0, "y": 879.0}, {"x": 86.0, "y": 879.0}, {"x": 86.0, "y": 912.0}, {"x": 72.0, "y": 912.0}]}, "description": " 1"}, {"boundingPoly": {"vertices": [{"x": 866.0, "y": 913.0}, {"x": 1099.0, "y": 906.0}, {"x": 1100.0, "y": 938.0}, {"x": 866.0, "y": 944.0}]}, "description": "merchant address"}, {"boundingPoly": {"vertices": [{"x": 894.0, "y": 946.0}, {"x": 1072.0, "y": 942.0}, {"x": 1073.0, "y": 972.0}, {"x": 895.0, "y": 978.0}]}, "description": "merchant phone"}, {"boundingPoly": {"vertices": [{"x": 71.0, "y": 948.0}, {"x": 86.0, "y": 948.0}, {"x": 86.0, "y": 979.0}, {"x": 71.0, "y": 979.0}]}, "description": " 1"}, {"boundingPoly": {"vertices": [{"x": 69.0, "y": 980.0}, {"x": 85.0, "y": 980.0}, {"x": 85.0, "y": 1012.0}, {"x": 69.0, "y": 1012.0}]}, "description": " 1"}, {"boundingPoly": {"vertices": [{"x": 713.0, "y": 981.0}, {"x": 860.0, "y": 981.0}, {"x": 860.0, "y": 1016.0}, {"x": 713.0, "y": 1016.0}]}, "description": " Register:2"}, {"boundingPoly": {"vertices": [{"x": 766.0, "y": 1047.0}, {"x": 1131.0, "y": 1038.0}, {"x": 1132.0, "y": 1069.0}, {"x": 766.0, "y": 1078.0}]}, "description": "2 DOUBLE CHEESE QUESADILLA"}, {"boundingPoly": {"vertices": [{"x": 798.0, "y": 1114.0}, {"x": 1144.0, "y": 1104.0}, {"x": 1145.0, "y": 1135.0}, {"x": 798.0, "y": 1143.0}]}, "description": "MXM AZ 310582 BEAN BURR B"}, {"boundingPoly": {"vertices": [{"x": 761.0, "y": 1145.0}, {"x": 911.0, "y": 1145.0}, {"x": 911.0, "y": 1180.0}, {"x": 761.0, "y": 1180.0}]}, "description": " Sub. Total:"}, {"boundingPoly": {"vertices": [{"x": 761.0, "y": 1181.0}, {"x": 821.0, "y": 1181.0}, {"x": 821.0, "y": 1209.0}, {"x": 761.0, "y": 1209.0}]}, "description": " Tax:"}, {"boundingPoly": {"vertices": [{"x": 765.0, "y": 1212.0}, {"x": 844.0, "y": 1212.0}, {"x": 844.0, "y": 1242.0}, {"x": 765.0, "y": 1242.0}]}, "description": " Total:"}, {"boundingPoly": {"vertices": [{"x": 762.0, "y": 1242.0}, {"x": 967.0, "y": 1242.0}, {"x": 967.0, "y": 1279.0}, {"x": 762.0, "y": 1279.0}]}, "description": " Discount Total:"}, {"boundingPoly": {"vertices": [{"x": 1152.0, "y": 972.0}, {"x": 1267.0, "y": 972.0}, {"x": 1267.0, "y": 1003.0}, {"x": 1152.0, "y": 1003.0}]}, "description": "D, Jason"}, {"boundingPoly": {"vertices": [{"x": 248.0, "y": 1047.0}, {"x": 361.0, "y": 1051.0}, {"x": 360.0, "y": 1081.0}, {"x": 247.0, "y": 1078.0}]}, "description": "SubTotal"}, {"boundingPoly": {"vertices": [{"x": 248.0, "y": 1081.0}, {"x": 296.0, "y": 1082.0}, {"x": 294.0, "y": 1110.0}, {"x": 246.0, "y": 1110.0}]}, "description": "Tax"}, {"boundingPoly": {"vertices": [{"x": 247.0, "y": 1120.0}, {"x": 313.0, "y": 1117.0}, {"x": 314.0, "y": 1166.0}, {"x": 248.0, "y": 1166.0}]}, "description": "Total"}, {"boundingPoly": {"vertices": [{"x": 249.0, "y": 1169.0}, {"x": 470.0, "y": 1170.0}, {"x": 470.0, "y": 1199.0}, {"x": 249.0, "y": 1198.0}]}, "description": "American Express"}, {"boundingPoly": {"vertices": [{"x": 300.0, "y": 1201.0}, {"x": 489.0, "y": 1201.0}, {"x": 489.0, "y": 1232.0}, {"x": 300.0, "y": 1232.0}]}, "description": " :XXXXXXXX1007"}, {"boundingPoly": {"vertices": [{"x": 514.0, "y": 1051.0}, {"x": 578.0, "y": 1051.0}, {"x": 579.0, "y": 1079.0}, {"x": 514.0, "y": 1078.0}]}, "description": "16.44"}, {"boundingPoly": {"vertices": [{"x": 523.0, "y": 1084.0}, {"x": 578.0, "y": 1084.0}, {"x": 576.0, "y": 1113.0}, {"x": 520.0, "y": 1114.0}]}, "description": "1.41"}, {"boundingPoly": {"vertices": [{"x": 510.0, "y": 1119.0}, {"x": 579.0, "y": 1119.0}, {"x": 579.0, "y": 1164.0}, {"x": 509.0, "y": 1165.0}]}, "description": "17.85"}, {"boundingPoly": {"vertices": [{"x": 513.0, "y": 1168.0}, {"x": 578.0, "y": 1167.0}, {"x": 578.0, "y": 1195.0}, {"x": 511.0, "y": 1195.0}]}, "description": "17.85"}, {"boundingPoly": {"vertices": [{"x": 721.0, "y": 1051.0}, {"x": 735.0, "y": 1055.0}, {"x": 733.0, "y": 1078.0}, {"x": 719.0, "y": 1074.0}]}, "description": "1"}, {"boundingPoly": {"vertices": [{"x": 1191.0, "y": 1040.0}, {"x": 1267.0, "y": 1039.0}, {"x": 1266.0, "y": 1069.0}, {"x": 1191.0, "y": 1069.0}]}, "description": "$2.78"}, {"boundingPoly": {"vertices": [{"x": 1189.0, "y": 1072.0}, {"x": 1268.0, "y": 1073.0}, {"x": 1268.0, "y": 1100.0}, {"x": 1191.0, "y": 1101.0}]}, "description": "$4.38"}, {"boundingPoly": {"vertices": [{"x": 1191.0, "y": 1104.0}, {"x": 1267.0, "y": 1103.0}, {"x": 1268.0, "y": 1133.0}, {"x": 1194.0, "y": 1135.0}]}, "description": "-$0.60"}, {"boundingPoly": {"vertices": [{"x": 1193.0, "y": 1137.0}, {"x": 1266.0, "y": 1134.0}, {"x": 1267.0, "y": 1164.0}, {"x": 1195.0, "y": 1167.0}]}, "description": "$6.56"}, {"boundingPoly": {"vertices": [{"x": 1193.0, "y": 1170.0}, {"x": 1268.0, "y": 1169.0}, {"x": 1269.0, "y": 1198.0}, {"x": 1193.0, "y": 1199.0}]}, "description": "$0.19"}, {"boundingPoly": {"vertices": [{"x": 1192.0, "y": 1205.0}, {"x": 1267.0, "y": 1201.0}, {"x": 1269.0, "y": 1230.0}, {"x": 1194.0, "y": 1234.0}]}, "description": "$6.75"}, {"boundingPoly": {"vertices": [{"x": 1194.0, "y": 1240.0}, {"x": 1274.0, "y": 1236.0}, {"x": 1275.0, "y": 1263.0}, {"x": 1195.0, "y": 1267.0}]}, "description": "$0.60"}, {"boundingPoly": {"vertices": [{"x": 771.0, "y": 1080.0}, {"x": 1132.0, "y": 1072.0}, {"x": 1133.0, "y": 1103.0}, {"x": 771.0, "y": 1111.0}]}, "description": "2 BON AP CAKE BAN SLCD 3.7"}, {"boundingPoly": {"vertices": [{"x": 206.0, "y": 1207.0}, {"x": 245.0, "y": 1208.0}, {"x": 243.0, "y": 1244.0}, {"x": 204.0, "y": 1243.0}]}, "description": "2"}, {"boundingPoly": {"vertices": [{"x": 243.0, "y": 1202.0}, {"x": 294.0, "y": 1202.0}, {"x": 294.0, "y": 1233.0}, {"x": 243.0, "y": 1233.0}]}, "description": " Acct"}, {"boundingPoly": {"vertices": [{"x": 248.0, "y": 1264.0}, {"x": 461.0, "y": 1264.0}, {"x": 461.0, "y": 1299.0}, {"x": 248.0, "y": 1299.0}]}, "description": " Approval:825809"}, {"boundingPoly": {"vertices": [{"x": 237.0, "y": 1320.0}, {"x": 423.0, "y": 1322.0}, {"x": 422.0, "y": 1373.0}, {"x": 237.0, "y": 1368.0}]}, "description": "NUJOY"}, {"boundingPoly": {"vertices": [{"x": 138.0, "y": 1399.0}, {"x": 349.0, "y": 1397.0}, {"x": 350.0, "y": 1424.0}, {"x": 138.0, "y": 1427.0}]}, "description": "AMERICAN EXPRES"}, {"boundingPoly": {"vertices": [{"x": 141.0, "y": 1432.0}, {"x": 361.0, "y": 1431.0}, {"x": 362.0, "y": 1459.0}, {"x": 141.0, "y": 1460.0}]}, "description": "A000000025010801"}, {"boundingPoly": {"vertices": [{"x": 140.0, "y": 1462.0}, {"x": 283.0, "y": 1463.0}, {"x": 283.0, "y": 1493.0}, {"x": 140.0, "y": 1491.0}]}, "description": "0000003000"}, {"boundingPoly": {"vertices": [{"x": 147.0, "y": 1497.0}, {"x": 195.0, "y": 1497.0}, {"x": 195.0, "y": 1524.0}, {"x": 147.0, "y": 1524.0}]}, "description": "-800"}, {"boundingPoly": {"vertices": [{"x": 142.0, "y": 1528.0}, {"x": 337.0, "y": 1528.0}, {"x": 337.0, "y": 1560.0}, {"x": 142.0, "y": 1558.0}]}, "description": "06600103642002"}, {"boundingPoly": {"vertices": [{"x": 138.0, "y": 1563.0}, {"x": 185.0, "y": 1564.0}, {"x": 184.0, "y": 1592.0}, {"x": 137.0, "y": 1591.0}]}, "description": "PIN"}, {"boundingPoly": {"vertices": [{"x": 763.0, "y": 1276.0}, {"x": 994.0, "y": 1276.0}, {"x": 994.0, "y": 1310.0}, {"x": 763.0, "y": 1310.0}]}, "description": " American Express:"}, {"boundingPoly": {"vertices": [{"x": 767.0, "y": 1313.0}, {"x": 930.0, "y": 1311.0}, {"x": 930.0, "y": 1340.0}, {"x": 767.0, "y": 1342.0}]}, "description": "Change"}, {"boundingPoly": {"vertices": [{"x": 1196.0, "y": 1269.0}, {"x": 1264.0, "y": 1264.0}, {"x": 1265.0, "y": 1291.0}, {"x": 1198.0, "y": 1297.0}]}, "description": "$6. 70"}, {"boundingPoly": {"vertices": [{"x": 1132.0, "y": 1303.0}, {"x": 1268.0, "y": 1300.0}, {"x": 1269.0, "y": 1332.0}, {"x": 1132.0, "y": 1334.0}]}, "description": "$0.00"}, {"boundingPoly": {"vertices": [{"x": 636.0, "y": 1286.0}, {"x": 638.0, "y": 1712.0}, {"x": 608.0, "y": 1712.0}, {"x": 606.0, "y": 1286.0}]}, "description": "$500 CASH GIVEAWAY ON BACK"}, {"boundingPoly": {"vertices": [{"x": 601.0, "y": 1743.0}, {"x": 640.0, "y": 1743.0}, {"x": 641.0, "y": 1762.0}, {"x": 603.0, "y": 1762.0}]}, "description": "-"}, {"boundingPoly": {"vertices": [{"x": 27.0, "y": 1365.0}, {"x": 185.0, "y": 1365.0}, {"x": 185.0, "y": 1396.0}, {"x": 27.0, "y": 1396.0}]}, "description": " Entry Mode:"}, {"boundingPoly": {"vertices": [{"x": 190.0, "y": 1366.0}, {"x": 327.0, "y": 1366.0}, {"x": 327.0, "y": 1397.0}, {"x": 190.0, "y": 1397.0}]}, "description": " Chip Tead"}, {"boundingPoly": {"vertices": [{"x": 27.0, "y": 1399.0}, {"x": 86.0, "y": 1399.0}, {"x": 86.0, "y": 1425.0}, {"x": 27.0, "y": 1425.0}]}, "description": " APL:"}, {"boundingPoly": {"vertices": [{"x": 30.0, "y": 1430.0}, {"x": 80.0, "y": 1430.0}, {"x": 80.0, "y": 1460.0}, {"x": 30.0, "y": 1460.0}]}, "description": " AID:"}, {"boundingPoly": {"vertices": [{"x": 32.0, "y": 1463.0}, {"x": 80.0, "y": 1463.0}, {"x": 80.0, "y": 1488.0}, {"x": 32.0, "y": 1488.0}]}, "description": " TVR:"}, {"boundingPoly": {"vertices": [{"x": 34.0, "y": 1504.0}, {"x": 84.0, "y": 1504.0}, {"x": 84.0, "y": 1528.0}, {"x": 34.0, "y": 1528.0}]}, "description": " 131:"}, {"boundingPoly": {"vertices": [{"x": 35.0, "y": 1529.0}, {"x": 87.0, "y": 1529.0}, {"x": 87.0, "y": 1557.0}, {"x": 35.0, "y": 1557.0}]}, "description": " IAD:"}, {"boundingPoly": {"vertices": [{"x": 33.0, "y": 1562.0}, {"x": 89.0, "y": 1562.0}, {"x": 89.0, "y": 1590.0}, {"x": 33.0, "y": 1590.0}]}, "description": " CVM:"}, {"boundingPoly": {"vertices": [{"x": 722.0, "y": 1380.0}, {"x": 788.0, "y": 1381.0}, {"x": 787.0, "y": 1409.0}, {"x": 721.0, "y": 1408.0}]}, "description": "SALE"}, {"boundingPoly": {"vertices": [{"x": 724.0, "y": 1414.0}, {"x": 944.0, "y": 1408.0}, {"x": 945.0, "y": 1439.0}, {"x": 724.0, "y": 1443.0}]}, "description": "American Express"}, {"boundingPoly": {"vertices": [{"x": 728.0, "y": 1444.0}, {"x": 841.0, "y": 1444.0}, {"x": 841.0, "y": 1479.0}, {"x": 728.0, "y": 1479.0}]}, "description": " Card Num"}, {"boundingPoly": {"vertices": [{"x": 847.0, "y": 1435.0}, {"x": 1141.0, "y": 1435.0}, {"x": 1141.0, "y": 1475.0}, {"x": 847.0, "y": 1475.0}]}, "description": " : (S) XXXXXXXXXXX1007"}, {"boundingPoly": {"vertices": [{"x": 727.0, "y": 1475.0}, {"x": 843.0, "y": 1475.0}, {"x": 843.0, "y": 1512.0}, {"x": 727.0, "y": 1512.0}]}, "description": " Terminal"}, {"boundingPoly": {"vertices": [{"x": 729.0, "y": 1510.0}, {"x": 845.0, "y": 1510.0}, {"x": 845.0, "y": 1545.0}, {"x": 729.0, "y": 1545.0}]}, "description": " Approval"}, {"boundingPoly": {"vertices": [{"x": 849.0, "y": 1470.0}, {"x": 1083.0, "y": 1470.0}, {"x": 1083.0, "y": 1508.0}, {"x": 849.0, "y": 1508.0}]}, "description": " : 720000097222101"}, {"boundingPoly": {"vertices": [{"x": 850.0, "y": 1506.0}, {"x": 962.0, "y": 1506.0}, {"x": 962.0, "y": 1541.0}, {"x": 850.0, "y": 1541.0}]}, "description": " : 595016"}, {"boundingPoly": {"vertices": [{"x": 75.0, "y": 1704.0}, {"x": 189.0, "y": 1704.0}, {"x": 189.0, "y": 1784.0}, {"x": 75.0, "y": 1784.0}]}, "description": " Ha"}, {"boundingPoly": {"vertices": [{"x": 117.0, "y": 1840.0}, {"x": 159.0, "y": 1839.0}, {"x": 162.0, "y": 1883.0}, {"x": 120.0, "y": 1883.0}]}, "description": "m"}, {"boundingPoly": {"vertices": [{"x": 198.0, "y": 1688.0}, {"x": 399.0, "y": 1688.0}, {"x": 399.0, "y": 1771.0}, {"x": 198.0, "y": 1771.0}]}, "description": " ADRIVE THRU"}, {"boundingPoly": {"vertices": [{"x": 164.0, "y": 1777.0}, {"x": 487.0, "y": 1776.0}, {"x": 487.0, "y": 1811.0}, {"x": 164.0, "y": 1812.0}]}, "description": "Thank you for visiting!"}, {"boundingPoly": {"vertices": [{"x": 459.0, "y": 1826.0}, {"x": 611.0, "y": 1826.0}, {"x": 611.0, "y": 1893.0}, {"x": 459.0, "y": 1893.0}]}, "description": " 7 V"}, {"boundingPoly": {"vertices": [{"x": 888.0, "y": 1739.0}, {"x": 1135.0, "y": 1736.0}, {"x": 1136.0, "y": 1766.0}, {"x": 888.0, "y": 1771.0}]}, "description": "Thank You"}, {"boundingPoly": {"vertices": [{"x": 872.0, "y": 1774.0}, {"x": 1147.0, "y": 1768.0}, {"x": 1148.0, "y": 1799.0}, {"x": 872.0, "y": 1804.0}]}, "description": "Come Again"}, {"boundingPoly": {"vertices": [{"x": 641.0, "y": 1788.0}, {"x": 642.0, "y": 2192.0}, {"x": 610.0, "y": 2192.0}, {"x": 609.0, "y": 1788.0}]}, "description": "$500 CASH GIVEAWAY ON BAC"}, {"boundingPoly": {"vertices": [{"x": 914.0, "y": 1808.0}, {"x": 1160.0, "y": 1801.0}, {"x": 1161.0, "y": 1830.0}, {"x": 914.0, "y": 1838.0}]}, "description": "Sparky's Touchdown"}, {"boundingPoly": {"vertices": [{"x": 164.0, "y": 1841.0}, {"x": 449.0, "y": 1841.0}, {"x": 449.0, "y": 1903.0}, {"x": 164.0, "y": 1903.0}]}, "description": " Total Items in Order:"}, {"boundingPoly": {"vertices": [{"x": 760.0, "y": 1834.0}, {"x": 1172.0, "y": 1834.0}, {"x": 1172.0, "y": 1874.0}, {"x": 760.0, "y": 1874.0}]}, "description": " Text \"Touchdown\" to 620620 te"}, {"boundingPoly": {"vertices": [{"x": 1183.0, "y": 1833.0}, {"x": 1215.0, "y": 1833.0}, {"x": 1215.0, "y": 1865.0}, {"x": 1183.0, "y": 1865.0}]}, "description": " .n"}, {"boundingPoly": {"vertices": [{"x": 731.0, "y": 1874.0}, {"x": 1273.0, "y": 1866.0}, {"x": 1274.0, "y": 1896.0}, {"x": 731.0, "y": 1906.0}]}, "description": "Weekly Tickets & Grand Prize Experience"}, {"boundingPoly": {"vertices": [{"x": 119.0, "y": 2023.0}, {"x": 537.0, "y": 2023.0}, {"x": 537.0, "y": 2093.0}, {"x": 119.0, "y": 2092.0}]}, "description": "merchant name"}, {"boundingPoly": {"vertices": [{"x": 117.0, "y": 2097.0}, {"x": 545.0, "y": 2096.0}, {"x": 545.0, "y": 2197.0}, {"x": 118.0, "y": 2198.0}]}, "description": "DELIVERY"}]}