{"textAnnotations": [{"boundingPoly": {"vertices": [{"x": 591.0, "y": 84.0}, {"x": 679.0, "y": 84.0}, {"x": 679.0, "y": 112.0}, {"x": 591.0, "y": 112.0}]}, "description": "merchant name"}, {"boundingPoly": {"vertices": [{"x": 581.0, "y": 117.0}, {"x": 894.0, "y": 123.0}, {"x": 894.0, "y": 153.0}, {"x": 581.0, "y": 146.0}]}, "description": "merchant address"}, {"boundingPoly": {"vertices": [{"x": 590.0, "y": 157.0}, {"x": 737.0, "y": 157.0}, {"x": 737.0, "y": 189.0}, {"x": 590.0, "y": 189.0}]}, "description": "merchant address"}, {"boundingPoly": {"vertices": [{"x": 682.0, "y": 87.0}, {"x": 790.0, "y": 87.0}, {"x": 790.0, "y": 114.0}, {"x": 682.0, "y": 114.0}]}, "description": "merchant name"}, {"boundingPoly": {"vertices": [{"x": 800.0, "y": 89.0}, {"x": 864.0, "y": 89.0}, {"x": 864.0, "y": 115.0}, {"x": 800.0, "y": 115.0}]}, "description": "merchant name"}, {"boundingPoly": {"vertices": [{"x": 744.0, "y": 159.0}, {"x": 787.0, "y": 159.0}, {"x": 787.0, "y": 189.0}, {"x": 744.0, "y": 189.0}]}, "description": "merchant address"}, {"boundingPoly": {"vertices": [{"x": 793.0, "y": 159.0}, {"x": 877.0, "y": 159.0}, {"x": 877.0, "y": 189.0}, {"x": 793.0, "y": 189.0}]}, "description": "merchant address"}, {"boundingPoly": {"vertices": [{"x": 778.0, "y": 274.0}, {"x": 985.0, "y": 274.0}, {"x": 985.0, "y": 303.0}, {"x": 778.0, "y": 303.0}]}, "description": " Check #:37472"}, {"boundingPoly": {"vertices": [{"x": 499.0, "y": 310.0}, {"x": 639.0, "y": 310.0}, {"x": 639.0, "y": 341.0}, {"x": 499.0, "y": 341.0}]}, "description": "Table 423"}, {"boundingPoly": {"vertices": [{"x": 503.0, "y": 387.0}, {"x": 795.0, "y": 387.0}, {"x": 795.0, "y": 418.0}, {"x": 503.0, "y": 418.0}]}, "description": " 19:47:01 11/05/2019"}, {"boundingPoly": {"vertices": [{"x": 873.0, "y": 388.0}, {"x": 920.0, "y": 388.0}, {"x": 919.0, "y": 413.0}, {"x": 873.0, "y": 413.0}]}, "description": "Gst"}, {"boundingPoly": {"vertices": [{"x": 536.0, "y": 542.0}, {"x": 558.0, "y": 542.0}, {"x": 558.0, "y": 572.0}, {"x": 536.0, "y": 572.0}]}, "description": " 1"}, {"boundingPoly": {"vertices": [{"x": 536.0, "y": 577.0}, {"x": 857.0, "y": 574.0}, {"x": 857.0, "y": 603.0}, {"x": 537.0, "y": 606.0}]}, "description": "1 Chicken & Shrimp Ca"}, {"boundingPoly": {"vertices": [{"x": 538.0, "y": 613.0}, {"x": 559.0, "y": 613.0}, {"x": 559.0, "y": 641.0}, {"x": 538.0, "y": 641.0}]}, "description": " |"}, {"boundingPoly": {"vertices": [{"x": 563.0, "y": 541.0}, {"x": 692.0, "y": 541.0}, {"x": 692.0, "y": 571.0}, {"x": 563.0, "y": 571.0}]}, "description": " Iced Tea"}, {"boundingPoly": {"vertices": [{"x": 917.0, "y": 536.0}, {"x": 984.0, "y": 535.0}, {"x": 985.0, "y": 562.0}, {"x": 917.0, "y": 564.0}]}, "description": "2.90"}, {"boundingPoly": {"vertices": [{"x": 903.0, "y": 574.0}, {"x": 982.0, "y": 572.0}, {"x": 982.0, "y": 598.0}, {"x": 904.0, "y": 601.0}]}, "description": "19.29"}, {"boundingPoly": {"vertices": [{"x": 917.0, "y": 609.0}, {"x": 983.0, "y": 608.0}, {"x": 984.0, "y": 633.0}, {"x": 917.0, "y": 634.0}]}, "description": "0.00"}, {"boundingPoly": {"vertices": [{"x": 564.0, "y": 614.0}, {"x": 588.0, "y": 614.0}, {"x": 588.0, "y": 641.0}, {"x": 564.0, "y": 641.0}]}, "description": " *"}, {"boundingPoly": {"vertices": [{"x": 593.0, "y": 613.0}, {"x": 679.0, "y": 613.0}, {"x": 679.0, "y": 641.0}, {"x": 593.0, "y": 641.0}]}, "description": " Salad"}, {"boundingPoly": {"vertices": [{"x": 508.0, "y": 689.0}, {"x": 625.0, "y": 688.0}, {"x": 626.0, "y": 715.0}, {"x": 508.0, "y": 716.0}]}, "description": "SUBTOTAL"}, {"boundingPoly": {"vertices": [{"x": 510.0, "y": 726.0}, {"x": 560.0, "y": 726.0}, {"x": 560.0, "y": 750.0}, {"x": 510.0, "y": 750.0}]}, "description": "TAX"}, {"boundingPoly": {"vertices": [{"x": 508.0, "y": 762.0}, {"x": 586.0, "y": 763.0}, {"x": 585.0, "y": 789.0}, {"x": 508.0, "y": 788.0}]}, "description": "TOTAL"}, {"boundingPoly": {"vertices": [{"x": 901.0, "y": 682.0}, {"x": 984.0, "y": 681.0}, {"x": 984.0, "y": 707.0}, {"x": 901.0, "y": 709.0}]}, "description": "22.19"}, {"boundingPoly": {"vertices": [{"x": 917.0, "y": 717.0}, {"x": 980.0, "y": 717.0}, {"x": 980.0, "y": 742.0}, {"x": 917.0, "y": 742.0}]}, "description": "2.11"}, {"boundingPoly": {"vertices": [{"x": 901.0, "y": 755.0}, {"x": 982.0, "y": 755.0}, {"x": 982.0, "y": 778.0}, {"x": 901.0, "y": 779.0}]}, "description": "24.30"}, {"boundingPoly": {"vertices": [{"x": 511.0, "y": 870.0}, {"x": 627.0, "y": 870.0}, {"x": 627.0, "y": 897.0}, {"x": 511.0, "y": 897.0}]}, "description": " Payments"}, {"boundingPoly": {"vertices": [{"x": 511.0, "y": 904.0}, {"x": 835.0, "y": 901.0}, {"x": 835.0, "y": 927.0}, {"x": 511.0, "y": 932.0}]}, "description": "AMERICAN EXPRESS/1005"}, {"boundingPoly": {"vertices": [{"x": 510.0, "y": 941.0}, {"x": 730.0, "y": 939.0}, {"x": 730.0, "y": 965.0}, {"x": 510.0, "y": 968.0}]}, "description": "Auth/Chip Read"}, {"boundingPoly": {"vertices": [{"x": 572.0, "y": 974.0}, {"x": 679.0, "y": 974.0}, {"x": 679.0, "y": 1001.0}, {"x": 572.0, "y": 1001.0}]}, "description": " *** 2936"}, {"boundingPoly": {"vertices": [{"x": 576.0, "y": 1007.0}, {"x": 818.0, "y": 1007.0}, {"x": 818.0, "y": 1039.0}, {"x": 576.0, "y": 1039.0}]}, "description": " 1911050700037472"}, {"boundingPoly": {"vertices": [{"x": 572.0, "y": 1044.0}, {"x": 816.0, "y": 1044.0}, {"x": 816.0, "y": 1074.0}, {"x": 572.0, "y": 1074.0}]}, "description": " A000000025010801"}, {"boundingPoly": {"vertices": [{"x": 572.0, "y": 1081.0}, {"x": 731.0, "y": 1081.0}, {"x": 731.0, "y": 1109.0}, {"x": 572.0, "y": 1109.0}]}, "description": " 0000008000"}, {"boundingPoly": {"vertices": [{"x": 527.0, "y": 1112.0}, {"x": 881.0, "y": 1112.0}, {"x": 881.0, "y": 1145.0}, {"x": 527.0, "y": 1145.0}]}, "description": " AD:2581925F413030"}, {"boundingPoly": {"vertices": [{"x": 574.0, "y": 1153.0}, {"x": 642.0, "y": 1153.0}, {"x": 642.0, "y": 1180.0}, {"x": 574.0, "y": 1180.0}]}, "description": " E800"}, {"boundingPoly": {"vertices": [{"x": 574.0, "y": 1189.0}, {"x": 610.0, "y": 1189.0}, {"x": 610.0, "y": 1215.0}, {"x": 574.0, "y": 1215.0}]}, "description": " 00"}, {"boundingPoly": {"vertices": [{"x": 520.0, "y": 1222.0}, {"x": 628.0, "y": 1222.0}, {"x": 628.0, "y": 1252.0}, {"x": 520.0, "y": 1252.0}]}, "description": " TRN SEQ:"}, {"boundingPoly": {"vertices": [{"x": 623.0, "y": 1255.0}, {"x": 763.0, "y": 1255.0}, {"x": 763.0, "y": 1286.0}, {"x": 623.0, "y": 1286.0}]}, "description": " 858621284"}, {"boundingPoly": {"vertices": [{"x": 563.0, "y": 1297.0}, {"x": 644.0, "y": 1297.0}, {"x": 644.0, "y": 1322.0}, {"x": 563.0, "y": 1322.0}]}, "description": " : Amex"}, {"boundingPoly": {"vertices": [{"x": 516.0, "y": 1331.0}, {"x": 575.0, "y": 1331.0}, {"x": 575.0, "y": 1358.0}, {"x": 516.0, "y": 1358.0}]}, "description": " MODE"}, {"boundingPoly": {"vertices": [{"x": 516.0, "y": 1366.0}, {"x": 665.0, "y": 1366.0}, {"x": 665.0, "y": 1394.0}, {"x": 516.0, "y": 1394.0}]}, "description": " Auth Code:"}, {"boundingPoly": {"vertices": [{"x": 632.0, "y": 870.0}, {"x": 644.0, "y": 870.0}, {"x": 644.0, "y": 896.0}, {"x": 632.0, "y": 896.0}]}, "description": " :"}, {"boundingPoly": {"vertices": [{"x": 517.0, "y": 976.0}, {"x": 567.0, "y": 976.0}, {"x": 567.0, "y": 1002.0}, {"x": 517.0, "y": 1002.0}]}, "description": " TID:"}, {"boundingPoly": {"vertices": [{"x": 513.0, "y": 1013.0}, {"x": 571.0, "y": 1013.0}, {"x": 571.0, "y": 1040.0}, {"x": 513.0, "y": 1040.0}]}, "description": " RRN:"}, {"boundingPoly": {"vertices": [{"x": 514.0, "y": 1049.0}, {"x": 567.0, "y": 1049.0}, {"x": 567.0, "y": 1076.0}, {"x": 514.0, "y": 1076.0}]}, "description": " AID:"}, {"boundingPoly": {"vertices": [{"x": 518.0, "y": 1083.0}, {"x": 567.0, "y": 1083.0}, {"x": 567.0, "y": 1110.0}, {"x": 518.0, "y": 1110.0}]}, "description": " TVR:"}, {"boundingPoly": {"vertices": [{"x": 519.0, "y": 1154.0}, {"x": 569.0, "y": 1154.0}, {"x": 569.0, "y": 1181.0}, {"x": 519.0, "y": 1181.0}]}, "description": " TSI:"}, {"boundingPoly": {"vertices": [{"x": 515.0, "y": 1190.0}, {"x": 568.0, "y": 1190.0}, {"x": 568.0, "y": 1216.0}, {"x": 515.0, "y": 1216.0}]}, "description": " ARC"}, {"boundingPoly": {"vertices": [{"x": 634.0, "y": 1221.0}, {"x": 764.0, "y": 1221.0}, {"x": 764.0, "y": 1251.0}, {"x": 634.0, "y": 1251.0}]}, "description": " 00001476"}, {"boundingPoly": {"vertices": [{"x": 521.0, "y": 1258.0}, {"x": 618.0, "y": 1258.0}, {"x": 618.0, "y": 1287.0}, {"x": 521.0, "y": 1287.0}]}, "description": " TRN ID:"}, {"boundingPoly": {"vertices": [{"x": 514.0, "y": 1297.0}, {"x": 558.0, "y": 1297.0}, {"x": 558.0, "y": 1322.0}, {"x": 514.0, "y": 1322.0}]}, "description": " NET"}, {"boundingPoly": {"vertices": [{"x": 580.0, "y": 1331.0}, {"x": 688.0, "y": 1331.0}, {"x": 688.0, "y": 1357.0}, {"x": 580.0, "y": 1357.0}]}, "description": " : Issuer"}, {"boundingPoly": {"vertices": [{"x": 670.0, "y": 1364.0}, {"x": 764.0, "y": 1364.0}, {"x": 764.0, "y": 1391.0}, {"x": 670.0, "y": 1391.0}]}, "description": " 843002"}, {"boundingPoly": {"vertices": [{"x": 580.0, "y": 1437.0}, {"x": 811.0, "y": 1434.0}, {"x": 811.0, "y": 1462.0}, {"x": 580.0, "y": 1466.0}]}, "description": "Purchase Amount"}, {"boundingPoly": {"vertices": [{"x": 583.0, "y": 1473.0}, {"x": 704.0, "y": 1470.0}, {"x": 705.0, "y": 1501.0}, {"x": 583.0, "y": 1504.0}]}, "description": "Tip Paid"}, {"boundingPoly": {"vertices": [{"x": 918.0, "y": 1433.0}, {"x": 996.0, "y": 1433.0}, {"x": 996.0, "y": 1458.0}, {"x": 918.0, "y": 1459.0}]}, "description": "24.30"}, {"boundingPoly": {"vertices": [{"x": 937.0, "y": 1469.0}, {"x": 1000.0, "y": 1470.0}, {"x": 999.0, "y": 1494.0}, {"x": 937.0, "y": 1494.0}]}, "description": "3.70"}, {"boundingPoly": {"vertices": [{"x": 584.0, "y": 1549.0}, {"x": 664.0, "y": 1549.0}, {"x": 664.0, "y": 1576.0}, {"x": 584.0, "y": 1576.0}]}, "description": " TOTAL"}, {"boundingPoly": {"vertices": [{"x": 671.0, "y": 1547.0}, {"x": 737.0, "y": 1547.0}, {"x": 737.0, "y": 1576.0}, {"x": 671.0, "y": 1576.0}]}, "description": " PAID"}, {"boundingPoly": {"vertices": [{"x": 841.0, "y": 1543.0}, {"x": 1005.0, "y": 1541.0}, {"x": 1005.0, "y": 1567.0}, {"x": 841.0, "y": 1570.0}]}, "description": "USD$ 28.00"}, {"boundingPoly": {"vertices": [{"x": 522.0, "y": 1625.0}, {"x": 724.0, "y": 1623.0}, {"x": 724.0, "y": 1649.0}, {"x": 522.0, "y": 1651.0}]}, "description": "Check Balance"}, {"boundingPoly": {"vertices": [{"x": 937.0, "y": 1618.0}, {"x": 1004.0, "y": 1617.0}, {"x": 1004.0, "y": 1641.0}, {"x": 936.0, "y": 1642.0}]}, "description": "0.00"}, {"boundingPoly": {"vertices": [{"x": 521.0, "y": 1829.0}, {"x": 562.0, "y": 1829.0}, {"x": 562.0, "y": 1849.0}, {"x": 521.0, "y": 1849.0}]}, "description": " Try"}, {"boundingPoly": {"vertices": [{"x": 565.0, "y": 1829.0}, {"x": 597.0, "y": 1829.0}, {"x": 597.0, "y": 1849.0}, {"x": 565.0, "y": 1849.0}]}, "description": " -5"}, {"boundingPoly": {"vertices": [{"x": 602.0, "y": 1828.0}, {"x": 651.0, "y": 1828.0}, {"x": 651.0, "y": 1848.0}, {"x": 602.0, "y": 1848.0}]}, "description": " TO G"}, {"boundingPoly": {"vertices": [{"x": 692.0, "y": 1824.0}, {"x": 855.0, "y": 1824.0}, {"x": 855.0, "y": 1849.0}, {"x": 692.0, "y": 1849.0}]}, "description": " order online:"}, {"boundingPoly": {"vertices": [{"x": 860.0, "y": 1824.0}, {"x": 986.0, "y": 1824.0}, {"x": 986.0, "y": 1849.0}, {"x": 860.0, "y": 1849.0}]}, "description": " ogtogo. com"}, {"boundingPoly": {"vertices": [{"x": 519.0, "y": 1883.0}, {"x": 861.0, "y": 1882.0}, {"x": 861.0, "y": 1903.0}, {"x": 519.0, "y": 1904.0}]}, "description": "THANKS FOR VISIT NG US TODAY"}, {"boundingPoly": {"vertices": [{"x": 522.0, "y": 1936.0}, {"x": 832.0, "y": 1938.0}, {"x": 832.0, "y": 1962.0}, {"x": 522.0, "y": 1959.0}]}, "description": "GRACIAS POR VISI ARNOS HOY"}, {"boundingPoly": {"vertices": [{"x": 523.0, "y": 1966.0}, {"x": 654.0, "y": 1966.0}, {"x": 654.0, "y": 1991.0}, {"x": 523.0, "y": 1990.0}]}, "description": "Lee Maybury"}, {"boundingPoly": {"vertices": [{"x": 522.0, "y": 2019.0}, {"x": 699.0, "y": 2020.0}, {"x": 699.0, "y": 2042.0}, {"x": 522.0, "y": 2041.0}]}, "description": "GENERAL MANAGER"}, {"boundingPoly": {"vertices": [{"x": 526.0, "y": 2046.0}, {"x": 691.0, "y": 2047.0}, {"x": 691.0, "y": 2070.0}, {"x": 526.0, "y": 2069.0}]}, "description": "(623) 975-6774"}]}