{"textAnnotations": [{"boundingPoly": {"vertices": [{"x": 1174.0, "y": 380.0}, {"x": 1321.0, "y": 380.0}, {"x": 1321.0, "y": 409.0}, {"x": 1174.0, "y": 409.0}]}, "description": "merchant name"}, {"boundingPoly": {"vertices": [{"x": 1109.0, "y": 414.0}, {"x": 1402.0, "y": 414.0}, {"x": 1402.0, "y": 442.0}, {"x": 1109.0, "y": 441.0}]}, "description": "merchant address"}, {"boundingPoly": {"vertices": [{"x": 1147.0, "y": 446.0}, {"x": 1284.0, "y": 446.0}, {"x": 1284.0, "y": 476.0}, {"x": 1147.0, "y": 476.0}]}, "description": "merchant address"}, {"boundingPoly": {"vertices": [{"x": 1161.0, "y": 479.0}, {"x": 1348.0, "y": 479.0}, {"x": 1348.0, "y": 507.0}, {"x": 1162.0, "y": 508.0}]}, "description": "merchant phone"}, {"boundingPoly": {"vertices": [{"x": 1199.0, "y": 511.0}, {"x": 1417.0, "y": 511.0}, {"x": 1417.0, "y": 541.0}, {"x": 1199.0, "y": 541.0}]}, "description": " Oct30'19 06:24PM"}, {"boundingPoly": {"vertices": [{"x": 1191.0, "y": 544.0}, {"x": 1254.0, "y": 544.0}, {"x": 1255.0, "y": 572.0}, {"x": 1190.0, "y": 572.0}]}, "description": "AMEX"}, {"boundingPoly": {"vertices": [{"x": 1201.0, "y": 577.0}, {"x": 1401.0, "y": 577.0}, {"x": 1401.0, "y": 603.0}, {"x": 1201.0, "y": 604.0}]}, "description": "XXXXXXXXXXX1003"}, {"boundingPoly": {"vertices": [{"x": 1197.0, "y": 610.0}, {"x": 1282.0, "y": 610.0}, {"x": 1282.0, "y": 637.0}, {"x": 1197.0, "y": 637.0}]}, "description": " SWIPED"}, {"boundingPoly": {"vertices": [{"x": 1197.0, "y": 641.0}, {"x": 1307.0, "y": 641.0}, {"x": 1307.0, "y": 672.0}, {"x": 1197.0, "y": 672.0}]}, "description": " PURCHASE"}, {"boundingPoly": {"vertices": [{"x": 1188.0, "y": 674.0}, {"x": 1400.0, "y": 673.0}, {"x": 1400.0, "y": 702.0}, {"x": 1188.0, "y": 702.0}]}, "description": "III010133643188"}, {"boundingPoly": {"vertices": [{"x": 1190.0, "y": 707.0}, {"x": 1281.0, "y": 706.0}, {"x": 1282.0, "y": 735.0}, {"x": 1190.0, "y": 736.0}]}, "description": "541453"}, {"boundingPoly": {"vertices": [{"x": 1199.0, "y": 742.0}, {"x": 1240.0, "y": 742.0}, {"x": 1240.0, "y": 766.0}, {"x": 1199.0, "y": 766.0}]}, "description": "658"}, {"boundingPoly": {"vertices": [{"x": 1201.0, "y": 771.0}, {"x": 1245.0, "y": 770.0}, {"x": 1246.0, "y": 801.0}, {"x": 1203.0, "y": 802.0}]}, "description": "17/"}, {"boundingPoly": {"vertices": [{"x": 1204.0, "y": 805.0}, {"x": 1292.0, "y": 804.0}, {"x": 1293.0, "y": 835.0}, {"x": 1204.0, "y": 835.0}]}, "description": "1051 MJ"}, {"boundingPoly": {"vertices": [{"x": 1289.0, "y": 446.0}, {"x": 1359.0, "y": 446.0}, {"x": 1359.0, "y": 476.0}, {"x": 1289.0, "y": 476.0}]}, "description": " 20192"}, {"boundingPoly": {"vertices": [{"x": 1040.0, "y": 512.0}, {"x": 1103.0, "y": 512.0}, {"x": 1103.0, "y": 540.0}, {"x": 1040.0, "y": 540.0}]}, "description": " Date:"}, {"boundingPoly": {"vertices": [{"x": 1040.0, "y": 545.0}, {"x": 1179.0, "y": 545.0}, {"x": 1179.0, "y": 574.0}, {"x": 1040.0, "y": 574.0}]}, "description": " Card Type:"}, {"boundingPoly": {"vertices": [{"x": 1043.0, "y": 577.0}, {"x": 1135.0, "y": 577.0}, {"x": 1135.0, "y": 607.0}, {"x": 1043.0, "y": 607.0}]}, "description": " Acct #:"}, {"boundingPoly": {"vertices": [{"x": 1039.0, "y": 610.0}, {"x": 1192.0, "y": 610.0}, {"x": 1192.0, "y": 638.0}, {"x": 1039.0, "y": 638.0}]}, "description": " Card Entry:"}, {"boundingPoly": {"vertices": [{"x": 1042.0, "y": 641.0}, {"x": 1191.0, "y": 641.0}, {"x": 1191.0, "y": 672.0}, {"x": 1042.0, "y": 672.0}]}, "description": " Trans Type:"}, {"boundingPoly": {"vertices": [{"x": 1041.0, "y": 675.0}, {"x": 1182.0, "y": 675.0}, {"x": 1182.0, "y": 706.0}, {"x": 1041.0, "y": 706.0}]}, "description": " Trans Key:"}, {"boundingPoly": {"vertices": [{"x": 1039.0, "y": 707.0}, {"x": 1181.0, "y": 707.0}, {"x": 1181.0, "y": 736.0}, {"x": 1039.0, "y": 736.0}]}, "description": " Auth Code:"}, {"boundingPoly": {"vertices": [{"x": 1039.0, "y": 741.0}, {"x": 1119.0, "y": 741.0}, {"x": 1119.0, "y": 768.0}, {"x": 1039.0, "y": 768.0}]}, "description": " Check:"}, {"boundingPoly": {"vertices": [{"x": 1040.0, "y": 773.0}, {"x": 1120.0, "y": 773.0}, {"x": 1120.0, "y": 801.0}, {"x": 1040.0, "y": 801.0}]}, "description": " Table:"}, {"boundingPoly": {"vertices": [{"x": 1039.0, "y": 807.0}, {"x": 1131.0, "y": 807.0}, {"x": 1131.0, "y": 833.0}, {"x": 1039.0, "y": 833.0}]}, "description": " Server:"}, {"boundingPoly": {"vertices": [{"x": 1039.0, "y": 869.0}, {"x": 1160.0, "y": 869.0}, {"x": 1160.0, "y": 902.0}, {"x": 1039.0, "y": 902.0}]}, "description": " Subtotal:"}, {"boundingPoly": {"vertices": [{"x": 1302.0, "y": 868.0}, {"x": 1439.0, "y": 868.0}, {"x": 1439.0, "y": 901.0}, {"x": 1302.0, "y": 900.0}]}, "description": "23.85"}, {"boundingPoly": {"vertices": [{"x": 1039.0, "y": 965.0}, {"x": 1255.0, "y": 965.0}, {"x": 1255.0, "y": 1002.0}, {"x": 1039.0, "y": 1001.0}]}, "description": "TIP (Thank You) ..."}, {"boundingPoly": {"vertices": [{"x": 1318.0, "y": 942.0}, {"x": 1536.0, "y": 930.0}, {"x": 1538.0, "y": 976.0}, {"x": 1319.0, "y": 996.0}]}, "description": "3.50-"}, {"boundingPoly": {"vertices": [{"x": 1483.0, "y": 1026.0}, {"x": 1504.0, "y": 1026.0}, {"x": 1504.0, "y": 1073.0}, {"x": 1483.0, "y": 1073.0}]}, "description": " -"}, {"boundingPoly": {"vertices": [{"x": 1038.0, "y": 1064.0}, {"x": 1111.0, "y": 1064.0}, {"x": 1112.0, "y": 1095.0}, {"x": 1039.0, "y": 1097.0}]}, "description": "TOTAL"}, {"boundingPoly": {"vertices": [{"x": 1188.0, "y": 1031.0}, {"x": 1410.0, "y": 1031.0}, {"x": 1410.0, "y": 1084.0}, {"x": 1188.0, "y": 1084.0}]}, "description": " -27. 35"}, {"boundingPoly": {"vertices": [{"x": 1035.0, "y": 1162.0}, {"x": 1159.0, "y": 1161.0}, {"x": 1160.0, "y": 1193.0}, {"x": 1035.0, "y": 1194.0}]}, "description": "SIGNATURE"}, {"boundingPoly": {"vertices": [{"x": 1035.0, "y": 1196.0}, {"x": 1053.0, "y": 1196.0}, {"x": 1053.0, "y": 1230.0}, {"x": 1035.0, "y": 1230.0}]}, "description": " I"}, {"boundingPoly": {"vertices": [{"x": 1059.0, "y": 1196.0}, {"x": 1439.0, "y": 1196.0}, {"x": 1439.0, "y": 1229.0}, {"x": 1059.0, "y": 1229.0}]}, "description": " AGREE TO PAY THE ABOVE TOTAL"}, {"boundingPoly": {"vertices": [{"x": 1036.0, "y": 1227.0}, {"x": 1400.0, "y": 1229.0}, {"x": 1400.0, "y": 1261.0}, {"x": 1036.0, "y": 1259.0}]}, "description": "ACCORDING TO MY CARD ISSUER"}, {"boundingPoly": {"vertices": [{"x": 1034.0, "y": 1262.0}, {"x": 1174.0, "y": 1262.0}, {"x": 1175.0, "y": 1291.0}, {"x": 1034.0, "y": 1293.0}]}, "description": "AGREEMENT!"}]}