{"textAnnotations": [{"boundingPoly": {"vertices": [{"x": 1293.0, "y": 786.0}, {"x": 1882.0, "y": 786.0}, {"x": 1882.0, "y": 845.0}, {"x": 1293.0, "y": 846.0}]}, "description": "Wild Sage Tax Invoice"}, {"boundingPoly": {"vertices": [{"x": 1731.0, "y": 848.0}, {"x": 2052.0, "y": 848.0}, {"x": 2053.0, "y": 894.0}, {"x": 1731.0, "y": 894.0}]}, "description": "24/10/2019 13 56"}, {"boundingPoly": {"vertices": [{"x": 1908.0, "y": 899.0}, {"x": 2048.0, "y": 900.0}, {"x": 2048.0, "y": 940.0}, {"x": 1908.0, "y": 938.0}]}, "description": "319899"}, {"boundingPoly": {"vertices": [{"x": 1940.0, "y": 953.0}, {"x": 2038.0, "y": 957.0}, {"x": 2037.0, "y": 990.0}, {"x": 1938.0, "y": 989.0}]}, "description": "Price"}, {"boundingPoly": {"vertices": [{"x": 1958.0, "y": 1001.0}, {"x": 2041.0, "y": 1002.0}, {"x": 2038.0, "y": 1039.0}, {"x": 1955.0, "y": 1038.0}]}, "description": "7.00"}, {"boundingPoly": {"vertices": [{"x": 1929.0, "y": 1054.0}, {"x": 2033.0, "y": 1054.0}, {"x": 2033.0, "y": 1089.0}, {"x": 1929.0, "y": 1089.0}]}, "description": "26.00"}, {"boundingPoly": {"vertices": [{"x": 1931.0, "y": 1101.0}, {"x": 2032.0, "y": 1102.0}, {"x": 2032.0, "y": 1140.0}, {"x": 1929.0, "y": 1137.0}]}, "description": "27.00"}, {"boundingPoly": {"vertices": [{"x": 1931.0, "y": 1151.0}, {"x": 2029.0, "y": 1152.0}, {"x": 2027.0, "y": 1189.0}, {"x": 1930.0, "y": 1188.0}]}, "description": "17.00"}, {"boundingPoly": {"vertices": [{"x": 1923.0, "y": 1202.0}, {"x": 2023.0, "y": 1203.0}, {"x": 2021.0, "y": 1238.0}, {"x": 1922.0, "y": 1237.0}]}, "description": "25.00"}, {"boundingPoly": {"vertices": [{"x": 1922.0, "y": 1248.0}, {"x": 2024.0, "y": 1250.0}, {"x": 2023.0, "y": 1283.0}, {"x": 1922.0, "y": 1281.0}]}, "description": "32.00"}, {"boundingPoly": {"vertices": [{"x": 1945.0, "y": 1295.0}, {"x": 2029.0, "y": 1295.0}, {"x": 2029.0, "y": 1325.0}, {"x": 1945.0, "y": 1326.0}]}, "description": "8.00"}, {"boundingPoly": {"vertices": [{"x": 1930.0, "y": 1332.0}, {"x": 2033.0, "y": 1332.0}, {"x": 2033.0, "y": 1366.0}, {"x": 1930.0, "y": 1366.0}]}, "description": "22.00"}, {"boundingPoly": {"vertices": [{"x": 1961.0, "y": 1376.0}, {"x": 2047.0, "y": 1372.0}, {"x": 2048.0, "y": 1405.0}, {"x": 1962.0, "y": 1407.0}]}, "description": "6.50"}, {"boundingPoly": {"vertices": [{"x": 1952.0, "y": 1415.0}, {"x": 2053.0, "y": 1416.0}, {"x": 2053.0, "y": 1451.0}, {"x": 1950.0, "y": 1450.0}]}, "description": "32.00"}, {"boundingPoly": {"vertices": [{"x": 1854.0, "y": 1462.0}, {"x": 2059.0, "y": 1462.0}, {"x": 2059.0, "y": 1509.0}, {"x": 1854.0, "y": 1510.0}]}, "description": "$ 202.50"}, {"boundingPoly": {"vertices": [{"x": 1140.0, "y": 856.0}, {"x": 1176.0, "y": 857.0}, {"x": 1174.0, "y": 893.0}, {"x": 1139.0, "y": 892.0}]}, "description": "70"}, {"boundingPoly": {"vertices": [{"x": 1136.0, "y": 964.0}, {"x": 1171.0, "y": 964.0}, {"x": 1169.0, "y": 995.0}, {"x": 1134.0, "y": 994.0}]}, "description": "#"}, {"boundingPoly": {"vertices": [{"x": 1137.0, "y": 1011.0}, {"x": 1162.0, "y": 1016.0}, {"x": 1160.0, "y": 1042.0}, {"x": 1135.0, "y": 1037.0}]}, "description": "1"}, {"boundingPoly": {"vertices": [{"x": 1188.0, "y": 960.0}, {"x": 1269.0, "y": 960.0}, {"x": 1267.0, "y": 993.0}, {"x": 1186.0, "y": 993.0}]}, "description": "Item"}, {"boundingPoly": {"vertices": [{"x": 1183.0, "y": 1008.0}, {"x": 1416.0, "y": 1007.0}, {"x": 1416.0, "y": 1043.0}, {"x": 1183.0, "y": 1044.0}]}, "description": "House Salad"}, {"boundingPoly": {"vertices": [{"x": 1184.0, "y": 1056.0}, {"x": 1423.0, "y": 1055.0}, {"x": 1423.0, "y": 1095.0}, {"x": 1184.0, "y": 1096.0}]}, "description": "Salmon Bowl"}, {"boundingPoly": {"vertices": [{"x": 1191.0, "y": 1106.0}, {"x": 1335.0, "y": 1108.0}, {"x": 1334.0, "y": 1145.0}, {"x": 1191.0, "y": 1144.0}]}, "description": "Gnocchi"}, {"boundingPoly": {"vertices": [{"x": 1185.0, "y": 1156.0}, {"x": 1379.0, "y": 1156.0}, {"x": 1379.0, "y": 1192.0}, {"x": 1185.0, "y": 1193.0}]}, "description": "Cauliflower"}, {"boundingPoly": {"vertices": [{"x": 1178.0, "y": 1205.0}, {"x": 1369.0, "y": 1206.0}, {"x": 1369.0, "y": 1244.0}, {"x": 1178.0, "y": 1244.0}]}, "description": "Duck wrap"}, {"boundingPoly": {"vertices": [{"x": 1181.0, "y": 1254.0}, {"x": 1434.0, "y": 1255.0}, {"x": 1434.0, "y": 1290.0}, {"x": 1181.0, "y": 1289.0}]}, "description": "Pork Lolly Pop"}, {"boundingPoly": {"vertices": [{"x": 1189.0, "y": 1296.0}, {"x": 1397.0, "y": 1297.0}, {"x": 1397.0, "y": 1329.0}, {"x": 1189.0, "y": 1328.0}]}, "description": "Truffle Fries"}, {"boundingPoly": {"vertices": [{"x": 1193.0, "y": 1337.0}, {"x": 1413.0, "y": 1337.0}, {"x": 1413.0, "y": 1370.0}, {"x": 1193.0, "y": 1371.0}]}, "description": "Lobster Taco"}, {"boundingPoly": {"vertices": [{"x": 1187.0, "y": 1380.0}, {"x": 1379.0, "y": 1380.0}, {"x": 1379.0, "y": 1413.0}, {"x": 1187.0, "y": 1414.0}]}, "description": "Kombucha"}, {"boundingPoly": {"vertices": [{"x": 1185.0, "y": 1419.0}, {"x": 1351.0, "y": 1419.0}, {"x": 1352.0, "y": 1453.0}, {"x": 1185.0, "y": 1455.0}]}, "description": "CP Juice"}, {"boundingPoly": {"vertices": [{"x": 1131.0, "y": 1464.0}, {"x": 1256.0, "y": 1467.0}, {"x": 1257.0, "y": 1511.0}, {"x": 1130.0, "y": 1508.0}]}, "description": "Total"}, {"boundingPoly": {"vertices": [{"x": 310.0, "y": 1092.0}, {"x": 771.0, "y": 1098.0}, {"x": 770.0, "y": 1143.0}, {"x": 310.0, "y": 1137.0}]}, "description": "CommonwealthBank"}, {"boundingPoly": {"vertices": [{"x": 373.0, "y": 1169.0}, {"x": 590.0, "y": 1169.0}, {"x": 590.0, "y": 1203.0}, {"x": 373.0, "y": 1203.0}]}, "description": "merchant name"}, {"boundingPoly": {"vertices": [{"x": 441.0, "y": 1211.0}, {"x": 778.0, "y": 1212.0}, {"x": 778.0, "y": 1248.0}, {"x": 441.0, "y": 1247.0}]}, "description": "merchant address"}, {"boundingPoly": {"vertices": [{"x": 1155.0, "y": 1111.0}, {"x": 1153.0, "y": 1147.0}, {"x": 1132.0, "y": 1145.0}, {"x": 1134.0, "y": 1110.0}]}, "description": "T-"}, {"boundingPoly": {"vertices": [{"x": 1154.0, "y": 1157.0}, {"x": 1156.0, "y": 1191.0}, {"x": 1136.0, "y": 1192.0}, {"x": 1135.0, "y": 1158.0}]}, "description": "T-"}, {"boundingPoly": {"vertices": [{"x": 1154.0, "y": 1207.0}, {"x": 1159.0, "y": 1238.0}, {"x": 1139.0, "y": 1242.0}, {"x": 1134.0, "y": 1210.0}]}, "description": "-"}, {"boundingPoly": {"vertices": [{"x": 1138.0, "y": 1259.0}, {"x": 1163.0, "y": 1259.0}, {"x": 1161.0, "y": 1288.0}, {"x": 1136.0, "y": 1288.0}]}, "description": "2"}, {"boundingPoly": {"vertices": [{"x": 1139.0, "y": 1301.0}, {"x": 1157.0, "y": 1304.0}, {"x": 1155.0, "y": 1331.0}, {"x": 1137.0, "y": 1327.0}]}, "description": "1"}, {"boundingPoly": {"vertices": [{"x": 601.0, "y": 1169.0}, {"x": 833.0, "y": 1169.0}, {"x": 833.0, "y": 1209.0}, {"x": 601.0, "y": 1209.0}]}, "description": "merchant name"}, {"boundingPoly": {"vertices": [{"x": 468.0, "y": 1294.0}, {"x": 753.0, "y": 1290.0}, {"x": 754.0, "y": 1325.0}, {"x": 468.0, "y": 1328.0}]}, "description": "CUSTOMER COPY"}, {"boundingPoly": {"vertices": [{"x": 413.0, "y": 1335.0}, {"x": 792.0, "y": 1331.0}, {"x": 793.0, "y": 1363.0}, {"x": 413.0, "y": 1370.0}]}, "description": "DUPLICATE RECEIPT"}, {"boundingPoly": {"vertices": [{"x": 615.0, "y": 1371.0}, {"x": 890.0, "y": 1368.0}, {"x": 891.0, "y": 1402.0}, {"x": 615.0, "y": 1406.0}]}, "description": "377410-006(1)"}, {"boundingPoly": {"vertices": [{"x": 300.0, "y": 1377.0}, {"x": 484.0, "y": 1378.0}, {"x": 483.0, "y": 1412.0}, {"x": 299.0, "y": 1409.0}]}, "description": "CARD NO."}, {"boundingPoly": {"vertices": [{"x": 298.0, "y": 1419.0}, {"x": 543.0, "y": 1414.0}, {"x": 544.0, "y": 1447.0}, {"x": 299.0, "y": 1454.0}]}, "description": "EXPIRY DATF"}, {"boundingPoly": {"vertices": [{"x": 291.0, "y": 1462.0}, {"x": 659.0, "y": 1452.0}, {"x": 660.0, "y": 1489.0}, {"x": 291.0, "y": 1498.0}]}, "description": "AMERICAN EXPRESS"}, {"boundingPoly": {"vertices": [{"x": 282.0, "y": 1509.0}, {"x": 424.0, "y": 1504.0}, {"x": 425.0, "y": 1537.0}, {"x": 282.0, "y": 1541.0}]}, "description": "CREDIT"}, {"boundingPoly": {"vertices": [{"x": 1140.0, "y": 1383.0}, {"x": 1159.0, "y": 1386.0}, {"x": 1157.0, "y": 1409.0}, {"x": 1137.0, "y": 1406.0}]}, "description": "1"}, {"boundingPoly": {"vertices": [{"x": 1140.0, "y": 1421.0}, {"x": 1164.0, "y": 1422.0}, {"x": 1163.0, "y": 1453.0}, {"x": 1139.0, "y": 1452.0}]}, "description": "4"}, {"boundingPoly": {"vertices": [{"x": 275.0, "y": 1584.0}, {"x": 463.0, "y": 1583.0}, {"x": 463.0, "y": 1622.0}, {"x": 275.0, "y": 1623.0}]}, "description": "PURCHASE"}, {"boundingPoly": {"vertices": [{"x": 271.0, "y": 1632.0}, {"x": 387.0, "y": 1632.0}, {"x": 387.0, "y": 1668.0}, {"x": 270.0, "y": 1667.0}]}, "description": "TOTAL"}, {"boundingPoly": {"vertices": [{"x": 727.0, "y": 1572.0}, {"x": 894.0, "y": 1564.0}, {"x": 896.0, "y": 1611.0}, {"x": 729.0, "y": 1619.0}]}, "description": "$202.50"}, {"boundingPoly": {"vertices": [{"x": 637.0, "y": 1625.0}, {"x": 892.0, "y": 1620.0}, {"x": 893.0, "y": 1657.0}, {"x": 637.0, "y": 1661.0}]}, "description": "AUD $202.50"}, {"boundingPoly": {"vertices": [{"x": 1325.0, "y": 1568.0}, {"x": 1890.0, "y": 1572.0}, {"x": 1889.0, "y": 1630.0}, {"x": 1325.0, "y": 1623.0}]}, "description": "No Split Bills - Sorry"}, {"boundingPoly": {"vertices": [{"x": 254.0, "y": 1718.0}, {"x": 449.0, "y": 1714.0}, {"x": 449.0, "y": 1745.0}, {"x": 254.0, "y": 1749.0}]}, "description": "APPROVED"}, {"boundingPoly": {"vertices": [{"x": 841.0, "y": 1708.0}, {"x": 889.0, "y": 1707.0}, {"x": 889.0, "y": 1729.0}, {"x": 841.0, "y": 1730.0}]}, "description": "00"}, {"boundingPoly": {"vertices": [{"x": 235.0, "y": 1783.0}, {"x": 503.0, "y": 1782.0}, {"x": 504.0, "y": 1816.0}, {"x": 235.0, "y": 1819.0}]}, "description": "24 Oct 2019"}, {"boundingPoly": {"vertices": [{"x": 769.0, "y": 1777.0}, {"x": 885.0, "y": 1777.0}, {"x": 885.0, "y": 1810.0}, {"x": 769.0, "y": 1810.0}]}, "description": " 13:56"}, {"boundingPoly": {"vertices": [{"x": 1375.0, "y": 1784.0}, {"x": 1867.0, "y": 1786.0}, {"x": 1867.0, "y": 1825.0}, {"x": 1375.0, "y": 1822.0}]}, "description": "events@wildsage.com.au"}, {"boundingPoly": {"vertices": [{"x": 1491.0, "y": 1829.0}, {"x": 1758.0, "y": 1829.0}, {"x": 1757.0, "y": 1873.0}, {"x": 1491.0, "y": 1871.0}]}, "description": "THANK YOU!"}, {"boundingPoly": {"vertices": [{"x": 212.0, "y": 1857.0}, {"x": 390.0, "y": 1857.0}, {"x": 390.0, "y": 1890.0}, {"x": 212.0, "y": 1890.0}]}, "description": " TERMINAL"}, {"boundingPoly": {"vertices": [{"x": 202.0, "y": 1897.0}, {"x": 397.0, "y": 1896.0}, {"x": 397.0, "y": 1923.0}, {"x": 202.0, "y": 1924.0}]}, "description": "REFERENCE"}, {"boundingPoly": {"vertices": [{"x": 191.0, "y": 1933.0}, {"x": 433.0, "y": 1931.0}, {"x": 433.0, "y": 1961.0}, {"x": 192.0, "y": 1964.0}]}, "description": "AUTH NUMBER"}, {"boundingPoly": {"vertices": [{"x": 179.0, "y": 1971.0}, {"x": 243.0, "y": 1972.0}, {"x": 241.0, "y": 2002.0}, {"x": 177.0, "y": 2001.0}]}, "description": "AID"}, {"boundingPoly": {"vertices": [{"x": 169.0, "y": 2014.0}, {"x": 230.0, "y": 2013.0}, {"x": 229.0, "y": 2042.0}, {"x": 169.0, "y": 2043.0}]}, "description": "ATC"}, {"boundingPoly": {"vertices": [{"x": 406.0, "y": 1860.0}, {"x": 451.0, "y": 1860.0}, {"x": 451.0, "y": 1891.0}, {"x": 406.0, "y": 1891.0}]}, "description": " ID"}, {"boundingPoly": {"vertices": [{"x": 713.0, "y": 1853.0}, {"x": 878.0, "y": 1848.0}, {"x": 879.0, "y": 1877.0}, {"x": 713.0, "y": 1882.0}]}, "description": "15948800"}, {"boundingPoly": {"vertices": [{"x": 750.0, "y": 1890.0}, {"x": 876.0, "y": 1885.0}, {"x": 877.0, "y": 1910.0}, {"x": 751.0, "y": 1915.0}]}, "description": "119829"}, {"boundingPoly": {"vertices": [{"x": 743.0, "y": 1926.0}, {"x": 872.0, "y": 1921.0}, {"x": 873.0, "y": 1949.0}, {"x": 745.0, "y": 1954.0}]}, "description": "892690"}, {"boundingPoly": {"vertices": [{"x": 509.0, "y": 1971.0}, {"x": 865.0, "y": 1962.0}, {"x": 866.0, "y": 1995.0}, {"x": 509.0, "y": 2004.0}]}, "description": "A000000025010801"}, {"boundingPoly": {"vertices": [{"x": 641.0, "y": 2007.0}, {"x": 867.0, "y": 2003.0}, {"x": 867.0, "y": 2035.0}, {"x": 642.0, "y": 2041.0}]}, "description": "0000008000"}, {"boundingPoly": {"vertices": [{"x": 493.0, "y": 2050.0}, {"x": 863.0, "y": 2040.0}, {"x": 864.0, "y": 2076.0}, {"x": 493.0, "y": 2084.0}]}, "description": "7F3F32818C6EDB33"}, {"boundingPoly": {"vertices": [{"x": 386.0, "y": 2094.0}, {"x": 623.0, "y": 2091.0}, {"x": 624.0, "y": 2128.0}, {"x": 386.0, "y": 2131.0}]}, "description": "THANK YOU"}, {"boundingPoly": {"vertices": [{"x": 1471.0, "y": 1931.0}, {"x": 1798.0, "y": 1930.0}, {"x": 1798.0, "y": 1974.0}, {"x": 1471.0, "y": 1975.0}]}, "description": "GST INCLUDED"}, {"boundingPoly": {"vertices": [{"x": 1431.0, "y": 1983.0}, {"x": 1527.0, "y": 1983.0}, {"x": 1527.0, "y": 2027.0}, {"x": 1431.0, "y": 2027.0}]}, "description": " ABN:"}, {"boundingPoly": {"vertices": [{"x": 1533.0, "y": 1983.0}, {"x": 1852.0, "y": 1983.0}, {"x": 1852.0, "y": 2028.0}, {"x": 1533.0, "y": 2028.0}]}, "description": " 93 616 745 156"}, {"boundingPoly": {"vertices": [{"x": 463.0, "y": 2011.0}, {"x": 526.0, "y": 2010.0}, {"x": 526.0, "y": 2041.0}, {"x": 463.0, "y": 2043.0}]}, "description": "TVR"}, {"boundingPoly": {"vertices": [{"x": 270.0, "y": 2053.0}, {"x": 316.0, "y": 2055.0}, {"x": 313.0, "y": 2082.0}, {"x": 267.0, "y": 2080.0}]}, "description": "00"}, {"boundingPoly": {"vertices": [{"x": 1128.0, "y": 2073.0}, {"x": 1617.0, "y": 2081.0}, {"x": 1617.0, "y": 2127.0}, {"x": 1128.0, "y": 2120.0}]}, "description": "merchant address"}, {"boundingPoly": {"vertices": [{"x": 1130.0, "y": 2131.0}, {"x": 1829.0, "y": 2131.0}, {"x": 1829.0, "y": 2179.0}, {"x": 1130.0, "y": 2179.0}]}, "description": "merchant address"}, {"boundingPoly": {"vertices": [{"x": 1129.0, "y": 2187.0}, {"x": 1489.0, "y": 2185.0}, {"x": 1489.0, "y": 2234.0}, {"x": 1129.0, "y": 2236.0}]}, "description": "merchant address"}, {"boundingPoly": {"vertices": [{"x": 1133.0, "y": 2243.0}, {"x": 1478.0, "y": 2243.0}, {"x": 1478.0, "y": 2288.0}, {"x": 1133.0, "y": 2288.0}]}, "description": "merchant phone"}, {"boundingPoly": {"vertices": [{"x": 1128.0, "y": 2304.0}, {"x": 1596.0, "y": 2304.0}, {"x": 1596.0, "y": 2348.0}, {"x": 1128.0, "y": 2347.0}]}, "description": "www.wildsage.com.au"}]}