{"textAnnotations": [{"boundingPoly": {"vertices": [{"x": 350.0, "y": 110.0}, {"x": 379.0, "y": 110.0}, {"x": 379.0, "y": 128.0}, {"x": 350.0, "y": 128.0}]}, "description": "USD"}, {"boundingPoly": {"vertices": [{"x": 26.0, "y": 130.0}, {"x": 191.0, "y": 131.0}, {"x": 191.0, "y": 150.0}, {"x": 26.0, "y": 149.0}]}, "description": "1.07 1b x $ 6.88/1b"}, {"boundingPoly": {"vertices": [{"x": 26.0, "y": 152.0}, {"x": 199.0, "y": 153.0}, {"x": 199.0, "y": 173.0}, {"x": 26.0, "y": 171.0}]}, "description": "PHX Lunch Weighed Sm"}, {"boundingPoly": {"vertices": [{"x": 26.0, "y": 173.0}, {"x": 199.0, "y": 174.0}, {"x": 199.0, "y": 194.0}, {"x": 26.0, "y": 192.0}]}, "description": "Core Power Hi Protei"}, {"boundingPoly": {"vertices": [{"x": 26.0, "y": 195.0}, {"x": 124.0, "y": 195.0}, {"x": 124.0, "y": 214.0}, {"x": 26.0, "y": 214.0}]}, "description": "Dinner Roll"}, {"boundingPoly": {"vertices": [{"x": 343.0, "y": 152.0}, {"x": 379.0, "y": 152.0}, {"x": 379.0, "y": 175.0}, {"x": 344.0, "y": 176.0}]}, "description": "7.36"}, {"boundingPoly": {"vertices": [{"x": 341.0, "y": 178.0}, {"x": 378.0, "y": 178.0}, {"x": 378.0, "y": 196.0}, {"x": 342.0, "y": 196.0}]}, "description": "3.75"}, {"boundingPoly": {"vertices": [{"x": 341.0, "y": 200.0}, {"x": 379.0, "y": 200.0}, {"x": 378.0, "y": 217.0}, {"x": 341.0, "y": 218.0}]}, "description": "0.50"}, {"boundingPoly": {"vertices": [{"x": 19.0, "y": 241.0}, {"x": 173.0, "y": 242.0}, {"x": 173.0, "y": 278.0}, {"x": 19.0, "y": 276.0}]}, "description": "Total USD"}, {"boundingPoly": {"vertices": [{"x": 292.0, "y": 245.0}, {"x": 377.0, "y": 244.0}, {"x": 377.0, "y": 275.0}, {"x": 293.0, "y": 276.0}]}, "description": "12,61"}, {"boundingPoly": {"vertices": [{"x": 18.0, "y": 343.0}, {"x": 199.0, "y": 343.0}, {"x": 199.0, "y": 364.0}, {"x": 18.0, "y": 364.0}]}, "description": "5009 AMERICAN EXPRESS"}, {"boundingPoly": {"vertices": [{"x": 336.0, "y": 342.0}, {"x": 378.0, "y": 341.0}, {"x": 378.0, "y": 359.0}, {"x": 336.0, "y": 360.0}]}, "description": "12.61"}, {"boundingPoly": {"vertices": [{"x": 21.0, "y": 411.0}, {"x": 117.0, "y": 412.0}, {"x": 117.0, "y": 432.0}, {"x": 21.0, "y": 430.0}]}, "description": "Vat percent"}, {"boundingPoly": {"vertices": [{"x": 144.0, "y": 413.0}, {"x": 174.0, "y": 413.0}, {"x": 174.0, "y": 431.0}, {"x": 144.0, "y": 432.0}]}, "description": "Net"}, {"boundingPoly": {"vertices": [{"x": 221.0, "y": 413.0}, {"x": 268.0, "y": 414.0}, {"x": 268.0, "y": 431.0}, {"x": 221.0, "y": 432.0}]}, "description": "Gross"}, {"boundingPoly": {"vertices": [{"x": 315.0, "y": 410.0}, {"x": 343.0, "y": 410.0}, {"x": 342.0, "y": 430.0}, {"x": 315.0, "y": 429.0}]}, "description": "VAT"}, {"boundingPoly": {"vertices": [{"x": 22.0, "y": 476.0}, {"x": 377.0, "y": 476.0}, {"x": 377.0, "y": 498.0}, {"x": 22.0, "y": 498.0}]}, "description": " 10/17/2019 01:11 PM #:55033 Op:2019 C:112"}, {"boundingPoly": {"vertices": [{"x": 22.0, "y": 499.0}, {"x": 108.0, "y": 499.0}, {"x": 108.0, "y": 519.0}, {"x": 22.0, "y": 519.0}]}, "description": " 202 S:1122"}, {"boundingPoly": {"vertices": [{"x": 23.0, "y": 522.0}, {"x": 110.0, "y": 522.0}, {"x": 110.0, "y": 541.0}, {"x": 23.0, "y": 541.0}]}, "description": " Served you"}, {"boundingPoly": {"vertices": [{"x": 114.0, "y": 522.0}, {"x": 217.0, "y": 522.0}, {"x": 217.0, "y": 542.0}, {"x": 114.0, "y": 542.0}]}, "description": " : Kate Anaya"}, {"boundingPoly": {"vertices": [{"x": 100.0, "y": 608.0}, {"x": 272.0, "y": 609.0}, {"x": 272.0, "y": 626.0}, {"x": 99.0, "y": 625.0}]}, "description": "*** Customer copy ***"}, {"boundingPoly": {"vertices": [{"x": 132.0, "y": 647.0}, {"x": 239.0, "y": 648.0}, {"x": 239.0, "y": 666.0}, {"x": 132.0, "y": 666.0}]}, "description": "AMEX AEDR (3)"}, {"boundingPoly": {"vertices": [{"x": 21.0, "y": 688.0}, {"x": 184.0, "y": 689.0}, {"x": 184.0, "y": 707.0}, {"x": 21.0, "y": 706.0}]}, "description": "PURCHASE / APPROVED"}, {"boundingPoly": {"vertices": [{"x": 23.0, "y": 710.0}, {"x": 159.0, "y": 710.0}, {"x": 159.0, "y": 728.0}, {"x": 23.0, "y": 728.0}]}, "description": "AMERICAN EXPRESS"}, {"boundingPoly": {"vertices": [{"x": 24.0, "y": 732.0}, {"x": 150.0, "y": 732.0}, {"x": 150.0, "y": 749.0}, {"x": 24.0, "y": 749.0}]}, "description": "*********** 1007"}, {"boundingPoly": {"vertices": [{"x": 24.0, "y": 752.0}, {"x": 249.0, "y": 753.0}, {"x": 249.0, "y": 772.0}, {"x": 24.0, "y": 770.0}]}, "description": "CHIP READ / VERIFIED BY PIN"}, {"boundingPoly": {"vertices": [{"x": 26.0, "y": 793.0}, {"x": 183.0, "y": 793.0}, {"x": 183.0, "y": 813.0}, {"x": 26.0, "y": 813.0}]}, "description": " 2019/10/17 14:11:32"}, {"boundingPoly": {"vertices": [{"x": 27.0, "y": 814.0}, {"x": 53.0, "y": 815.0}, {"x": 52.0, "y": 831.0}, {"x": 27.0, "y": 830.0}]}, "description": "TID"}, {"boundingPoly": {"vertices": [{"x": 28.0, "y": 835.0}, {"x": 53.0, "y": 835.0}, {"x": 52.0, "y": 850.0}, {"x": 27.0, "y": 850.0}]}, "description": "MID"}, {"boundingPoly": {"vertices": [{"x": 27.0, "y": 854.0}, {"x": 102.0, "y": 854.0}, {"x": 102.0, "y": 871.0}, {"x": 27.0, "y": 871.0}]}, "description": "REFERENCE"}, {"boundingPoly": {"vertices": [{"x": 27.0, "y": 873.0}, {"x": 100.0, "y": 874.0}, {"x": 100.0, "y": 892.0}, {"x": 27.0, "y": 892.0}]}, "description": "AUTH CODE"}, {"boundingPoly": {"vertices": [{"x": 285.0, "y": 818.0}, {"x": 353.0, "y": 819.0}, {"x": 353.0, "y": 836.0}, {"x": 285.0, "y": 834.0}]}, "description": "**** 6040"}, {"boundingPoly": {"vertices": [{"x": 294.0, "y": 839.0}, {"x": 353.0, "y": 839.0}, {"x": 353.0, "y": 857.0}, {"x": 294.0, "y": 856.0}]}, "description": "6634460"}, {"boundingPoly": {"vertices": [{"x": 147.0, "y": 855.0}, {"x": 352.0, "y": 860.0}, {"x": 352.0, "y": 878.0}, {"x": 146.0, "y": 873.0}]}, "description": "S1122T112202#55033@458401"}, {"boundingPoly": {"vertices": [{"x": 303.0, "y": 879.0}, {"x": 354.0, "y": 880.0}, {"x": 354.0, "y": 896.0}, {"x": 303.0, "y": 896.0}]}, "description": "827459"}, {"boundingPoly": {"vertices": [{"x": 25.0, "y": 913.0}, {"x": 64.0, "y": 913.0}, {"x": 64.0, "y": 928.0}, {"x": 25.0, "y": 928.0}]}, "description": "TOTAL"}, {"boundingPoly": {"vertices": [{"x": 288.0, "y": 914.0}, {"x": 356.0, "y": 915.0}, {"x": 356.0, "y": 931.0}, {"x": 288.0, "y": 930.0}]}, "description": "USD12.61"}, {"boundingPoly": {"vertices": [{"x": 19.0, "y": 948.0}, {"x": 56.0, "y": 948.0}, {"x": 56.0, "y": 964.0}, {"x": 19.0, "y": 964.0}]}, "description": " ARC:"}, {"boundingPoly": {"vertices": [{"x": 18.0, "y": 966.0}, {"x": 53.0, "y": 966.0}, {"x": 53.0, "y": 983.0}, {"x": 18.0, "y": 983.0}]}, "description": " TSI:"}, {"boundingPoly": {"vertices": [{"x": 14.0, "y": 984.0}, {"x": 51.0, "y": 984.0}, {"x": 51.0, "y": 1000.0}, {"x": 14.0, "y": 1000.0}]}, "description": " IAD:"}, {"boundingPoly": {"vertices": [{"x": 11.0, "y": 1002.0}, {"x": 48.0, "y": 1002.0}, {"x": 48.0, "y": 1020.0}, {"x": 11.0, "y": 1020.0}]}, "description": " TVR:"}, {"boundingPoly": {"vertices": [{"x": 4.0, "y": 1022.0}, {"x": 45.0, "y": 1022.0}, {"x": 45.0, "y": 1040.0}, {"x": 4.0, "y": 1040.0}]}, "description": " AID:"}, {"boundingPoly": {"vertices": [{"x": 3.0, "y": 1042.0}, {"x": 105.0, "y": 1042.0}, {"x": 105.0, "y": 1060.0}, {"x": 3.0, "y": 1060.0}]}, "description": " PAN Seq No:"}, {"boundingPoly": {"vertices": [{"x": 58.0, "y": 948.0}, {"x": 79.0, "y": 948.0}, {"x": 79.0, "y": 963.0}, {"x": 58.0, "y": 963.0}]}, "description": " 00"}, {"boundingPoly": {"vertices": [{"x": 56.0, "y": 966.0}, {"x": 93.0, "y": 966.0}, {"x": 93.0, "y": 982.0}, {"x": 56.0, "y": 982.0}]}, "description": " F800"}, {"boundingPoly": {"vertices": [{"x": 54.0, "y": 982.0}, {"x": 176.0, "y": 982.0}, {"x": 176.0, "y": 1000.0}, {"x": 54.0, "y": 1000.0}]}, "description": " 066D0103642002"}, {"boundingPoly": {"vertices": [{"x": 51.0, "y": 1002.0}, {"x": 140.0, "y": 1002.0}, {"x": 140.0, "y": 1019.0}, {"x": 51.0, "y": 1019.0}]}, "description": " 0000008000"}, {"boundingPoly": {"vertices": [{"x": 48.0, "y": 1021.0}, {"x": 192.0, "y": 1021.0}, {"x": 192.0, "y": 1039.0}, {"x": 48.0, "y": 1039.0}]}, "description": " A000000025010801"}, {"boundingPoly": {"vertices": [{"x": 108.0, "y": 1041.0}, {"x": 129.0, "y": 1041.0}, {"x": 129.0, "y": 1059.0}, {"x": 108.0, "y": 1059.0}]}, "description": " 00"}]}