{"textAnnotations": [{"boundingPoly": {"vertices": [{"x": 668.0, "y": 210.0}, {"x": 1066.0, "y": 203.0}, {"x": 1067.0, "y": 261.0}, {"x": 669.0, "y": 269.0}]}, "description": "merchant name"}, {"boundingPoly": {"vertices": [{"x": 695.0, "y": 280.0}, {"x": 1041.0, "y": 278.0}, {"x": 1041.0, "y": 334.0}, {"x": 695.0, "y": 337.0}]}, "description": "merchant address"}, {"boundingPoly": {"vertices": [{"x": 598.0, "y": 345.0}, {"x": 1144.0, "y": 341.0}, {"x": 1145.0, "y": 401.0}, {"x": 598.0, "y": 405.0}]}, "description": "merchant address"}, {"boundingPoly": {"vertices": [{"x": 395.0, "y": 474.0}, {"x": 730.0, "y": 478.0}, {"x": 730.0, "y": 534.0}, {"x": 395.0, "y": 530.0}]}, "description": "1030 Yasmin A"}, {"boundingPoly": {"vertices": [{"x": 366.0, "y": 605.0}, {"x": 581.0, "y": 606.0}, {"x": 581.0, "y": 660.0}, {"x": 366.0, "y": 660.0}]}, "description": "Chk 1579"}, {"boundingPoly": {"vertices": [{"x": 825.0, "y": 611.0}, {"x": 979.0, "y": 609.0}, {"x": 979.0, "y": 661.0}, {"x": 825.0, "y": 662.0}]}, "description": "CLAIRE"}, {"boundingPoly": {"vertices": [{"x": 671.0, "y": 672.0}, {"x": 1080.0, "y": 672.0}, {"x": 1080.0, "y": 726.0}, {"x": 671.0, "y": 726.0}]}, "description": " Nov12'19 07:24AM"}, {"boundingPoly": {"vertices": [{"x": 1222.0, "y": 608.0}, {"x": 1324.0, "y": 608.0}, {"x": 1324.0, "y": 661.0}, {"x": 1222.0, "y": 661.0}]}, "description": " Gst"}, {"boundingPoly": {"vertices": [{"x": 1346.0, "y": 608.0}, {"x": 1386.0, "y": 608.0}, {"x": 1386.0, "y": 661.0}, {"x": 1346.0, "y": 661.0}]}, "description": " 0"}, {"boundingPoly": {"vertices": [{"x": 426.0, "y": 801.0}, {"x": 458.0, "y": 801.0}, {"x": 458.0, "y": 853.0}, {"x": 426.0, "y": 853.0}]}, "description": " 1"}, {"boundingPoly": {"vertices": [{"x": 467.0, "y": 801.0}, {"x": 752.0, "y": 801.0}, {"x": 752.0, "y": 853.0}, {"x": 467.0, "y": 853.0}]}, "description": " Brk Burrito"}, {"boundingPoly": {"vertices": [{"x": 528.0, "y": 863.0}, {"x": 677.0, "y": 864.0}, {"x": 677.0, "y": 914.0}, {"x": 528.0, "y": 913.0}]}, "description": "Veggie"}, {"boundingPoly": {"vertices": [{"x": 447.0, "y": 920.0}, {"x": 827.0, "y": 920.0}, {"x": 827.0, "y": 972.0}, {"x": 447.0, "y": 972.0}]}, "description": "XXXXXXXXXXX1000"}, {"boundingPoly": {"vertices": [{"x": 475.0, "y": 985.0}, {"x": 578.0, "y": 990.0}, {"x": 576.0, "y": 1032.0}, {"x": 473.0, "y": 1031.0}]}, "description": "Amex"}, {"boundingPoly": {"vertices": [{"x": 1177.0, "y": 802.0}, {"x": 1299.0, "y": 799.0}, {"x": 1299.0, "y": 847.0}, {"x": 1178.0, "y": 850.0}]}, "description": "10.17"}, {"boundingPoly": {"vertices": [{"x": 1177.0, "y": 982.0}, {"x": 1302.0, "y": 981.0}, {"x": 1300.0, "y": 1029.0}, {"x": 1178.0, "y": 1032.0}]}, "description": "11.33"}, {"boundingPoly": {"vertices": [{"x": 469.0, "y": 1103.0}, {"x": 672.0, "y": 1103.0}, {"x": 672.0, "y": 1153.0}, {"x": 469.0, "y": 1155.0}]}, "description": "Subtotal"}, {"boundingPoly": {"vertices": [{"x": 473.0, "y": 1165.0}, {"x": 558.0, "y": 1166.0}, {"x": 557.0, "y": 1213.0}, {"x": 473.0, "y": 1212.0}]}, "description": "Tax"}, {"boundingPoly": {"vertices": [{"x": 469.0, "y": 1226.0}, {"x": 754.0, "y": 1227.0}, {"x": 754.0, "y": 1280.0}, {"x": 469.0, "y": 1279.0}]}, "description": "2% ee srchg"}, {"boundingPoly": {"vertices": [{"x": 468.0, "y": 1288.0}, {"x": 653.0, "y": 1286.0}, {"x": 653.0, "y": 1340.0}, {"x": 469.0, "y": 1341.0}]}, "description": "Payment"}, {"boundingPoly": {"vertices": [{"x": 609.0, "y": 1351.0}, {"x": 1102.0, "y": 1351.0}, {"x": 1102.0, "y": 1403.0}, {"x": 609.0, "y": 1403.0}]}, "description": "-- 1030 Check Closed-"}, {"boundingPoly": {"vertices": [{"x": 653.0, "y": 1412.0}, {"x": 1214.0, "y": 1412.0}, {"x": 1214.0, "y": 1467.0}, {"x": 653.0, "y": 1467.0}]}, "description": " -Nov12'19 07:24AM -----"}, {"boundingPoly": {"vertices": [{"x": 1178.0, "y": 1102.0}, {"x": 1302.0, "y": 1101.0}, {"x": 1301.0, "y": 1150.0}, {"x": 1179.0, "y": 1153.0}]}, "description": "10.17"}, {"boundingPoly": {"vertices": [{"x": 1192.0, "y": 1164.0}, {"x": 1299.0, "y": 1163.0}, {"x": 1296.0, "y": 1214.0}, {"x": 1193.0, "y": 1214.0}]}, "description": "0.96"}, {"boundingPoly": {"vertices": [{"x": 1193.0, "y": 1228.0}, {"x": 1302.0, "y": 1227.0}, {"x": 1302.0, "y": 1278.0}, {"x": 1193.0, "y": 1278.0}]}, "description": "0.20"}, {"boundingPoly": {"vertices": [{"x": 1176.0, "y": 1288.0}, {"x": 1306.0, "y": 1287.0}, {"x": 1305.0, "y": 1341.0}, {"x": 1178.0, "y": 1340.0}]}, "description": "11.33"}, {"boundingPoly": {"vertices": [{"x": 1125.0, "y": 1362.0}, {"x": 1187.0, "y": 1362.0}, {"x": 1186.0, "y": 1395.0}, {"x": 1124.0, "y": 1395.0}]}, "description": "---"}, {"boundingPoly": {"vertices": [{"x": 368.0, "y": 1432.0}, {"x": 484.0, "y": 1430.0}, {"x": 484.0, "y": 1449.0}, {"x": 369.0, "y": 1452.0}]}, "description": "- - -- -"}, {"boundingPoly": {"vertices": [{"x": 463.0, "y": 1531.0}, {"x": 1281.0, "y": 1536.0}, {"x": 1280.0, "y": 1594.0}, {"x": 463.0, "y": 1588.0}]}, "description": "If we did or did not exceed your"}, {"boundingPoly": {"vertices": [{"x": 470.0, "y": 1593.0}, {"x": 1228.0, "y": 1592.0}, {"x": 1228.0, "y": 1646.0}, {"x": 470.0, "y": 1648.0}]}, "description": "expectations, we would like to"}, {"boundingPoly": {"vertices": [{"x": 468.0, "y": 1652.0}, {"x": 1126.0, "y": 1650.0}, {"x": 1126.0, "y": 1703.0}, {"x": 468.0, "y": 1706.0}]}, "description": "hear from you. Please call"}, {"boundingPoly": {"vertices": [{"x": 467.0, "y": 1712.0}, {"x": 1147.0, "y": 1711.0}, {"x": 1147.0, "y": 1764.0}, {"x": 467.0, "y": 1766.0}]}, "description": "800-426-5971 x1021 or email"}, {"boundingPoly": {"vertices": [{"x": 473.0, "y": 1773.0}, {"x": 851.0, "y": 1776.0}, {"x": 851.0, "y": 1827.0}, {"x": 473.0, "y": 1826.0}]}, "description": "72@hbfcares.com"}, {"boundingPoly": {"vertices": [{"x": 468.0, "y": 1834.0}, {"x": 893.0, "y": 1832.0}, {"x": 894.0, "y": 1884.0}, {"x": 469.0, "y": 1887.0}]}, "description": "text 510-473-5971"}]}