{"textAnnotations": [{"boundingPoly": {"vertices": [{"x": 171.0, "y": 392.0}, {"x": 522.0, "y": 390.0}, {"x": 522.0, "y": 416.0}, {"x": 171.0, "y": 418.0}]}, "description": "merchant address"}, {"boundingPoly": {"vertices": [{"x": 234.0, "y": 418.0}, {"x": 455.0, "y": 416.0}, {"x": 455.0, "y": 443.0}, {"x": 234.0, "y": 444.0}]}, "description": "merchant address"}, {"boundingPoly": {"vertices": [{"x": 289.0, "y": 444.0}, {"x": 511.0, "y": 444.0}, {"x": 511.0, "y": 472.0}, {"x": 289.0, "y": 472.0}]}, "description": " Nov11'19 07:27PM"}, {"boundingPoly": {"vertices": [{"x": 289.0, "y": 474.0}, {"x": 347.0, "y": 475.0}, {"x": 346.0, "y": 500.0}, {"x": 288.0, "y": 498.0}]}, "description": "Amex"}, {"boundingPoly": {"vertices": [{"x": 284.0, "y": 500.0}, {"x": 497.0, "y": 500.0}, {"x": 496.0, "y": 529.0}, {"x": 284.0, "y": 528.0}]}, "description": "XXXXXXXXXXX3007"}, {"boundingPoly": {"vertices": [{"x": 282.0, "y": 530.0}, {"x": 373.0, "y": 530.0}, {"x": 373.0, "y": 559.0}, {"x": 282.0, "y": 559.0}]}, "description": " SWIPED"}, {"boundingPoly": {"vertices": [{"x": 280.0, "y": 559.0}, {"x": 401.0, "y": 559.0}, {"x": 401.0, "y": 589.0}, {"x": 280.0, "y": 589.0}]}, "description": " PURCHASE"}, {"boundingPoly": {"vertices": [{"x": 264.0, "y": 589.0}, {"x": 496.0, "y": 590.0}, {"x": 496.0, "y": 618.0}, {"x": 264.0, "y": 618.0}]}, "description": "III010186910831"}, {"boundingPoly": {"vertices": [{"x": 277.0, "y": 621.0}, {"x": 368.0, "y": 621.0}, {"x": 368.0, "y": 650.0}, {"x": 277.0, "y": 650.0}]}, "description": " 524967"}, {"boundingPoly": {"vertices": [{"x": 280.0, "y": 652.0}, {"x": 315.0, "y": 651.0}, {"x": 314.0, "y": 680.0}, {"x": 280.0, "y": 680.0}]}, "description": "41"}, {"boundingPoly": {"vertices": [{"x": 275.0, "y": 684.0}, {"x": 385.0, "y": 682.0}, {"x": 385.0, "y": 712.0}, {"x": 275.0, "y": 713.0}]}, "description": "MARKB18"}, {"boundingPoly": {"vertices": [{"x": 281.0, "y": 715.0}, {"x": 471.0, "y": 714.0}, {"x": 471.0, "y": 745.0}, {"x": 281.0, "y": 746.0}]}, "description": "1197 Cassandr"}, {"boundingPoly": {"vertices": [{"x": 401.0, "y": 755.0}, {"x": 543.0, "y": 753.0}, {"x": 544.0, "y": 786.0}, {"x": 401.0, "y": 788.0}]}, "description": "18.46"}, {"boundingPoly": {"vertices": [{"x": 429.0, "y": 793.0}, {"x": 538.0, "y": 788.0}, {"x": 539.0, "y": 822.0}, {"x": 431.0, "y": 828.0}]}, "description": "3,32"}, {"boundingPoly": {"vertices": [{"x": 366.0, "y": 839.0}, {"x": 544.0, "y": 827.0}, {"x": 547.0, "y": 866.0}, {"x": 366.0, "y": 880.0}]}, "description": "2121. 78"}, {"boundingPoly": {"vertices": [{"x": 121.0, "y": 446.0}, {"x": 193.0, "y": 446.0}, {"x": 193.0, "y": 471.0}, {"x": 121.0, "y": 471.0}]}, "description": " Date:"}, {"boundingPoly": {"vertices": [{"x": 118.0, "y": 474.0}, {"x": 259.0, "y": 474.0}, {"x": 259.0, "y": 501.0}, {"x": 118.0, "y": 501.0}]}, "description": " Card Type:"}, {"boundingPoly": {"vertices": [{"x": 116.0, "y": 503.0}, {"x": 215.0, "y": 503.0}, {"x": 215.0, "y": 530.0}, {"x": 116.0, "y": 530.0}]}, "description": " Acct #:"}, {"boundingPoly": {"vertices": [{"x": 113.0, "y": 531.0}, {"x": 277.0, "y": 531.0}, {"x": 277.0, "y": 559.0}, {"x": 113.0, "y": 559.0}]}, "description": " Card Entry:"}, {"boundingPoly": {"vertices": [{"x": 110.0, "y": 560.0}, {"x": 275.0, "y": 560.0}, {"x": 275.0, "y": 589.0}, {"x": 110.0, "y": 589.0}]}, "description": " Trans Type:"}, {"boundingPoly": {"vertices": [{"x": 109.0, "y": 591.0}, {"x": 264.0, "y": 591.0}, {"x": 264.0, "y": 620.0}, {"x": 109.0, "y": 620.0}]}, "description": " Trans Key:"}, {"boundingPoly": {"vertices": [{"x": 104.0, "y": 622.0}, {"x": 266.0, "y": 622.0}, {"x": 266.0, "y": 651.0}, {"x": 104.0, "y": 651.0}]}, "description": " Auth Code:"}, {"boundingPoly": {"vertices": [{"x": 103.0, "y": 654.0}, {"x": 172.0, "y": 654.0}, {"x": 172.0, "y": 684.0}, {"x": 103.0, "y": 684.0}]}, "description": " Check"}, {"boundingPoly": {"vertices": [{"x": 101.0, "y": 685.0}, {"x": 234.0, "y": 685.0}, {"x": 234.0, "y": 716.0}, {"x": 101.0, "y": 716.0}]}, "description": " Check ID:"}, {"boundingPoly": {"vertices": [{"x": 98.0, "y": 719.0}, {"x": 182.0, "y": 719.0}, {"x": 182.0, "y": 748.0}, {"x": 98.0, "y": 748.0}]}, "description": " Server"}, {"boundingPoly": {"vertices": [{"x": 95.0, "y": 760.0}, {"x": 231.0, "y": 760.0}, {"x": 231.0, "y": 791.0}, {"x": 95.0, "y": 791.0}]}, "description": " Subtotal:"}, {"boundingPoly": {"vertices": [{"x": 94.0, "y": 803.0}, {"x": 152.0, "y": 803.0}, {"x": 152.0, "y": 836.0}, {"x": 94.0, "y": 836.0}]}, "description": " Tip:"}, {"boundingPoly": {"vertices": [{"x": 88.0, "y": 847.0}, {"x": 180.0, "y": 847.0}, {"x": 180.0, "y": 880.0}, {"x": 88.0, "y": 880.0}]}, "description": " Total:"}, {"boundingPoly": {"vertices": [{"x": 177.0, "y": 654.0}, {"x": 193.0, "y": 654.0}, {"x": 193.0, "y": 684.0}, {"x": 177.0, "y": 684.0}]}, "description": " :"}, {"boundingPoly": {"vertices": [{"x": 188.0, "y": 720.0}, {"x": 204.0, "y": 720.0}, {"x": 204.0, "y": 748.0}, {"x": 188.0, "y": 748.0}]}, "description": " :"}, {"boundingPoly": {"vertices": [{"x": 80.0, "y": 928.0}, {"x": 227.0, "y": 928.0}, {"x": 227.0, "y": 963.0}, {"x": 80.0, "y": 963.0}]}, "description": "Signature"}, {"boundingPoly": {"vertices": [{"x": 76.0, "y": 966.0}, {"x": 490.0, "y": 960.0}, {"x": 490.0, "y": 996.0}, {"x": 76.0, "y": 1000.0}]}, "description": "I agree to pay above total"}, {"boundingPoly": {"vertices": [{"x": 74.0, "y": 1003.0}, {"x": 505.0, "y": 1000.0}, {"x": 506.0, "y": 1034.0}, {"x": 74.0, "y": 1038.0}]}, "description": "according to my card issuer"}, {"boundingPoly": {"vertices": [{"x": 69.0, "y": 1044.0}, {"x": 236.0, "y": 1040.0}, {"x": 237.0, "y": 1074.0}, {"x": 70.0, "y": 1078.0}]}, "description": "agreement."}, {"boundingPoly": {"vertices": [{"x": 64.0, "y": 1089.0}, {"x": 497.0, "y": 1085.0}, {"x": 497.0, "y": 1122.0}, {"x": 64.0, "y": 1125.0}]}, "description": "* * * * Guest Copy * * * *"}]}