{"textAnnotations": [{"boundingPoly": {"vertices": [{"x": 2.0, "y": 38.0}, {"x": 18.0, "y": 40.0}, {"x": 16.0, "y": 58.0}, {"x": 0.0, "y": 56.0}]}, "description": "ES"}, {"boundingPoly": {"vertices": [{"x": 91.0, "y": 22.0}, {"x": 335.0, "y": 1.0}, {"x": 340.0, "y": 53.0}, {"x": 94.0, "y": 74.0}]}, "description": "Breakfast"}, {"boundingPoly": {"vertices": [{"x": 24.0, "y": 104.0}, {"x": 107.0, "y": 103.0}, {"x": 107.0, "y": 126.0}, {"x": 25.0, "y": 128.0}]}, "description": "0651"}, {"boundingPoly": {"vertices": [{"x": 24.0, "y": 129.0}, {"x": 102.0, "y": 129.0}, {"x": 102.0, "y": 154.0}, {"x": 24.0, "y": 154.0}]}, "description": " Server:"}, {"boundingPoly": {"vertices": [{"x": 364.0, "y": 101.0}, {"x": 406.0, "y": 101.0}, {"x": 406.0, "y": 128.0}, {"x": 364.0, "y": 128.0}]}, "description": " Rec:"}, {"boundingPoly": {"vertices": [{"x": 313.0, "y": 128.0}, {"x": 401.0, "y": 128.0}, {"x": 401.0, "y": 164.0}, {"x": 313.0, "y": 164.0}]}, "description": " 8 Term:"}, {"boundingPoly": {"vertices": [{"x": 409.0, "y": 97.0}, {"x": 447.0, "y": 97.0}, {"x": 447.0, "y": 124.0}, {"x": 409.0, "y": 124.0}]}, "description": " 101"}, {"boundingPoly": {"vertices": [{"x": 410.0, "y": 125.0}, {"x": 425.0, "y": 125.0}, {"x": 425.0, "y": 152.0}, {"x": 410.0, "y": 152.0}]}, "description": " 7"}, {"boundingPoly": {"vertices": [{"x": 106.0, "y": 119.0}, {"x": 242.0, "y": 119.0}, {"x": 242.0, "y": 152.0}, {"x": 106.0, "y": 152.0}]}, "description": " LINA 1 (#140)"}, {"boundingPoly": {"vertices": [{"x": 28.0, "y": 140.0}, {"x": 295.0, "y": 140.0}, {"x": 295.0, "y": 181.0}, {"x": 28.0, "y": 181.0}]}, "description": " 11/15/19 11:17, Chip T:"}, {"boundingPoly": {"vertices": [{"x": 27.0, "y": 210.0}, {"x": 133.0, "y": 208.0}, {"x": 133.0, "y": 231.0}, {"x": 27.0, "y": 233.0}]}, "description": "merchant name"}, {"boundingPoly": {"vertices": [{"x": 24.0, "y": 237.0}, {"x": 184.0, "y": 233.0}, {"x": 185.0, "y": 256.0}, {"x": 24.0, "y": 260.0}]}, "description": "merchant address"}, {"boundingPoly": {"vertices": [{"x": 20.0, "y": 262.0}, {"x": 215.0, "y": 258.0}, {"x": 215.0, "y": 281.0}, {"x": 21.0, "y": 285.0}]}, "description": "merchant address"}, {"boundingPoly": {"vertices": [{"x": 24.0, "y": 287.0}, {"x": 164.0, "y": 287.0}, {"x": 164.0, "y": 310.0}, {"x": 24.0, "y": 310.0}]}, "description": "merchant phone"}, {"boundingPoly": {"vertices": [{"x": 21.0, "y": 314.0}, {"x": 141.0, "y": 314.0}, {"x": 141.0, "y": 337.0}, {"x": 21.0, "y": 337.0}]}, "description": " MERCHANT #:"}, {"boundingPoly": {"vertices": [{"x": 20.0, "y": 362.0}, {"x": 121.0, "y": 364.0}, {"x": 121.0, "y": 386.0}, {"x": 20.0, "y": 383.0}]}, "description": "CARD TYPE"}, {"boundingPoly": {"vertices": [{"x": 20.0, "y": 386.0}, {"x": 188.0, "y": 386.0}, {"x": 188.0, "y": 413.0}, {"x": 20.0, "y": 413.0}]}, "description": " AMERICAN EXPRES"}, {"boundingPoly": {"vertices": [{"x": 15.0, "y": 425.0}, {"x": 200.0, "y": 425.0}, {"x": 200.0, "y": 458.0}, {"x": 15.0, "y": 458.0}]}, "description": " AUTHORIZATION #:"}, {"boundingPoly": {"vertices": [{"x": 202.0, "y": 366.0}, {"x": 354.0, "y": 361.0}, {"x": 355.0, "y": 384.0}, {"x": 203.0, "y": 389.0}]}, "description": "ACCOUNT NUMBER"}, {"boundingPoly": {"vertices": [{"x": 202.0, "y": 388.0}, {"x": 376.0, "y": 388.0}, {"x": 376.0, "y": 414.0}, {"x": 202.0, "y": 414.0}]}, "description": " XXXXXXXXXXXX1000"}, {"boundingPoly": {"vertices": [{"x": 17.0, "y": 406.0}, {"x": 269.0, "y": 419.0}, {"x": 268.0, "y": 440.0}, {"x": 16.0, "y": 426.0}]}, "description": "CO TRANSACTION APPROVED"}, {"boundingPoly": {"vertices": [{"x": 202.0, "y": 440.0}, {"x": 270.0, "y": 440.0}, {"x": 270.0, "y": 463.0}, {"x": 202.0, "y": 463.0}]}, "description": " 861495"}, {"boundingPoly": {"vertices": [{"x": 14.0, "y": 446.0}, {"x": 63.0, "y": 446.0}, {"x": 63.0, "y": 475.0}, {"x": 14.0, "y": 475.0}]}, "description": " MID:"}, {"boundingPoly": {"vertices": [{"x": 67.0, "y": 450.0}, {"x": 196.0, "y": 450.0}, {"x": 196.0, "y": 485.0}, {"x": 67.0, "y": 485.0}]}, "description": " 45024613356"}, {"boundingPoly": {"vertices": [{"x": 15.0, "y": 507.0}, {"x": 77.0, "y": 507.0}, {"x": 77.0, "y": 537.0}, {"x": 15.0, "y": 537.0}]}, "description": " AMEX:"}, {"boundingPoly": {"vertices": [{"x": 14.0, "y": 539.0}, {"x": 173.0, "y": 539.0}, {"x": 173.0, "y": 571.0}, {"x": 14.0, "y": 571.0}]}, "description": " Approval Code:"}, {"boundingPoly": {"vertices": [{"x": 88.0, "y": 572.0}, {"x": 139.0, "y": 572.0}, {"x": 139.0, "y": 598.0}, {"x": 88.0, "y": 598.0}]}, "description": " CHIP"}, {"boundingPoly": {"vertices": [{"x": 15.0, "y": 596.0}, {"x": 128.0, "y": 596.0}, {"x": 128.0, "y": 625.0}, {"x": 15.0, "y": 625.0}]}, "description": " App Label:"}, {"boundingPoly": {"vertices": [{"x": 13.0, "y": 624.0}, {"x": 61.0, "y": 624.0}, {"x": 61.0, "y": 650.0}, {"x": 13.0, "y": 650.0}]}, "description": " AID:"}, {"boundingPoly": {"vertices": [{"x": 14.0, "y": 652.0}, {"x": 60.0, "y": 652.0}, {"x": 60.0, "y": 678.0}, {"x": 14.0, "y": 678.0}]}, "description": " TVR:"}, {"boundingPoly": {"vertices": [{"x": 14.0, "y": 681.0}, {"x": 61.0, "y": 681.0}, {"x": 61.0, "y": 706.0}, {"x": 14.0, "y": 706.0}]}, "description": " IAD:"}, {"boundingPoly": {"vertices": [{"x": 11.0, "y": 709.0}, {"x": 58.0, "y": 709.0}, {"x": 58.0, "y": 733.0}, {"x": 11.0, "y": 733.0}]}, "description": " TSI:"}, {"boundingPoly": {"vertices": [{"x": 8.0, "y": 737.0}, {"x": 57.0, "y": 737.0}, {"x": 57.0, "y": 760.0}, {"x": 8.0, "y": 760.0}]}, "description": " ARC:"}, {"boundingPoly": {"vertices": [{"x": 8.0, "y": 765.0}, {"x": 55.0, "y": 765.0}, {"x": 55.0, "y": 788.0}, {"x": 8.0, "y": 788.0}]}, "description": " CVM:"}, {"boundingPoly": {"vertices": [{"x": 5.0, "y": 793.0}, {"x": 120.0, "y": 793.0}, {"x": 120.0, "y": 816.0}, {"x": 5.0, "y": 816.0}]}, "description": " Reference:"}, {"boundingPoly": {"vertices": [{"x": 5.0, "y": 819.0}, {"x": 124.0, "y": 819.0}, {"x": 124.0, "y": 843.0}, {"x": 5.0, "y": 843.0}]}, "description": " TRANS TYPE:"}, {"boundingPoly": {"vertices": [{"x": 80.0, "y": 514.0}, {"x": 258.0, "y": 514.0}, {"x": 258.0, "y": 547.0}, {"x": 80.0, "y": 547.0}]}, "description": " XXXXXXXXXXXX1000"}, {"boundingPoly": {"vertices": [{"x": 176.0, "y": 547.0}, {"x": 246.0, "y": 547.0}, {"x": 246.0, "y": 576.0}, {"x": 176.0, "y": 576.0}]}, "description": " 861495"}, {"boundingPoly": {"vertices": [{"x": 15.0, "y": 568.0}, {"x": 84.0, "y": 568.0}, {"x": 84.0, "y": 596.0}, {"x": 15.0, "y": 596.0}]}, "description": " Entry:"}, {"boundingPoly": {"vertices": [{"x": 132.0, "y": 602.0}, {"x": 308.0, "y": 602.0}, {"x": 308.0, "y": 628.0}, {"x": 132.0, "y": 628.0}]}, "description": " AMERICAN EXPRESS"}, {"boundingPoly": {"vertices": [{"x": 65.0, "y": 627.0}, {"x": 242.0, "y": 627.0}, {"x": 242.0, "y": 655.0}, {"x": 65.0, "y": 655.0}]}, "description": " A000000025010801"}, {"boundingPoly": {"vertices": [{"x": 64.0, "y": 654.0}, {"x": 178.0, "y": 654.0}, {"x": 178.0, "y": 681.0}, {"x": 64.0, "y": 681.0}]}, "description": " 0000008000"}, {"boundingPoly": {"vertices": [{"x": 64.0, "y": 682.0}, {"x": 220.0, "y": 682.0}, {"x": 220.0, "y": 709.0}, {"x": 64.0, "y": 709.0}]}, "description": " 06580103602002"}, {"boundingPoly": {"vertices": [{"x": 63.0, "y": 710.0}, {"x": 112.0, "y": 710.0}, {"x": 112.0, "y": 734.0}, {"x": 63.0, "y": 734.0}]}, "description": " F800"}, {"boundingPoly": {"vertices": [{"x": 60.0, "y": 737.0}, {"x": 89.0, "y": 737.0}, {"x": 89.0, "y": 761.0}, {"x": 60.0, "y": 761.0}]}, "description": " 00"}, {"boundingPoly": {"vertices": [{"x": 60.0, "y": 765.0}, {"x": 108.0, "y": 765.0}, {"x": 108.0, "y": 789.0}, {"x": 60.0, "y": 789.0}]}, "description": " SIGN"}, {"boundingPoly": {"vertices": [{"x": 124.0, "y": 792.0}, {"x": 266.0, "y": 792.0}, {"x": 266.0, "y": 816.0}, {"x": 124.0, "y": 816.0}]}, "description": " 1115010000651"}, {"boundingPoly": {"vertices": [{"x": 128.0, "y": 819.0}, {"x": 311.0, "y": 819.0}, {"x": 311.0, "y": 843.0}, {"x": 128.0, "y": 843.0}]}, "description": " Credit Card SALE"}, {"boundingPoly": {"vertices": [{"x": 2.0, "y": 871.0}, {"x": 99.0, "y": 871.0}, {"x": 99.0, "y": 896.0}, {"x": 2.0, "y": 896.0}]}, "description": " CHECK"}, {"boundingPoly": {"vertices": [{"x": 104.0, "y": 870.0}, {"x": 119.0, "y": 870.0}, {"x": 119.0, "y": 895.0}, {"x": 104.0, "y": 895.0}]}, "description": " :"}, {"boundingPoly": {"vertices": [{"x": 328.0, "y": 873.0}, {"x": 447.0, "y": 873.0}, {"x": 448.0, "y": 896.0}, {"x": 328.0, "y": 897.0}]}, "description": "31.99"}, {"boundingPoly": {"vertices": [{"x": 4.0, "y": 926.0}, {"x": 191.0, "y": 927.0}, {"x": 191.0, "y": 952.0}, {"x": 4.0, "y": 951.0}]}, "description": "uggested Gratuity"}, {"boundingPoly": {"vertices": [{"x": 80.0, "y": 953.0}, {"x": 118.0, "y": 953.0}, {"x": 117.0, "y": 977.0}, {"x": 80.0, "y": 976.0}]}, "description": "22%"}, {"boundingPoly": {"vertices": [{"x": 82.0, "y": 982.0}, {"x": 120.0, "y": 981.0}, {"x": 119.0, "y": 1002.0}, {"x": 82.0, "y": 1004.0}]}, "description": "20%"}, {"boundingPoly": {"vertices": [{"x": 87.0, "y": 1010.0}, {"x": 120.0, "y": 1009.0}, {"x": 121.0, "y": 1032.0}, {"x": 87.0, "y": 1032.0}]}, "description": "18%"}, {"boundingPoly": {"vertices": [{"x": 91.0, "y": 1037.0}, {"x": 123.0, "y": 1037.0}, {"x": 123.0, "y": 1059.0}, {"x": 91.0, "y": 1059.0}]}, "description": "15%"}, {"boundingPoly": {"vertices": [{"x": 179.0, "y": 956.0}, {"x": 227.0, "y": 955.0}, {"x": 227.0, "y": 978.0}, {"x": 179.0, "y": 979.0}]}, "description": "6.60"}, {"boundingPoly": {"vertices": [{"x": 180.0, "y": 984.0}, {"x": 229.0, "y": 983.0}, {"x": 229.0, "y": 1006.0}, {"x": 181.0, "y": 1006.0}]}, "description": "6.00"}, {"boundingPoly": {"vertices": [{"x": 182.0, "y": 1011.0}, {"x": 231.0, "y": 1012.0}, {"x": 230.0, "y": 1035.0}, {"x": 181.0, "y": 1034.0}]}, "description": "5.40"}, {"boundingPoly": {"vertices": [{"x": 185.0, "y": 1040.0}, {"x": 232.0, "y": 1040.0}, {"x": 232.0, "y": 1062.0}, {"x": 185.0, "y": 1062.0}]}, "description": "4.50"}, {"boundingPoly": {"vertices": [{"x": 11.0, "y": 1088.0}, {"x": 69.0, "y": 1088.0}, {"x": 69.0, "y": 1114.0}, {"x": 11.0, "y": 1114.0}]}, "description": " TIP"}, {"boundingPoly": {"vertices": [{"x": 74.0, "y": 1089.0}, {"x": 87.0, "y": 1089.0}, {"x": 87.0, "y": 1115.0}, {"x": 74.0, "y": 1115.0}]}, "description": " :"}, {"boundingPoly": {"vertices": [{"x": 277.0, "y": 1081.0}, {"x": 348.0, "y": 1078.0}, {"x": 351.0, "y": 1120.0}, {"x": 279.0, "y": 1124.0}]}, "description": "6"}, {"boundingPoly": {"vertices": [{"x": 251.0, "y": 1129.0}, {"x": 341.0, "y": 1132.0}, {"x": 340.0, "y": 1173.0}, {"x": 251.0, "y": 1169.0}]}, "description": "37"}, {"boundingPoly": {"vertices": [{"x": 13.0, "y": 1143.0}, {"x": 114.0, "y": 1143.0}, {"x": 114.0, "y": 1172.0}, {"x": 13.0, "y": 1172.0}]}, "description": " TOTAL"}, {"boundingPoly": {"vertices": [{"x": 119.0, "y": 1148.0}, {"x": 132.0, "y": 1148.0}, {"x": 132.0, "y": 1172.0}, {"x": 119.0, "y": 1172.0}]}, "description": " :"}, {"boundingPoly": {"vertices": [{"x": 376.0, "y": 1124.0}, {"x": 471.0, "y": 1127.0}, {"x": 470.0, "y": 1190.0}, {"x": 374.0, "y": 1186.0}]}, "description": ".99"}, {"boundingPoly": {"vertices": [{"x": 12.0, "y": 1310.0}, {"x": 32.0, "y": 1309.0}, {"x": 32.0, "y": 1333.0}, {"x": 13.0, "y": 1335.0}]}, "description": "X"}]}