{"textAnnotations": [{"boundingPoly": {"vertices": [{"x": 604.0, "y": 150.0}, {"x": 1149.0, "y": 141.0}, {"x": 1150.0, "y": 211.0}, {"x": 606.0, "y": 225.0}]}, "description": "merchant name"}, {"boundingPoly": {"vertices": [{"x": 732.0, "y": 255.0}, {"x": 1020.0, "y": 254.0}, {"x": 1021.0, "y": 296.0}, {"x": 732.0, "y": 298.0}]}, "description": "merchant address"}, {"boundingPoly": {"vertices": [{"x": 734.0, "y": 302.0}, {"x": 1016.0, "y": 296.0}, {"x": 1017.0, "y": 336.0}, {"x": 734.0, "y": 343.0}]}, "description": "merchant address"}, {"boundingPoly": {"vertices": [{"x": 545.0, "y": 348.0}, {"x": 1209.0, "y": 338.0}, {"x": 1210.0, "y": 380.0}, {"x": 545.0, "y": 390.0}]}, "description": "All Sales Taxes are Included in Price"}, {"boundingPoly": {"vertices": [{"x": 455.0, "y": 435.0}, {"x": 617.0, "y": 435.0}, {"x": 617.0, "y": 476.0}, {"x": 455.0, "y": 476.0}]}, "description": " Tab Name:"}, {"boundingPoly": {"vertices": [{"x": 571.0, "y": 478.0}, {"x": 736.0, "y": 478.0}, {"x": 736.0, "y": 518.0}, {"x": 571.0, "y": 518.0}]}, "description": " REG 2-502"}, {"boundingPoly": {"vertices": [{"x": 501.0, "y": 521.0}, {"x": 609.0, "y": 521.0}, {"x": 609.0, "y": 559.0}, {"x": 501.0, "y": 559.0}]}, "description": " AF7598"}, {"boundingPoly": {"vertices": [{"x": 446.0, "y": 564.0}, {"x": 652.0, "y": 564.0}, {"x": 652.0, "y": 602.0}, {"x": 446.0, "y": 602.0}]}, "description": " Payment ID:"}, {"boundingPoly": {"vertices": [{"x": 455.0, "y": 602.0}, {"x": 790.0, "y": 602.0}, {"x": 790.0, "y": 647.0}, {"x": 455.0, "y": 647.0}]}, "description": " 11/15/19 7:37:49 PM"}, {"boundingPoly": {"vertices": [{"x": 454.0, "y": 479.0}, {"x": 564.0, "y": 479.0}, {"x": 564.0, "y": 518.0}, {"x": 454.0, "y": 518.0}]}, "description": " Order:"}, {"boundingPoly": {"vertices": [{"x": 997.0, "y": 472.0}, {"x": 1127.0, "y": 472.0}, {"x": 1127.0, "y": 512.0}, {"x": 997.0, "y": 512.0}]}, "description": " Server:"}, {"boundingPoly": {"vertices": [{"x": 1134.0, "y": 468.0}, {"x": 1305.0, "y": 468.0}, {"x": 1305.0, "y": 511.0}, {"x": 1134.0, "y": 511.0}]}, "description": " BARTENDER"}, {"boundingPoly": {"vertices": [{"x": 453.0, "y": 524.0}, {"x": 495.0, "y": 524.0}, {"x": 495.0, "y": 559.0}, {"x": 453.0, "y": 559.0}]}, "description": " #:"}, {"boundingPoly": {"vertices": [{"x": 658.0, "y": 561.0}, {"x": 772.0, "y": 561.0}, {"x": 772.0, "y": 602.0}, {"x": 658.0, "y": 602.0}]}, "description": " A10EB3"}, {"boundingPoly": {"vertices": [{"x": 451.0, "y": 693.0}, {"x": 598.0, "y": 693.0}, {"x": 598.0, "y": 731.0}, {"x": 451.0, "y": 730.0}]}, "description": "Subtotal"}, {"boundingPoly": {"vertices": [{"x": 455.0, "y": 735.0}, {"x": 616.0, "y": 737.0}, {"x": 616.0, "y": 776.0}, {"x": 454.0, "y": 773.0}]}, "description": "Total Tax"}, {"boundingPoly": {"vertices": [{"x": 453.0, "y": 780.0}, {"x": 544.0, "y": 781.0}, {"x": 545.0, "y": 817.0}, {"x": 453.0, "y": 816.0}]}, "description": "TOTAL"}, {"boundingPoly": {"vertices": [{"x": 452.0, "y": 823.0}, {"x": 528.0, "y": 823.0}, {"x": 526.0, "y": 860.0}, {"x": 452.0, "y": 860.0}]}, "description": "SALE"}, {"boundingPoly": {"vertices": [{"x": 455.0, "y": 867.0}, {"x": 526.0, "y": 867.0}, {"x": 525.0, "y": 902.0}, {"x": 456.0, "y": 903.0}]}, "description": "AMEX"}, {"boundingPoly": {"vertices": [{"x": 457.0, "y": 909.0}, {"x": 525.0, "y": 909.0}, {"x": 524.0, "y": 945.0}, {"x": 457.0, "y": 946.0}]}, "description": "CARD"}, {"boundingPoly": {"vertices": [{"x": 457.0, "y": 952.0}, {"x": 669.0, "y": 953.0}, {"x": 669.0, "y": 991.0}, {"x": 457.0, "y": 990.0}]}, "description": "ENTRY METHOD"}, {"boundingPoly": {"vertices": [{"x": 458.0, "y": 996.0}, {"x": 596.0, "y": 996.0}, {"x": 596.0, "y": 1034.0}, {"x": 458.0, "y": 1034.0}]}, "description": "APPROVAL"}, {"boundingPoly": {"vertices": [{"x": 455.0, "y": 1037.0}, {"x": 604.0, "y": 1037.0}, {"x": 603.0, "y": 1076.0}, {"x": 455.0, "y": 1076.0}]}, "description": "RESPONSE"}, {"boundingPoly": {"vertices": [{"x": 1191.0, "y": 689.0}, {"x": 1301.0, "y": 687.0}, {"x": 1302.0, "y": 725.0}, {"x": 1193.0, "y": 727.0}]}, "description": "$20.00"}, {"boundingPoly": {"vertices": [{"x": 1211.0, "y": 733.0}, {"x": 1302.0, "y": 733.0}, {"x": 1301.0, "y": 767.0}, {"x": 1212.0, "y": 770.0}]}, "description": "$0.00"}, {"boundingPoly": {"vertices": [{"x": 1188.0, "y": 778.0}, {"x": 1303.0, "y": 775.0}, {"x": 1304.0, "y": 815.0}, {"x": 1190.0, "y": 817.0}]}, "description": "$20.00"}, {"boundingPoly": {"vertices": [{"x": 1226.0, "y": 866.0}, {"x": 1299.0, "y": 866.0}, {"x": 1299.0, "y": 901.0}, {"x": 1225.0, "y": 901.0}]}, "description": "7634"}, {"boundingPoly": {"vertices": [{"x": 1010.0, "y": 915.0}, {"x": 1297.0, "y": 910.0}, {"x": 1298.0, "y": 946.0}, {"x": 1010.0, "y": 949.0}]}, "description": "xxxxxxxxxxxx1000"}, {"boundingPoly": {"vertices": [{"x": 1192.0, "y": 953.0}, {"x": 1298.0, "y": 952.0}, {"x": 1298.0, "y": 988.0}, {"x": 1192.0, "y": 989.0}]}, "description": "SWIPED"}, {"boundingPoly": {"vertices": [{"x": 1188.0, "y": 996.0}, {"x": 1301.0, "y": 996.0}, {"x": 1301.0, "y": 1031.0}, {"x": 1188.0, "y": 1032.0}]}, "description": "509114"}, {"boundingPoly": {"vertices": [{"x": 1260.0, "y": 1039.0}, {"x": 1298.0, "y": 1040.0}, {"x": 1296.0, "y": 1075.0}, {"x": 1259.0, "y": 1074.0}]}, "description": "00"}, {"boundingPoly": {"vertices": [{"x": 631.0, "y": 1125.0}, {"x": 822.0, "y": 1125.0}, {"x": 822.0, "y": 1190.0}, {"x": 631.0, "y": 1190.0}]}, "description": " Amount"}, {"boundingPoly": {"vertices": [{"x": 664.0, "y": 1234.0}, {"x": 875.0, "y": 1234.0}, {"x": 875.0, "y": 1307.0}, {"x": 664.0, "y": 1307.0}]}, "description": " + Tip:"}, {"boundingPoly": {"vertices": [{"x": 596.0, "y": 1340.0}, {"x": 869.0, "y": 1340.0}, {"x": 869.0, "y": 1407.0}, {"x": 596.0, "y": 1407.0}]}, "description": " = Total:"}, {"boundingPoly": {"vertices": [{"x": 555.0, "y": 1449.0}, {"x": 1200.0, "y": 1453.0}, {"x": 1199.0, "y": 1496.0}, {"x": 555.0, "y": 1490.0}]}, "description": "I agree to pay the above total amount"}, {"boundingPoly": {"vertices": [{"x": 834.0, "y": 1125.0}, {"x": 864.0, "y": 1125.0}, {"x": 864.0, "y": 1190.0}, {"x": 834.0, "y": 1190.0}]}, "description": " :"}, {"boundingPoly": {"vertices": [{"x": 1076.0, "y": 1124.0}, {"x": 1290.0, "y": 1124.0}, {"x": 1290.0, "y": 1191.0}, {"x": 1076.0, "y": 1192.0}]}, "description": "$20.00"}, {"boundingPoly": {"vertices": [{"x": 1034.0, "y": 1230.0}, {"x": 1192.0, "y": 1222.0}, {"x": 1196.0, "y": 1281.0}, {"x": 1045.0, "y": 1294.0}]}, "description": "7. co"}, {"boundingPoly": {"vertices": [{"x": 990.0, "y": 1336.0}, {"x": 1197.0, "y": 1324.0}, {"x": 1200.0, "y": 1406.0}, {"x": 994.0, "y": 1414.0}]}, "description": "23 w"}, {"boundingPoly": {"vertices": [{"x": 539.0, "y": 1492.0}, {"x": 1220.0, "y": 1498.0}, {"x": 1219.0, "y": 1543.0}, {"x": 539.0, "y": 1533.0}]}, "description": "according to the card issuer agreement."}, {"boundingPoly": {"vertices": [{"x": 756.0, "y": 1714.0}, {"x": 990.0, "y": 1717.0}, {"x": 989.0, "y": 1759.0}, {"x": 756.0, "y": 1754.0}]}, "description": "CUSTOMER COPY"}, {"boundingPoly": {"vertices": [{"x": 784.0, "y": 1761.0}, {"x": 961.0, "y": 1765.0}, {"x": 960.0, "y": 1807.0}, {"x": 784.0, "y": 1802.0}]}, "description": "Thank You!"}, {"boundingPoly": {"vertices": [{"x": 738.0, "y": 1854.0}, {"x": 1010.0, "y": 1859.0}, {"x": 1009.0, "y": 1906.0}, {"x": 737.0, "y": 1902.0}]}, "description": "Tip Suggestions"}, {"boundingPoly": {"vertices": [{"x": 797.0, "y": 1905.0}, {"x": 959.0, "y": 1907.0}, {"x": 958.0, "y": 1952.0}, {"x": 797.0, "y": 1950.0}]}, "description": "18% $3.60"}, {"boundingPoly": {"vertices": [{"x": 788.0, "y": 1954.0}, {"x": 956.0, "y": 1958.0}, {"x": 955.0, "y": 2002.0}, {"x": 788.0, "y": 1997.0}]}, "description": "20% $4.00"}, {"boundingPoly": {"vertices": [{"x": 789.0, "y": 2002.0}, {"x": 956.0, "y": 2008.0}, {"x": 954.0, "y": 2051.0}, {"x": 787.0, "y": 2046.0}]}, "description": "22% $4.40"}, {"boundingPoly": {"vertices": [{"x": 485.0, "y": 2079.0}, {"x": 1274.0, "y": 2120.0}, {"x": 1271.0, "y": 2171.0}, {"x": 483.0, "y": 2128.0}]}, "description": "Next time, close your tab from your iphone,"}, {"boundingPoly": {"vertices": [{"x": 587.0, "y": 2137.0}, {"x": 1144.0, "y": 2164.0}, {"x": 1142.0, "y": 2199.0}, {"x": 585.0, "y": 2181.0}]}, "description": "Download the UNION Tab app now"}]}