{"textAnnotations": [{"boundingPoly": {"vertices": [{"x": 213.0, "y": 51.0}, {"x": 235.0, "y": 51.0}, {"x": 235.0, "y": 62.0}, {"x": 213.0, "y": 62.0}]}, "description": "merchant address"}, {"boundingPoly": {"vertices": [{"x": 156.0, "y": 62.0}, {"x": 259.0, "y": 62.0}, {"x": 259.0, "y": 76.0}, {"x": 156.0, "y": 76.0}]}, "description": "merchant name"}, {"boundingPoly": {"vertices": [{"x": 212.0, "y": 74.0}, {"x": 245.0, "y": 74.0}, {"x": 245.0, "y": 85.0}, {"x": 212.0, "y": 85.0}]}, "description": "merchant address"}, {"boundingPoly": {"vertices": [{"x": 196.0, "y": 84.0}, {"x": 215.0, "y": 84.0}, {"x": 215.0, "y": 97.0}, {"x": 196.0, "y": 97.0}]}, "description": "merchant address"}, {"boundingPoly": {"vertices": [{"x": 213.0, "y": 106.0}, {"x": 282.0, "y": 105.0}, {"x": 283.0, "y": 117.0}, {"x": 213.0, "y": 119.0}]}, "description": "merchant phone"}, {"boundingPoly": {"vertices": [{"x": 241.0, "y": 51.0}, {"x": 283.0, "y": 51.0}, {"x": 283.0, "y": 63.0}, {"x": 241.0, "y": 63.0}]}, "description": "merchant address"}, {"boundingPoly": {"vertices": [{"x": 262.0, "y": 61.0}, {"x": 283.0, "y": 61.0}, {"x": 283.0, "y": 74.0}, {"x": 262.0, "y": 74.0}]}, "description": "merchant name"}, {"boundingPoly": {"vertices": [{"x": 259.0, "y": 72.0}, {"x": 284.0, "y": 72.0}, {"x": 284.0, "y": 84.0}, {"x": 259.0, "y": 84.0}]}, "description": "merchant address"}, {"boundingPoly": {"vertices": [{"x": 257.0, "y": 84.0}, {"x": 300.0, "y": 84.0}, {"x": 300.0, "y": 97.0}, {"x": 257.0, "y": 97.0}]}, "description": "merchant address"}, {"boundingPoly": {"vertices": [{"x": 220.0, "y": 95.0}, {"x": 267.0, "y": 95.0}, {"x": 267.0, "y": 108.0}, {"x": 220.0, "y": 108.0}]}, "description": "merchant address"}, {"boundingPoly": {"vertices": [{"x": 286.0, "y": 61.0}, {"x": 305.0, "y": 61.0}, {"x": 305.0, "y": 74.0}, {"x": 286.0, "y": 74.0}]}, "description": "merchant name"}, {"boundingPoly": {"vertices": [{"x": 308.0, "y": 60.0}, {"x": 340.0, "y": 60.0}, {"x": 340.0, "y": 74.0}, {"x": 308.0, "y": 74.0}]}, "description": "merchant name"}, {"boundingPoly": {"vertices": [{"x": 247.0, "y": 73.0}, {"x": 257.0, "y": 73.0}, {"x": 257.0, "y": 85.0}, {"x": 247.0, "y": 85.0}]}, "description": "merchant address"}, {"boundingPoly": {"vertices": [{"x": 218.0, "y": 84.0}, {"x": 255.0, "y": 84.0}, {"x": 255.0, "y": 97.0}, {"x": 218.0, "y": 97.0}]}, "description": "merchant address"}, {"boundingPoly": {"vertices": [{"x": 269.0, "y": 95.0}, {"x": 280.0, "y": 95.0}, {"x": 280.0, "y": 107.0}, {"x": 269.0, "y": 107.0}]}, "description": "merchant address"}, {"boundingPoly": {"vertices": [{"x": 139.0, "y": 127.0}, {"x": 159.0, "y": 127.0}, {"x": 159.0, "y": 140.0}, {"x": 139.0, "y": 140.0}]}, "description": " 210"}, {"boundingPoly": {"vertices": [{"x": 161.0, "y": 128.0}, {"x": 188.0, "y": 128.0}, {"x": 188.0, "y": 141.0}, {"x": 161.0, "y": 141.0}]}, "description": " Alex"}, {"boundingPoly": {"vertices": [{"x": 155.0, "y": 150.0}, {"x": 181.0, "y": 150.0}, {"x": 181.0, "y": 162.0}, {"x": 155.0, "y": 162.0}]}, "description": " 8070"}, {"boundingPoly": {"vertices": [{"x": 190.0, "y": 128.0}, {"x": 198.0, "y": 128.0}, {"x": 198.0, "y": 140.0}, {"x": 190.0, "y": 140.0}]}, "description": " T"}, {"boundingPoly": {"vertices": [{"x": 133.0, "y": 150.0}, {"x": 152.0, "y": 150.0}, {"x": 152.0, "y": 162.0}, {"x": 133.0, "y": 162.0}]}, "description": " Chk"}, {"boundingPoly": {"vertices": [{"x": 230.0, "y": 148.0}, {"x": 364.0, "y": 148.0}, {"x": 364.0, "y": 163.0}, {"x": 230.0, "y": 163.0}]}, "description": " Oct23'19 02:46P Gst 0"}, {"boundingPoly": {"vertices": [{"x": 157.0, "y": 172.0}, {"x": 193.0, "y": 172.0}, {"x": 193.0, "y": 185.0}, {"x": 157.0, "y": 185.0}]}, "description": " Eat"}, {"boundingPoly": {"vertices": [{"x": 145.0, "y": 194.0}, {"x": 192.0, "y": 194.0}, {"x": 192.0, "y": 207.0}, {"x": 145.0, "y": 207.0}]}, "description": " 1 Nshvle"}, {"boundingPoly": {"vertices": [{"x": 156.0, "y": 207.0}, {"x": 194.0, "y": 207.0}, {"x": 194.0, "y": 219.0}, {"x": 156.0, "y": 219.0}]}, "description": " Charge"}, {"boundingPoly": {"vertices": [{"x": 204.0, "y": 172.0}, {"x": 225.0, "y": 172.0}, {"x": 225.0, "y": 185.0}, {"x": 204.0, "y": 185.0}]}, "description": " In"}, {"boundingPoly": {"vertices": [{"x": 144.0, "y": 182.0}, {"x": 250.0, "y": 182.0}, {"x": 250.0, "y": 195.0}, {"x": 144.0, "y": 196.0}]}, "description": "2 Lagunitas IPA DR"}, {"boundingPoly": {"vertices": [{"x": 194.0, "y": 195.0}, {"x": 216.0, "y": 195.0}, {"x": 216.0, "y": 208.0}, {"x": 194.0, "y": 208.0}]}, "description": " Chx"}, {"boundingPoly": {"vertices": [{"x": 196.0, "y": 207.0}, {"x": 216.0, "y": 207.0}, {"x": 216.0, "y": 219.0}, {"x": 196.0, "y": 219.0}]}, "description": " Tip"}, {"boundingPoly": {"vertices": [{"x": 218.0, "y": 195.0}, {"x": 277.0, "y": 195.0}, {"x": 277.0, "y": 208.0}, {"x": 218.0, "y": 208.0}]}, "description": " Sand Fries"}, {"boundingPoly": {"vertices": [{"x": 150.0, "y": 216.0}, {"x": 262.0, "y": 216.0}, {"x": 262.0, "y": 230.0}, {"x": 150.0, "y": 229.0}]}, "description": "XXXXXXXXXXXXXXX2009"}, {"boundingPoly": {"vertices": [{"x": 156.0, "y": 230.0}, {"x": 181.0, "y": 230.0}, {"x": 181.0, "y": 240.0}, {"x": 155.0, "y": 240.0}]}, "description": "Amex"}, {"boundingPoly": {"vertices": [{"x": 315.0, "y": 182.0}, {"x": 346.0, "y": 182.0}, {"x": 346.0, "y": 195.0}, {"x": 315.0, "y": 194.0}]}, "description": "21.98"}, {"boundingPoly": {"vertices": [{"x": 321.0, "y": 204.0}, {"x": 347.0, "y": 203.0}, {"x": 347.0, "y": 215.0}, {"x": 321.0, "y": 216.0}]}, "description": "8.55"}, {"boundingPoly": {"vertices": [{"x": 315.0, "y": 192.0}, {"x": 347.0, "y": 192.0}, {"x": 347.0, "y": 204.0}, {"x": 316.0, "y": 205.0}]}, "description": "17.29"}, {"boundingPoly": {"vertices": [{"x": 316.0, "y": 227.0}, {"x": 346.0, "y": 227.0}, {"x": 347.0, "y": 240.0}, {"x": 315.0, "y": 240.0}]}, "description": "51.30"}, {"boundingPoly": {"vertices": [{"x": 157.0, "y": 249.0}, {"x": 182.0, "y": 249.0}, {"x": 182.0, "y": 261.0}, {"x": 157.0, "y": 261.0}]}, "description": "Food"}, {"boundingPoly": {"vertices": [{"x": 156.0, "y": 261.0}, {"x": 198.0, "y": 261.0}, {"x": 198.0, "y": 273.0}, {"x": 156.0, "y": 273.0}]}, "description": "Alcohol"}, {"boundingPoly": {"vertices": [{"x": 155.0, "y": 273.0}, {"x": 178.0, "y": 274.0}, {"x": 178.0, "y": 284.0}, {"x": 155.0, "y": 283.0}]}, "description": "Tax"}, {"boundingPoly": {"vertices": [{"x": 156.0, "y": 283.0}, {"x": 195.0, "y": 283.0}, {"x": 195.0, "y": 296.0}, {"x": 156.0, "y": 296.0}]}, "description": " Charge"}, {"boundingPoly": {"vertices": [{"x": 156.0, "y": 295.0}, {"x": 198.0, "y": 295.0}, {"x": 198.0, "y": 307.0}, {"x": 156.0, "y": 306.0}]}, "description": "Payment"}, {"boundingPoly": {"vertices": [{"x": 197.0, "y": 305.0}, {"x": 221.0, "y": 305.0}, {"x": 221.0, "y": 318.0}, {"x": 197.0, "y": 318.0}]}, "description": " -210"}, {"boundingPoly": {"vertices": [{"x": 314.0, "y": 257.0}, {"x": 349.0, "y": 257.0}, {"x": 349.0, "y": 272.0}, {"x": 314.0, "y": 273.0}]}, "description": "21.98"}, {"boundingPoly": {"vertices": [{"x": 319.0, "y": 280.0}, {"x": 351.0, "y": 280.0}, {"x": 351.0, "y": 292.0}, {"x": 319.0, "y": 292.0}]}, "description": "8.55"}, {"boundingPoly": {"vertices": [{"x": 315.0, "y": 292.0}, {"x": 347.0, "y": 291.0}, {"x": 348.0, "y": 304.0}, {"x": 316.0, "y": 305.0}]}, "description": "51.30"}, {"boundingPoly": {"vertices": [{"x": 197.0, "y": 283.0}, {"x": 216.0, "y": 283.0}, {"x": 216.0, "y": 296.0}, {"x": 197.0, "y": 296.0}]}, "description": " Tip"}, {"boundingPoly": {"vertices": [{"x": 319.0, "y": 270.0}, {"x": 350.0, "y": 271.0}, {"x": 350.0, "y": 284.0}, {"x": 319.0, "y": 283.0}]}, "description": "3.48"}, {"boundingPoly": {"vertices": [{"x": 224.0, "y": 305.0}, {"x": 315.0, "y": 305.0}, {"x": 315.0, "y": 318.0}, {"x": 224.0, "y": 318.0}]}, "description": " Check Closed ----"}, {"boundingPoly": {"vertices": [{"x": 198.0, "y": 315.0}, {"x": 307.0, "y": 315.0}, {"x": 307.0, "y": 329.0}, {"x": 198.0, "y": 329.0}]}, "description": " -Oct23'19 03:30PM --"}, {"boundingPoly": {"vertices": [{"x": 169.0, "y": 338.0}, {"x": 284.0, "y": 338.0}, {"x": 284.0, "y": 351.0}, {"x": 169.0, "y": 351.0}]}, "description": " For your convenience"}, {"boundingPoly": {"vertices": [{"x": 180.0, "y": 349.0}, {"x": 314.0, "y": 349.0}, {"x": 314.0, "y": 361.0}, {"x": 180.0, "y": 362.0}]}, "description": "providing the following"}, {"boundingPoly": {"vertices": [{"x": 185.0, "y": 361.0}, {"x": 310.0, "y": 361.0}, {"x": 310.0, "y": 373.0}, {"x": 185.0, "y": 373.0}]}, "description": " gratuity calculations:"}, {"boundingPoly": {"vertices": [{"x": 286.0, "y": 339.0}, {"x": 301.0, "y": 339.0}, {"x": 301.0, "y": 350.0}, {"x": 286.0, "y": 350.0}]}, "description": " we"}, {"boundingPoly": {"vertices": [{"x": 304.0, "y": 339.0}, {"x": 324.0, "y": 339.0}, {"x": 324.0, "y": 350.0}, {"x": 304.0, "y": 350.0}]}, "description": " are"}, {"boundingPoly": {"vertices": [{"x": 215.0, "y": 382.0}, {"x": 233.0, "y": 382.0}, {"x": 233.0, "y": 396.0}, {"x": 215.0, "y": 396.0}]}, "description": " 15%"}, {"boundingPoly": {"vertices": [{"x": 213.0, "y": 405.0}, {"x": 234.0, "y": 405.0}, {"x": 234.0, "y": 417.0}, {"x": 213.0, "y": 417.0}]}, "description": " 20%"}, {"boundingPoly": {"vertices": [{"x": 236.0, "y": 382.0}, {"x": 286.0, "y": 382.0}, {"x": 286.0, "y": 398.0}, {"x": 236.0, "y": 398.0}]}, "description": " is $5.89"}, {"boundingPoly": {"vertices": [{"x": 236.0, "y": 404.0}, {"x": 285.0, "y": 404.0}, {"x": 285.0, "y": 417.0}, {"x": 236.0, "y": 417.0}]}, "description": " is $7.85"}, {"boundingPoly": {"vertices": [{"x": 215.0, "y": 393.0}, {"x": 233.0, "y": 393.0}, {"x": 233.0, "y": 406.0}, {"x": 215.0, "y": 406.0}]}, "description": " 18%"}, {"boundingPoly": {"vertices": [{"x": 236.0, "y": 391.0}, {"x": 285.0, "y": 391.0}, {"x": 285.0, "y": 406.0}, {"x": 236.0, "y": 406.0}]}, "description": " is $7.07"}, {"boundingPoly": {"vertices": [{"x": 166.0, "y": 427.0}, {"x": 202.0, "y": 427.0}, {"x": 202.0, "y": 440.0}, {"x": 166.0, "y": 440.0}]}, "description": " Win a"}, {"boundingPoly": {"vertices": [{"x": 167.0, "y": 440.0}, {"x": 182.0, "y": 440.0}, {"x": 182.0, "y": 452.0}, {"x": 167.0, "y": 452.0}]}, "description": " Go"}, {"boundingPoly": {"vertices": [{"x": 173.0, "y": 451.0}, {"x": 325.0, "y": 451.0}, {"x": 325.0, "y": 463.0}, {"x": 173.0, "y": 463.0}]}, "description": "about your visit and enter"}, {"boundingPoly": {"vertices": [{"x": 193.0, "y": 463.0}, {"x": 281.0, "y": 462.0}, {"x": 281.0, "y": 474.0}, {"x": 193.0, "y": 474.0}]}, "description": "our prize draw"}, {"boundingPoly": {"vertices": [{"x": 189.0, "y": 473.0}, {"x": 303.0, "y": 473.0}, {"x": 303.0, "y": 486.0}, {"x": 189.0, "y": 486.0}]}, "description": "See website for T&C"}, {"boundingPoly": {"vertices": [{"x": 184.0, "y": 485.0}, {"x": 319.0, "y": 485.0}, {"x": 319.0, "y": 498.0}, {"x": 184.0, "y": 497.0}]}, "description": "www.eatonthemove.com/US"}, {"boundingPoly": {"vertices": [{"x": 202.0, "y": 506.0}, {"x": 256.0, "y": 506.0}, {"x": 256.0, "y": 520.0}, {"x": 202.0, "y": 520.0}]}, "description": " LOCATION:"}, {"boundingPoly": {"vertices": [{"x": 166.0, "y": 529.0}, {"x": 331.0, "y": 530.0}, {"x": 331.0, "y": 543.0}, {"x": 166.0, "y": 542.0}]}, "description": "Customer Care 1-877-325-8777"}, {"boundingPoly": {"vertices": [{"x": 207.0, "y": 427.0}, {"x": 233.0, "y": 427.0}, {"x": 233.0, "y": 440.0}, {"x": 207.0, "y": 440.0}]}, "description": " $500"}, {"boundingPoly": {"vertices": [{"x": 201.0, "y": 440.0}, {"x": 331.0, "y": 440.0}, {"x": 331.0, "y": 452.0}, {"x": 201.0, "y": 452.0}]}, "description": " the website to tell us"}, {"boundingPoly": {"vertices": [{"x": 235.0, "y": 427.0}, {"x": 332.0, "y": 427.0}, {"x": 332.0, "y": 441.0}, {"x": 235.0, "y": 441.0}]}, "description": " Amazon Gift Card"}, {"boundingPoly": {"vertices": [{"x": 184.0, "y": 440.0}, {"x": 199.0, "y": 440.0}, {"x": 199.0, "y": 452.0}, {"x": 184.0, "y": 452.0}]}, "description": " to"}, {"boundingPoly": {"vertices": [{"x": 258.0, "y": 507.0}, {"x": 302.0, "y": 507.0}, {"x": 302.0, "y": 521.0}, {"x": 258.0, "y": 521.0}]}, "description": " 6351201"}, {"boundingPoly": {"vertices": [{"x": 175.0, "y": 562.0}, {"x": 325.0, "y": 563.0}, {"x": 325.0, "y": 577.0}, {"x": 175.0, "y": 576.0}]}, "description": "17% Gratuity will be added"}, {"boundingPoly": {"vertices": [{"x": 179.0, "y": 575.0}, {"x": 313.0, "y": 575.0}, {"x": 313.0, "y": 588.0}, {"x": 179.0, "y": 588.0}]}, "description": "to parties of 6 or more"}]}