{"textAnnotations": [{"boundingPoly": {"vertices": [{"x": 282.0, "y": 221.0}, {"x": 476.0, "y": 218.0}, {"x": 477.0, "y": 256.0}, {"x": 282.0, "y": 259.0}]}, "description": "merchant name"}, {"boundingPoly": {"vertices": [{"x": 252.0, "y": 262.0}, {"x": 527.0, "y": 256.0}, {"x": 528.0, "y": 295.0}, {"x": 253.0, "y": 300.0}]}, "description": "merchant address"}, {"boundingPoly": {"vertices": [{"x": 279.0, "y": 304.0}, {"x": 514.0, "y": 298.0}, {"x": 515.0, "y": 337.0}, {"x": 280.0, "y": 344.0}]}, "description": "merchant phone"}, {"boundingPoly": {"vertices": [{"x": 37.0, "y": 391.0}, {"x": 164.0, "y": 391.0}, {"x": 164.0, "y": 424.0}, {"x": 37.0, "y": 424.0}]}, "description": " Server:"}, {"boundingPoly": {"vertices": [{"x": 39.0, "y": 471.0}, {"x": 167.0, "y": 471.0}, {"x": 167.0, "y": 507.0}, {"x": 39.0, "y": 507.0}]}, "description": " Guests:"}, {"boundingPoly": {"vertices": [{"x": 38.0, "y": 515.0}, {"x": 222.0, "y": 515.0}, {"x": 222.0, "y": 550.0}, {"x": 38.0, "y": 550.0}]}, "description": " Reprint #:"}, {"boundingPoly": {"vertices": [{"x": 170.0, "y": 390.0}, {"x": 244.0, "y": 390.0}, {"x": 244.0, "y": 425.0}, {"x": 170.0, "y": 425.0}]}, "description": " Matt"}, {"boundingPoly": {"vertices": [{"x": 578.0, "y": 377.0}, {"x": 752.0, "y": 367.0}, {"x": 754.0, "y": 404.0}, {"x": 580.0, "y": 414.0}]}, "description": "11/19/2019"}, {"boundingPoly": {"vertices": [{"x": 626.0, "y": 409.0}, {"x": 757.0, "y": 409.0}, {"x": 757.0, "y": 451.0}, {"x": 626.0, "y": 451.0}]}, "description": " 8:46 PM"}, {"boundingPoly": {"vertices": [{"x": 647.0, "y": 459.0}, {"x": 753.0, "y": 453.0}, {"x": 755.0, "y": 487.0}, {"x": 649.0, "y": 493.0}]}, "description": "130037"}, {"boundingPoly": {"vertices": [{"x": 173.0, "y": 472.0}, {"x": 195.0, "y": 472.0}, {"x": 195.0, "y": 506.0}, {"x": 173.0, "y": 506.0}]}, "description": " 0"}, {"boundingPoly": {"vertices": [{"x": 228.0, "y": 516.0}, {"x": 246.0, "y": 516.0}, {"x": 246.0, "y": 548.0}, {"x": 228.0, "y": 548.0}]}, "description": " 1"}, {"boundingPoly": {"vertices": [{"x": 35.0, "y": 595.0}, {"x": 397.0, "y": 595.0}, {"x": 397.0, "y": 629.0}, {"x": 35.0, "y": 629.0}]}, "description": "Circa Pinot Grigio GL"}, {"boundingPoly": {"vertices": [{"x": 33.0, "y": 635.0}, {"x": 229.0, "y": 633.0}, {"x": 230.0, "y": 666.0}, {"x": 33.0, "y": 668.0}]}, "description": "Moscow Mule"}, {"boundingPoly": {"vertices": [{"x": 667.0, "y": 586.0}, {"x": 755.0, "y": 582.0}, {"x": 755.0, "y": 616.0}, {"x": 669.0, "y": 620.0}]}, "description": "12.00"}, {"boundingPoly": {"vertices": [{"x": 668.0, "y": 628.0}, {"x": 754.0, "y": 625.0}, {"x": 755.0, "y": 658.0}, {"x": 669.0, "y": 662.0}]}, "description": "16.00"}, {"boundingPoly": {"vertices": [{"x": 28.0, "y": 710.0}, {"x": 331.0, "y": 711.0}, {"x": 331.0, "y": 746.0}, {"x": 28.0, "y": 745.0}]}, "description": "Complete Subtotal"}, {"boundingPoly": {"vertices": [{"x": 666.0, "y": 712.0}, {"x": 757.0, "y": 710.0}, {"x": 757.0, "y": 744.0}, {"x": 666.0, "y": 746.0}]}, "description": "28.00"}, {"boundingPoly": {"vertices": [{"x": 28.0, "y": 792.0}, {"x": 173.0, "y": 791.0}, {"x": 173.0, "y": 829.0}, {"x": 28.0, "y": 831.0}]}, "description": "Subtotal"}, {"boundingPoly": {"vertices": [{"x": 31.0, "y": 840.0}, {"x": 88.0, "y": 840.0}, {"x": 87.0, "y": 872.0}, {"x": 31.0, "y": 871.0}]}, "description": "Tax"}, {"boundingPoly": {"vertices": [{"x": 667.0, "y": 796.0}, {"x": 759.0, "y": 796.0}, {"x": 759.0, "y": 830.0}, {"x": 668.0, "y": 832.0}]}, "description": "28.00"}, {"boundingPoly": {"vertices": [{"x": 683.0, "y": 840.0}, {"x": 759.0, "y": 838.0}, {"x": 759.0, "y": 873.0}, {"x": 684.0, "y": 874.0}]}, "description": "2.49"}, {"boundingPoly": {"vertices": [{"x": 30.0, "y": 924.0}, {"x": 199.0, "y": 923.0}, {"x": 199.0, "y": 959.0}, {"x": 30.0, "y": 960.0}]}, "description": "Total"}, {"boundingPoly": {"vertices": [{"x": 582.0, "y": 923.0}, {"x": 759.0, "y": 923.0}, {"x": 759.0, "y": 960.0}, {"x": 582.0, "y": 960.0}]}, "description": "30.49"}, {"boundingPoly": {"vertices": [{"x": 25.0, "y": 1010.0}, {"x": 397.0, "y": 1006.0}, {"x": 398.0, "y": 1044.0}, {"x": 25.0, "y": 1048.0}]}, "description": "Amex #XXXXXXXXXXX2006"}, {"boundingPoly": {"vertices": [{"x": 30.0, "y": 1054.0}, {"x": 81.0, "y": 1055.0}, {"x": 81.0, "y": 1092.0}, {"x": 30.0, "y": 1092.0}]}, "description": "Tip"}, {"boundingPoly": {"vertices": [{"x": 23.0, "y": 1097.0}, {"x": 115.0, "y": 1097.0}, {"x": 114.0, "y": 1132.0}, {"x": 23.0, "y": 1132.0}]}, "description": "Total"}, {"boundingPoly": {"vertices": [{"x": 58.0, "y": 1141.0}, {"x": 256.0, "y": 1141.0}, {"x": 256.0, "y": 1180.0}, {"x": 58.0, "y": 1180.0}]}, "description": " Auth:579050"}, {"boundingPoly": {"vertices": [{"x": 669.0, "y": 1007.0}, {"x": 766.0, "y": 1008.0}, {"x": 766.0, "y": 1046.0}, {"x": 668.0, "y": 1046.0}]}, "description": "30.49"}, {"boundingPoly": {"vertices": [{"x": 687.0, "y": 1053.0}, {"x": 765.0, "y": 1055.0}, {"x": 765.0, "y": 1089.0}, {"x": 688.0, "y": 1089.0}]}, "description": "6.00"}, {"boundingPoly": {"vertices": [{"x": 671.0, "y": 1095.0}, {"x": 767.0, "y": 1096.0}, {"x": 767.0, "y": 1134.0}, {"x": 671.0, "y": 1134.0}]}, "description": "36.49"}, {"boundingPoly": {"vertices": [{"x": 19.0, "y": 1231.0}, {"x": 218.0, "y": 1229.0}, {"x": 219.0, "y": 1266.0}, {"x": 19.0, "y": 1268.0}]}, "description": "Grand Total"}, {"boundingPoly": {"vertices": [{"x": 15.0, "y": 1274.0}, {"x": 410.0, "y": 1274.0}, {"x": 409.0, "y": 1313.0}, {"x": 15.0, "y": 1312.0}]}, "description": "Balance Due"}, {"boundingPoly": {"vertices": [{"x": 673.0, "y": 1229.0}, {"x": 767.0, "y": 1227.0}, {"x": 767.0, "y": 1265.0}, {"x": 672.0, "y": 1264.0}]}, "description": "36.49"}, {"boundingPoly": {"vertices": [{"x": 619.0, "y": 1271.0}, {"x": 765.0, "y": 1271.0}, {"x": 765.0, "y": 1312.0}, {"x": 619.0, "y": 1312.0}]}, "description": "0.00"}, {"boundingPoly": {"vertices": [{"x": 248.0, "y": 1363.0}, {"x": 517.0, "y": 1364.0}, {"x": 517.0, "y": 1402.0}, {"x": 248.0, "y": 1401.0}]}, "description": "General Manager"}, {"boundingPoly": {"vertices": [{"x": 283.0, "y": 1409.0}, {"x": 501.0, "y": 1408.0}, {"x": 501.0, "y": 1447.0}, {"x": 283.0, "y": 1449.0}]}, "description": "Clare Bohrer"}, {"boundingPoly": {"vertices": [{"x": 216.0, "y": 1496.0}, {"x": 503.0, "y": 1497.0}, {"x": 503.0, "y": 1539.0}, {"x": 215.0, "y": 1537.0}]}, "description": "*-- Check Closed"}]}