{"textAnnotations": [{"boundingPoly": {"vertices": [{"x": 193.0, "y": 62.0}, {"x": 533.0, "y": 57.0}, {"x": 534.0, "y": 83.0}, {"x": 193.0, "y": 88.0}]}, "description": "merchant name"}, {"boundingPoly": {"vertices": [{"x": 205.0, "y": 91.0}, {"x": 521.0, "y": 87.0}, {"x": 521.0, "y": 113.0}, {"x": 205.0, "y": 118.0}]}, "description": "merchant address"}, {"boundingPoly": {"vertices": [{"x": 296.0, "y": 121.0}, {"x": 429.0, "y": 118.0}, {"x": 429.0, "y": 144.0}, {"x": 296.0, "y": 148.0}]}, "description": "merchant address"}, {"boundingPoly": {"vertices": [{"x": 181.0, "y": 153.0}, {"x": 544.0, "y": 149.0}, {"x": 544.0, "y": 178.0}, {"x": 182.0, "y": 183.0}]}, "description": "merchant address"}, {"boundingPoly": {"vertices": [{"x": 275.0, "y": 187.0}, {"x": 444.0, "y": 185.0}, {"x": 444.0, "y": 214.0}, {"x": 275.0, "y": 215.0}]}, "description": "merchant phone"}, {"boundingPoly": {"vertices": [{"x": 271.0, "y": 272.0}, {"x": 441.0, "y": 272.0}, {"x": 441.0, "y": 311.0}, {"x": 271.0, "y": 311.0}]}, "description": "VENTE"}, {"boundingPoly": {"vertices": [{"x": 56.0, "y": 354.0}, {"x": 260.0, "y": 354.0}, {"x": 260.0, "y": 389.0}, {"x": 56.0, "y": 389.0}]}, "description": " No Serveur:"}, {"boundingPoly": {"vertices": [{"x": 58.0, "y": 396.0}, {"x": 206.0, "y": 396.0}, {"x": 206.0, "y": 430.0}, {"x": 58.0, "y": 430.0}]}, "description": " Table #:"}, {"boundingPoly": {"vertices": [{"x": 53.0, "y": 435.0}, {"x": 234.0, "y": 435.0}, {"x": 234.0, "y": 478.0}, {"x": 53.0, "y": 478.0}]}, "description": " Ch\u00e8que #:"}, {"boundingPoly": {"vertices": [{"x": 51.0, "y": 481.0}, {"x": 127.0, "y": 481.0}, {"x": 127.0, "y": 516.0}, {"x": 51.0, "y": 516.0}]}, "description": " IDM:"}, {"boundingPoly": {"vertices": [{"x": 49.0, "y": 524.0}, {"x": 124.0, "y": 524.0}, {"x": 124.0, "y": 558.0}, {"x": 49.0, "y": 558.0}]}, "description": " IDT:"}, {"boundingPoly": {"vertices": [{"x": 45.0, "y": 568.0}, {"x": 187.0, "y": 568.0}, {"x": 187.0, "y": 605.0}, {"x": 45.0, "y": 605.0}]}, "description": " No Lot:"}, {"boundingPoly": {"vertices": [{"x": 48.0, "y": 613.0}, {"x": 165.0, "y": 613.0}, {"x": 165.0, "y": 648.0}, {"x": 48.0, "y": 647.0}]}, "description": "11/05/19"}, {"boundingPoly": {"vertices": [{"x": 43.0, "y": 654.0}, {"x": 277.0, "y": 654.0}, {"x": 277.0, "y": 700.0}, {"x": 43.0, "y": 700.0}]}, "description": " CODE APPR:"}, {"boundingPoly": {"vertices": [{"x": 45.0, "y": 702.0}, {"x": 144.0, "y": 703.0}, {"x": 144.0, "y": 738.0}, {"x": 44.0, "y": 738.0}]}, "description": "AMEX"}, {"boundingPoly": {"vertices": [{"x": 44.0, "y": 748.0}, {"x": 276.0, "y": 753.0}, {"x": 273.0, "y": 790.0}, {"x": 44.0, "y": 776.0}]}, "description": "*********** 1002"}, {"boundingPoly": {"vertices": [{"x": 266.0, "y": 354.0}, {"x": 371.0, "y": 354.0}, {"x": 371.0, "y": 390.0}, {"x": 266.0, "y": 390.0}]}, "description": " 000160"}, {"boundingPoly": {"vertices": [{"x": 213.0, "y": 396.0}, {"x": 291.0, "y": 396.0}, {"x": 291.0, "y": 430.0}, {"x": 213.0, "y": 430.0}]}, "description": " 0040"}, {"boundingPoly": {"vertices": [{"x": 241.0, "y": 436.0}, {"x": 416.0, "y": 436.0}, {"x": 416.0, "y": 479.0}, {"x": 241.0, "y": 479.0}]}, "description": " 0000146201"}, {"boundingPoly": {"vertices": [{"x": 134.0, "y": 481.0}, {"x": 263.0, "y": 481.0}, {"x": 263.0, "y": 519.0}, {"x": 134.0, "y": 519.0}]}, "description": " 6087990"}, {"boundingPoly": {"vertices": [{"x": 130.0, "y": 525.0}, {"x": 186.0, "y": 525.0}, {"x": 186.0, "y": 559.0}, {"x": 130.0, "y": 559.0}]}, "description": " 001"}, {"boundingPoly": {"vertices": [{"x": 359.0, "y": 529.0}, {"x": 513.0, "y": 529.0}, {"x": 513.0, "y": 565.0}, {"x": 359.0, "y": 565.0}]}, "description": " No. REF:"}, {"boundingPoly": {"vertices": [{"x": 520.0, "y": 529.0}, {"x": 656.0, "y": 529.0}, {"x": 656.0, "y": 565.0}, {"x": 520.0, "y": 565.0}]}, "description": " 00000019"}, {"boundingPoly": {"vertices": [{"x": 193.0, "y": 570.0}, {"x": 247.0, "y": 570.0}, {"x": 247.0, "y": 607.0}, {"x": 193.0, "y": 607.0}]}, "description": " 391"}, {"boundingPoly": {"vertices": [{"x": 284.0, "y": 659.0}, {"x": 398.0, "y": 659.0}, {"x": 398.0, "y": 703.0}, {"x": 284.0, "y": 703.0}]}, "description": " 880255"}, {"boundingPoly": {"vertices": [{"x": 551.0, "y": 619.0}, {"x": 657.0, "y": 619.0}, {"x": 657.0, "y": 656.0}, {"x": 551.0, "y": 656.0}]}, "description": " 19:37:31"}, {"boundingPoly": {"vertices": [{"x": 579.0, "y": 708.0}, {"x": 657.0, "y": 712.0}, {"x": 656.0, "y": 744.0}, {"x": 578.0, "y": 742.0}]}, "description": "Puce"}, {"boundingPoly": {"vertices": [{"x": 587.0, "y": 752.0}, {"x": 657.0, "y": 753.0}, {"x": 656.0, "y": 776.0}, {"x": 587.0, "y": 774.0}]}, "description": "*****"}, {"boundingPoly": {"vertices": [{"x": 42.0, "y": 852.0}, {"x": 313.0, "y": 852.0}, {"x": 313.0, "y": 895.0}, {"x": 42.0, "y": 895.0}]}, "description": "MONTANT"}, {"boundingPoly": {"vertices": [{"x": 42.0, "y": 900.0}, {"x": 233.0, "y": 900.0}, {"x": 233.0, "y": 940.0}, {"x": 42.0, "y": 940.0}]}, "description": "POURB"}, {"boundingPoly": {"vertices": [{"x": 42.0, "y": 945.0}, {"x": 223.0, "y": 944.0}, {"x": 223.0, "y": 988.0}, {"x": 42.0, "y": 989.0}]}, "description": "TOTAL"}, {"boundingPoly": {"vertices": [{"x": 472.0, "y": 853.0}, {"x": 657.0, "y": 853.0}, {"x": 657.0, "y": 897.0}, {"x": 472.0, "y": 897.0}]}, "description": "$162.44"}, {"boundingPoly": {"vertices": [{"x": 496.0, "y": 899.0}, {"x": 654.0, "y": 899.0}, {"x": 654.0, "y": 941.0}, {"x": 496.0, "y": 941.0}]}, "description": "$24.37"}, {"boundingPoly": {"vertices": [{"x": 471.0, "y": 943.0}, {"x": 658.0, "y": 943.0}, {"x": 658.0, "y": 988.0}, {"x": 471.0, "y": 988.0}]}, "description": "$186.81"}, {"boundingPoly": {"vertices": [{"x": 259.0, "y": 1047.0}, {"x": 445.0, "y": 1045.0}, {"x": 446.0, "y": 1085.0}, {"x": 259.0, "y": 1088.0}]}, "description": "APPROUVE"}, {"boundingPoly": {"vertices": [{"x": 30.0, "y": 1159.0}, {"x": 400.0, "y": 1149.0}, {"x": 401.0, "y": 1190.0}, {"x": 31.0, "y": 1199.0}]}, "description": "AMERICAN EXPRESS"}, {"boundingPoly": {"vertices": [{"x": 121.0, "y": 1199.0}, {"x": 417.0, "y": 1199.0}, {"x": 417.0, "y": 1244.0}, {"x": 121.0, "y": 1244.0}]}, "description": " A000000025010801"}, {"boundingPoly": {"vertices": [{"x": 133.0, "y": 1248.0}, {"x": 428.0, "y": 1248.0}, {"x": 428.0, "y": 1292.0}, {"x": 133.0, "y": 1292.0}]}, "description": " 00 00 00 80 00"}, {"boundingPoly": {"vertices": [{"x": 111.0, "y": 1301.0}, {"x": 220.0, "y": 1301.0}, {"x": 220.0, "y": 1341.0}, {"x": 111.0, "y": 1341.0}]}, "description": " F8 00"}, {"boundingPoly": {"vertices": [{"x": 33.0, "y": 1206.0}, {"x": 114.0, "y": 1206.0}, {"x": 114.0, "y": 1246.0}, {"x": 33.0, "y": 1246.0}]}, "description": " AID:"}, {"boundingPoly": {"vertices": [{"x": 29.0, "y": 1253.0}, {"x": 126.0, "y": 1253.0}, {"x": 126.0, "y": 1295.0}, {"x": 29.0, "y": 1295.0}]}, "description": " TVR:"}, {"boundingPoly": {"vertices": [{"x": 30.0, "y": 1303.0}, {"x": 104.0, "y": 1303.0}, {"x": 104.0, "y": 1342.0}, {"x": 30.0, "y": 1342.0}]}, "description": " TSI:"}, {"boundingPoly": {"vertices": [{"x": 118.0, "y": 1398.0}, {"x": 578.0, "y": 1387.0}, {"x": 579.0, "y": 1420.0}, {"x": 118.0, "y": 1432.0}]}, "description": "J'ACCEPTE DE PAYER LE MONTANT TOTAL"}, {"boundingPoly": {"vertices": [{"x": 197.0, "y": 1467.0}, {"x": 498.0, "y": 1459.0}, {"x": 499.0, "y": 1490.0}, {"x": 198.0, "y": 1499.0}]}, "description": "DE L'EMETTEUR DE CARTE"}, {"boundingPoly": {"vertices": [{"x": 99.0, "y": 1537.0}, {"x": 597.0, "y": 1523.0}, {"x": 598.0, "y": 1553.0}, {"x": 100.0, "y": 1568.0}]}, "description": "VEUILLES CONSERVER CETTE COPIE POUR LA"}, {"boundingPoly": {"vertices": [{"x": 121.0, "y": 1433.0}, {"x": 572.0, "y": 1422.0}, {"x": 573.0, "y": 1455.0}, {"x": 122.0, "y": 1467.0}]}, "description": "CI-DESSUS EN ACCORD AVEC L'ENTENTE"}, {"boundingPoly": {"vertices": [{"x": 86.0, "y": 1503.0}, {"x": 606.0, "y": 1488.0}, {"x": 607.0, "y": 1521.0}, {"x": 87.0, "y": 1536.0}]}, "description": "(ENTENTE DU COMMERCANT EN CAS DE CREDIT)"}, {"boundingPoly": {"vertices": [{"x": 204.0, "y": 1565.0}, {"x": 493.0, "y": 1558.0}, {"x": 494.0, "y": 1590.0}, {"x": 204.0, "y": 1598.0}]}, "description": "VERIFICATION DU RELEVE"}, {"boundingPoly": {"vertices": [{"x": 159.0, "y": 1627.0}, {"x": 539.0, "y": 1615.0}, {"x": 540.0, "y": 1649.0}, {"x": 160.0, "y": 1663.0}]}, "description": "THANK YOU / MERCI!"}, {"boundingPoly": {"vertices": [{"x": 231.0, "y": 1699.0}, {"x": 465.0, "y": 1692.0}, {"x": 466.0, "y": 1724.0}, {"x": 231.0, "y": 1731.0}]}, "description": "COPIE CLIENT"}]}