{"textAnnotations": [{"boundingPoly": {"vertices": [{"x": 151.0, "y": 24.0}, {"x": 254.0, "y": 22.0}, {"x": 254.0, "y": 35.0}, {"x": 151.0, "y": 37.0}]}, "description": "merchant name"}, {"boundingPoly": {"vertices": [{"x": 65.0, "y": 38.0}, {"x": 337.0, "y": 34.0}, {"x": 337.0, "y": 48.0}, {"x": 65.0, "y": 52.0}]}, "description": "merchant address"}, {"boundingPoly": {"vertices": [{"x": 50.0, "y": 65.0}, {"x": 156.0, "y": 66.0}, {"x": 156.0, "y": 79.0}, {"x": 50.0, "y": 79.0}]}, "description": "Merchant ID"}, {"boundingPoly": {"vertices": [{"x": 50.0, "y": 80.0}, {"x": 131.0, "y": 80.0}, {"x": 131.0, "y": 94.0}, {"x": 50.0, "y": 94.0}]}, "description": " Terminal"}, {"boundingPoly": {"vertices": [{"x": 46.0, "y": 94.0}, {"x": 125.0, "y": 94.0}, {"x": 125.0, "y": 107.0}, {"x": 46.0, "y": 106.0}]}, "description": "Check No"}, {"boundingPoly": {"vertices": [{"x": 46.0, "y": 108.0}, {"x": 122.0, "y": 109.0}, {"x": 122.0, "y": 122.0}, {"x": 46.0, "y": 121.0}]}, "description": "Table No"}, {"boundingPoly": {"vertices": [{"x": 41.0, "y": 125.0}, {"x": 102.0, "y": 125.0}, {"x": 102.0, "y": 137.0}, {"x": 41.0, "y": 137.0}]}, "description": "Server"}, {"boundingPoly": {"vertices": [{"x": 40.0, "y": 139.0}, {"x": 173.0, "y": 139.0}, {"x": 173.0, "y": 154.0}, {"x": 40.0, "y": 154.0}]}, "description": " Name on Card:"}, {"boundingPoly": {"vertices": [{"x": 38.0, "y": 157.0}, {"x": 116.0, "y": 156.0}, {"x": 117.0, "y": 170.0}, {"x": 38.0, "y": 171.0}]}, "description": "Acct Num"}, {"boundingPoly": {"vertices": [{"x": 38.0, "y": 174.0}, {"x": 152.0, "y": 172.0}, {"x": 152.0, "y": 188.0}, {"x": 38.0, "y": 191.0}]}, "description": "Expiry Date"}, {"boundingPoly": {"vertices": [{"x": 39.0, "y": 192.0}, {"x": 130.0, "y": 192.0}, {"x": 130.0, "y": 209.0}, {"x": 39.0, "y": 209.0}]}, "description": "Card Type"}, {"boundingPoly": {"vertices": [{"x": 40.0, "y": 212.0}, {"x": 139.0, "y": 211.0}, {"x": 139.0, "y": 226.0}, {"x": 41.0, "y": 227.0}]}, "description": "Trans Type"}, {"boundingPoly": {"vertices": [{"x": 38.0, "y": 230.0}, {"x": 141.0, "y": 229.0}, {"x": 141.0, "y": 245.0}, {"x": 38.0, "y": 246.0}]}, "description": "Trans Date"}, {"boundingPoly": {"vertices": [{"x": 40.0, "y": 249.0}, {"x": 140.0, "y": 248.0}, {"x": 140.0, "y": 264.0}, {"x": 40.0, "y": 265.0}]}, "description": "Trans Time"}, {"boundingPoly": {"vertices": [{"x": 41.0, "y": 267.0}, {"x": 140.0, "y": 267.0}, {"x": 140.0, "y": 283.0}, {"x": 41.0, "y": 283.0}]}, "description": "Entry Mode"}, {"boundingPoly": {"vertices": [{"x": 40.0, "y": 285.0}, {"x": 130.0, "y": 286.0}, {"x": 129.0, "y": 302.0}, {"x": 40.0, "y": 301.0}]}, "description": "Auth Code"}, {"boundingPoly": {"vertices": [{"x": 41.0, "y": 304.0}, {"x": 131.0, "y": 304.0}, {"x": 131.0, "y": 320.0}, {"x": 41.0, "y": 320.0}]}, "description": "Resp Code"}, {"boundingPoly": {"vertices": [{"x": 42.0, "y": 323.0}, {"x": 81.0, "y": 323.0}, {"x": 81.0, "y": 338.0}, {"x": 42.0, "y": 338.0}]}, "description": "Mode"}, {"boundingPoly": {"vertices": [{"x": 41.0, "y": 342.0}, {"x": 130.0, "y": 341.0}, {"x": 131.0, "y": 356.0}, {"x": 41.0, "y": 358.0}]}, "description": "App Label"}, {"boundingPoly": {"vertices": [{"x": 43.0, "y": 359.0}, {"x": 72.0, "y": 359.0}, {"x": 71.0, "y": 374.0}, {"x": 43.0, "y": 374.0}]}, "description": "AID"}, {"boundingPoly": {"vertices": [{"x": 45.0, "y": 377.0}, {"x": 73.0, "y": 376.0}, {"x": 74.0, "y": 391.0}, {"x": 46.0, "y": 391.0}]}, "description": "ARC"}, {"boundingPoly": {"vertices": [{"x": 47.0, "y": 394.0}, {"x": 78.0, "y": 393.0}, {"x": 78.0, "y": 407.0}, {"x": 47.0, "y": 408.0}]}, "description": "TVR"}, {"boundingPoly": {"vertices": [{"x": 49.0, "y": 409.0}, {"x": 78.0, "y": 409.0}, {"x": 78.0, "y": 422.0}, {"x": 49.0, "y": 422.0}]}, "description": "TSI"}, {"boundingPoly": {"vertices": [{"x": 48.0, "y": 425.0}, {"x": 78.0, "y": 424.0}, {"x": 78.0, "y": 440.0}, {"x": 49.0, "y": 440.0}]}, "description": "IAD"}, {"boundingPoly": {"vertices": [{"x": 136.0, "y": 80.0}, {"x": 154.0, "y": 80.0}, {"x": 154.0, "y": 94.0}, {"x": 136.0, "y": 94.0}]}, "description": " ID"}, {"boundingPoly": {"vertices": [{"x": 183.0, "y": 79.0}, {"x": 242.0, "y": 79.0}, {"x": 243.0, "y": 92.0}, {"x": 183.0, "y": 93.0}]}, "description": "337953"}, {"boundingPoly": {"vertices": [{"x": 182.0, "y": 94.0}, {"x": 222.0, "y": 94.0}, {"x": 222.0, "y": 106.0}, {"x": 182.0, "y": 107.0}]}, "description": "7669"}, {"boundingPoly": {"vertices": [{"x": 180.0, "y": 108.0}, {"x": 211.0, "y": 109.0}, {"x": 211.0, "y": 122.0}, {"x": 180.0, "y": 122.0}]}, "description": "3/1"}, {"boundingPoly": {"vertices": [{"x": 174.0, "y": 123.0}, {"x": 332.0, "y": 122.0}, {"x": 332.0, "y": 136.0}, {"x": 174.0, "y": 137.0}]}, "description": "414172 Katherin"}, {"boundingPoly": {"vertices": [{"x": 171.0, "y": 154.0}, {"x": 344.0, "y": 151.0}, {"x": 344.0, "y": 166.0}, {"x": 171.0, "y": 169.0}]}, "description": "XXXXXXXXXXXX1009"}, {"boundingPoly": {"vertices": [{"x": 169.0, "y": 190.0}, {"x": 221.0, "y": 189.0}, {"x": 221.0, "y": 206.0}, {"x": 170.0, "y": 207.0}]}, "description": "AMEX"}, {"boundingPoly": {"vertices": [{"x": 159.0, "y": 208.0}, {"x": 272.0, "y": 208.0}, {"x": 272.0, "y": 226.0}, {"x": 159.0, "y": 226.0}]}, "description": " : AUTHORIZE"}, {"boundingPoly": {"vertices": [{"x": 159.0, "y": 227.0}, {"x": 275.0, "y": 227.0}, {"x": 275.0, "y": 245.0}, {"x": 159.0, "y": 245.0}]}, "description": " : 11/5/2019"}, {"boundingPoly": {"vertices": [{"x": 178.0, "y": 248.0}, {"x": 251.0, "y": 248.0}, {"x": 251.0, "y": 264.0}, {"x": 178.0, "y": 264.0}]}, "description": " 9:12 AM"}, {"boundingPoly": {"vertices": [{"x": 179.0, "y": 266.0}, {"x": 221.0, "y": 267.0}, {"x": 220.0, "y": 283.0}, {"x": 179.0, "y": 282.0}]}, "description": "Chip"}, {"boundingPoly": {"vertices": [{"x": 179.0, "y": 285.0}, {"x": 240.0, "y": 285.0}, {"x": 240.0, "y": 300.0}, {"x": 179.0, "y": 301.0}]}, "description": "809654"}, {"boundingPoly": {"vertices": [{"x": 179.0, "y": 303.0}, {"x": 202.0, "y": 303.0}, {"x": 201.0, "y": 319.0}, {"x": 180.0, "y": 319.0}]}, "description": "00"}, {"boundingPoly": {"vertices": [{"x": 180.0, "y": 323.0}, {"x": 239.0, "y": 323.0}, {"x": 239.0, "y": 338.0}, {"x": 180.0, "y": 337.0}]}, "description": "Issuer"}, {"boundingPoly": {"vertices": [{"x": 179.0, "y": 340.0}, {"x": 343.0, "y": 340.0}, {"x": 343.0, "y": 356.0}, {"x": 179.0, "y": 356.0}]}, "description": "AMERICAN EXPRESS"}, {"boundingPoly": {"vertices": [{"x": 182.0, "y": 358.0}, {"x": 340.0, "y": 358.0}, {"x": 340.0, "y": 374.0}, {"x": 182.0, "y": 374.0}]}, "description": "A000000025010801"}, {"boundingPoly": {"vertices": [{"x": 181.0, "y": 376.0}, {"x": 201.0, "y": 376.0}, {"x": 200.0, "y": 390.0}, {"x": 182.0, "y": 390.0}]}, "description": "00"}, {"boundingPoly": {"vertices": [{"x": 178.0, "y": 393.0}, {"x": 280.0, "y": 392.0}, {"x": 280.0, "y": 407.0}, {"x": 178.0, "y": 407.0}]}, "description": "0000008000"}, {"boundingPoly": {"vertices": [{"x": 183.0, "y": 408.0}, {"x": 222.0, "y": 409.0}, {"x": 222.0, "y": 422.0}, {"x": 183.0, "y": 421.0}]}, "description": "F800"}, {"boundingPoly": {"vertices": [{"x": 181.0, "y": 424.0}, {"x": 320.0, "y": 424.0}, {"x": 320.0, "y": 440.0}, {"x": 181.0, "y": 441.0}]}, "description": "06590103603002"}, {"boundingPoly": {"vertices": [{"x": 61.0, "y": 455.0}, {"x": 336.0, "y": 455.0}, {"x": 336.0, "y": 476.0}, {"x": 61.0, "y": 475.0}]}, "description": "CavoM erit no bood prillos?"}, {"boundingPoly": {"vertices": [{"x": 41.0, "y": 519.0}, {"x": 66.0, "y": 518.0}, {"x": 66.0, "y": 535.0}, {"x": 40.0, "y": 535.0}]}, "description": "00"}, {"boundingPoly": {"vertices": [{"x": 98.0, "y": 519.0}, {"x": 185.0, "y": 519.0}, {"x": 185.0, "y": 537.0}, {"x": 98.0, "y": 537.0}]}, "description": " APPROVED"}, {"boundingPoly": {"vertices": [{"x": 189.0, "y": 520.0}, {"x": 206.0, "y": 520.0}, {"x": 206.0, "y": 538.0}, {"x": 189.0, "y": 538.0}]}, "description": " -"}, {"boundingPoly": {"vertices": [{"x": 211.0, "y": 520.0}, {"x": 309.0, "y": 520.0}, {"x": 309.0, "y": 538.0}, {"x": 211.0, "y": 538.0}]}, "description": " THANK YOU"}, {"boundingPoly": {"vertices": [{"x": 333.0, "y": 520.0}, {"x": 366.0, "y": 520.0}, {"x": 366.0, "y": 537.0}, {"x": 333.0, "y": 538.0}]}, "description": "000"}, {"boundingPoly": {"vertices": [{"x": 39.0, "y": 615.0}, {"x": 119.0, "y": 617.0}, {"x": 119.0, "y": 633.0}, {"x": 39.0, "y": 631.0}]}, "description": "SUBTOTAL"}, {"boundingPoly": {"vertices": [{"x": 178.0, "y": 620.0}, {"x": 222.0, "y": 622.0}, {"x": 222.0, "y": 639.0}, {"x": 178.0, "y": 638.0}]}, "description": "USD$"}, {"boundingPoly": {"vertices": [{"x": 315.0, "y": 622.0}, {"x": 370.0, "y": 623.0}, {"x": 370.0, "y": 640.0}, {"x": 315.0, "y": 639.0}]}, "description": "23.96"}]}