{"textAnnotations": [{"boundingPoly": {"vertices": [{"x": 200.0, "y": 62.0}, {"x": 302.0, "y": 61.0}, {"x": 303.0, "y": 78.0}, {"x": 200.0, "y": 79.0}]}, "description": "merchant name"}, {"boundingPoly": {"vertices": [{"x": 189.0, "y": 82.0}, {"x": 321.0, "y": 81.0}, {"x": 321.0, "y": 100.0}, {"x": 189.0, "y": 101.0}]}, "description": "merchant address"}, {"boundingPoly": {"vertices": [{"x": 171.0, "y": 104.0}, {"x": 341.0, "y": 103.0}, {"x": 341.0, "y": 121.0}, {"x": 171.0, "y": 123.0}]}, "description": "merchant address"}, {"boundingPoly": {"vertices": [{"x": 198.0, "y": 124.0}, {"x": 313.0, "y": 124.0}, {"x": 314.0, "y": 142.0}, {"x": 198.0, "y": 143.0}]}, "description": "merchant phone"}, {"boundingPoly": {"vertices": [{"x": 64.0, "y": 151.0}, {"x": 109.0, "y": 151.0}, {"x": 109.0, "y": 173.0}, {"x": 64.0, "y": 173.0}]}, "description": " Host:"}, {"boundingPoly": {"vertices": [{"x": 64.0, "y": 175.0}, {"x": 135.0, "y": 171.0}, {"x": 136.0, "y": 189.0}, {"x": 65.0, "y": 194.0}]}, "description": "62 SUNNY"}, {"boundingPoly": {"vertices": [{"x": 111.0, "y": 208.0}, {"x": 407.0, "y": 209.0}, {"x": 407.0, "y": 234.0}, {"x": 111.0, "y": 233.0}]}, "description": "zitoidiInA 10 zeromioH of"}, {"boundingPoly": {"vertices": [{"x": 64.0, "y": 238.0}, {"x": 342.0, "y": 239.0}, {"x": 342.0, "y": 264.0}, {"x": 64.0, "y": 264.0}]}, "description": "Chickn Shack"}, {"boundingPoly": {"vertices": [{"x": 66.0, "y": 266.0}, {"x": 110.0, "y": 265.0}, {"x": 110.0, "y": 283.0}, {"x": 67.0, "y": 284.0}]}, "description": "Shake"}, {"boundingPoly": {"vertices": [{"x": 85.0, "y": 286.0}, {"x": 272.0, "y": 285.0}, {"x": 272.0, "y": 306.0}, {"x": 85.0, "y": 307.0}]}, "description": "Christmas Cookie 16oz"}, {"boundingPoly": {"vertices": [{"x": 131.0, "y": 315.0}, {"x": 224.0, "y": 315.0}, {"x": 225.0, "y": 345.0}, {"x": 130.0, "y": 346.0}]}, "description": "DAHa"}, {"boundingPoly": {"vertices": [{"x": 113.0, "y": 147.0}, {"x": 191.0, "y": 147.0}, {"x": 191.0, "y": 170.0}, {"x": 113.0, "y": 170.0}]}, "description": " Carolina"}, {"boundingPoly": {"vertices": [{"x": 358.0, "y": 148.0}, {"x": 451.0, "y": 151.0}, {"x": 450.0, "y": 171.0}, {"x": 358.0, "y": 168.0}]}, "description": "12/04/2019"}, {"boundingPoly": {"vertices": [{"x": 384.0, "y": 173.0}, {"x": 451.0, "y": 173.0}, {"x": 451.0, "y": 193.0}, {"x": 384.0, "y": 193.0}]}, "description": " 5:43 PM"}, {"boundingPoly": {"vertices": [{"x": 404.0, "y": 196.0}, {"x": 451.0, "y": 197.0}, {"x": 450.0, "y": 217.0}, {"x": 403.0, "y": 215.0}]}, "description": "30153"}, {"boundingPoly": {"vertices": [{"x": 411.0, "y": 243.0}, {"x": 448.0, "y": 245.0}, {"x": 447.0, "y": 263.0}, {"x": 410.0, "y": 262.0}]}, "description": "7.09"}, {"boundingPoly": {"vertices": [{"x": 410.0, "y": 267.0}, {"x": 447.0, "y": 267.0}, {"x": 446.0, "y": 286.0}, {"x": 409.0, "y": 285.0}]}, "description": "5.99"}, {"boundingPoly": {"vertices": [{"x": 62.0, "y": 329.0}, {"x": 132.0, "y": 330.0}, {"x": 131.0, "y": 350.0}, {"x": 62.0, "y": 349.0}]}, "description": "Subtotal"}, {"boundingPoly": {"vertices": [{"x": 62.0, "y": 350.0}, {"x": 90.0, "y": 352.0}, {"x": 89.0, "y": 373.0}, {"x": 60.0, "y": 372.0}]}, "description": "Tax"}, {"boundingPoly": {"vertices": [{"x": 401.0, "y": 329.0}, {"x": 447.0, "y": 329.0}, {"x": 447.0, "y": 353.0}, {"x": 401.0, "y": 354.0}]}, "description": "13.08"}, {"boundingPoly": {"vertices": [{"x": 411.0, "y": 357.0}, {"x": 449.0, "y": 356.0}, {"x": 449.0, "y": 376.0}, {"x": 412.0, "y": 375.0}]}, "description": "1.16"}, {"boundingPoly": {"vertices": [{"x": 59.0, "y": 398.0}, {"x": 297.0, "y": 403.0}, {"x": 296.0, "y": 425.0}, {"x": 58.0, "y": 421.0}]}, "description": "To Stay Total"}, {"boundingPoly": {"vertices": [{"x": 355.0, "y": 401.0}, {"x": 449.0, "y": 401.0}, {"x": 449.0, "y": 424.0}, {"x": 355.0, "y": 425.0}]}, "description": "14.24"}, {"boundingPoly": {"vertices": [{"x": 58.0, "y": 446.0}, {"x": 252.0, "y": 452.0}, {"x": 251.0, "y": 472.0}, {"x": 57.0, "y": 465.0}]}, "description": "Amex #XXXXXXXXXXX1001"}, {"boundingPoly": {"vertices": [{"x": 73.0, "y": 470.0}, {"x": 176.0, "y": 470.0}, {"x": 176.0, "y": 494.0}, {"x": 73.0, "y": 494.0}]}, "description": " Auth:500920"}, {"boundingPoly": {"vertices": [{"x": 402.0, "y": 451.0}, {"x": 450.0, "y": 451.0}, {"x": 450.0, "y": 469.0}, {"x": 403.0, "y": 470.0}]}, "description": "14.24"}, {"boundingPoly": {"vertices": [{"x": 191.0, "y": 545.0}, {"x": 309.0, "y": 545.0}, {"x": 309.0, "y": 565.0}, {"x": 191.0, "y": 564.0}]}, "description": "How'd We Do?"}, {"boundingPoly": {"vertices": [{"x": 137.0, "y": 565.0}, {"x": 355.0, "y": 568.0}, {"x": 355.0, "y": 588.0}, {"x": 137.0, "y": 585.0}]}, "description": "shakeshack.com/feedback"}, {"boundingPoly": {"vertices": [{"x": 156.0, "y": 610.0}, {"x": 343.0, "y": 612.0}, {"x": 343.0, "y": 631.0}, {"x": 156.0, "y": 629.0}]}, "description": "--- Check Closed ---"}]}