{"textAnnotations": [{"boundingPoly": {"vertices": [{"x": 246.0, "y": 122.0}, {"x": 493.0, "y": 124.0}, {"x": 492.0, "y": 172.0}, {"x": 246.0, "y": 169.0}]}, "description": "merchant name"}, {"boundingPoly": {"vertices": [{"x": 246.0, "y": 177.0}, {"x": 405.0, "y": 180.0}, {"x": 405.0, "y": 229.0}, {"x": 245.0, "y": 228.0}]}, "description": "merchant name"}, {"boundingPoly": {"vertices": [{"x": 171.0, "y": 286.0}, {"x": 357.0, "y": 287.0}, {"x": 357.0, "y": 311.0}, {"x": 171.0, "y": 310.0}]}, "description": "*** PEI WEI ***"}, {"boundingPoly": {"vertices": [{"x": 64.0, "y": 308.0}, {"x": 462.0, "y": 312.0}, {"x": 462.0, "y": 339.0}, {"x": 64.0, "y": 335.0}]}, "description": "merchant address"}, {"boundingPoly": {"vertices": [{"x": 201.0, "y": 336.0}, {"x": 328.0, "y": 337.0}, {"x": 328.0, "y": 362.0}, {"x": 201.0, "y": 361.0}]}, "description": "merchant address"}, {"boundingPoly": {"vertices": [{"x": 27.0, "y": 369.0}, {"x": 109.0, "y": 369.0}, {"x": 109.0, "y": 397.0}, {"x": 27.0, "y": 397.0}]}, "description": " Tb1:59"}, {"boundingPoly": {"vertices": [{"x": 388.0, "y": 373.0}, {"x": 513.0, "y": 373.0}, {"x": 513.0, "y": 398.0}, {"x": 388.0, "y": 398.0}]}, "description": " Ref:669930"}, {"boundingPoly": {"vertices": [{"x": 388.0, "y": 401.0}, {"x": 515.0, "y": 401.0}, {"x": 515.0, "y": 429.0}, {"x": 388.0, "y": 429.0}]}, "description": " Chk:669954"}, {"boundingPoly": {"vertices": [{"x": 291.0, "y": 438.0}, {"x": 515.0, "y": 438.0}, {"x": 515.0, "y": 469.0}, {"x": 291.0, "y": 469.0}]}, "description": " 11/11/2019 3:58 pm"}, {"boundingPoly": {"vertices": [{"x": 22.0, "y": 438.0}, {"x": 129.0, "y": 438.0}, {"x": 129.0, "y": 464.0}, {"x": 22.0, "y": 465.0}]}, "description": "Danielle"}, {"boundingPoly": {"vertices": [{"x": 84.0, "y": 501.0}, {"x": 288.0, "y": 501.0}, {"x": 288.0, "y": 529.0}, {"x": 84.0, "y": 530.0}]}, "description": "Kung Pao Chicken"}, {"boundingPoly": {"vertices": [{"x": 124.0, "y": 532.0}, {"x": 360.0, "y": 531.0}, {"x": 361.0, "y": 560.0}, {"x": 124.0, "y": 560.0}]}, "description": "Extra Sauce on Side"}, {"boundingPoly": {"vertices": [{"x": 460.0, "y": 503.0}, {"x": 513.0, "y": 503.0}, {"x": 513.0, "y": 528.0}, {"x": 460.0, "y": 528.0}]}, "description": "9.89"}, {"boundingPoly": {"vertices": [{"x": 460.0, "y": 533.0}, {"x": 513.0, "y": 534.0}, {"x": 514.0, "y": 559.0}, {"x": 459.0, "y": 559.0}]}, "description": "0.50"}, {"boundingPoly": {"vertices": [{"x": 193.0, "y": 592.0}, {"x": 295.0, "y": 593.0}, {"x": 295.0, "y": 620.0}, {"x": 193.0, "y": 619.0}]}, "description": "SubTotal"}, {"boundingPoly": {"vertices": [{"x": 180.0, "y": 620.0}, {"x": 296.0, "y": 620.0}, {"x": 296.0, "y": 645.0}, {"x": 180.0, "y": 646.0}]}, "description": "State Tax"}, {"boundingPoly": {"vertices": [{"x": 449.0, "y": 593.0}, {"x": 514.0, "y": 593.0}, {"x": 515.0, "y": 620.0}, {"x": 450.0, "y": 620.0}]}, "description": "10.39"}, {"boundingPoly": {"vertices": [{"x": 459.0, "y": 620.0}, {"x": 514.0, "y": 621.0}, {"x": 513.0, "y": 646.0}, {"x": 458.0, "y": 644.0}]}, "description": "0.73"}, {"boundingPoly": {"vertices": [{"x": 231.0, "y": 671.0}, {"x": 294.0, "y": 671.0}, {"x": 294.0, "y": 697.0}, {"x": 231.0, "y": 698.0}]}, "description": "Total"}, {"boundingPoly": {"vertices": [{"x": 449.0, "y": 671.0}, {"x": 514.0, "y": 670.0}, {"x": 515.0, "y": 697.0}, {"x": 449.0, "y": 698.0}]}, "description": "11.12"}, {"boundingPoly": {"vertices": [{"x": 27.0, "y": 723.0}, {"x": 296.0, "y": 723.0}, {"x": 296.0, "y": 750.0}, {"x": 27.0, "y": 750.0}]}, "description": "AMEX ************ 1000"}, {"boundingPoly": {"vertices": [{"x": 449.0, "y": 721.0}, {"x": 514.0, "y": 720.0}, {"x": 515.0, "y": 748.0}, {"x": 449.0, "y": 748.0}]}, "description": "11.12"}, {"boundingPoly": {"vertices": [{"x": 151.0, "y": 776.0}, {"x": 297.0, "y": 775.0}, {"x": 297.0, "y": 802.0}, {"x": 152.0, "y": 804.0}]}, "description": "Amount Paid"}, {"boundingPoly": {"vertices": [{"x": 449.0, "y": 774.0}, {"x": 514.0, "y": 772.0}, {"x": 514.0, "y": 799.0}, {"x": 449.0, "y": 800.0}]}, "description": "11.12"}, {"boundingPoly": {"vertices": [{"x": 48.0, "y": 829.0}, {"x": 453.0, "y": 826.0}, {"x": 453.0, "y": 856.0}, {"x": 48.0, "y": 858.0}]}, "description": "Tell us about your experience by"}, {"boundingPoly": {"vertices": [{"x": 42.0, "y": 856.0}, {"x": 468.0, "y": 854.0}, {"x": 468.0, "y": 880.0}, {"x": 42.0, "y": 884.0}]}, "description": "visiting DelawareNorthListens.com."}]}