{"textAnnotations": [{"boundingPoly": {"vertices": [{"x": 354.0, "y": 116.0}, {"x": 575.0, "y": 102.0}, {"x": 578.0, "y": 175.0}, {"x": 358.0, "y": 184.0}]}, "description": "merchant name"}, {"boundingPoly": {"vertices": [{"x": 333.0, "y": 233.0}, {"x": 594.0, "y": 221.0}, {"x": 595.0, "y": 239.0}, {"x": 333.0, "y": 251.0}]}, "description": "merchant address"}, {"boundingPoly": {"vertices": [{"x": 391.0, "y": 271.0}, {"x": 534.0, "y": 264.0}, {"x": 535.0, "y": 280.0}, {"x": 392.0, "y": 287.0}]}, "description": "merchant address"}, {"boundingPoly": {"vertices": [{"x": 352.0, "y": 253.0}, {"x": 574.0, "y": 242.0}, {"x": 575.0, "y": 259.0}, {"x": 352.0, "y": 269.0}]}, "description": "merchant address"}, {"boundingPoly": {"vertices": [{"x": 361.0, "y": 291.0}, {"x": 564.0, "y": 280.0}, {"x": 564.0, "y": 298.0}, {"x": 361.0, "y": 309.0}]}, "description": "merchant address"}, {"boundingPoly": {"vertices": [{"x": 377.0, "y": 327.0}, {"x": 482.0, "y": 327.0}, {"x": 482.0, "y": 348.0}, {"x": 377.0, "y": 348.0}]}, "description": " Rebecca D"}, {"boundingPoly": {"vertices": [{"x": 289.0, "y": 333.0}, {"x": 371.0, "y": 333.0}, {"x": 371.0, "y": 350.0}, {"x": 289.0, "y": 350.0}]}, "description": " Server:"}, {"boundingPoly": {"vertices": [{"x": 454.0, "y": 336.0}, {"x": 637.0, "y": 336.0}, {"x": 637.0, "y": 361.0}, {"x": 454.0, "y": 361.0}]}, "description": " 12/15/19 6:16 PM"}, {"boundingPoly": {"vertices": [{"x": 290.0, "y": 368.0}, {"x": 392.0, "y": 366.0}, {"x": 392.0, "y": 382.0}, {"x": 290.0, "y": 383.0}]}, "description": "Check #11"}, {"boundingPoly": {"vertices": [{"x": 544.0, "y": 361.0}, {"x": 636.0, "y": 357.0}, {"x": 636.0, "y": 372.0}, {"x": 544.0, "y": 376.0}]}, "description": "Table B7"}, {"boundingPoly": {"vertices": [{"x": 363.0, "y": 405.0}, {"x": 406.0, "y": 405.0}, {"x": 406.0, "y": 418.0}, {"x": 363.0, "y": 418.0}]}, "description": ".* pe"}, {"boundingPoly": {"vertices": [{"x": 289.0, "y": 422.0}, {"x": 479.0, "y": 418.0}, {"x": 479.0, "y": 437.0}, {"x": 290.0, "y": 441.0}]}, "description": "AMERICAN EXPRESS"}, {"boundingPoly": {"vertices": [{"x": 447.0, "y": 404.0}, {"x": 461.0, "y": 404.0}, {"x": 461.0, "y": 418.0}, {"x": 447.0, "y": 418.0}]}, "description": " C"}, {"boundingPoly": {"vertices": [{"x": 471.0, "y": 404.0}, {"x": 643.0, "y": 404.0}, {"x": 643.0, "y": 423.0}, {"x": 471.0, "y": 423.0}]}, "description": " (EMV Chip Read)"}, {"boundingPoly": {"vertices": [{"x": 571.0, "y": 434.0}, {"x": 657.0, "y": 434.0}, {"x": 657.0, "y": 449.0}, {"x": 571.0, "y": 449.0}]}, "description": " 7:20 PM"}, {"boundingPoly": {"vertices": [{"x": 504.0, "y": 419.0}, {"x": 651.0, "y": 420.0}, {"x": 651.0, "y": 435.0}, {"x": 504.0, "y": 433.0}]}, "description": "XXXXXXXX1005"}, {"boundingPoly": {"vertices": [{"x": 289.0, "y": 474.0}, {"x": 481.0, "y": 478.0}, {"x": 480.0, "y": 495.0}, {"x": 289.0, "y": 490.0}]}, "description": "Transaction Type"}, {"boundingPoly": {"vertices": [{"x": 611.0, "y": 472.0}, {"x": 664.0, "y": 472.0}, {"x": 664.0, "y": 487.0}, {"x": 611.0, "y": 487.0}]}, "description": "Sale"}, {"boundingPoly": {"vertices": [{"x": 560.0, "y": 495.0}, {"x": 666.0, "y": 491.0}, {"x": 667.0, "y": 506.0}, {"x": 560.0, "y": 510.0}]}, "description": "Approved"}, {"boundingPoly": {"vertices": [{"x": 588.0, "y": 513.0}, {"x": 668.0, "y": 511.0}, {"x": 669.0, "y": 527.0}, {"x": 588.0, "y": 529.0}]}, "description": "805886"}, {"boundingPoly": {"vertices": [{"x": 510.0, "y": 536.0}, {"x": 669.0, "y": 531.0}, {"x": 670.0, "y": 548.0}, {"x": 510.0, "y": 552.0}]}, "description": "hFgmdHsnNffF"}, {"boundingPoly": {"vertices": [{"x": 288.0, "y": 492.0}, {"x": 444.0, "y": 497.0}, {"x": 444.0, "y": 513.0}, {"x": 287.0, "y": 508.0}]}, "description": "Authorization"}, {"boundingPoly": {"vertices": [{"x": 287.0, "y": 513.0}, {"x": 446.0, "y": 516.0}, {"x": 445.0, "y": 532.0}, {"x": 287.0, "y": 528.0}]}, "description": "Approval Code"}, {"boundingPoly": {"vertices": [{"x": 286.0, "y": 533.0}, {"x": 409.0, "y": 536.0}, {"x": 408.0, "y": 551.0}, {"x": 286.0, "y": 548.0}]}, "description": "Payment ID"}, {"boundingPoly": {"vertices": [{"x": 283.0, "y": 552.0}, {"x": 460.0, "y": 555.0}, {"x": 459.0, "y": 572.0}, {"x": 283.0, "y": 569.0}]}, "description": "Application ID"}, {"boundingPoly": {"vertices": [{"x": 465.0, "y": 572.0}, {"x": 672.0, "y": 569.0}, {"x": 672.0, "y": 587.0}, {"x": 465.0, "y": 590.0}]}, "description": "A000000025010801"}, {"boundingPoly": {"vertices": [{"x": 282.0, "y": 595.0}, {"x": 497.0, "y": 596.0}, {"x": 497.0, "y": 613.0}, {"x": 282.0, "y": 611.0}]}, "description": "Application Label"}, {"boundingPoly": {"vertices": [{"x": 465.0, "y": 614.0}, {"x": 680.0, "y": 613.0}, {"x": 680.0, "y": 630.0}, {"x": 465.0, "y": 632.0}]}, "description": "AMERICAN EXPRESS"}, {"boundingPoly": {"vertices": [{"x": 467.0, "y": 639.0}, {"x": 682.0, "y": 639.0}, {"x": 682.0, "y": 656.0}, {"x": 467.0, "y": 657.0}]}, "description": "37d6d1985cef31a8"}, {"boundingPoly": {"vertices": [{"x": 563.0, "y": 662.0}, {"x": 682.0, "y": 661.0}, {"x": 682.0, "y": 679.0}, {"x": 563.0, "y": 680.0}]}, "description": "031515700"}, {"boundingPoly": {"vertices": [{"x": 497.0, "y": 685.0}, {"x": 684.0, "y": 684.0}, {"x": 684.0, "y": 702.0}, {"x": 497.0, "y": 702.0}]}, "description": "MAGTEK_EDYNAMO"}, {"boundingPoly": {"vertices": [{"x": 280.0, "y": 638.0}, {"x": 424.0, "y": 639.0}, {"x": 424.0, "y": 657.0}, {"x": 280.0, "y": 656.0}]}, "description": "Terminal ID"}, {"boundingPoly": {"vertices": [{"x": 279.0, "y": 662.0}, {"x": 425.0, "y": 662.0}, {"x": 425.0, "y": 679.0}, {"x": 279.0, "y": 679.0}]}, "description": "Merchant ID"}, {"boundingPoly": {"vertices": [{"x": 277.0, "y": 685.0}, {"x": 426.0, "y": 685.0}, {"x": 426.0, "y": 702.0}, {"x": 277.0, "y": 702.0}]}, "description": "Card Reader"}, {"boundingPoly": {"vertices": [{"x": 414.0, "y": 732.0}, {"x": 497.0, "y": 732.0}, {"x": 497.0, "y": 750.0}, {"x": 414.0, "y": 750.0}]}, "description": "Amount"}, {"boundingPoly": {"vertices": [{"x": 606.0, "y": 731.0}, {"x": 686.0, "y": 730.0}, {"x": 686.0, "y": 749.0}, {"x": 606.0, "y": 750.0}]}, "description": "$41.27"}, {"boundingPoly": {"vertices": [{"x": 431.0, "y": 780.0}, {"x": 511.0, "y": 780.0}, {"x": 511.0, "y": 799.0}, {"x": 431.0, "y": 799.0}]}, "description": " + Tip:"}, {"boundingPoly": {"vertices": [{"x": 400.0, "y": 828.0}, {"x": 514.0, "y": 828.0}, {"x": 514.0, "y": 848.0}, {"x": 400.0, "y": 848.0}]}, "description": " = Total:"}, {"boundingPoly": {"vertices": [{"x": 563.0, "y": 808.0}, {"x": 701.0, "y": 803.0}, {"x": 703.0, "y": 845.0}, {"x": 563.0, "y": 852.0}]}, "description": "A $ 6 .27"}, {"boundingPoly": {"vertices": [{"x": 304.0, "y": 843.0}, {"x": 683.0, "y": 839.0}, {"x": 684.0, "y": 925.0}, {"x": 304.0, "y": 926.0}]}, "description": "Gideel the"}]}