{"textAnnotations": [{"boundingPoly": {"vertices": [{"x": 521.0, "y": 91.0}, {"x": 974.0, "y": 82.0}, {"x": 975.0, "y": 118.0}, {"x": 521.0, "y": 129.0}]}, "description": "Thank You For Joining Us At"}, {"boundingPoly": {"vertices": [{"x": 959.0, "y": 157.0}, {"x": 1032.0, "y": 157.0}, {"x": 1032.0, "y": 190.0}, {"x": 959.0, "y": 190.0}]}, "description": " 8:23"}, {"boundingPoly": {"vertices": [{"x": 620.0, "y": 126.0}, {"x": 878.0, "y": 120.0}, {"x": 879.0, "y": 155.0}, {"x": 620.0, "y": 160.0}]}, "description": "The Avenue Cafe"}, {"boundingPoly": {"vertices": [{"x": 470.0, "y": 169.0}, {"x": 639.0, "y": 167.0}, {"x": 639.0, "y": 201.0}, {"x": 471.0, "y": 203.0}]}, "description": "11/14/2019"}, {"boundingPoly": {"vertices": [{"x": 658.0, "y": 242.0}, {"x": 842.0, "y": 238.0}, {"x": 842.0, "y": 270.0}, {"x": 658.0, "y": 274.0}]}, "description": "merchant name"}, {"boundingPoly": {"vertices": [{"x": 812.0, "y": 274.0}, {"x": 922.0, "y": 274.0}, {"x": 922.0, "y": 309.0}, {"x": 812.0, "y": 309.0}]}, "description": " Table:"}, {"boundingPoly": {"vertices": [{"x": 805.0, "y": 312.0}, {"x": 937.0, "y": 312.0}, {"x": 937.0, "y": 350.0}, {"x": 805.0, "y": 350.0}]}, "description": " Guests:"}, {"boundingPoly": {"vertices": [{"x": 468.0, "y": 282.0}, {"x": 583.0, "y": 282.0}, {"x": 583.0, "y": 318.0}, {"x": 468.0, "y": 318.0}]}, "description": " Check:"}, {"boundingPoly": {"vertices": [{"x": 467.0, "y": 325.0}, {"x": 596.0, "y": 325.0}, {"x": 596.0, "y": 359.0}, {"x": 467.0, "y": 359.0}]}, "description": " Server:"}, {"boundingPoly": {"vertices": [{"x": 468.0, "y": 361.0}, {"x": 627.0, "y": 361.0}, {"x": 627.0, "y": 400.0}, {"x": 468.0, "y": 400.0}]}, "description": " Terminal:"}, {"boundingPoly": {"vertices": [{"x": 464.0, "y": 413.0}, {"x": 504.0, "y": 412.0}, {"x": 505.0, "y": 433.0}, {"x": 465.0, "y": 434.0}]}, "description": "=="}, {"boundingPoly": {"vertices": [{"x": 600.0, "y": 278.0}, {"x": 717.0, "y": 278.0}, {"x": 717.0, "y": 317.0}, {"x": 600.0, "y": 317.0}]}, "description": " 3450291"}, {"boundingPoly": {"vertices": [{"x": 602.0, "y": 320.0}, {"x": 712.0, "y": 320.0}, {"x": 712.0, "y": 358.0}, {"x": 602.0, "y": 358.0}]}, "description": " Yoseph"}, {"boundingPoly": {"vertices": [{"x": 634.0, "y": 360.0}, {"x": 689.0, "y": 360.0}, {"x": 689.0, "y": 395.0}, {"x": 634.0, "y": 395.0}]}, "description": " 345"}, {"boundingPoly": {"vertices": [{"x": 928.0, "y": 272.0}, {"x": 980.0, "y": 272.0}, {"x": 980.0, "y": 308.0}, {"x": 928.0, "y": 308.0}]}, "description": " 101"}, {"boundingPoly": {"vertices": [{"x": 943.0, "y": 311.0}, {"x": 966.0, "y": 311.0}, {"x": 966.0, "y": 348.0}, {"x": 943.0, "y": 348.0}]}, "description": " 4"}, {"boundingPoly": {"vertices": [{"x": 996.0, "y": 399.0}, {"x": 1037.0, "y": 397.0}, {"x": 1038.0, "y": 418.0}, {"x": 997.0, "y": 420.0}]}, "description": "=="}, {"boundingPoly": {"vertices": [{"x": 640.0, "y": 439.0}, {"x": 863.0, "y": 437.0}, {"x": 863.0, "y": 474.0}, {"x": 640.0, "y": 477.0}]}, "description": "Regular Check"}, {"boundingPoly": {"vertices": [{"x": 570.0, "y": 481.0}, {"x": 709.0, "y": 480.0}, {"x": 710.0, "y": 517.0}, {"x": 570.0, "y": 519.0}]}, "description": "2 Coffee"}, {"boundingPoly": {"vertices": [{"x": 598.0, "y": 522.0}, {"x": 712.0, "y": 521.0}, {"x": 712.0, "y": 556.0}, {"x": 598.0, "y": 558.0}]}, "description": "@ 5.00"}, {"boundingPoly": {"vertices": [{"x": 597.0, "y": 565.0}, {"x": 725.0, "y": 565.0}, {"x": 725.0, "y": 603.0}, {"x": 597.0, "y": 603.0}]}, "description": " Hot Tea"}, {"boundingPoly": {"vertices": [{"x": 569.0, "y": 604.0}, {"x": 747.0, "y": 604.0}, {"x": 748.0, "y": 642.0}, {"x": 569.0, "y": 644.0}]}, "description": "3 Fresh OJ"}, {"boundingPoly": {"vertices": [{"x": 601.0, "y": 652.0}, {"x": 712.0, "y": 651.0}, {"x": 712.0, "y": 682.0}, {"x": 601.0, "y": 683.0}]}, "description": "@ 8.00"}, {"boundingPoly": {"vertices": [{"x": 597.0, "y": 688.0}, {"x": 818.0, "y": 688.0}, {"x": 818.0, "y": 725.0}, {"x": 597.0, "y": 725.0}]}, "description": " Carrot Juice"}, {"boundingPoly": {"vertices": [{"x": 597.0, "y": 728.0}, {"x": 888.0, "y": 728.0}, {"x": 888.0, "y": 766.0}, {"x": 597.0, "y": 766.0}]}, "description": " BerryAlmondCakes"}, {"boundingPoly": {"vertices": [{"x": 597.0, "y": 770.0}, {"x": 816.0, "y": 770.0}, {"x": 816.0, "y": 806.0}, {"x": 597.0, "y": 806.0}]}, "description": " Ave Scramble"}, {"boundingPoly": {"vertices": [{"x": 596.0, "y": 809.0}, {"x": 783.0, "y": 809.0}, {"x": 783.0, "y": 847.0}, {"x": 596.0, "y": 847.0}]}, "description": " BYO Omelet"}, {"boundingPoly": {"vertices": [{"x": 596.0, "y": 849.0}, {"x": 785.0, "y": 849.0}, {"x": 785.0, "y": 887.0}, {"x": 596.0, "y": 887.0}]}, "description": " BYO Omelet"}, {"boundingPoly": {"vertices": [{"x": 600.0, "y": 892.0}, {"x": 709.0, "y": 893.0}, {"x": 709.0, "y": 929.0}, {"x": 600.0, "y": 928.0}]}, "description": "Bell P"}, {"boundingPoly": {"vertices": [{"x": 599.0, "y": 934.0}, {"x": 780.0, "y": 934.0}, {"x": 780.0, "y": 969.0}, {"x": 599.0, "y": 970.0}]}, "description": "$Onions $1"}, {"boundingPoly": {"vertices": [{"x": 601.0, "y": 976.0}, {"x": 821.0, "y": 976.0}, {"x": 821.0, "y": 1014.0}, {"x": 601.0, "y": 1014.0}]}, "description": "$American $1"}, {"boundingPoly": {"vertices": [{"x": 595.0, "y": 1016.0}, {"x": 875.0, "y": 1016.0}, {"x": 875.0, "y": 1057.0}, {"x": 595.0, "y": 1057.0}]}, "description": " Belgian Waffles"}, {"boundingPoly": {"vertices": [{"x": 593.0, "y": 1060.0}, {"x": 678.0, "y": 1060.0}, {"x": 678.0, "y": 1099.0}, {"x": 593.0, "y": 1099.0}]}, "description": " Milk"}, {"boundingPoly": {"vertices": [{"x": 952.0, "y": 475.0}, {"x": 1042.0, "y": 474.0}, {"x": 1045.0, "y": 509.0}, {"x": 954.0, "y": 512.0}]}, "description": "10.00"}, {"boundingPoly": {"vertices": [{"x": 569.0, "y": 565.0}, {"x": 589.0, "y": 565.0}, {"x": 589.0, "y": 603.0}, {"x": 569.0, "y": 603.0}]}, "description": " 1"}, {"boundingPoly": {"vertices": [{"x": 966.0, "y": 559.0}, {"x": 1040.0, "y": 558.0}, {"x": 1040.0, "y": 593.0}, {"x": 967.0, "y": 595.0}]}, "description": "5.00"}, {"boundingPoly": {"vertices": [{"x": 949.0, "y": 602.0}, {"x": 1043.0, "y": 601.0}, {"x": 1043.0, "y": 637.0}, {"x": 948.0, "y": 636.0}]}, "description": "24.00"}, {"boundingPoly": {"vertices": [{"x": 570.0, "y": 687.0}, {"x": 590.0, "y": 687.0}, {"x": 590.0, "y": 725.0}, {"x": 570.0, "y": 725.0}]}, "description": " 1"}, {"boundingPoly": {"vertices": [{"x": 568.0, "y": 729.0}, {"x": 590.0, "y": 729.0}, {"x": 590.0, "y": 766.0}, {"x": 568.0, "y": 766.0}]}, "description": " 1"}, {"boundingPoly": {"vertices": [{"x": 570.0, "y": 771.0}, {"x": 592.0, "y": 771.0}, {"x": 592.0, "y": 805.0}, {"x": 570.0, "y": 805.0}]}, "description": " 1"}, {"boundingPoly": {"vertices": [{"x": 568.0, "y": 808.0}, {"x": 589.0, "y": 808.0}, {"x": 589.0, "y": 847.0}, {"x": 568.0, "y": 847.0}]}, "description": " 1"}, {"boundingPoly": {"vertices": [{"x": 568.0, "y": 848.0}, {"x": 588.0, "y": 848.0}, {"x": 588.0, "y": 887.0}, {"x": 568.0, "y": 887.0}]}, "description": " 1"}, {"boundingPoly": {"vertices": [{"x": 971.0, "y": 682.0}, {"x": 1044.0, "y": 683.0}, {"x": 1044.0, "y": 717.0}, {"x": 972.0, "y": 716.0}]}, "description": "8.00"}, {"boundingPoly": {"vertices": [{"x": 960.0, "y": 724.0}, {"x": 1046.0, "y": 722.0}, {"x": 1046.0, "y": 757.0}, {"x": 960.0, "y": 758.0}]}, "description": "18.00"}, {"boundingPoly": {"vertices": [{"x": 961.0, "y": 764.0}, {"x": 1044.0, "y": 762.0}, {"x": 1045.0, "y": 797.0}, {"x": 962.0, "y": 798.0}]}, "description": "19.00"}, {"boundingPoly": {"vertices": [{"x": 960.0, "y": 807.0}, {"x": 1047.0, "y": 806.0}, {"x": 1047.0, "y": 839.0}, {"x": 959.0, "y": 841.0}]}, "description": "19.00"}, {"boundingPoly": {"vertices": [{"x": 954.0, "y": 846.0}, {"x": 1047.0, "y": 846.0}, {"x": 1048.0, "y": 880.0}, {"x": 955.0, "y": 880.0}]}, "description": "21.00"}, {"boundingPoly": {"vertices": [{"x": 565.0, "y": 1018.0}, {"x": 588.0, "y": 1018.0}, {"x": 588.0, "y": 1057.0}, {"x": 565.0, "y": 1057.0}]}, "description": " 1"}, {"boundingPoly": {"vertices": [{"x": 563.0, "y": 1060.0}, {"x": 586.0, "y": 1060.0}, {"x": 586.0, "y": 1098.0}, {"x": 563.0, "y": 1098.0}]}, "description": " 1"}, {"boundingPoly": {"vertices": [{"x": 965.0, "y": 1015.0}, {"x": 1057.0, "y": 1014.0}, {"x": 1056.0, "y": 1052.0}, {"x": 967.0, "y": 1056.0}]}, "description": "15.00"}, {"boundingPoly": {"vertices": [{"x": 982.0, "y": 1058.0}, {"x": 1058.0, "y": 1059.0}, {"x": 1058.0, "y": 1094.0}, {"x": 982.0, "y": 1094.0}]}, "description": "5.00"}, {"boundingPoly": {"vertices": [{"x": 626.0, "y": 1147.0}, {"x": 783.0, "y": 1148.0}, {"x": 783.0, "y": 1186.0}, {"x": 626.0, "y": 1185.0}]}, "description": "Subtotal"}, {"boundingPoly": {"vertices": [{"x": 614.0, "y": 1193.0}, {"x": 787.0, "y": 1193.0}, {"x": 787.0, "y": 1229.0}, {"x": 614.0, "y": 1229.0}]}, "description": "Sales Tax"}, {"boundingPoly": {"vertices": [{"x": 692.0, "y": 1236.0}, {"x": 784.0, "y": 1238.0}, {"x": 783.0, "y": 1270.0}, {"x": 691.0, "y": 1269.0}]}, "description": "Total"}, {"boundingPoly": {"vertices": [{"x": 911.0, "y": 1148.0}, {"x": 1026.0, "y": 1148.0}, {"x": 1026.0, "y": 1184.0}, {"x": 911.0, "y": 1184.0}]}, "description": "144.00"}, {"boundingPoly": {"vertices": [{"x": 932.0, "y": 1193.0}, {"x": 1026.0, "y": 1193.0}, {"x": 1022.0, "y": 1228.0}, {"x": 932.0, "y": 1229.0}]}, "description": "11.88"}, {"boundingPoly": {"vertices": [{"x": 913.0, "y": 1238.0}, {"x": 1024.0, "y": 1237.0}, {"x": 1024.0, "y": 1270.0}, {"x": 913.0, "y": 1271.0}]}, "description": "155.88"}, {"boundingPoly": {"vertices": [{"x": 459.0, "y": 1369.0}, {"x": 539.0, "y": 1366.0}, {"x": 540.0, "y": 1383.0}, {"x": 460.0, "y": 1387.0}]}, "description": "======"}, {"boundingPoly": {"vertices": [{"x": 1018.0, "y": 1367.0}, {"x": 1058.0, "y": 1367.0}, {"x": 1056.0, "y": 1388.0}, {"x": 1017.0, "y": 1389.0}]}, "description": "=="}, {"boundingPoly": {"vertices": [{"x": 670.0, "y": 1398.0}, {"x": 821.0, "y": 1398.0}, {"x": 821.0, "y": 1434.0}, {"x": 670.0, "y": 1434.0}]}, "description": "Payments"}, {"boundingPoly": {"vertices": [{"x": 448.0, "y": 1487.0}, {"x": 732.0, "y": 1486.0}, {"x": 732.0, "y": 1527.0}, {"x": 449.0, "y": 1529.0}]}, "description": "MGM Room Charge"}, {"boundingPoly": {"vertices": [{"x": 488.0, "y": 1530.0}, {"x": 1053.0, "y": 1530.0}, {"x": 1053.0, "y": 1573.0}, {"x": 489.0, "y": 1573.0}]}, "description": "27336 Maliwad, Prathamkirtikum"}, {"boundingPoly": {"vertices": [{"x": 959.0, "y": 1483.0}, {"x": 1070.0, "y": 1484.0}, {"x": 1069.0, "y": 1522.0}, {"x": 958.0, "y": 1522.0}]}, "description": "155.88"}, {"boundingPoly": {"vertices": [{"x": 444.0, "y": 1672.0}, {"x": 712.0, "y": 1675.0}, {"x": 712.0, "y": 1721.0}, {"x": 444.0, "y": 1719.0}]}, "description": "Total Payments"}, {"boundingPoly": {"vertices": [{"x": 963.0, "y": 1676.0}, {"x": 1078.0, "y": 1675.0}, {"x": 1079.0, "y": 1719.0}, {"x": 962.0, "y": 1719.0}]}, "description": "155.88"}, {"boundingPoly": {"vertices": [{"x": 444.0, "y": 1771.0}, {"x": 772.0, "y": 1771.0}, {"x": 772.0, "y": 1813.0}, {"x": 444.0, "y": 1813.0}]}, "description": "Remaining Balance"}, {"boundingPoly": {"vertices": [{"x": 999.0, "y": 1777.0}, {"x": 1084.0, "y": 1775.0}, {"x": 1083.0, "y": 1813.0}, {"x": 1000.0, "y": 1815.0}]}, "description": "0.00"}, {"boundingPoly": {"vertices": [{"x": 448.0, "y": 1860.0}, {"x": 875.0, "y": 1860.0}, {"x": 875.0, "y": 1902.0}, {"x": 448.0, "y": 1902.0}]}, "description": "Check Fully Authorized"}, {"boundingPoly": {"vertices": [{"x": 454.0, "y": 1962.0}, {"x": 559.0, "y": 1959.0}, {"x": 559.0, "y": 1980.0}, {"x": 454.0, "y": 1983.0}]}, "description": "======"}, {"boundingPoly": {"vertices": [{"x": 454.0, "y": 1999.0}, {"x": 1126.0, "y": 1997.0}, {"x": 1127.0, "y": 2038.0}, {"x": 455.0, "y": 2040.0}]}, "description": "***** GRATUITY/TIP Not Included *****"}, {"boundingPoly": {"vertices": [{"x": 457.0, "y": 2045.0}, {"x": 1207.0, "y": 2043.0}, {"x": 1207.0, "y": 2086.0}, {"x": 457.0, "y": 2090.0}]}, "description": "This tip/gratuity guide is provided for"}, {"boundingPoly": {"vertices": [{"x": 451.0, "y": 2101.0}, {"x": 775.0, "y": 2092.0}, {"x": 776.0, "y": 2131.0}, {"x": 452.0, "y": 2140.0}]}, "description": "your convenience."}, {"boundingPoly": {"vertices": [{"x": 1050.0, "y": 1959.0}, {"x": 1086.0, "y": 1959.0}, {"x": 1085.0, "y": 1985.0}, {"x": 1050.0, "y": 1985.0}]}, "description": "=="}]}