{"textAnnotations": [{"boundingPoly": {"vertices": [{"x": 67.0, "y": 79.0}, {"x": 281.0, "y": 79.0}, {"x": 281.0, "y": 99.0}, {"x": 67.0, "y": 98.0}]}, "description": "Thank You For Visiting the"}, {"boundingPoly": {"vertices": [{"x": 56.0, "y": 102.0}, {"x": 212.0, "y": 102.0}, {"x": 212.0, "y": 122.0}, {"x": 56.0, "y": 122.0}]}, "description": "merchant name"}, {"boundingPoly": {"vertices": [{"x": 51.0, "y": 122.0}, {"x": 301.0, "y": 124.0}, {"x": 300.0, "y": 143.0}, {"x": 51.0, "y": 141.0}]}, "description": "Nadine Varella, General Manager"}, {"boundingPoly": {"vertices": [{"x": 118.0, "y": 144.0}, {"x": 234.0, "y": 144.0}, {"x": 233.0, "y": 163.0}, {"x": 118.0, "y": 163.0}]}, "description": "merchant phone"}, {"boundingPoly": {"vertices": [{"x": 87.0, "y": 165.0}, {"x": 262.0, "y": 165.0}, {"x": 262.0, "y": 183.0}, {"x": 87.0, "y": 183.0}]}, "description": "We Love Your Feedback!"}, {"boundingPoly": {"vertices": [{"x": 87.0, "y": 185.0}, {"x": 267.0, "y": 186.0}, {"x": 267.0, "y": 204.0}, {"x": 87.0, "y": 203.0}]}, "description": "Text @LTF41042 to 73940"}, {"boundingPoly": {"vertices": [{"x": 215.0, "y": 102.0}, {"x": 228.0, "y": 102.0}, {"x": 228.0, "y": 122.0}, {"x": 215.0, "y": 122.0}]}, "description": "merchant name"}, {"boundingPoly": {"vertices": [{"x": 231.0, "y": 102.0}, {"x": 294.0, "y": 102.0}, {"x": 294.0, "y": 122.0}, {"x": 231.0, "y": 122.0}]}, "description": "merchant name"}, {"boundingPoly": {"vertices": [{"x": 93.0, "y": 225.0}, {"x": 263.0, "y": 225.0}, {"x": 263.0, "y": 255.0}, {"x": 93.0, "y": 255.0}]}, "description": "Order # 462"}, {"boundingPoly": {"vertices": [{"x": 30.0, "y": 272.0}, {"x": 178.0, "y": 274.0}, {"x": 178.0, "y": 291.0}, {"x": 30.0, "y": 290.0}]}, "description": "Starbucks Cappuccino"}, {"boundingPoly": {"vertices": [{"x": 32.0, "y": 292.0}, {"x": 99.0, "y": 292.0}, {"x": 99.0, "y": 308.0}, {"x": 32.0, "y": 308.0}]}, "description": " Starbucks"}, {"boundingPoly": {"vertices": [{"x": 34.0, "y": 309.0}, {"x": 180.0, "y": 309.0}, {"x": 180.0, "y": 325.0}, {"x": 34.0, "y": 325.0}]}, "description": "Starbucks Coffee 160"}, {"boundingPoly": {"vertices": [{"x": 35.0, "y": 326.0}, {"x": 180.0, "y": 326.0}, {"x": 180.0, "y": 341.0}, {"x": 35.0, "y": 340.0}]}, "description": "Starbucks Coffee 160"}, {"boundingPoly": {"vertices": [{"x": 36.0, "y": 342.0}, {"x": 180.0, "y": 343.0}, {"x": 180.0, "y": 358.0}, {"x": 35.0, "y": 356.0}]}, "description": "Starbucks Double Esp"}, {"boundingPoly": {"vertices": [{"x": 35.0, "y": 358.0}, {"x": 175.0, "y": 358.0}, {"x": 175.0, "y": 373.0}, {"x": 35.0, "y": 373.0}]}, "description": "Starbucks Add Extra"}, {"boundingPoly": {"vertices": [{"x": 36.0, "y": 374.0}, {"x": 181.0, "y": 374.0}, {"x": 181.0, "y": 390.0}, {"x": 36.0, "y": 389.0}]}, "description": "Starbucks Mocha Gran"}, {"boundingPoly": {"vertices": [{"x": 35.0, "y": 390.0}, {"x": 181.0, "y": 391.0}, {"x": 181.0, "y": 406.0}, {"x": 35.0, "y": 405.0}]}, "description": "Starbucks Cappuccino"}, {"boundingPoly": {"vertices": [{"x": 311.0, "y": 256.0}, {"x": 336.0, "y": 257.0}, {"x": 335.0, "y": 274.0}, {"x": 311.0, "y": 273.0}]}, "description": "USD"}, {"boundingPoly": {"vertices": [{"x": 301.0, "y": 276.0}, {"x": 335.0, "y": 276.0}, {"x": 334.0, "y": 292.0}, {"x": 301.0, "y": 292.0}]}, "description": "3.10"}, {"boundingPoly": {"vertices": [{"x": 301.0, "y": 294.0}, {"x": 334.0, "y": 295.0}, {"x": 333.0, "y": 310.0}, {"x": 301.0, "y": 309.0}]}, "description": "3.95"}, {"boundingPoly": {"vertices": [{"x": 301.0, "y": 312.0}, {"x": 332.0, "y": 312.0}, {"x": 331.0, "y": 326.0}, {"x": 301.0, "y": 326.0}]}, "description": "1.90"}, {"boundingPoly": {"vertices": [{"x": 301.0, "y": 327.0}, {"x": 331.0, "y": 327.0}, {"x": 331.0, "y": 340.0}, {"x": 301.0, "y": 341.0}]}, "description": "1.90"}, {"boundingPoly": {"vertices": [{"x": 301.0, "y": 342.0}, {"x": 332.0, "y": 341.0}, {"x": 331.0, "y": 354.0}, {"x": 302.0, "y": 355.0}]}, "description": "1.60"}, {"boundingPoly": {"vertices": [{"x": 300.0, "y": 356.0}, {"x": 331.0, "y": 356.0}, {"x": 331.0, "y": 370.0}, {"x": 300.0, "y": 370.0}]}, "description": "0.25"}, {"boundingPoly": {"vertices": [{"x": 300.0, "y": 373.0}, {"x": 333.0, "y": 372.0}, {"x": 332.0, "y": 386.0}, {"x": 300.0, "y": 387.0}]}, "description": "3.40"}, {"boundingPoly": {"vertices": [{"x": 301.0, "y": 388.0}, {"x": 334.0, "y": 388.0}, {"x": 333.0, "y": 403.0}, {"x": 301.0, "y": 403.0}]}, "description": "3.50"}, {"boundingPoly": {"vertices": [{"x": 103.0, "y": 292.0}, {"x": 179.0, "y": 292.0}, {"x": 179.0, "y": 308.0}, {"x": 103.0, "y": 308.0}]}, "description": " Caramel Ma"}, {"boundingPoly": {"vertices": [{"x": 200.0, "y": 424.0}, {"x": 269.0, "y": 424.0}, {"x": 269.0, "y": 440.0}, {"x": 200.0, "y": 440.0}]}, "description": "Sub Total"}, {"boundingPoly": {"vertices": [{"x": 202.0, "y": 441.0}, {"x": 277.0, "y": 441.0}, {"x": 277.0, "y": 457.0}, {"x": 202.0, "y": 457.0}]}, "description": "Tax Amount"}, {"boundingPoly": {"vertices": [{"x": 297.0, "y": 423.0}, {"x": 336.0, "y": 422.0}, {"x": 336.0, "y": 437.0}, {"x": 298.0, "y": 439.0}]}, "description": "19.60"}, {"boundingPoly": {"vertices": [{"x": 305.0, "y": 440.0}, {"x": 336.0, "y": 439.0}, {"x": 335.0, "y": 455.0}, {"x": 306.0, "y": 456.0}]}, "description": "1.37"}, {"boundingPoly": {"vertices": [{"x": 28.0, "y": 491.0}, {"x": 160.0, "y": 489.0}, {"x": 160.0, "y": 517.0}, {"x": 29.0, "y": 520.0}]}, "description": "Total USD"}, {"boundingPoly": {"vertices": [{"x": 260.0, "y": 493.0}, {"x": 338.0, "y": 493.0}, {"x": 338.0, "y": 520.0}, {"x": 262.0, "y": 520.0}]}, "description": "20.97"}, {"boundingPoly": {"vertices": [{"x": 30.0, "y": 573.0}, {"x": 185.0, "y": 570.0}, {"x": 185.0, "y": 587.0}, {"x": 31.0, "y": 590.0}]}, "description": "5009 AMERICAN EXPRESS"}, {"boundingPoly": {"vertices": [{"x": 303.0, "y": 574.0}, {"x": 343.0, "y": 573.0}, {"x": 342.0, "y": 589.0}, {"x": 303.0, "y": 590.0}]}, "description": "20.97"}, {"boundingPoly": {"vertices": [{"x": 32.0, "y": 627.0}, {"x": 57.0, "y": 627.0}, {"x": 57.0, "y": 642.0}, {"x": 32.0, "y": 643.0}]}, "description": "Tax"}, {"boundingPoly": {"vertices": [{"x": 33.0, "y": 645.0}, {"x": 86.0, "y": 643.0}, {"x": 86.0, "y": 660.0}, {"x": 33.0, "y": 663.0}]}, "description": "() 7.00"}, {"boundingPoly": {"vertices": [{"x": 149.0, "y": 625.0}, {"x": 260.0, "y": 625.0}, {"x": 260.0, "y": 644.0}, {"x": 149.0, "y": 644.0}]}, "description": " Taxable Amount"}, {"boundingPoly": {"vertices": [{"x": 216.0, "y": 645.0}, {"x": 253.0, "y": 646.0}, {"x": 252.0, "y": 661.0}, {"x": 216.0, "y": 660.0}]}, "description": "19.60"}, {"boundingPoly": {"vertices": [{"x": 265.0, "y": 627.0}, {"x": 344.0, "y": 627.0}, {"x": 344.0, "y": 645.0}, {"x": 265.0, "y": 645.0}]}, "description": " Tax Amount"}, {"boundingPoly": {"vertices": [{"x": 313.0, "y": 646.0}, {"x": 344.0, "y": 646.0}, {"x": 344.0, "y": 662.0}, {"x": 313.0, "y": 663.0}]}, "description": "1.37"}, {"boundingPoly": {"vertices": [{"x": 35.0, "y": 698.0}, {"x": 351.0, "y": 698.0}, {"x": 351.0, "y": 719.0}, {"x": 35.0, "y": 719.0}]}, "description": " 11/16/2019 07:32 AM #:49857 Op:3056 C:113"}, {"boundingPoly": {"vertices": [{"x": 33.0, "y": 717.0}, {"x": 112.0, "y": 717.0}, {"x": 112.0, "y": 734.0}, {"x": 33.0, "y": 734.0}]}, "description": " 221 S:1132"}, {"boundingPoly": {"vertices": [{"x": 33.0, "y": 735.0}, {"x": 113.0, "y": 735.0}, {"x": 113.0, "y": 754.0}, {"x": 33.0, "y": 754.0}]}, "description": " Served you"}, {"boundingPoly": {"vertices": [{"x": 116.0, "y": 735.0}, {"x": 243.0, "y": 735.0}, {"x": 243.0, "y": 755.0}, {"x": 116.0, "y": 755.0}]}, "description": " : Ashley Williams"}, {"boundingPoly": {"vertices": [{"x": 102.0, "y": 810.0}, {"x": 263.0, "y": 813.0}, {"x": 263.0, "y": 830.0}, {"x": 101.0, "y": 827.0}]}, "description": "*** Customer copy ***"}, {"boundingPoly": {"vertices": [{"x": 111.0, "y": 847.0}, {"x": 256.0, "y": 850.0}, {"x": 256.0, "y": 868.0}, {"x": 110.0, "y": 865.0}]}, "description": "AMEX Sunrise 937-11"}, {"boundingPoly": {"vertices": [{"x": 55.0, "y": 868.0}, {"x": 328.0, "y": 868.0}, {"x": 328.0, "y": 893.0}, {"x": 55.0, "y": 893.0}]}, "description": " agree to pay the above total amount"}, {"boundingPoly": {"vertices": [{"x": 31.0, "y": 907.0}, {"x": 338.0, "y": 911.0}, {"x": 338.0, "y": 931.0}, {"x": 31.0, "y": 924.0}]}, "description": "agreement. (Merchant agreement if Credit"}, {"boundingPoly": {"vertices": [{"x": 160.0, "y": 948.0}, {"x": 224.0, "y": 948.0}, {"x": 224.0, "y": 965.0}, {"x": 160.0, "y": 965.0}]}, "description": "records."}, {"boundingPoly": {"vertices": [{"x": 43.0, "y": 868.0}, {"x": 51.0, "y": 868.0}, {"x": 51.0, "y": 886.0}, {"x": 43.0, "y": 886.0}]}, "description": " I"}, {"boundingPoly": {"vertices": [{"x": 95.0, "y": 887.0}, {"x": 282.0, "y": 890.0}, {"x": 281.0, "y": 908.0}, {"x": 95.0, "y": 904.0}]}, "description": "according to card issuer"}, {"boundingPoly": {"vertices": [{"x": 58.0, "y": 926.0}, {"x": 315.0, "y": 930.0}, {"x": 315.0, "y": 951.0}, {"x": 58.0, "y": 944.0}]}, "description": "Voucher )Retain this copy for your"}, {"boundingPoly": {"vertices": [{"x": 32.0, "y": 986.0}, {"x": 185.0, "y": 985.0}, {"x": 185.0, "y": 1003.0}, {"x": 32.0, "y": 1005.0}]}, "description": "PURCHASE / APPROVED"}, {"boundingPoly": {"vertices": [{"x": 34.0, "y": 1007.0}, {"x": 161.0, "y": 1006.0}, {"x": 161.0, "y": 1024.0}, {"x": 34.0, "y": 1025.0}]}, "description": "AMERICAN EXPRESS"}, {"boundingPoly": {"vertices": [{"x": 31.0, "y": 1028.0}, {"x": 155.0, "y": 1027.0}, {"x": 156.0, "y": 1044.0}, {"x": 31.0, "y": 1045.0}]}, "description": "*********** 7008"}]}