{"textAnnotations": [{"boundingPoly": {"vertices": [{"x": 76.0, "y": 8.0}, {"x": 144.0, "y": 7.0}, {"x": 144.0, "y": 16.0}, {"x": 77.0, "y": 18.0}]}, "description": "merchant name"}, {"boundingPoly": {"vertices": [{"x": 73.0, "y": 17.0}, {"x": 152.0, "y": 16.0}, {"x": 152.0, "y": 26.0}, {"x": 73.0, "y": 27.0}]}, "description": "merchant address"}, {"boundingPoly": {"vertices": [{"x": 73.0, "y": 27.0}, {"x": 151.0, "y": 25.0}, {"x": 151.0, "y": 35.0}, {"x": 73.0, "y": 37.0}]}, "description": "merchant address"}, {"boundingPoly": {"vertices": [{"x": 86.0, "y": 37.0}, {"x": 142.0, "y": 35.0}, {"x": 142.0, "y": 45.0}, {"x": 86.0, "y": 48.0}]}, "description": "merchant phone"}, {"boundingPoly": {"vertices": [{"x": 39.0, "y": 56.0}, {"x": 79.0, "y": 55.0}, {"x": 79.0, "y": 66.0}, {"x": 39.0, "y": 67.0}]}, "description": "11/12/2019"}, {"boundingPoly": {"vertices": [{"x": 47.0, "y": 67.0}, {"x": 78.0, "y": 66.0}, {"x": 79.0, "y": 76.0}, {"x": 48.0, "y": 76.0}]}, "description": "SubTotal"}, {"boundingPoly": {"vertices": [{"x": 156.0, "y": 55.0}, {"x": 190.0, "y": 55.0}, {"x": 190.0, "y": 65.0}, {"x": 156.0, "y": 65.0}]}, "description": " 20:54:35"}, {"boundingPoly": {"vertices": [{"x": 163.0, "y": 63.0}, {"x": 189.0, "y": 63.0}, {"x": 189.0, "y": 75.0}, {"x": 163.0, "y": 75.0}]}, "description": " 192.14"}, {"boundingPoly": {"vertices": [{"x": 161.0, "y": 76.0}, {"x": 191.0, "y": 74.0}, {"x": 192.0, "y": 87.0}, {"x": 162.0, "y": 89.0}]}, "description": "137%"}, {"boundingPoly": {"vertices": [{"x": 138.0, "y": 64.0}, {"x": 162.0, "y": 64.0}, {"x": 162.0, "y": 75.0}, {"x": 138.0, "y": 75.0}]}, "description": " USD $"}, {"boundingPoly": {"vertices": [{"x": 40.0, "y": 112.0}, {"x": 157.0, "y": 112.0}, {"x": 157.0, "y": 121.0}, {"x": 40.0, "y": 121.0}]}, "description": " AMERICAN EXPRESS Entry Method:"}, {"boundingPoly": {"vertices": [{"x": 130.0, "y": 120.0}, {"x": 188.0, "y": 119.0}, {"x": 188.0, "y": 128.0}, {"x": 130.0, "y": 128.0}]}, "description": "XXXXXXXXXXXXXXX1007"}, {"boundingPoly": {"vertices": [{"x": 108.0, "y": 129.0}, {"x": 143.0, "y": 129.0}, {"x": 143.0, "y": 138.0}, {"x": 108.0, "y": 138.0}]}, "description": "APPROVED"}, {"boundingPoly": {"vertices": [{"x": 59.0, "y": 102.0}, {"x": 79.0, "y": 102.0}, {"x": 79.0, "y": 111.0}, {"x": 59.0, "y": 111.0}]}, "description": "Total"}, {"boundingPoly": {"vertices": [{"x": 170.0, "y": 111.0}, {"x": 189.0, "y": 111.0}, {"x": 189.0, "y": 119.0}, {"x": 170.0, "y": 119.0}]}, "description": "Chip"}, {"boundingPoly": {"vertices": [{"x": 39.0, "y": 130.0}, {"x": 73.0, "y": 130.0}, {"x": 73.0, "y": 138.0}, {"x": 39.0, "y": 138.0}]}, "description": "PURCHASE"}, {"boundingPoly": {"vertices": [{"x": 72.0, "y": 138.0}, {"x": 101.0, "y": 138.0}, {"x": 101.0, "y": 148.0}, {"x": 72.0, "y": 148.0}]}, "description": " :644015"}, {"boundingPoly": {"vertices": [{"x": 39.0, "y": 139.0}, {"x": 70.0, "y": 139.0}, {"x": 70.0, "y": 148.0}, {"x": 39.0, "y": 148.0}]}, "description": " AUTH CODE"}, {"boundingPoly": {"vertices": [{"x": 167.0, "y": 157.0}, {"x": 190.0, "y": 157.0}, {"x": 189.0, "y": 165.0}, {"x": 167.0, "y": 165.0}]}, "description": "Issuer"}, {"boundingPoly": {"vertices": [{"x": 128.0, "y": 165.0}, {"x": 191.0, "y": 165.0}, {"x": 191.0, "y": 174.0}, {"x": 127.0, "y": 174.0}]}, "description": "A000000025010801"}, {"boundingPoly": {"vertices": [{"x": 149.0, "y": 175.0}, {"x": 191.0, "y": 175.0}, {"x": 191.0, "y": 183.0}, {"x": 149.0, "y": 183.0}]}, "description": "0000008600"}, {"boundingPoly": {"vertices": [{"x": 135.0, "y": 184.0}, {"x": 192.0, "y": 184.0}, {"x": 192.0, "y": 193.0}, {"x": 135.0, "y": 193.0}]}, "description": "0650010360A002"}, {"boundingPoly": {"vertices": [{"x": 145.0, "y": 194.0}, {"x": 167.0, "y": 194.0}, {"x": 167.0, "y": 203.0}, {"x": 145.0, "y": 203.0}]}, "description": "ARCH"}, {"boundingPoly": {"vertices": [{"x": 111.0, "y": 204.0}, {"x": 165.0, "y": 204.0}, {"x": 165.0, "y": 214.0}, {"x": 111.0, "y": 214.0}]}, "description": " 00000000 PRN:"}, {"boundingPoly": {"vertices": [{"x": 36.0, "y": 166.0}, {"x": 54.0, "y": 166.0}, {"x": 54.0, "y": 175.0}, {"x": 36.0, "y": 175.0}]}, "description": " AID:"}, {"boundingPoly": {"vertices": [{"x": 33.0, "y": 184.0}, {"x": 52.0, "y": 184.0}, {"x": 53.0, "y": 194.0}, {"x": 33.0, "y": 194.0}]}, "description": "TADI"}, {"boundingPoly": {"vertices": [{"x": 34.0, "y": 194.0}, {"x": 56.0, "y": 194.0}, {"x": 56.0, "y": 204.0}, {"x": 34.0, "y": 204.0}]}, "description": " TSE:"}, {"boundingPoly": {"vertices": [{"x": 32.0, "y": 204.0}, {"x": 50.0, "y": 204.0}, {"x": 50.0, "y": 214.0}, {"x": 32.0, "y": 214.0}]}, "description": " MID:"}, {"boundingPoly": {"vertices": [{"x": 61.0, "y": 194.0}, {"x": 80.0, "y": 194.0}, {"x": 80.0, "y": 204.0}, {"x": 61.0, "y": 204.0}]}, "description": " F800"}, {"boundingPoly": {"vertices": [{"x": 52.0, "y": 204.0}, {"x": 84.0, "y": 204.0}, {"x": 84.0, "y": 214.0}, {"x": 52.0, "y": 214.0}]}, "description": " 0000000"}, {"boundingPoly": {"vertices": [{"x": 92.0, "y": 204.0}, {"x": 109.0, "y": 204.0}, {"x": 109.0, "y": 214.0}, {"x": 92.0, "y": 214.0}]}, "description": " TID:"}, {"boundingPoly": {"vertices": [{"x": 167.0, "y": 204.0}, {"x": 194.0, "y": 204.0}, {"x": 194.0, "y": 214.0}, {"x": 167.0, "y": 214.0}]}, "description": " 066936"}, {"boundingPoly": {"vertices": [{"x": 181.0, "y": 195.0}, {"x": 193.0, "y": 194.0}, {"x": 192.0, "y": 204.0}, {"x": 181.0, "y": 204.0}]}, "description": "00"}, {"boundingPoly": {"vertices": [{"x": 30.0, "y": 234.0}, {"x": 74.0, "y": 234.0}, {"x": 74.0, "y": 246.0}, {"x": 30.0, "y": 246.0}]}, "description": " Signature:"}, {"boundingPoly": {"vertices": [{"x": 28.0, "y": 255.0}, {"x": 169.0, "y": 255.0}, {"x": 169.0, "y": 267.0}, {"x": 28.0, "y": 267.0}]}, "description": "I agree to pay above total ascint"}, {"boundingPoly": {"vertices": [{"x": 26.0, "y": 267.0}, {"x": 177.0, "y": 268.0}, {"x": 177.0, "y": 279.0}, {"x": 26.0, "y": 278.0}]}, "description": "according to cami leover agreement"}, {"boundingPoly": {"vertices": [{"x": 26.0, "y": 278.0}, {"x": 191.0, "y": 278.0}, {"x": 191.0, "y": 290.0}, {"x": 26.0, "y": 290.0}]}, "description": "(Merchant agreswoot ff Credit Voucher)"}, {"boundingPoly": {"vertices": [{"x": 24.0, "y": 289.0}, {"x": 170.0, "y": 290.0}, {"x": 169.0, "y": 303.0}, {"x": 23.0, "y": 301.0}]}, "description": "Retain With puryy foc grammibords"}]}