{"textAnnotations": [{"boundingPoly": {"vertices": [{"x": 308.0, "y": 71.0}, {"x": 443.0, "y": 74.0}, {"x": 443.0, "y": 96.0}, {"x": 307.0, "y": 93.0}]}, "description": "merchant name"}, {"boundingPoly": {"vertices": [{"x": 264.0, "y": 100.0}, {"x": 500.0, "y": 101.0}, {"x": 500.0, "y": 123.0}, {"x": 264.0, "y": 122.0}]}, "description": "merchant address"}, {"boundingPoly": {"vertices": [{"x": 297.0, "y": 129.0}, {"x": 419.0, "y": 129.0}, {"x": 419.0, "y": 152.0}, {"x": 297.0, "y": 152.0}]}, "description": "merchant address"}, {"boundingPoly": {"vertices": [{"x": 245.0, "y": 158.0}, {"x": 511.0, "y": 159.0}, {"x": 511.0, "y": 182.0}, {"x": 245.0, "y": 181.0}]}, "description": "merchant address"}, {"boundingPoly": {"vertices": [{"x": 423.0, "y": 129.0}, {"x": 455.0, "y": 129.0}, {"x": 455.0, "y": 152.0}, {"x": 423.0, "y": 152.0}]}, "description": "merchant address"}, {"boundingPoly": {"vertices": [{"x": 337.0, "y": 218.0}, {"x": 424.0, "y": 218.0}, {"x": 425.0, "y": 239.0}, {"x": 337.0, "y": 239.0}]}, "description": "SWIW OSS"}, {"boundingPoly": {"vertices": [{"x": 172.0, "y": 273.0}, {"x": 298.0, "y": 275.0}, {"x": 297.0, "y": 297.0}, {"x": 172.0, "y": 294.0}]}, "description": "9695 Elisa"}, {"boundingPoly": {"vertices": [{"x": 523.0, "y": 304.0}, {"x": 571.0, "y": 304.0}, {"x": 571.0, "y": 328.0}, {"x": 523.0, "y": 328.0}]}, "description": " WS#:"}, {"boundingPoly": {"vertices": [{"x": 575.0, "y": 304.0}, {"x": 589.0, "y": 304.0}, {"x": 589.0, "y": 327.0}, {"x": 575.0, "y": 327.0}]}, "description": " 2"}, {"boundingPoly": {"vertices": [{"x": 329.0, "y": 363.0}, {"x": 433.0, "y": 363.0}, {"x": 433.0, "y": 384.0}, {"x": 329.0, "y": 384.0}]}, "description": "CHK 101247"}, {"boundingPoly": {"vertices": [{"x": 288.0, "y": 391.0}, {"x": 475.0, "y": 391.0}, {"x": 475.0, "y": 414.0}, {"x": 288.0, "y": 414.0}]}, "description": " 11 Nov'19 15:50 PM"}, {"boundingPoly": {"vertices": [{"x": 184.0, "y": 447.0}, {"x": 198.0, "y": 447.0}, {"x": 198.0, "y": 470.0}, {"x": 184.0, "y": 470.0}]}, "description": " 1"}, {"boundingPoly": {"vertices": [{"x": 184.0, "y": 477.0}, {"x": 200.0, "y": 477.0}, {"x": 200.0, "y": 498.0}, {"x": 184.0, "y": 498.0}]}, "description": " 1"}, {"boundingPoly": {"vertices": [{"x": 185.0, "y": 503.0}, {"x": 198.0, "y": 503.0}, {"x": 198.0, "y": 526.0}, {"x": 185.0, "y": 526.0}]}, "description": " 1"}, {"boundingPoly": {"vertices": [{"x": 202.0, "y": 447.0}, {"x": 432.0, "y": 447.0}, {"x": 432.0, "y": 471.0}, {"x": 202.0, "y": 471.0}]}, "description": " TA Chocolate Croissant"}, {"boundingPoly": {"vertices": [{"x": 203.0, "y": 476.0}, {"x": 408.0, "y": 476.0}, {"x": 408.0, "y": 499.0}, {"x": 203.0, "y": 499.0}]}, "description": " TA Water 750ml Still"}, {"boundingPoly": {"vertices": [{"x": 202.0, "y": 504.0}, {"x": 392.0, "y": 504.0}, {"x": 392.0, "y": 529.0}, {"x": 202.0, "y": 529.0}]}, "description": " TA Americano White"}, {"boundingPoly": {"vertices": [{"x": 204.0, "y": 535.0}, {"x": 247.0, "y": 535.0}, {"x": 246.0, "y": 554.0}, {"x": 204.0, "y": 554.0}]}, "description": "AmnEx"}, {"boundingPoly": {"vertices": [{"x": 202.0, "y": 561.0}, {"x": 360.0, "y": 563.0}, {"x": 360.0, "y": 584.0}, {"x": 202.0, "y": 582.0}]}, "description": "XXXXXXXXXXX1002"}, {"boundingPoly": {"vertices": [{"x": 480.0, "y": 449.0}, {"x": 526.0, "y": 449.0}, {"x": 526.0, "y": 471.0}, {"x": 480.0, "y": 471.0}]}, "description": "1.70"}, {"boundingPoly": {"vertices": [{"x": 480.0, "y": 479.0}, {"x": 524.0, "y": 479.0}, {"x": 525.0, "y": 499.0}, {"x": 480.0, "y": 501.0}]}, "description": "1.50"}, {"boundingPoly": {"vertices": [{"x": 480.0, "y": 507.0}, {"x": 524.0, "y": 508.0}, {"x": 525.0, "y": 528.0}, {"x": 480.0, "y": 528.0}]}, "description": "2.10"}, {"boundingPoly": {"vertices": [{"x": 472.0, "y": 534.0}, {"x": 525.0, "y": 535.0}, {"x": 525.0, "y": 557.0}, {"x": 472.0, "y": 556.0}]}, "description": "$5.30"}, {"boundingPoly": {"vertices": [{"x": 233.0, "y": 619.0}, {"x": 359.0, "y": 620.0}, {"x": 358.0, "y": 641.0}, {"x": 233.0, "y": 640.0}]}, "description": "0.88 VAT 20%"}, {"boundingPoly": {"vertices": [{"x": 200.0, "y": 648.0}, {"x": 302.0, "y": 648.0}, {"x": 302.0, "y": 670.0}, {"x": 200.0, "y": 670.0}]}, "description": " Net Total:"}, {"boundingPoly": {"vertices": [{"x": 199.0, "y": 676.0}, {"x": 263.0, "y": 677.0}, {"x": 263.0, "y": 699.0}, {"x": 199.0, "y": 697.0}]}, "description": "Snacks"}, {"boundingPoly": {"vertices": [{"x": 198.0, "y": 705.0}, {"x": 314.0, "y": 707.0}, {"x": 313.0, "y": 729.0}, {"x": 198.0, "y": 727.0}]}, "description": "Cold Drinks"}, {"boundingPoly": {"vertices": [{"x": 197.0, "y": 733.0}, {"x": 304.0, "y": 737.0}, {"x": 303.0, "y": 760.0}, {"x": 196.0, "y": 756.0}]}, "description": "Hot Drinks"}, {"boundingPoly": {"vertices": [{"x": 192.0, "y": 765.0}, {"x": 269.0, "y": 765.0}, {"x": 269.0, "y": 788.0}, {"x": 191.0, "y": 787.0}]}, "description": "Payment"}, {"boundingPoly": {"vertices": [{"x": 161.0, "y": 793.0}, {"x": 372.0, "y": 798.0}, {"x": 371.0, "y": 820.0}, {"x": 160.0, "y": 815.0}]}, "description": "Change Due"}, {"boundingPoly": {"vertices": [{"x": 479.0, "y": 621.0}, {"x": 524.0, "y": 623.0}, {"x": 524.0, "y": 644.0}, {"x": 479.0, "y": 643.0}]}, "description": "5.30"}, {"boundingPoly": {"vertices": [{"x": 471.0, "y": 650.0}, {"x": 525.0, "y": 652.0}, {"x": 523.0, "y": 674.0}, {"x": 470.0, "y": 671.0}]}, "description": "$4.42"}, {"boundingPoly": {"vertices": [{"x": 471.0, "y": 679.0}, {"x": 525.0, "y": 681.0}, {"x": 524.0, "y": 703.0}, {"x": 470.0, "y": 700.0}]}, "description": "$1.70"}, {"boundingPoly": {"vertices": [{"x": 470.0, "y": 709.0}, {"x": 525.0, "y": 711.0}, {"x": 524.0, "y": 732.0}, {"x": 469.0, "y": 731.0}]}, "description": "$1.50"}, {"boundingPoly": {"vertices": [{"x": 468.0, "y": 739.0}, {"x": 523.0, "y": 741.0}, {"x": 523.0, "y": 762.0}, {"x": 468.0, "y": 761.0}]}, "description": "$2.10"}, {"boundingPoly": {"vertices": [{"x": 469.0, "y": 768.0}, {"x": 523.0, "y": 769.0}, {"x": 523.0, "y": 792.0}, {"x": 469.0, "y": 791.0}]}, "description": "$5.30"}, {"boundingPoly": {"vertices": [{"x": 478.0, "y": 800.0}, {"x": 588.0, "y": 801.0}, {"x": 587.0, "y": 825.0}, {"x": 478.0, "y": 822.0}]}, "description": "\u00a50.00"}, {"boundingPoly": {"vertices": [{"x": 304.0, "y": 857.0}, {"x": 439.0, "y": 859.0}, {"x": 439.0, "y": 882.0}, {"x": 304.0, "y": 880.0}]}, "description": "Check Closed"}, {"boundingPoly": {"vertices": [{"x": 275.0, "y": 887.0}, {"x": 472.0, "y": 887.0}, {"x": 472.0, "y": 914.0}, {"x": 275.0, "y": 914.0}]}, "description": " 11 Nov'19 15:50 PM"}, {"boundingPoly": {"vertices": [{"x": 303.0, "y": 955.0}, {"x": 436.0, "y": 956.0}, {"x": 436.0, "y": 977.0}, {"x": 303.0, "y": 975.0}]}, "description": "www.pret. com"}, {"boundingPoly": {"vertices": [{"x": 302.0, "y": 983.0}, {"x": 352.0, "y": 983.0}, {"x": 352.0, "y": 1006.0}, {"x": 302.0, "y": 1006.0}]}, "description": " TALK"}, {"boundingPoly": {"vertices": [{"x": 151.0, "y": 1009.0}, {"x": 579.0, "y": 1018.0}, {"x": 578.0, "y": 1042.0}, {"x": 151.0, "y": 1033.0}]}, "description": "We love to hear your feedback (the good"}, {"boundingPoly": {"vertices": [{"x": 248.0, "y": 1042.0}, {"x": 488.0, "y": 1046.0}, {"x": 487.0, "y": 1073.0}, {"x": 248.0, "y": 1067.0}]}, "description": "the bad and the ugly)."}, {"boundingPoly": {"vertices": [{"x": 223.0, "y": 1071.0}, {"x": 515.0, "y": 1077.0}, {"x": 515.0, "y": 1103.0}, {"x": 223.0, "y": 1096.0}]}, "description": "Pret A Manger (Europe) Ltd"}, {"boundingPoly": {"vertices": [{"x": 268.0, "y": 1103.0}, {"x": 349.0, "y": 1103.0}, {"x": 349.0, "y": 1128.0}, {"x": 268.0, "y": 1128.0}]}, "description": " VAT No."}, {"boundingPoly": {"vertices": [{"x": 356.0, "y": 983.0}, {"x": 435.0, "y": 983.0}, {"x": 435.0, "y": 1007.0}, {"x": 356.0, "y": 1007.0}]}, "description": " TO PRET"}, {"boundingPoly": {"vertices": [{"x": 353.0, "y": 1105.0}, {"x": 457.0, "y": 1105.0}, {"x": 457.0, "y": 1131.0}, {"x": 353.0, "y": 1131.0}]}, "description": " 927137420"}]}