{"textAnnotations": [{"boundingPoly": {"vertices": [{"x": 191.0, "y": 140.0}, {"x": 241.0, "y": 141.0}, {"x": 241.0, "y": 154.0}, {"x": 191.0, "y": 153.0}]}, "description": "merchant name"}, {"boundingPoly": {"vertices": [{"x": 122.0, "y": 156.0}, {"x": 268.0, "y": 156.0}, {"x": 268.0, "y": 173.0}, {"x": 122.0, "y": 173.0}]}, "description": "merchant address"}, {"boundingPoly": {"vertices": [{"x": 138.0, "y": 172.0}, {"x": 202.0, "y": 172.0}, {"x": 202.0, "y": 188.0}, {"x": 138.0, "y": 188.0}]}, "description": "merchant address"}, {"boundingPoly": {"vertices": [{"x": 271.0, "y": 158.0}, {"x": 302.0, "y": 158.0}, {"x": 302.0, "y": 175.0}, {"x": 271.0, "y": 175.0}]}, "description": "merchant address"}, {"boundingPoly": {"vertices": [{"x": 256.0, "y": 176.0}, {"x": 308.0, "y": 176.0}, {"x": 308.0, "y": 192.0}, {"x": 256.0, "y": 192.0}]}, "description": "merchant address"}, {"boundingPoly": {"vertices": [{"x": 235.0, "y": 191.0}, {"x": 357.0, "y": 191.0}, {"x": 357.0, "y": 209.0}, {"x": 235.0, "y": 209.0}]}, "description": "merchant address"}, {"boundingPoly": {"vertices": [{"x": 305.0, "y": 159.0}, {"x": 336.0, "y": 159.0}, {"x": 336.0, "y": 176.0}, {"x": 305.0, "y": 176.0}]}, "description": "merchant address"}, {"boundingPoly": {"vertices": [{"x": 204.0, "y": 174.0}, {"x": 254.0, "y": 174.0}, {"x": 254.0, "y": 190.0}, {"x": 204.0, "y": 190.0}]}, "description": "merchant address"}, {"boundingPoly": {"vertices": [{"x": 106.0, "y": 185.0}, {"x": 232.0, "y": 185.0}, {"x": 232.0, "y": 206.0}, {"x": 106.0, "y": 206.0}]}, "description": "merchant address"}, {"boundingPoly": {"vertices": [{"x": 165.0, "y": 204.0}, {"x": 321.0, "y": 204.0}, {"x": 321.0, "y": 225.0}, {"x": 165.0, "y": 225.0}]}, "description": " : 541 2013FIC249972"}, {"boundingPoly": {"vertices": [{"x": 118.0, "y": 232.0}, {"x": 189.0, "y": 232.0}, {"x": 189.0, "y": 250.0}, {"x": 118.0, "y": 250.0}]}, "description": " PIS GSIN N)"}, {"boundingPoly": {"vertices": [{"x": 161.0, "y": 251.0}, {"x": 200.0, "y": 251.0}, {"x": 200.0, "y": 264.0}, {"x": 161.0, "y": 264.0}]}, "description": " : K308"}, {"boundingPoly": {"vertices": [{"x": 163.0, "y": 264.0}, {"x": 291.0, "y": 264.0}, {"x": 291.0, "y": 278.0}, {"x": 163.0, "y": 278.0}]}, "description": " : 14/11/2019 6:20 PM"}, {"boundingPoly": {"vertices": [{"x": 179.0, "y": 288.0}, {"x": 231.0, "y": 288.0}, {"x": 231.0, "y": 299.0}, {"x": 179.0, "y": 299.0}]}, "description": " DATE AND"}, {"boundingPoly": {"vertices": [{"x": 105.0, "y": 298.0}, {"x": 280.0, "y": 298.0}, {"x": 280.0, "y": 309.0}, {"x": 105.0, "y": 309.0}]}, "description": " 4.0001250/14/116-19 6:20 PM"}, {"boundingPoly": {"vertices": [{"x": 201.0, "y": 307.0}, {"x": 211.0, "y": 307.0}, {"x": 211.0, "y": 318.0}, {"x": 201.0, "y": 318.0}]}, "description": " 1"}, {"boundingPoly": {"vertices": [{"x": 131.0, "y": 202.0}, {"x": 162.0, "y": 202.0}, {"x": 162.0, "y": 218.0}, {"x": 131.0, "y": 218.0}]}, "description": " CID"}, {"boundingPoly": {"vertices": [{"x": 191.0, "y": 236.0}, {"x": 305.0, "y": 236.0}, {"x": 305.0, "y": 254.0}, {"x": 191.0, "y": 254.0}]}, "description": " : 27AMCO.49000122"}, {"boundingPoly": {"vertices": [{"x": 202.0, "y": 252.0}, {"x": 235.0, "y": 252.0}, {"x": 235.0, "y": 265.0}, {"x": 202.0, "y": 265.0}]}, "description": " :3555"}, {"boundingPoly": {"vertices": [{"x": 94.0, "y": 246.0}, {"x": 148.0, "y": 249.0}, {"x": 147.0, "y": 261.0}, {"x": 94.0, "y": 258.0}]}, "description": "Order No"}, {"boundingPoly": {"vertices": [{"x": 96.0, "y": 261.0}, {"x": 161.0, "y": 261.0}, {"x": 161.0, "y": 276.0}, {"x": 96.0, "y": 276.0}]}, "description": " ORDER DATE"}, {"boundingPoly": {"vertices": [{"x": 101.0, "y": 286.0}, {"x": 146.0, "y": 287.0}, {"x": 145.0, "y": 298.0}, {"x": 101.0, "y": 297.0}]}, "description": "BILL 43"}, {"boundingPoly": {"vertices": [{"x": 234.0, "y": 289.0}, {"x": 262.0, "y": 289.0}, {"x": 262.0, "y": 300.0}, {"x": 234.0, "y": 300.0}]}, "description": " TIME"}, {"boundingPoly": {"vertices": [{"x": 281.0, "y": 289.0}, {"x": 302.0, "y": 289.0}, {"x": 302.0, "y": 300.0}, {"x": 281.0, "y": 300.0}]}, "description": "PAX"}, {"boundingPoly": {"vertices": [{"x": 106.0, "y": 308.0}, {"x": 194.0, "y": 308.0}, {"x": 194.0, "y": 318.0}, {"x": 106.0, "y": 318.0}]}, "description": " MEMBER trasat"}, {"boundingPoly": {"vertices": [{"x": 218.0, "y": 307.0}, {"x": 227.0, "y": 307.0}, {"x": 227.0, "y": 318.0}, {"x": 218.0, "y": 318.0}]}, "description": " 3"}, {"boundingPoly": {"vertices": [{"x": 257.0, "y": 330.0}, {"x": 287.0, "y": 330.0}, {"x": 287.0, "y": 343.0}, {"x": 257.0, "y": 343.0}]}, "description": " Fate"}, {"boundingPoly": {"vertices": [{"x": 304.0, "y": 330.0}, {"x": 344.0, "y": 330.0}, {"x": 344.0, "y": 343.0}, {"x": 304.0, "y": 343.0}]}, "description": " Amount"}, {"boundingPoly": {"vertices": [{"x": 137.0, "y": 357.0}, {"x": 172.0, "y": 357.0}, {"x": 172.0, "y": 370.0}, {"x": 137.0, "y": 370.0}]}, "description": " 4 JADA"}, {"boundingPoly": {"vertices": [{"x": 174.0, "y": 356.0}, {"x": 198.0, "y": 356.0}, {"x": 198.0, "y": 369.0}, {"x": 174.0, "y": 369.0}]}, "description": " PAJ"}, {"boundingPoly": {"vertices": [{"x": 254.0, "y": 356.0}, {"x": 337.0, "y": 356.0}, {"x": 337.0, "y": 368.0}, {"x": 254.0, "y": 369.0}]}, "description": "150.00 571.43"}, {"boundingPoly": {"vertices": [{"x": 145.0, "y": 384.0}, {"x": 176.0, "y": 384.0}, {"x": 175.0, "y": 397.0}, {"x": 145.0, "y": 397.0}]}, "description": "Total"}, {"boundingPoly": {"vertices": [{"x": 299.0, "y": 383.0}, {"x": 339.0, "y": 384.0}, {"x": 339.0, "y": 397.0}, {"x": 299.0, "y": 396.0}]}, "description": "571.43"}, {"boundingPoly": {"vertices": [{"x": 142.0, "y": 414.0}, {"x": 206.0, "y": 414.0}, {"x": 206.0, "y": 428.0}, {"x": 142.0, "y": 428.0}]}, "description": " DI CSST ON"}, {"boundingPoly": {"vertices": [{"x": 143.0, "y": 429.0}, {"x": 206.0, "y": 429.0}, {"x": 206.0, "y": 443.0}, {"x": 143.0, "y": 443.0}]}, "description": " 02 SGST ON"}, {"boundingPoly": {"vertices": [{"x": 209.0, "y": 414.0}, {"x": 226.0, "y": 414.0}, {"x": 226.0, "y": 427.0}, {"x": 209.0, "y": 427.0}]}, "description": " FB"}, {"boundingPoly": {"vertices": [{"x": 208.0, "y": 429.0}, {"x": 226.0, "y": 429.0}, {"x": 226.0, "y": 442.0}, {"x": 208.0, "y": 442.0}]}, "description": " FB"}, {"boundingPoly": {"vertices": [{"x": 228.0, "y": 413.0}, {"x": 250.0, "y": 413.0}, {"x": 250.0, "y": 427.0}, {"x": 228.0, "y": 427.0}]}, "description": " 2.5"}, {"boundingPoly": {"vertices": [{"x": 228.0, "y": 428.0}, {"x": 250.0, "y": 428.0}, {"x": 250.0, "y": 442.0}, {"x": 228.0, "y": 442.0}]}, "description": " 2.5"}, {"boundingPoly": {"vertices": [{"x": 253.0, "y": 413.0}, {"x": 263.0, "y": 413.0}, {"x": 263.0, "y": 427.0}, {"x": 253.0, "y": 427.0}]}, "description": " %"}, {"boundingPoly": {"vertices": [{"x": 253.0, "y": 428.0}, {"x": 262.0, "y": 428.0}, {"x": 262.0, "y": 442.0}, {"x": 253.0, "y": 442.0}]}, "description": " %"}, {"boundingPoly": {"vertices": [{"x": 310.0, "y": 413.0}, {"x": 342.0, "y": 413.0}, {"x": 342.0, "y": 426.0}, {"x": 310.0, "y": 427.0}]}, "description": "15.29"}, {"boundingPoly": {"vertices": [{"x": 310.0, "y": 427.0}, {"x": 342.0, "y": 428.0}, {"x": 342.0, "y": 441.0}, {"x": 309.0, "y": 441.0}]}, "description": "16.29"}, {"boundingPoly": {"vertices": [{"x": 141.0, "y": 459.0}, {"x": 210.0, "y": 458.0}, {"x": 210.0, "y": 473.0}, {"x": 142.0, "y": 473.0}]}, "description": "Grand Total"}, {"boundingPoly": {"vertices": [{"x": 303.0, "y": 458.0}, {"x": 344.0, "y": 458.0}, {"x": 343.0, "y": 472.0}, {"x": 303.0, "y": 472.0}]}, "description": "600.00"}, {"boundingPoly": {"vertices": [{"x": 96.0, "y": 507.0}, {"x": 158.0, "y": 507.0}, {"x": 158.0, "y": 522.0}, {"x": 96.0, "y": 522.0}]}, "description": " Thank You,"}, {"boundingPoly": {"vertices": [{"x": 161.0, "y": 507.0}, {"x": 262.0, "y": 507.0}, {"x": 262.0, "y": 522.0}, {"x": 161.0, "y": 522.0}]}, "description": " Do Jisit Again."}, {"boundingPoly": {"vertices": [{"x": 90.0, "y": 540.0}, {"x": 165.0, "y": 540.0}, {"x": 165.0, "y": 555.0}, {"x": 90.0, "y": 555.0}]}, "description": " Credit Card"}, {"boundingPoly": {"vertices": [{"x": 168.0, "y": 539.0}, {"x": 264.0, "y": 539.0}, {"x": 264.0, "y": 555.0}, {"x": 168.0, "y": 555.0}]}, "description": " : AMERICAN EXP"}]}