{"textAnnotations": [{"boundingPoly": {"vertices": [{"x": 475.0, "y": 88.0}, {"x": 1046.0, "y": 63.0}, {"x": 1048.0, "y": 115.0}, {"x": 476.0, "y": 141.0}]}, "description": "merchant name"}, {"boundingPoly": {"vertices": [{"x": 445.0, "y": 203.0}, {"x": 1073.0, "y": 178.0}, {"x": 1075.0, "y": 228.0}, {"x": 446.0, "y": 255.0}]}, "description": "merchant address"}, {"boundingPoly": {"vertices": [{"x": 642.0, "y": 309.0}, {"x": 886.0, "y": 298.0}, {"x": 887.0, "y": 348.0}, {"x": 642.0, "y": 360.0}]}, "description": "CHK 656831"}, {"boundingPoly": {"vertices": [{"x": 568.0, "y": 138.0}, {"x": 968.0, "y": 127.0}, {"x": 969.0, "y": 176.0}, {"x": 569.0, "y": 187.0}]}, "description": "merchant address"}, {"boundingPoly": {"vertices": [{"x": 520.0, "y": 352.0}, {"x": 997.0, "y": 352.0}, {"x": 997.0, "y": 424.0}, {"x": 520.0, "y": 424.0}]}, "description": " 11/18/2019 05:41 PM"}, {"boundingPoly": {"vertices": [{"x": 409.0, "y": 431.0}, {"x": 592.0, "y": 427.0}, {"x": 593.0, "y": 477.0}, {"x": 410.0, "y": 483.0}]}, "description": "2824157"}, {"boundingPoly": {"vertices": [{"x": 655.0, "y": 418.0}, {"x": 855.0, "y": 418.0}, {"x": 855.0, "y": 477.0}, {"x": 655.0, "y": 477.0}]}, "description": " Drawer:"}, {"boundingPoly": {"vertices": [{"x": 863.0, "y": 412.0}, {"x": 1056.0, "y": 412.0}, {"x": 1056.0, "y": 469.0}, {"x": 863.0, "y": 469.0}]}, "description": " 1 Reg:"}, {"boundingPoly": {"vertices": [{"x": 1065.0, "y": 410.0}, {"x": 1104.0, "y": 410.0}, {"x": 1104.0, "y": 465.0}, {"x": 1065.0, "y": 465.0}]}, "description": " 3"}, {"boundingPoly": {"vertices": [{"x": 330.0, "y": 551.0}, {"x": 663.0, "y": 546.0}, {"x": 665.0, "y": 598.0}, {"x": 331.0, "y": 604.0}]}, "description": "Tl Cappuccino"}, {"boundingPoly": {"vertices": [{"x": 1040.0, "y": 528.0}, {"x": 1143.0, "y": 531.0}, {"x": 1143.0, "y": 580.0}, {"x": 1040.0, "y": 581.0}]}, "description": "3.95"}, {"boundingPoly": {"vertices": [{"x": 1036.0, "y": 589.0}, {"x": 1144.0, "y": 590.0}, {"x": 1144.0, "y": 643.0}, {"x": 1035.0, "y": 643.0}]}, "description": "2.45"}, {"boundingPoly": {"vertices": [{"x": 323.0, "y": 608.0}, {"x": 761.0, "y": 601.0}, {"x": 762.0, "y": 656.0}, {"x": 324.0, "y": 662.0}]}, "description": "Vanilla Madeleine"}, {"boundingPoly": {"vertices": [{"x": 322.0, "y": 731.0}, {"x": 430.0, "y": 736.0}, {"x": 429.0, "y": 777.0}, {"x": 319.0, "y": 774.0}]}, "description": "Amex"}, {"boundingPoly": {"vertices": [{"x": 311.0, "y": 783.0}, {"x": 732.0, "y": 784.0}, {"x": 732.0, "y": 834.0}, {"x": 311.0, "y": 833.0}]}, "description": "XXXXXXXXXXXX1006"}, {"boundingPoly": {"vertices": [{"x": 612.0, "y": 841.0}, {"x": 884.0, "y": 841.0}, {"x": 884.0, "y": 897.0}, {"x": 612.0, "y": 897.0}]}, "description": " QUICK CHIP"}, {"boundingPoly": {"vertices": [{"x": 609.0, "y": 904.0}, {"x": 836.0, "y": 904.0}, {"x": 836.0, "y": 959.0}, {"x": 609.0, "y": 959.0}]}, "description": " PURCHASE"}, {"boundingPoly": {"vertices": [{"x": 635.0, "y": 963.0}, {"x": 858.0, "y": 963.0}, {"x": 858.0, "y": 1023.0}, {"x": 635.0, "y": 1023.0}]}, "description": " 00000167"}, {"boundingPoly": {"vertices": [{"x": 584.0, "y": 1027.0}, {"x": 1018.0, "y": 1027.0}, {"x": 1018.0, "y": 1088.0}, {"x": 584.0, "y": 1088.0}]}, "description": " AMERICAN EXPRESS"}, {"boundingPoly": {"vertices": [{"x": 504.0, "y": 1094.0}, {"x": 669.0, "y": 1094.0}, {"x": 669.0, "y": 1146.0}, {"x": 504.0, "y": 1146.0}]}, "description": " 888039"}, {"boundingPoly": {"vertices": [{"x": 417.0, "y": 1154.0}, {"x": 847.0, "y": 1154.0}, {"x": 847.0, "y": 1211.0}, {"x": 417.0, "y": 1211.0}]}, "description": " A000000025010801"}, {"boundingPoly": {"vertices": [{"x": 417.0, "y": 1218.0}, {"x": 692.0, "y": 1218.0}, {"x": 692.0, "y": 1275.0}, {"x": 417.0, "y": 1275.0}]}, "description": " 0000008000"}, {"boundingPoly": {"vertices": [{"x": 411.0, "y": 1283.0}, {"x": 528.0, "y": 1283.0}, {"x": 528.0, "y": 1339.0}, {"x": 411.0, "y": 1339.0}]}, "description": " E800"}, {"boundingPoly": {"vertices": [{"x": 1037.0, "y": 712.0}, {"x": 1147.0, "y": 713.0}, {"x": 1147.0, "y": 764.0}, {"x": 1038.0, "y": 765.0}]}, "description": "6.75"}, {"boundingPoly": {"vertices": [{"x": 304.0, "y": 843.0}, {"x": 603.0, "y": 843.0}, {"x": 603.0, "y": 897.0}, {"x": 304.0, "y": 897.0}]}, "description": " Card Entry:"}, {"boundingPoly": {"vertices": [{"x": 303.0, "y": 904.0}, {"x": 600.0, "y": 904.0}, {"x": 600.0, "y": 959.0}, {"x": 303.0, "y": 959.0}]}, "description": " Trans Type:"}, {"boundingPoly": {"vertices": [{"x": 298.0, "y": 965.0}, {"x": 624.0, "y": 965.0}, {"x": 624.0, "y": 1023.0}, {"x": 298.0, "y": 1023.0}]}, "description": " Reference #:"}, {"boundingPoly": {"vertices": [{"x": 302.0, "y": 1031.0}, {"x": 574.0, "y": 1031.0}, {"x": 574.0, "y": 1090.0}, {"x": 302.0, "y": 1090.0}]}, "description": " App Label:"}, {"boundingPoly": {"vertices": [{"x": 297.0, "y": 1095.0}, {"x": 496.0, "y": 1095.0}, {"x": 496.0, "y": 1146.0}, {"x": 297.0, "y": 1146.0}]}, "description": " Auth #:"}, {"boundingPoly": {"vertices": [{"x": 297.0, "y": 1154.0}, {"x": 406.0, "y": 1154.0}, {"x": 406.0, "y": 1211.0}, {"x": 297.0, "y": 1211.0}]}, "description": " AID:"}, {"boundingPoly": {"vertices": [{"x": 296.0, "y": 1218.0}, {"x": 406.0, "y": 1218.0}, {"x": 406.0, "y": 1275.0}, {"x": 296.0, "y": 1275.0}]}, "description": " TVR:"}, {"boundingPoly": {"vertices": [{"x": 287.0, "y": 1282.0}, {"x": 402.0, "y": 1282.0}, {"x": 402.0, "y": 1339.0}, {"x": 287.0, "y": 1339.0}]}, "description": " TSI:"}, {"boundingPoly": {"vertices": [{"x": 277.0, "y": 1411.0}, {"x": 496.0, "y": 1410.0}, {"x": 496.0, "y": 1470.0}, {"x": 277.0, "y": 1470.0}]}, "description": "Subtotal"}, {"boundingPoly": {"vertices": [{"x": 280.0, "y": 1477.0}, {"x": 556.0, "y": 1477.0}, {"x": 556.0, "y": 1535.0}, {"x": 280.0, "y": 1535.0}]}, "description": "Tax 8.875%"}, {"boundingPoly": {"vertices": [{"x": 275.0, "y": 1544.0}, {"x": 408.0, "y": 1545.0}, {"x": 407.0, "y": 1599.0}, {"x": 276.0, "y": 1601.0}]}, "description": "Total"}, {"boundingPoly": {"vertices": [{"x": 189.0, "y": 1610.0}, {"x": 730.0, "y": 1614.0}, {"x": 730.0, "y": 1674.0}, {"x": 189.0, "y": 1671.0}]}, "description": "Change Due"}, {"boundingPoly": {"vertices": [{"x": 978.0, "y": 1415.0}, {"x": 1115.0, "y": 1415.0}, {"x": 1116.0, "y": 1469.0}, {"x": 978.0, "y": 1470.0}]}, "description": "$6.40"}, {"boundingPoly": {"vertices": [{"x": 975.0, "y": 1481.0}, {"x": 1114.0, "y": 1480.0}, {"x": 1115.0, "y": 1536.0}, {"x": 976.0, "y": 1538.0}]}, "description": "$0.35"}, {"boundingPoly": {"vertices": [{"x": 973.0, "y": 1548.0}, {"x": 1113.0, "y": 1546.0}, {"x": 1115.0, "y": 1602.0}, {"x": 974.0, "y": 1604.0}]}, "description": "$6.75"}, {"boundingPoly": {"vertices": [{"x": 997.0, "y": 1616.0}, {"x": 1275.0, "y": 1613.0}, {"x": 1275.0, "y": 1673.0}, {"x": 997.0, "y": 1676.0}]}, "description": "$0.00"}, {"boundingPoly": {"vertices": [{"x": 497.0, "y": 1748.0}, {"x": 911.0, "y": 1747.0}, {"x": 911.0, "y": 1805.0}, {"x": 497.0, "y": 1805.0}]}, "description": "Check Closed --"}, {"boundingPoly": {"vertices": [{"x": 450.0, "y": 1815.0}, {"x": 977.0, "y": 1815.0}, {"x": 977.0, "y": 1879.0}, {"x": 450.0, "y": 1879.0}]}, "description": " 11/18/2019 05:41 PM"}, {"boundingPoly": {"vertices": [{"x": 376.0, "y": 2165.0}, {"x": 1058.0, "y": 2171.0}, {"x": 1057.0, "y": 2234.0}, {"x": 375.0, "y": 2227.0}]}, "description": "Join our loyalty program"}, {"boundingPoly": {"vertices": [{"x": 451.0, "y": 2237.0}, {"x": 967.0, "y": 2237.0}, {"x": 967.0, "y": 2302.0}, {"x": 451.0, "y": 2302.0}]}, "description": "Starbucks Rewards\u00ae"}, {"boundingPoly": {"vertices": [{"x": 279.0, "y": 2308.0}, {"x": 1136.0, "y": 2315.0}, {"x": 1135.0, "y": 2382.0}, {"x": 278.0, "y": 2374.0}]}, "description": "Sign up for promotional emails"}, {"boundingPoly": {"vertices": [{"x": 305.0, "y": 2376.0}, {"x": 1080.0, "y": 2388.0}, {"x": 1079.0, "y": 2458.0}, {"x": 304.0, "y": 2444.0}]}, "description": "Visit Starbucks.com/rewards"}, {"boundingPoly": {"vertices": [{"x": 416.0, "y": 2454.0}, {"x": 965.0, "y": 2461.0}, {"x": 964.0, "y": 2527.0}, {"x": 415.0, "y": 2518.0}]}, "description": "Or download our app"}, {"boundingPoly": {"vertices": [{"x": 356.0, "y": 2529.0}, {"x": 1021.0, "y": 2537.0}, {"x": 1020.0, "y": 2600.0}, {"x": 355.0, "y": 2590.0}]}, "description": "At participating stores"}, {"boundingPoly": {"vertices": [{"x": 351.0, "y": 2602.0}, {"x": 1014.0, "y": 2613.0}, {"x": 1013.0, "y": 2681.0}, {"x": 350.0, "y": 2666.0}]}, "description": "Some restrictions apply"}, {"boundingPoly": {"vertices": [{"x": 371.0, "y": 2734.0}, {"x": 883.0, "y": 2729.0}, {"x": 883.0, "y": 2785.0}, {"x": 371.0, "y": 2790.0}]}, "description": "REDMI NOTE 5 PRO"}, {"boundingPoly": {"vertices": [{"x": 366.0, "y": 2804.0}, {"x": 844.0, "y": 2799.0}, {"x": 845.0, "y": 2854.0}, {"x": 366.0, "y": 2861.0}]}, "description": "MI DUAL CAMERA"}]}