{"textAnnotations": [{"boundingPoly": {"vertices": [{"x": 146.0, "y": 90.0}, {"x": 282.0, "y": 87.0}, {"x": 284.0, "y": 120.0}, {"x": 147.0, "y": 126.0}]}, "description": "merchant name"}, {"boundingPoly": {"vertices": [{"x": 162.0, "y": 193.0}, {"x": 186.0, "y": 191.0}, {"x": 187.0, "y": 206.0}, {"x": 162.0, "y": 207.0}]}, "description": "merchant name"}, {"boundingPoly": {"vertices": [{"x": 139.0, "y": 316.0}, {"x": 274.0, "y": 315.0}, {"x": 274.0, "y": 329.0}, {"x": 140.0, "y": 330.0}]}, "description": "merchant name"}, {"boundingPoly": {"vertices": [{"x": 139.0, "y": 334.0}, {"x": 274.0, "y": 334.0}, {"x": 274.0, "y": 348.0}, {"x": 139.0, "y": 348.0}]}, "description": "merchant address"}, {"boundingPoly": {"vertices": [{"x": 78.0, "y": 353.0}, {"x": 336.0, "y": 349.0}, {"x": 337.0, "y": 365.0}, {"x": 78.0, "y": 368.0}]}, "description": "merchant address"}, {"boundingPoly": {"vertices": [{"x": 35.0, "y": 392.0}, {"x": 115.0, "y": 392.0}, {"x": 115.0, "y": 408.0}, {"x": 35.0, "y": 408.0}]}, "description": " Server:"}, {"boundingPoly": {"vertices": [{"x": 34.0, "y": 410.0}, {"x": 145.0, "y": 411.0}, {"x": 145.0, "y": 425.0}, {"x": 34.0, "y": 425.0}]}, "description": "Check #268"}, {"boundingPoly": {"vertices": [{"x": 124.0, "y": 392.0}, {"x": 200.0, "y": 392.0}, {"x": 200.0, "y": 408.0}, {"x": 124.0, "y": 408.0}]}, "description": " Jamil V"}, {"boundingPoly": {"vertices": [{"x": 284.0, "y": 391.0}, {"x": 378.0, "y": 389.0}, {"x": 378.0, "y": 405.0}, {"x": 284.0, "y": 407.0}]}, "description": "11/14/19"}, {"boundingPoly": {"vertices": [{"x": 293.0, "y": 410.0}, {"x": 378.0, "y": 410.0}, {"x": 378.0, "y": 426.0}, {"x": 293.0, "y": 426.0}]}, "description": " 8:21 PM"}, {"boundingPoly": {"vertices": [{"x": 31.0, "y": 465.0}, {"x": 175.0, "y": 467.0}, {"x": 175.0, "y": 482.0}, {"x": 31.0, "y": 480.0}]}, "description": "Shandy Malone"}, {"boundingPoly": {"vertices": [{"x": 304.0, "y": 467.0}, {"x": 374.0, "y": 467.0}, {"x": 374.0, "y": 483.0}, {"x": 304.0, "y": 483.0}]}, "description": "$10.00"}, {"boundingPoly": {"vertices": [{"x": 30.0, "y": 501.0}, {"x": 116.0, "y": 503.0}, {"x": 116.0, "y": 517.0}, {"x": 30.0, "y": 515.0}]}, "description": "Subtotal"}, {"boundingPoly": {"vertices": [{"x": 29.0, "y": 520.0}, {"x": 63.0, "y": 520.0}, {"x": 62.0, "y": 535.0}, {"x": 29.0, "y": 534.0}]}, "description": "Tax"}, {"boundingPoly": {"vertices": [{"x": 29.0, "y": 538.0}, {"x": 81.0, "y": 539.0}, {"x": 80.0, "y": 553.0}, {"x": 29.0, "y": 552.0}]}, "description": "Total"}, {"boundingPoly": {"vertices": [{"x": 302.0, "y": 506.0}, {"x": 374.0, "y": 506.0}, {"x": 374.0, "y": 521.0}, {"x": 302.0, "y": 521.0}]}, "description": "$10.00"}, {"boundingPoly": {"vertices": [{"x": 312.0, "y": 526.0}, {"x": 372.0, "y": 526.0}, {"x": 372.0, "y": 538.0}, {"x": 312.0, "y": 539.0}]}, "description": "$0.85"}, {"boundingPoly": {"vertices": [{"x": 302.0, "y": 541.0}, {"x": 374.0, "y": 540.0}, {"x": 374.0, "y": 553.0}, {"x": 303.0, "y": 554.0}]}, "description": "$10.85"}, {"boundingPoly": {"vertices": [{"x": 25.0, "y": 574.0}, {"x": 150.0, "y": 574.0}, {"x": 150.0, "y": 589.0}, {"x": 25.0, "y": 590.0}]}, "description": "Credit Card"}, {"boundingPoly": {"vertices": [{"x": 24.0, "y": 595.0}, {"x": 69.0, "y": 594.0}, {"x": 69.0, "y": 608.0}, {"x": 24.0, "y": 608.0}]}, "description": "Amex"}, {"boundingPoly": {"vertices": [{"x": 302.0, "y": 575.0}, {"x": 377.0, "y": 575.0}, {"x": 376.0, "y": 590.0}, {"x": 302.0, "y": 589.0}]}, "description": "Swiped"}, {"boundingPoly": {"vertices": [{"x": 232.0, "y": 594.0}, {"x": 379.0, "y": 594.0}, {"x": 379.0, "y": 609.0}, {"x": 232.0, "y": 609.0}]}, "description": "xxxxxxxx1000"}, {"boundingPoly": {"vertices": [{"x": 25.0, "y": 632.0}, {"x": 205.0, "y": 632.0}, {"x": 205.0, "y": 648.0}, {"x": 25.0, "y": 647.0}]}, "description": "Transaction Type"}, {"boundingPoly": {"vertices": [{"x": 23.0, "y": 651.0}, {"x": 170.0, "y": 653.0}, {"x": 170.0, "y": 667.0}, {"x": 23.0, "y": 666.0}]}, "description": "Authorization"}, {"boundingPoly": {"vertices": [{"x": 23.0, "y": 670.0}, {"x": 170.0, "y": 672.0}, {"x": 170.0, "y": 687.0}, {"x": 23.0, "y": 685.0}]}, "description": "Approval Code"}, {"boundingPoly": {"vertices": [{"x": 23.0, "y": 689.0}, {"x": 136.0, "y": 690.0}, {"x": 136.0, "y": 706.0}, {"x": 23.0, "y": 705.0}]}, "description": "Payment ID"}, {"boundingPoly": {"vertices": [{"x": 22.0, "y": 709.0}, {"x": 147.0, "y": 710.0}, {"x": 147.0, "y": 725.0}, {"x": 22.0, "y": 724.0}]}, "description": "Merchant ID"}, {"boundingPoly": {"vertices": [{"x": 22.0, "y": 728.0}, {"x": 146.0, "y": 730.0}, {"x": 146.0, "y": 746.0}, {"x": 22.0, "y": 744.0}]}, "description": "Card Reader"}, {"boundingPoly": {"vertices": [{"x": 329.0, "y": 634.0}, {"x": 381.0, "y": 635.0}, {"x": 380.0, "y": 651.0}, {"x": 328.0, "y": 649.0}]}, "description": "Sale"}, {"boundingPoly": {"vertices": [{"x": 278.0, "y": 654.0}, {"x": 380.0, "y": 656.0}, {"x": 380.0, "y": 671.0}, {"x": 278.0, "y": 670.0}]}, "description": "Approved"}, {"boundingPoly": {"vertices": [{"x": 304.0, "y": 675.0}, {"x": 379.0, "y": 676.0}, {"x": 379.0, "y": 691.0}, {"x": 304.0, "y": 689.0}]}, "description": "541761"}, {"boundingPoly": {"vertices": [{"x": 231.0, "y": 693.0}, {"x": 381.0, "y": 696.0}, {"x": 380.0, "y": 712.0}, {"x": 231.0, "y": 709.0}]}, "description": "RwLHJyYjcPY9"}, {"boundingPoly": {"vertices": [{"x": 268.0, "y": 714.0}, {"x": 380.0, "y": 717.0}, {"x": 380.0, "y": 732.0}, {"x": 268.0, "y": 729.0}]}, "description": "026523548"}, {"boundingPoly": {"vertices": [{"x": 208.0, "y": 732.0}, {"x": 381.0, "y": 738.0}, {"x": 381.0, "y": 753.0}, {"x": 208.0, "y": 747.0}]}, "description": "MAGTEK_DYNAMAG"}, {"boundingPoly": {"vertices": [{"x": 135.0, "y": 769.0}, {"x": 206.0, "y": 771.0}, {"x": 206.0, "y": 786.0}, {"x": 135.0, "y": 785.0}]}, "description": "Amount"}, {"boundingPoly": {"vertices": [{"x": 305.0, "y": 776.0}, {"x": 381.0, "y": 779.0}, {"x": 380.0, "y": 794.0}, {"x": 305.0, "y": 791.0}]}, "description": "$10.85"}, {"boundingPoly": {"vertices": [{"x": 149.0, "y": 809.0}, {"x": 164.0, "y": 809.0}, {"x": 164.0, "y": 825.0}, {"x": 149.0, "y": 825.0}]}, "description": "+"}, {"boundingPoly": {"vertices": [{"x": 170.0, "y": 810.0}, {"x": 215.0, "y": 810.0}, {"x": 215.0, "y": 827.0}, {"x": 170.0, "y": 827.0}]}, "description": " Tip:"}, {"boundingPoly": {"vertices": [{"x": 122.0, "y": 851.0}, {"x": 216.0, "y": 851.0}, {"x": 216.0, "y": 868.0}, {"x": 122.0, "y": 868.0}]}, "description": " = Total:"}, {"boundingPoly": {"vertices": [{"x": 120.0, "y": 1009.0}, {"x": 278.0, "y": 1014.0}, {"x": 278.0, "y": 1031.0}, {"x": 120.0, "y": 1026.0}]}, "description": "Customer Copy"}, {"boundingPoly": {"vertices": [{"x": 102.0, "y": 1075.0}, {"x": 295.0, "y": 1078.0}, {"x": 295.0, "y": 1096.0}, {"x": 102.0, "y": 1092.0}]}, "description": "Powered by Toast"}]}