{"textAnnotations": [{"boundingPoly": {"vertices": [{"x": 735.0, "y": 286.0}, {"x": 872.0, "y": 285.0}, {"x": 873.0, "y": 319.0}, {"x": 735.0, "y": 321.0}]}, "description": "merchant name"}, {"boundingPoly": {"vertices": [{"x": 666.0, "y": 325.0}, {"x": 949.0, "y": 324.0}, {"x": 949.0, "y": 361.0}, {"x": 666.0, "y": 362.0}]}, "description": "merchant address"}, {"boundingPoly": {"vertices": [{"x": 669.0, "y": 368.0}, {"x": 939.0, "y": 365.0}, {"x": 939.0, "y": 401.0}, {"x": 669.0, "y": 404.0}]}, "description": "merchant address"}, {"boundingPoly": {"vertices": [{"x": 699.0, "y": 406.0}, {"x": 902.0, "y": 404.0}, {"x": 902.0, "y": 445.0}, {"x": 699.0, "y": 446.0}]}, "description": "merchant phone"}, {"boundingPoly": {"vertices": [{"x": 412.0, "y": 480.0}, {"x": 539.0, "y": 480.0}, {"x": 539.0, "y": 523.0}, {"x": 412.0, "y": 523.0}]}, "description": " Server:"}, {"boundingPoly": {"vertices": [{"x": 545.0, "y": 485.0}, {"x": 672.0, "y": 485.0}, {"x": 672.0, "y": 525.0}, {"x": 545.0, "y": 525.0}]}, "description": " Blair G"}, {"boundingPoly": {"vertices": [{"x": 412.0, "y": 520.0}, {"x": 571.0, "y": 523.0}, {"x": 570.0, "y": 561.0}, {"x": 411.0, "y": 557.0}]}, "description": "Check #63"}, {"boundingPoly": {"vertices": [{"x": 918.0, "y": 480.0}, {"x": 1189.0, "y": 480.0}, {"x": 1189.0, "y": 526.0}, {"x": 918.0, "y": 526.0}]}, "description": " 11/19/19 6:20 PM"}, {"boundingPoly": {"vertices": [{"x": 885.0, "y": 527.0}, {"x": 1184.0, "y": 525.0}, {"x": 1185.0, "y": 562.0}, {"x": 885.0, "y": 565.0}]}, "description": "Table 24, Pregnant"}, {"boundingPoly": {"vertices": [{"x": 412.0, "y": 640.0}, {"x": 564.0, "y": 644.0}, {"x": 563.0, "y": 680.0}, {"x": 411.0, "y": 676.0}]}, "description": "D-Fritter"}, {"boundingPoly": {"vertices": [{"x": 411.0, "y": 682.0}, {"x": 654.0, "y": 686.0}, {"x": 654.0, "y": 721.0}, {"x": 410.0, "y": 717.0}]}, "description": "D-Crab Pimento"}, {"boundingPoly": {"vertices": [{"x": 407.0, "y": 722.0}, {"x": 541.0, "y": 727.0}, {"x": 539.0, "y": 761.0}, {"x": 406.0, "y": 756.0}]}, "description": "D-Bread"}, {"boundingPoly": {"vertices": [{"x": 407.0, "y": 763.0}, {"x": 538.0, "y": 764.0}, {"x": 537.0, "y": 799.0}, {"x": 407.0, "y": 798.0}]}, "description": "D-Quail"}, {"boundingPoly": {"vertices": [{"x": 406.0, "y": 804.0}, {"x": 563.0, "y": 806.0}, {"x": 563.0, "y": 842.0}, {"x": 405.0, "y": 840.0}]}, "description": "D-Pretzel"}, {"boundingPoly": {"vertices": [{"x": 404.0, "y": 843.0}, {"x": 857.0, "y": 848.0}, {"x": 856.0, "y": 888.0}, {"x": 403.0, "y": 881.0}]}, "description": "Basil Hayden Odd Fashioned"}, {"boundingPoly": {"vertices": [{"x": 1100.0, "y": 648.0}, {"x": 1185.0, "y": 647.0}, {"x": 1185.0, "y": 683.0}, {"x": 1099.0, "y": 685.0}]}, "description": "$5.50"}, {"boundingPoly": {"vertices": [{"x": 1094.0, "y": 689.0}, {"x": 1186.0, "y": 689.0}, {"x": 1185.0, "y": 722.0}, {"x": 1097.0, "y": 724.0}]}, "description": "$7.00"}, {"boundingPoly": {"vertices": [{"x": 1095.0, "y": 730.0}, {"x": 1185.0, "y": 728.0}, {"x": 1187.0, "y": 764.0}, {"x": 1097.0, "y": 766.0}]}, "description": "$7.00"}, {"boundingPoly": {"vertices": [{"x": 1081.0, "y": 773.0}, {"x": 1186.0, "y": 772.0}, {"x": 1187.0, "y": 806.0}, {"x": 1082.0, "y": 809.0}]}, "description": "$11.00"}, {"boundingPoly": {"vertices": [{"x": 1094.0, "y": 812.0}, {"x": 1181.0, "y": 811.0}, {"x": 1182.0, "y": 846.0}, {"x": 1095.0, "y": 847.0}]}, "description": "$4.00"}, {"boundingPoly": {"vertices": [{"x": 1080.0, "y": 853.0}, {"x": 1182.0, "y": 852.0}, {"x": 1182.0, "y": 886.0}, {"x": 1080.0, "y": 886.0}]}, "description": "$17.00"}, {"boundingPoly": {"vertices": [{"x": 1098.0, "y": 894.0}, {"x": 1187.0, "y": 892.0}, {"x": 1189.0, "y": 925.0}, {"x": 1096.0, "y": 926.0}]}, "description": "$8.00"}, {"boundingPoly": {"vertices": [{"x": 1096.0, "y": 933.0}, {"x": 1180.0, "y": 933.0}, {"x": 1180.0, "y": 969.0}, {"x": 1098.0, "y": 969.0}]}, "description": "$9.00"}, {"boundingPoly": {"vertices": [{"x": 1078.0, "y": 975.0}, {"x": 1179.0, "y": 973.0}, {"x": 1179.0, "y": 1006.0}, {"x": 1078.0, "y": 1008.0}]}, "description": "$14.00"}, {"boundingPoly": {"vertices": [{"x": 1075.0, "y": 1013.0}, {"x": 1180.0, "y": 1013.0}, {"x": 1180.0, "y": 1049.0}, {"x": 1075.0, "y": 1049.0}]}, "description": "$36.00"}, {"boundingPoly": {"vertices": [{"x": 403.0, "y": 883.0}, {"x": 579.0, "y": 885.0}, {"x": 578.0, "y": 923.0}, {"x": 403.0, "y": 921.0}]}, "description": "2 Mocktail"}, {"boundingPoly": {"vertices": [{"x": 405.0, "y": 926.0}, {"x": 545.0, "y": 930.0}, {"x": 544.0, "y": 964.0}, {"x": 404.0, "y": 961.0}]}, "description": "D-Squash"}, {"boundingPoly": {"vertices": [{"x": 406.0, "y": 968.0}, {"x": 548.0, "y": 969.0}, {"x": 548.0, "y": 1005.0}, {"x": 406.0, "y": 1004.0}]}, "description": "D-Nachos"}, {"boundingPoly": {"vertices": [{"x": 408.0, "y": 1008.0}, {"x": 598.0, "y": 1010.0}, {"x": 597.0, "y": 1048.0}, {"x": 408.0, "y": 1045.0}]}, "description": "D-Pork Chop"}, {"boundingPoly": {"vertices": [{"x": 408.0, "y": 1089.0}, {"x": 549.0, "y": 1090.0}, {"x": 549.0, "y": 1126.0}, {"x": 408.0, "y": 1126.0}]}, "description": "Subtotal"}, {"boundingPoly": {"vertices": [{"x": 409.0, "y": 1133.0}, {"x": 466.0, "y": 1135.0}, {"x": 465.0, "y": 1166.0}, {"x": 408.0, "y": 1165.0}]}, "description": "Tax"}, {"boundingPoly": {"vertices": [{"x": 413.0, "y": 1172.0}, {"x": 495.0, "y": 1170.0}, {"x": 495.0, "y": 1209.0}, {"x": 413.0, "y": 1207.0}]}, "description": "Total"}, {"boundingPoly": {"vertices": [{"x": 1057.0, "y": 1094.0}, {"x": 1178.0, "y": 1093.0}, {"x": 1179.0, "y": 1130.0}, {"x": 1057.0, "y": 1132.0}]}, "description": "$118.50"}, {"boundingPoly": {"vertices": [{"x": 1092.0, "y": 1134.0}, {"x": 1177.0, "y": 1135.0}, {"x": 1177.0, "y": 1170.0}, {"x": 1092.0, "y": 1169.0}]}, "description": "$9.78"}, {"boundingPoly": {"vertices": [{"x": 1057.0, "y": 1174.0}, {"x": 1175.0, "y": 1174.0}, {"x": 1175.0, "y": 1211.0}, {"x": 1057.0, "y": 1212.0}]}, "description": "$128.28"}, {"boundingPoly": {"vertices": [{"x": 410.0, "y": 1253.0}, {"x": 600.0, "y": 1252.0}, {"x": 600.0, "y": 1288.0}, {"x": 410.0, "y": 1289.0}]}, "description": "Credit Card"}, {"boundingPoly": {"vertices": [{"x": 410.0, "y": 1294.0}, {"x": 481.0, "y": 1294.0}, {"x": 479.0, "y": 1326.0}, {"x": 410.0, "y": 1325.0}]}, "description": "Amex"}, {"boundingPoly": {"vertices": [{"x": 411.0, "y": 1331.0}, {"x": 484.0, "y": 1332.0}, {"x": 483.0, "y": 1366.0}, {"x": 411.0, "y": 1366.0}]}, "description": "Time"}, {"boundingPoly": {"vertices": [{"x": 1072.0, "y": 1254.0}, {"x": 1175.0, "y": 1255.0}, {"x": 1174.0, "y": 1290.0}, {"x": 1071.0, "y": 1289.0}]}, "description": "Swiped"}, {"boundingPoly": {"vertices": [{"x": 967.0, "y": 1293.0}, {"x": 1172.0, "y": 1293.0}, {"x": 1172.0, "y": 1329.0}, {"x": 967.0, "y": 1329.0}]}, "description": "xxxxxxxx1000"}, {"boundingPoly": {"vertices": [{"x": 1057.0, "y": 1332.0}, {"x": 1173.0, "y": 1332.0}, {"x": 1173.0, "y": 1369.0}, {"x": 1057.0, "y": 1369.0}]}, "description": " 7:37 PM"}, {"boundingPoly": {"vertices": [{"x": 411.0, "y": 1411.0}, {"x": 679.0, "y": 1409.0}, {"x": 680.0, "y": 1449.0}, {"x": 411.0, "y": 1450.0}]}, "description": "Transaction Type"}, {"boundingPoly": {"vertices": [{"x": 409.0, "y": 1453.0}, {"x": 633.0, "y": 1452.0}, {"x": 633.0, "y": 1489.0}, {"x": 409.0, "y": 1491.0}]}, "description": "Authorization"}, {"boundingPoly": {"vertices": [{"x": 406.0, "y": 1496.0}, {"x": 630.0, "y": 1492.0}, {"x": 631.0, "y": 1528.0}, {"x": 406.0, "y": 1533.0}]}, "description": "Approval Code"}, {"boundingPoly": {"vertices": [{"x": 403.0, "y": 1537.0}, {"x": 578.0, "y": 1534.0}, {"x": 578.0, "y": 1570.0}, {"x": 403.0, "y": 1573.0}]}, "description": "Payment ID"}, {"boundingPoly": {"vertices": [{"x": 408.0, "y": 1575.0}, {"x": 596.0, "y": 1575.0}, {"x": 596.0, "y": 1610.0}, {"x": 408.0, "y": 1609.0}]}, "description": "Merchant ID"}, {"boundingPoly": {"vertices": [{"x": 410.0, "y": 1613.0}, {"x": 592.0, "y": 1614.0}, {"x": 592.0, "y": 1648.0}, {"x": 410.0, "y": 1646.0}]}, "description": "Card Reader"}, {"boundingPoly": {"vertices": [{"x": 1104.0, "y": 1414.0}, {"x": 1168.0, "y": 1414.0}, {"x": 1167.0, "y": 1447.0}, {"x": 1103.0, "y": 1446.0}]}, "description": "Sale"}, {"boundingPoly": {"vertices": [{"x": 1032.0, "y": 1455.0}, {"x": 1170.0, "y": 1455.0}, {"x": 1170.0, "y": 1486.0}, {"x": 1033.0, "y": 1487.0}]}, "description": "Approved"}, {"boundingPoly": {"vertices": [{"x": 1065.0, "y": 1491.0}, {"x": 1165.0, "y": 1491.0}, {"x": 1163.0, "y": 1524.0}, {"x": 1065.0, "y": 1525.0}]}, "description": "588794"}, {"boundingPoly": {"vertices": [{"x": 966.0, "y": 1529.0}, {"x": 1165.0, "y": 1529.0}, {"x": 1166.0, "y": 1566.0}, {"x": 966.0, "y": 1566.0}]}, "description": "XbwCzN9PjXg9"}, {"boundingPoly": {"vertices": [{"x": 1017.0, "y": 1569.0}, {"x": 1165.0, "y": 1571.0}, {"x": 1164.0, "y": 1605.0}, {"x": 1016.0, "y": 1604.0}]}, "description": "024908731"}, {"boundingPoly": {"vertices": [{"x": 927.0, "y": 1610.0}, {"x": 1164.0, "y": 1610.0}, {"x": 1164.0, "y": 1648.0}, {"x": 927.0, "y": 1648.0}]}, "description": "MAGTEK_EDYNAMO"}, {"boundingPoly": {"vertices": [{"x": 577.0, "y": 1694.0}, {"x": 677.0, "y": 1694.0}, {"x": 674.0, "y": 1728.0}, {"x": 576.0, "y": 1727.0}]}, "description": "Amount"}, {"boundingPoly": {"vertices": [{"x": 591.0, "y": 1735.0}, {"x": 687.0, "y": 1735.0}, {"x": 687.0, "y": 1772.0}, {"x": 591.0, "y": 1772.0}]}, "description": " + Tip:"}, {"boundingPoly": {"vertices": [{"x": 560.0, "y": 1777.0}, {"x": 690.0, "y": 1777.0}, {"x": 690.0, "y": 1813.0}, {"x": 560.0, "y": 1813.0}]}, "description": " = Total:"}, {"boundingPoly": {"vertices": [{"x": 1048.0, "y": 1695.0}, {"x": 1169.0, "y": 1693.0}, {"x": 1170.0, "y": 1731.0}, {"x": 1049.0, "y": 1733.0}]}, "description": "$100.00"}, {"boundingPoly": {"vertices": [{"x": 1084.0, "y": 1738.0}, {"x": 1167.0, "y": 1738.0}, {"x": 1168.0, "y": 1775.0}, {"x": 1086.0, "y": 1776.0}]}, "description": "$0.00"}, {"boundingPoly": {"vertices": [{"x": 1052.0, "y": 1783.0}, {"x": 1173.0, "y": 1782.0}, {"x": 1173.0, "y": 1820.0}, {"x": 1052.0, "y": 1822.0}]}, "description": "$100.00"}, {"boundingPoly": {"vertices": [{"x": 514.0, "y": 1901.0}, {"x": 1064.0, "y": 1913.0}, {"x": 1063.0, "y": 1954.0}, {"x": 513.0, "y": 1941.0}]}, "description": "Thank you for dining at Odd Duck."}, {"boundingPoly": {"vertices": [{"x": 527.0, "y": 1986.0}, {"x": 1032.0, "y": 1999.0}, {"x": 1031.0, "y": 2036.0}, {"x": 526.0, "y": 2024.0}]}, "description": "sister restaurant Barley Swine"}, {"boundingPoly": {"vertices": [{"x": 529.0, "y": 1945.0}, {"x": 1023.0, "y": 1955.0}, {"x": 1022.0, "y": 1995.0}, {"x": 529.0, "y": 1982.0}]}, "description": "Receive a 10% discount at our"}, {"boundingPoly": {"vertices": [{"x": 558.0, "y": 2028.0}, {"x": 1011.0, "y": 2039.0}, {"x": 1010.0, "y": 2077.0}, {"x": 557.0, "y": 2065.0}]}, "description": "by presenting this receipt."}]}