{"textAnnotations": [{"boundingPoly": {"vertices": [{"x": 78.0, "y": 55.0}, {"x": 269.0, "y": 31.0}, {"x": 271.0, "y": 48.0}, {"x": 80.0, "y": 72.0}]}, "description": "Thank You For Visiting the"}, {"boundingPoly": {"vertices": [{"x": 115.0, "y": 88.0}, {"x": 231.0, "y": 78.0}, {"x": 233.0, "y": 95.0}, {"x": 116.0, "y": 105.0}]}, "description": "Matthew Fraysier"}, {"boundingPoly": {"vertices": [{"x": 126.0, "y": 121.0}, {"x": 223.0, "y": 116.0}, {"x": 224.0, "y": 133.0}, {"x": 127.0, "y": 138.0}]}, "description": "merchant phone"}, {"boundingPoly": {"vertices": [{"x": 88.0, "y": 154.0}, {"x": 260.0, "y": 151.0}, {"x": 261.0, "y": 168.0}, {"x": 88.0, "y": 171.0}]}, "description": "Text @LTF11479 to 73940"}, {"boundingPoly": {"vertices": [{"x": 81.0, "y": 58.0}, {"x": 224.0, "y": 58.0}, {"x": 224.0, "y": 90.0}, {"x": 81.0, "y": 90.0}]}, "description": "merchant name"}, {"boundingPoly": {"vertices": [{"x": 118.0, "y": 106.0}, {"x": 229.0, "y": 99.0}, {"x": 230.0, "y": 114.0}, {"x": 119.0, "y": 121.0}]}, "description": "General Manager"}, {"boundingPoly": {"vertices": [{"x": 91.0, "y": 138.0}, {"x": 255.0, "y": 132.0}, {"x": 255.0, "y": 150.0}, {"x": 91.0, "y": 154.0}]}, "description": "We Love Your Feedback!"}, {"boundingPoly": {"vertices": [{"x": 225.0, "y": 56.0}, {"x": 238.0, "y": 56.0}, {"x": 238.0, "y": 75.0}, {"x": 225.0, "y": 75.0}]}, "description": " -"}, {"boundingPoly": {"vertices": [{"x": 239.0, "y": 52.0}, {"x": 268.0, "y": 52.0}, {"x": 268.0, "y": 73.0}, {"x": 239.0, "y": 73.0}]}, "description": "merchant name"}, {"boundingPoly": {"vertices": [{"x": 303.0, "y": 184.0}, {"x": 329.0, "y": 182.0}, {"x": 330.0, "y": 196.0}, {"x": 304.0, "y": 199.0}]}, "description": "USD"}, {"boundingPoly": {"vertices": [{"x": 297.0, "y": 202.0}, {"x": 330.0, "y": 199.0}, {"x": 330.0, "y": 214.0}, {"x": 298.0, "y": 218.0}]}, "description": "2.85"}, {"boundingPoly": {"vertices": [{"x": 299.0, "y": 222.0}, {"x": 330.0, "y": 218.0}, {"x": 330.0, "y": 233.0}, {"x": 300.0, "y": 236.0}]}, "description": "1.80"}, {"boundingPoly": {"vertices": [{"x": 20.0, "y": 204.0}, {"x": 55.0, "y": 204.0}, {"x": 55.0, "y": 217.0}, {"x": 20.0, "y": 217.0}]}, "description": " Soup"}, {"boundingPoly": {"vertices": [{"x": 19.0, "y": 218.0}, {"x": 128.0, "y": 220.0}, {"x": 128.0, "y": 236.0}, {"x": 19.0, "y": 234.0}]}, "description": "Coke Zero 20oz"}, {"boundingPoly": {"vertices": [{"x": 59.0, "y": 204.0}, {"x": 72.0, "y": 204.0}, {"x": 72.0, "y": 218.0}, {"x": 59.0, "y": 218.0}]}, "description": " -"}, {"boundingPoly": {"vertices": [{"x": 75.0, "y": 204.0}, {"x": 106.0, "y": 204.0}, {"x": 106.0, "y": 218.0}, {"x": 75.0, "y": 218.0}]}, "description": " 12oz"}, {"boundingPoly": {"vertices": [{"x": 194.0, "y": 260.0}, {"x": 262.0, "y": 260.0}, {"x": 262.0, "y": 276.0}, {"x": 194.0, "y": 276.0}]}, "description": "Sub Total"}, {"boundingPoly": {"vertices": [{"x": 195.0, "y": 278.0}, {"x": 271.0, "y": 277.0}, {"x": 271.0, "y": 292.0}, {"x": 195.0, "y": 293.0}]}, "description": "Tax Amount"}, {"boundingPoly": {"vertices": [{"x": 298.0, "y": 257.0}, {"x": 332.0, "y": 256.0}, {"x": 333.0, "y": 272.0}, {"x": 299.0, "y": 273.0}]}, "description": "4.65"}, {"boundingPoly": {"vertices": [{"x": 298.0, "y": 276.0}, {"x": 331.0, "y": 275.0}, {"x": 331.0, "y": 291.0}, {"x": 298.0, "y": 291.0}]}, "description": "0.41"}, {"boundingPoly": {"vertices": [{"x": 12.0, "y": 332.0}, {"x": 150.0, "y": 331.0}, {"x": 150.0, "y": 361.0}, {"x": 12.0, "y": 362.0}]}, "description": "Total USD"}, {"boundingPoly": {"vertices": [{"x": 267.0, "y": 331.0}, {"x": 329.0, "y": 331.0}, {"x": 330.0, "y": 359.0}, {"x": 266.0, "y": 358.0}]}, "description": "5.06"}, {"boundingPoly": {"vertices": [{"x": 15.0, "y": 419.0}, {"x": 174.0, "y": 419.0}, {"x": 174.0, "y": 432.0}, {"x": 15.0, "y": 433.0}]}, "description": "5009 AMERICAN EXPRESS"}, {"boundingPoly": {"vertices": [{"x": 297.0, "y": 417.0}, {"x": 330.0, "y": 416.0}, {"x": 330.0, "y": 429.0}, {"x": 297.0, "y": 431.0}]}, "description": "5.06"}, {"boundingPoly": {"vertices": [{"x": 11.0, "y": 469.0}, {"x": 36.0, "y": 470.0}, {"x": 35.0, "y": 484.0}, {"x": 11.0, "y": 484.0}]}, "description": "Tax"}, {"boundingPoly": {"vertices": [{"x": 11.0, "y": 487.0}, {"x": 72.0, "y": 487.0}, {"x": 72.0, "y": 503.0}, {"x": 11.0, "y": 505.0}]}, "description": "() 8.875"}, {"boundingPoly": {"vertices": [{"x": 131.0, "y": 467.0}, {"x": 245.0, "y": 467.0}, {"x": 245.0, "y": 484.0}, {"x": 131.0, "y": 484.0}]}, "description": " Taxable Amount"}, {"boundingPoly": {"vertices": [{"x": 206.0, "y": 486.0}, {"x": 238.0, "y": 485.0}, {"x": 238.0, "y": 501.0}, {"x": 206.0, "y": 501.0}]}, "description": "4.65"}, {"boundingPoly": {"vertices": [{"x": 252.0, "y": 466.0}, {"x": 330.0, "y": 466.0}, {"x": 330.0, "y": 483.0}, {"x": 252.0, "y": 483.0}]}, "description": " Tax Amount"}, {"boundingPoly": {"vertices": [{"x": 297.0, "y": 485.0}, {"x": 329.0, "y": 485.0}, {"x": 329.0, "y": 500.0}, {"x": 298.0, "y": 500.0}]}, "description": "0.41"}, {"boundingPoly": {"vertices": [{"x": 12.0, "y": 541.0}, {"x": 328.0, "y": 541.0}, {"x": 328.0, "y": 561.0}, {"x": 12.0, "y": 561.0}]}, "description": " 12/10/2019 02:16 PM #:29206 Op:119 C:1111"}, {"boundingPoly": {"vertices": [{"x": 15.0, "y": 562.0}, {"x": 82.0, "y": 562.0}, {"x": 82.0, "y": 579.0}, {"x": 15.0, "y": 579.0}]}, "description": " 13 S:1111"}, {"boundingPoly": {"vertices": [{"x": 11.0, "y": 580.0}, {"x": 90.0, "y": 580.0}, {"x": 90.0, "y": 597.0}, {"x": 11.0, "y": 597.0}]}, "description": " Served you"}, {"boundingPoly": {"vertices": [{"x": 93.0, "y": 577.0}, {"x": 278.0, "y": 577.0}, {"x": 278.0, "y": 596.0}, {"x": 93.0, "y": 596.0}]}, "description": " : AENY Self Checkout - 3"}, {"boundingPoly": {"vertices": [{"x": 76.0, "y": 655.0}, {"x": 238.0, "y": 655.0}, {"x": 238.0, "y": 671.0}, {"x": 76.0, "y": 671.0}]}, "description": "*** Customer copy ***"}, {"boundingPoly": {"vertices": [{"x": 99.0, "y": 692.0}, {"x": 213.0, "y": 691.0}, {"x": 213.0, "y": 709.0}, {"x": 99.0, "y": 709.0}]}, "description": "AMEX NY937 (11)"}]}