{"textAnnotations": [{"boundingPoly": {"vertices": [{"x": 195.0, "y": 102.0}, {"x": 280.0, "y": 101.0}, {"x": 280.0, "y": 116.0}, {"x": 195.0, "y": 117.0}]}, "description": "merchant name"}, {"boundingPoly": {"vertices": [{"x": 186.0, "y": 119.0}, {"x": 293.0, "y": 118.0}, {"x": 293.0, "y": 134.0}, {"x": 186.0, "y": 134.0}]}, "description": "merchant address"}, {"boundingPoly": {"vertices": [{"x": 171.0, "y": 137.0}, {"x": 311.0, "y": 136.0}, {"x": 311.0, "y": 153.0}, {"x": 171.0, "y": 153.0}]}, "description": "merchant address"}, {"boundingPoly": {"vertices": [{"x": 191.0, "y": 153.0}, {"x": 288.0, "y": 153.0}, {"x": 288.0, "y": 170.0}, {"x": 191.0, "y": 170.0}]}, "description": "merchant phone"}, {"boundingPoly": {"vertices": [{"x": 188.0, "y": 172.0}, {"x": 212.0, "y": 171.0}, {"x": 212.0, "y": 183.0}, {"x": 188.0, "y": 184.0}]}, "description": "DO"}, {"boundingPoly": {"vertices": [{"x": 80.0, "y": 175.0}, {"x": 121.0, "y": 175.0}, {"x": 121.0, "y": 192.0}, {"x": 80.0, "y": 192.0}]}, "description": " Host:"}, {"boundingPoly": {"vertices": [{"x": 123.0, "y": 175.0}, {"x": 171.0, "y": 175.0}, {"x": 171.0, "y": 190.0}, {"x": 123.0, "y": 190.0}]}, "description": " Nnenna"}, {"boundingPoly": {"vertices": [{"x": 325.0, "y": 174.0}, {"x": 402.0, "y": 176.0}, {"x": 401.0, "y": 192.0}, {"x": 325.0, "y": 189.0}]}, "description": "12/06/2019"}, {"boundingPoly": {"vertices": [{"x": 347.0, "y": 193.0}, {"x": 402.0, "y": 193.0}, {"x": 402.0, "y": 208.0}, {"x": 347.0, "y": 208.0}]}, "description": " 3:30 PM"}, {"boundingPoly": {"vertices": [{"x": 364.0, "y": 211.0}, {"x": 401.0, "y": 211.0}, {"x": 401.0, "y": 225.0}, {"x": 364.0, "y": 225.0}]}, "description": "10087"}, {"boundingPoly": {"vertices": [{"x": 74.0, "y": 247.0}, {"x": 177.0, "y": 246.0}, {"x": 177.0, "y": 261.0}, {"x": 74.0, "y": 263.0}]}, "description": "Shroom Burger"}, {"boundingPoly": {"vertices": [{"x": 76.0, "y": 266.0}, {"x": 170.0, "y": 264.0}, {"x": 170.0, "y": 280.0}, {"x": 76.0, "y": 283.0}]}, "description": "cheese fries"}, {"boundingPoly": {"vertices": [{"x": 76.0, "y": 283.0}, {"x": 193.0, "y": 282.0}, {"x": 193.0, "y": 299.0}, {"x": 76.0, "y": 301.0}]}, "description": "Shack 2 0 Water"}, {"boundingPoly": {"vertices": [{"x": 369.0, "y": 248.0}, {"x": 403.0, "y": 249.0}, {"x": 401.0, "y": 265.0}, {"x": 369.0, "y": 264.0}]}, "description": "7.49"}, {"boundingPoly": {"vertices": [{"x": 368.0, "y": 267.0}, {"x": 402.0, "y": 268.0}, {"x": 402.0, "y": 283.0}, {"x": 367.0, "y": 282.0}]}, "description": "4.09"}, {"boundingPoly": {"vertices": [{"x": 367.0, "y": 286.0}, {"x": 401.0, "y": 287.0}, {"x": 401.0, "y": 303.0}, {"x": 367.0, "y": 302.0}]}, "description": "2.55"}, {"boundingPoly": {"vertices": [{"x": 72.0, "y": 321.0}, {"x": 135.0, "y": 321.0}, {"x": 135.0, "y": 338.0}, {"x": 72.0, "y": 338.0}]}, "description": "Subtotal"}, {"boundingPoly": {"vertices": [{"x": 72.0, "y": 342.0}, {"x": 98.0, "y": 342.0}, {"x": 98.0, "y": 357.0}, {"x": 72.0, "y": 357.0}]}, "description": "Tax"}, {"boundingPoly": {"vertices": [{"x": 364.0, "y": 322.0}, {"x": 403.0, "y": 322.0}, {"x": 402.0, "y": 338.0}, {"x": 364.0, "y": 338.0}]}, "description": "14.13"}, {"boundingPoly": {"vertices": [{"x": 373.0, "y": 341.0}, {"x": 404.0, "y": 341.0}, {"x": 405.0, "y": 357.0}, {"x": 373.0, "y": 356.0}]}, "description": "1.26"}, {"boundingPoly": {"vertices": [{"x": 71.0, "y": 378.0}, {"x": 319.0, "y": 376.0}, {"x": 319.0, "y": 396.0}, {"x": 71.0, "y": 398.0}]}, "description": "To Stay Total"}, {"boundingPoly": {"vertices": [{"x": 329.0, "y": 378.0}, {"x": 406.0, "y": 378.0}, {"x": 406.0, "y": 396.0}, {"x": 329.0, "y": 396.0}]}, "description": "15.39"}, {"boundingPoly": {"vertices": [{"x": 68.0, "y": 420.0}, {"x": 239.0, "y": 420.0}, {"x": 239.0, "y": 437.0}, {"x": 68.0, "y": 437.0}]}, "description": "Amex #XXXXXXXXXXX1001"}, {"boundingPoly": {"vertices": [{"x": 84.0, "y": 441.0}, {"x": 175.0, "y": 441.0}, {"x": 175.0, "y": 459.0}, {"x": 84.0, "y": 459.0}]}, "description": " Auth:593270"}, {"boundingPoly": {"vertices": [{"x": 369.0, "y": 419.0}, {"x": 409.0, "y": 419.0}, {"x": 409.0, "y": 436.0}, {"x": 369.0, "y": 437.0}]}, "description": "15.39"}, {"boundingPoly": {"vertices": [{"x": 188.0, "y": 503.0}, {"x": 289.0, "y": 502.0}, {"x": 289.0, "y": 519.0}, {"x": 188.0, "y": 519.0}]}, "description": "How'd We Do?"}, {"boundingPoly": {"vertices": [{"x": 139.0, "y": 522.0}, {"x": 330.0, "y": 522.0}, {"x": 330.0, "y": 540.0}, {"x": 140.0, "y": 541.0}]}, "description": "shakeshack.com/feedback"}, {"boundingPoly": {"vertices": [{"x": 158.0, "y": 562.0}, {"x": 320.0, "y": 562.0}, {"x": 320.0, "y": 580.0}, {"x": 158.0, "y": 580.0}]}, "description": "--- Check Closed ---"}]}