{"textAnnotations": [{"boundingPoly": {"vertices": [{"x": 0.0, "y": 94.0}, {"x": 399.0, "y": 86.0}, {"x": 400.0, "y": 111.0}, {"x": 0.0, "y": 120.0}]}, "description": "merchant name"}, {"boundingPoly": {"vertices": [{"x": 15.0, "y": 120.0}, {"x": 235.0, "y": 120.0}, {"x": 235.0, "y": 146.0}, {"x": 15.0, "y": 146.0}]}, "description": "merchant address"}, {"boundingPoly": {"vertices": [{"x": 239.0, "y": 116.0}, {"x": 368.0, "y": 116.0}, {"x": 368.0, "y": 143.0}, {"x": 239.0, "y": 143.0}]}, "description": "merchant address"}, {"boundingPoly": {"vertices": [{"x": 5.0, "y": 151.0}, {"x": 398.0, "y": 143.0}, {"x": 398.0, "y": 168.0}, {"x": 6.0, "y": 175.0}]}, "description": "merchant address"}, {"boundingPoly": {"vertices": [{"x": 334.0, "y": 173.0}, {"x": 396.0, "y": 173.0}, {"x": 396.0, "y": 195.0}, {"x": 334.0, "y": 195.0}]}, "description": "merchant address"}, {"boundingPoly": {"vertices": [{"x": 31.0, "y": 205.0}, {"x": 363.0, "y": 198.0}, {"x": 364.0, "y": 221.0}, {"x": 31.0, "y": 227.0}]}, "description": "Services Accounting Code 996331"}, {"boundingPoly": {"vertices": [{"x": 40.0, "y": 231.0}, {"x": 356.0, "y": 226.0}, {"x": 357.0, "y": 246.0}, {"x": 40.0, "y": 252.0}]}, "description": "GSTIN/UIN 06AACCI476C1Z3"}, {"boundingPoly": {"vertices": [{"x": 317.0, "y": 252.0}, {"x": 355.0, "y": 252.0}, {"x": 355.0, "y": 271.0}, {"x": 317.0, "y": 271.0}]}, "description": " : 06"}, {"boundingPoly": {"vertices": [{"x": 91.0, "y": 274.0}, {"x": 357.0, "y": 274.0}, {"x": 357.0, "y": 300.0}, {"x": 91.0, "y": 300.0}]}, "description": " U74140DL2004PTC128424"}, {"boundingPoly": {"vertices": [{"x": 124.0, "y": 301.0}, {"x": 334.0, "y": 301.0}, {"x": 334.0, "y": 324.0}, {"x": 124.0, "y": 324.0}]}, "description": " : cs@wholefoods.co. in"}, {"boundingPoly": {"vertices": [{"x": 145.0, "y": 338.0}, {"x": 253.0, "y": 338.0}, {"x": 252.0, "y": 357.0}, {"x": 145.0, "y": 357.0}]}, "description": "Tax Invoice"}, {"boundingPoly": {"vertices": [{"x": 4.0, "y": 174.0}, {"x": 321.0, "y": 174.0}, {"x": 321.0, "y": 202.0}, {"x": 4.0, "y": 202.0}]}, "description": "merchant address"}, {"boundingPoly": {"vertices": [{"x": 44.0, "y": 253.0}, {"x": 314.0, "y": 253.0}, {"x": 314.0, "y": 276.0}, {"x": 44.0, "y": 276.0}]}, "description": " State Name Faryan Code"}, {"boundingPoly": {"vertices": [{"x": 45.0, "y": 280.0}, {"x": 87.0, "y": 280.0}, {"x": 87.0, "y": 300.0}, {"x": 45.0, "y": 300.0}]}, "description": " CIN:"}, {"boundingPoly": {"vertices": [{"x": 64.0, "y": 304.0}, {"x": 120.0, "y": 304.0}, {"x": 120.0, "y": 324.0}, {"x": 64.0, "y": 324.0}]}, "description": " E-Mail"}, {"boundingPoly": {"vertices": [{"x": 15.0, "y": 365.0}, {"x": 86.0, "y": 365.0}, {"x": 86.0, "y": 385.0}, {"x": 15.0, "y": 385.0}]}, "description": " Bill No .:"}, {"boundingPoly": {"vertices": [{"x": 75.0, "y": 387.0}, {"x": 178.0, "y": 387.0}, {"x": 178.0, "y": 408.0}, {"x": 75.0, "y": 408.0}]}, "description": " : 22-8-2019"}, {"boundingPoly": {"vertices": [{"x": 159.0, "y": 412.0}, {"x": 249.0, "y": 412.0}, {"x": 249.0, "y": 434.0}, {"x": 159.0, "y": 434.0}]}, "description": " HS Qty"}, {"boundingPoly": {"vertices": [{"x": 206.0, "y": 438.0}, {"x": 275.0, "y": 436.0}, {"x": 275.0, "y": 457.0}, {"x": 207.0, "y": 459.0}]}, "description": "Exp Dt."}, {"boundingPoly": {"vertices": [{"x": 245.0, "y": 461.0}, {"x": 304.0, "y": 461.0}, {"x": 304.0, "y": 482.0}, {"x": 245.0, "y": 482.0}]}, "description": " 96.00"}, {"boundingPoly": {"vertices": [{"x": 90.0, "y": 364.0}, {"x": 140.0, "y": 364.0}, {"x": 140.0, "y": 384.0}, {"x": 90.0, "y": 384.0}]}, "description": " 8322"}, {"boundingPoly": {"vertices": [{"x": 256.0, "y": 361.0}, {"x": 288.0, "y": 361.0}, {"x": 288.0, "y": 380.0}, {"x": 256.0, "y": 380.0}]}, "description": " Time"}, {"boundingPoly": {"vertices": [{"x": 255.0, "y": 387.0}, {"x": 289.0, "y": 387.0}, {"x": 289.0, "y": 405.0}, {"x": 255.0, "y": 405.0}]}, "description": " User"}, {"boundingPoly": {"vertices": [{"x": 260.0, "y": 410.0}, {"x": 392.0, "y": 410.0}, {"x": 392.0, "y": 431.0}, {"x": 260.0, "y": 431.0}]}, "description": " Rate Amount"}, {"boundingPoly": {"vertices": [{"x": 290.0, "y": 358.0}, {"x": 392.0, "y": 358.0}, {"x": 392.0, "y": 379.0}, {"x": 290.0, "y": 379.0}]}, "description": " : 21:27 hrs"}, {"boundingPoly": {"vertices": [{"x": 292.0, "y": 386.0}, {"x": 352.0, "y": 386.0}, {"x": 352.0, "y": 404.0}, {"x": 292.0, "y": 404.0}]}, "description": " : user"}, {"boundingPoly": {"vertices": [{"x": 14.0, "y": 390.0}, {"x": 63.0, "y": 390.0}, {"x": 63.0, "y": 409.0}, {"x": 14.0, "y": 409.0}]}, "description": " Date"}, {"boundingPoly": {"vertices": [{"x": 14.0, "y": 414.0}, {"x": 28.0, "y": 414.0}, {"x": 28.0, "y": 438.0}, {"x": 14.0, "y": 438.0}]}, "description": " SI"}, {"boundingPoly": {"vertices": [{"x": 33.0, "y": 414.0}, {"x": 120.0, "y": 414.0}, {"x": 120.0, "y": 437.0}, {"x": 33.0, "y": 437.0}]}, "description": " Description"}, {"boundingPoly": {"vertices": [{"x": 33.0, "y": 438.0}, {"x": 169.0, "y": 438.0}, {"x": 169.0, "y": 461.0}, {"x": 33.0, "y": 461.0}]}, "description": "Batch Mfg Dt"}, {"boundingPoly": {"vertices": [{"x": 34.0, "y": 464.0}, {"x": 105.0, "y": 464.0}, {"x": 105.0, "y": 487.0}, {"x": 34.0, "y": 487.0}]}, "description": " Piri Piri"}, {"boundingPoly": {"vertices": [{"x": 37.0, "y": 491.0}, {"x": 104.0, "y": 491.0}, {"x": 104.0, "y": 509.0}, {"x": 37.0, "y": 509.0}]}, "description": "Paneer"}, {"boundingPoly": {"vertices": [{"x": 36.0, "y": 515.0}, {"x": 115.0, "y": 514.0}, {"x": 115.0, "y": 532.0}, {"x": 36.0, "y": 533.0}]}, "description": "Shashlik"}, {"boundingPoly": {"vertices": [{"x": 16.0, "y": 464.0}, {"x": 30.0, "y": 464.0}, {"x": 30.0, "y": 487.0}, {"x": 16.0, "y": 487.0}]}, "description": " 1"}, {"boundingPoly": {"vertices": [{"x": 226.0, "y": 463.0}, {"x": 243.0, "y": 463.0}, {"x": 243.0, "y": 483.0}, {"x": 226.0, "y": 483.0}]}, "description": " 1"}, {"boundingPoly": {"vertices": [{"x": 333.0, "y": 461.0}, {"x": 392.0, "y": 461.0}, {"x": 392.0, "y": 480.0}, {"x": 333.0, "y": 480.0}]}, "description": "96.00"}, {"boundingPoly": {"vertices": [{"x": 98.0, "y": 563.0}, {"x": 211.0, "y": 562.0}, {"x": 212.0, "y": 582.0}, {"x": 98.0, "y": 584.0}]}, "description": "Output CGST"}, {"boundingPoly": {"vertices": [{"x": 98.0, "y": 585.0}, {"x": 212.0, "y": 585.0}, {"x": 212.0, "y": 604.0}, {"x": 98.0, "y": 606.0}]}, "description": "Output SGST"}, {"boundingPoly": {"vertices": [{"x": 98.0, "y": 608.0}, {"x": 209.0, "y": 608.0}, {"x": 209.0, "y": 626.0}, {"x": 98.0, "y": 626.0}]}, "description": "ROUND OFF"}, {"boundingPoly": {"vertices": [{"x": 114.0, "y": 632.0}, {"x": 155.0, "y": 633.0}, {"x": 154.0, "y": 650.0}, {"x": 113.0, "y": 649.0}]}, "description": "Total"}, {"boundingPoly": {"vertices": [{"x": 351.0, "y": 562.0}, {"x": 392.0, "y": 563.0}, {"x": 391.0, "y": 581.0}, {"x": 351.0, "y": 581.0}]}, "description": "2.40"}, {"boundingPoly": {"vertices": [{"x": 352.0, "y": 585.0}, {"x": 392.0, "y": 585.0}, {"x": 391.0, "y": 604.0}, {"x": 351.0, "y": 604.0}]}, "description": "2.40"}, {"boundingPoly": {"vertices": [{"x": 352.0, "y": 609.0}, {"x": 392.0, "y": 609.0}, {"x": 391.0, "y": 627.0}, {"x": 352.0, "y": 626.0}]}, "description": "0.20"}, {"boundingPoly": {"vertices": [{"x": 311.0, "y": 632.0}, {"x": 392.0, "y": 633.0}, {"x": 391.0, "y": 652.0}, {"x": 311.0, "y": 651.0}]}, "description": "\u20b9 101.00"}, {"boundingPoly": {"vertices": [{"x": 0.0, "y": 681.0}, {"x": 150.0, "y": 682.0}, {"x": 150.0, "y": 706.0}, {"x": 0.0, "y": 704.0}]}, "description": "CGST @2.50%"}, {"boundingPoly": {"vertices": [{"x": 0.0, "y": 708.0}, {"x": 149.0, "y": 710.0}, {"x": 148.0, "y": 731.0}, {"x": 0.0, "y": 729.0}]}, "description": "SGST @2.50%"}, {"boundingPoly": {"vertices": [{"x": 0.0, "y": 735.0}, {"x": 44.0, "y": 736.0}, {"x": 43.0, "y": 755.0}, {"x": 0.0, "y": 754.0}]}, "description": "Total"}, {"boundingPoly": {"vertices": [{"x": 201.0, "y": 686.0}, {"x": 227.0, "y": 687.0}, {"x": 227.0, "y": 704.0}, {"x": 200.0, "y": 704.0}]}, "description": "On"}, {"boundingPoly": {"vertices": [{"x": 201.0, "y": 711.0}, {"x": 226.0, "y": 712.0}, {"x": 226.0, "y": 732.0}, {"x": 201.0, "y": 731.0}]}, "description": "On"}, {"boundingPoly": {"vertices": [{"x": 238.0, "y": 686.0}, {"x": 310.0, "y": 686.0}, {"x": 309.0, "y": 705.0}, {"x": 238.0, "y": 704.0}]}, "description": "96.00"}, {"boundingPoly": {"vertices": [{"x": 243.0, "y": 712.0}, {"x": 307.0, "y": 712.0}, {"x": 307.0, "y": 732.0}, {"x": 243.0, "y": 732.0}]}, "description": "96.00"}, {"boundingPoly": {"vertices": [{"x": 344.0, "y": 686.0}, {"x": 392.0, "y": 686.0}, {"x": 392.0, "y": 706.0}, {"x": 344.0, "y": 706.0}]}, "description": "2.40"}, {"boundingPoly": {"vertices": [{"x": 346.0, "y": 713.0}, {"x": 391.0, "y": 713.0}, {"x": 391.0, "y": 732.0}, {"x": 345.0, "y": 734.0}]}, "description": "2.40"}, {"boundingPoly": {"vertices": [{"x": 346.0, "y": 741.0}, {"x": 391.0, "y": 741.0}, {"x": 390.0, "y": 761.0}, {"x": 346.0, "y": 760.0}]}, "description": "4.80"}, {"boundingPoly": {"vertices": [{"x": 1.0, "y": 784.0}, {"x": 53.0, "y": 786.0}, {"x": 53.0, "y": 803.0}, {"x": 2.0, "y": 803.0}]}, "description": "Cash"}, {"boundingPoly": {"vertices": [{"x": 3.0, "y": 807.0}, {"x": 112.0, "y": 808.0}, {"x": 112.0, "y": 825.0}, {"x": 3.0, "y": 824.0}]}, "description": "Cash Tendered"}, {"boundingPoly": {"vertices": [{"x": 5.0, "y": 829.0}, {"x": 85.0, "y": 830.0}, {"x": 85.0, "y": 846.0}, {"x": 5.0, "y": 845.0}]}, "description": "Balance"}, {"boundingPoly": {"vertices": [{"x": 15.0, "y": 851.0}, {"x": 108.0, "y": 852.0}, {"x": 108.0, "y": 869.0}, {"x": 15.0, "y": 868.0}]}, "description": "Total Paid"}, {"boundingPoly": {"vertices": [{"x": 184.0, "y": 789.0}, {"x": 254.0, "y": 791.0}, {"x": 253.0, "y": 809.0}, {"x": 184.0, "y": 807.0}]}, "description": "101.00"}, {"boundingPoly": {"vertices": [{"x": 185.0, "y": 812.0}, {"x": 252.0, "y": 814.0}, {"x": 252.0, "y": 831.0}, {"x": 185.0, "y": 829.0}]}, "description": "101.00"}, {"boundingPoly": {"vertices": [{"x": 186.0, "y": 857.0}, {"x": 252.0, "y": 857.0}, {"x": 252.0, "y": 875.0}, {"x": 186.0, "y": 875.0}]}, "description": "101.00"}, {"boundingPoly": {"vertices": [{"x": 8.0, "y": 883.0}, {"x": 374.0, "y": 890.0}, {"x": 373.0, "y": 910.0}, {"x": 8.0, "y": 904.0}]}, "description": "ALL TAKE AWAY ITEMS ARE FOR"}, {"boundingPoly": {"vertices": [{"x": 13.0, "y": 906.0}, {"x": 287.0, "y": 913.0}, {"x": 287.0, "y": 931.0}, {"x": 13.0, "y": 923.0}]}, "description": "IMMEDIATE CONSUMPTION"}]}