{"textAnnotations": [{"boundingPoly": {"vertices": [{"x": 723.0, "y": 452.0}, {"x": 1108.0, "y": 443.0}, {"x": 1109.0, "y": 517.0}, {"x": 724.0, "y": 523.0}]}, "description": "merchant name"}, {"boundingPoly": {"vertices": [{"x": 670.0, "y": 686.0}, {"x": 1144.0, "y": 676.0}, {"x": 1145.0, "y": 720.0}, {"x": 671.0, "y": 731.0}]}, "description": "www.bombayny.com"}, {"boundingPoly": {"vertices": [{"x": 688.0, "y": 730.0}, {"x": 1115.0, "y": 720.0}, {"x": 1116.0, "y": 763.0}, {"x": 688.0, "y": 770.0}]}, "description": "bombayny@gmail.com"}, {"boundingPoly": {"vertices": [{"x": 803.0, "y": 781.0}, {"x": 1009.0, "y": 778.0}, {"x": 1009.0, "y": 820.0}, {"x": 803.0, "y": 823.0}]}, "description": "merchant address"}, {"boundingPoly": {"vertices": [{"x": 707.0, "y": 834.0}, {"x": 1096.0, "y": 832.0}, {"x": 1096.0, "y": 875.0}, {"x": 707.0, "y": 878.0}]}, "description": "merchant address"}, {"boundingPoly": {"vertices": [{"x": 769.0, "y": 887.0}, {"x": 1037.0, "y": 885.0}, {"x": 1037.0, "y": 929.0}, {"x": 769.0, "y": 932.0}]}, "description": "merchant phone"}, {"boundingPoly": {"vertices": [{"x": 712.0, "y": 938.0}, {"x": 1089.0, "y": 932.0}, {"x": 1089.0, "y": 983.0}, {"x": 713.0, "y": 989.0}]}, "description": "(212) 742-2227 (Fax)"}, {"boundingPoly": {"vertices": [{"x": 785.0, "y": 1031.0}, {"x": 1008.0, "y": 1031.0}, {"x": 1008.0, "y": 1077.0}, {"x": 785.0, "y": 1079.0}]}, "description": "DELIVERY"}, {"boundingPoly": {"vertices": [{"x": 777.0, "y": 1090.0}, {"x": 1020.0, "y": 1090.0}, {"x": 1020.0, "y": 1136.0}, {"x": 777.0, "y": 1135.0}]}, "description": "ORDER #163"}, {"boundingPoly": {"vertices": [{"x": 426.0, "y": 1191.0}, {"x": 550.0, "y": 1191.0}, {"x": 550.0, "y": 1232.0}, {"x": 426.0, "y": 1232.0}]}, "description": " Name:"}, {"boundingPoly": {"vertices": [{"x": 421.0, "y": 1244.0}, {"x": 612.0, "y": 1244.0}, {"x": 612.0, "y": 1290.0}, {"x": 421.0, "y": 1290.0}]}, "description": " Company:"}, {"boundingPoly": {"vertices": [{"x": 594.0, "y": 1292.0}, {"x": 1063.0, "y": 1292.0}, {"x": 1063.0, "y": 1343.0}, {"x": 594.0, "y": 1343.0}]}, "description": "merchant address"}, {"boundingPoly": {"vertices": [{"x": 552.0, "y": 1352.0}, {"x": 839.0, "y": 1352.0}, {"x": 839.0, "y": 1403.0}, {"x": 552.0, "y": 1403.0}]}, "description": "merchant phone"}, {"boundingPoly": {"vertices": [{"x": 621.0, "y": 1239.0}, {"x": 762.0, "y": 1239.0}, {"x": 762.0, "y": 1290.0}, {"x": 621.0, "y": 1290.0}]}, "description": " 1.30PM"}, {"boundingPoly": {"vertices": [{"x": 412.0, "y": 1297.0}, {"x": 586.0, "y": 1297.0}, {"x": 586.0, "y": 1343.0}, {"x": 412.0, "y": 1343.0}]}, "description": " Address:"}, {"boundingPoly": {"vertices": [{"x": 410.0, "y": 1352.0}, {"x": 544.0, "y": 1352.0}, {"x": 544.0, "y": 1402.0}, {"x": 410.0, "y": 1402.0}]}, "description": " Phone:"}, {"boundingPoly": {"vertices": [{"x": 404.0, "y": 1446.0}, {"x": 622.0, "y": 1447.0}, {"x": 622.0, "y": 1486.0}, {"x": 404.0, "y": 1486.0}]}, "description": "Invoice #1856"}, {"boundingPoly": {"vertices": [{"x": 976.0, "y": 1442.0}, {"x": 1367.0, "y": 1442.0}, {"x": 1367.0, "y": 1486.0}, {"x": 976.0, "y": 1486.0}]}, "description": " Mon, 11/25/2019 1:00 PM"}, {"boundingPoly": {"vertices": [{"x": 398.0, "y": 1586.0}, {"x": 439.0, "y": 1586.0}, {"x": 439.0, "y": 1636.0}, {"x": 398.0, "y": 1636.0}]}, "description": " 1"}, {"boundingPoly": {"vertices": [{"x": 390.0, "y": 1654.0}, {"x": 433.0, "y": 1654.0}, {"x": 433.0, "y": 1701.0}, {"x": 390.0, "y": 1701.0}]}, "description": " 1"}, {"boundingPoly": {"vertices": [{"x": 386.0, "y": 1724.0}, {"x": 425.0, "y": 1726.0}, {"x": 424.0, "y": 1767.0}, {"x": 385.0, "y": 1765.0}]}, "description": "1"}, {"boundingPoly": {"vertices": [{"x": 386.0, "y": 1796.0}, {"x": 415.0, "y": 1798.0}, {"x": 412.0, "y": 1832.0}, {"x": 383.0, "y": 1829.0}]}, "description": "1"}, {"boundingPoly": {"vertices": [{"x": 377.0, "y": 1856.0}, {"x": 424.0, "y": 1856.0}, {"x": 424.0, "y": 1908.0}, {"x": 377.0, "y": 1908.0}]}, "description": " 1"}, {"boundingPoly": {"vertices": [{"x": 451.0, "y": 1583.0}, {"x": 758.0, "y": 1583.0}, {"x": 758.0, "y": 1636.0}, {"x": 451.0, "y": 1636.0}]}, "description": " Onion Kulcha"}, {"boundingPoly": {"vertices": [{"x": 447.0, "y": 1650.0}, {"x": 776.0, "y": 1650.0}, {"x": 776.0, "y": 1701.0}, {"x": 447.0, "y": 1701.0}]}, "description": " Paneer Kulcha"}, {"boundingPoly": {"vertices": [{"x": 434.0, "y": 1716.0}, {"x": 734.0, "y": 1716.0}, {"x": 734.0, "y": 1768.0}, {"x": 434.0, "y": 1768.0}]}, "description": "Dal Makhani"}, {"boundingPoly": {"vertices": [{"x": 435.0, "y": 1786.0}, {"x": 564.0, "y": 1788.0}, {"x": 563.0, "y": 1833.0}, {"x": 433.0, "y": 1834.0}]}, "description": "Raita"}, {"boundingPoly": {"vertices": [{"x": 431.0, "y": 1854.0}, {"x": 731.0, "y": 1854.0}, {"x": 731.0, "y": 1913.0}, {"x": 431.0, "y": 1913.0}]}, "description": " Mango Lassi"}, {"boundingPoly": {"vertices": [{"x": 1242.0, "y": 1588.0}, {"x": 1371.0, "y": 1591.0}, {"x": 1367.0, "y": 1640.0}, {"x": 1241.0, "y": 1639.0}]}, "description": "$4.95"}, {"boundingPoly": {"vertices": [{"x": 1250.0, "y": 1655.0}, {"x": 1371.0, "y": 1659.0}, {"x": 1369.0, "y": 1707.0}, {"x": 1248.0, "y": 1704.0}]}, "description": "$5.95"}, {"boundingPoly": {"vertices": [{"x": 1241.0, "y": 1723.0}, {"x": 1374.0, "y": 1727.0}, {"x": 1373.0, "y": 1776.0}, {"x": 1240.0, "y": 1773.0}]}, "description": "$11.95"}, {"boundingPoly": {"vertices": [{"x": 1251.0, "y": 1792.0}, {"x": 1374.0, "y": 1796.0}, {"x": 1372.0, "y": 1848.0}, {"x": 1249.0, "y": 1846.0}]}, "description": "$3.95"}, {"boundingPoly": {"vertices": [{"x": 1252.0, "y": 1863.0}, {"x": 1377.0, "y": 1865.0}, {"x": 1377.0, "y": 1919.0}, {"x": 1250.0, "y": 1916.0}]}, "description": "$3.95"}, {"boundingPoly": {"vertices": [{"x": 819.0, "y": 1969.0}, {"x": 1047.0, "y": 1969.0}, {"x": 1047.0, "y": 2021.0}, {"x": 819.0, "y": 2021.0}]}, "description": " SUBTOTAL"}, {"boundingPoly": {"vertices": [{"x": 967.0, "y": 2035.0}, {"x": 1045.0, "y": 2035.0}, {"x": 1045.0, "y": 2080.0}, {"x": 967.0, "y": 2080.0}]}, "description": " TAX"}, {"boundingPoly": {"vertices": [{"x": 910.0, "y": 2097.0}, {"x": 1043.0, "y": 2097.0}, {"x": 1043.0, "y": 2148.0}, {"x": 910.0, "y": 2148.0}]}, "description": " TOTAL"}, {"boundingPoly": {"vertices": [{"x": 576.0, "y": 2155.0}, {"x": 1038.0, "y": 2155.0}, {"x": 1038.0, "y": 2218.0}, {"x": 576.0, "y": 2218.0}]}, "description": " CREDIT CARD (AMEX)"}, {"boundingPoly": {"vertices": [{"x": 1054.0, "y": 1974.0}, {"x": 1078.0, "y": 1974.0}, {"x": 1078.0, "y": 2021.0}, {"x": 1054.0, "y": 2021.0}]}, "description": " :"}, {"boundingPoly": {"vertices": [{"x": 1053.0, "y": 2037.0}, {"x": 1077.0, "y": 2037.0}, {"x": 1077.0, "y": 2081.0}, {"x": 1053.0, "y": 2081.0}]}, "description": " :"}, {"boundingPoly": {"vertices": [{"x": 1051.0, "y": 2102.0}, {"x": 1078.0, "y": 2102.0}, {"x": 1078.0, "y": 2149.0}, {"x": 1051.0, "y": 2149.0}]}, "description": " :"}, {"boundingPoly": {"vertices": [{"x": 1048.0, "y": 2163.0}, {"x": 1081.0, "y": 2163.0}, {"x": 1081.0, "y": 2218.0}, {"x": 1048.0, "y": 2218.0}]}, "description": " :"}, {"boundingPoly": {"vertices": [{"x": 1234.0, "y": 1980.0}, {"x": 1377.0, "y": 1982.0}, {"x": 1376.0, "y": 2031.0}, {"x": 1234.0, "y": 2027.0}]}, "description": "$30.75"}, {"boundingPoly": {"vertices": [{"x": 1259.0, "y": 2044.0}, {"x": 1379.0, "y": 2047.0}, {"x": 1377.0, "y": 2095.0}, {"x": 1259.0, "y": 2089.0}]}, "description": "$2.73"}, {"boundingPoly": {"vertices": [{"x": 1235.0, "y": 2111.0}, {"x": 1376.0, "y": 2105.0}, {"x": 1379.0, "y": 2157.0}, {"x": 1235.0, "y": 2159.0}]}, "description": "$33.48"}, {"boundingPoly": {"vertices": [{"x": 1231.0, "y": 2173.0}, {"x": 1377.0, "y": 2169.0}, {"x": 1381.0, "y": 2221.0}, {"x": 1233.0, "y": 2225.0}]}, "description": "$33.48"}, {"boundingPoly": {"vertices": [{"x": 1255.0, "y": 2231.0}, {"x": 1401.0, "y": 2231.0}, {"x": 1401.0, "y": 2309.0}, {"x": 1255.0, "y": 2309.0}]}, "description": " 4:32"}, {"boundingPoly": {"vertices": [{"x": 750.0, "y": 2288.0}, {"x": 966.0, "y": 2292.0}, {"x": 965.0, "y": 2349.0}, {"x": 750.0, "y": 2346.0}]}, "description": "Tip Gulde"}, {"boundingPoly": {"vertices": [{"x": 529.0, "y": 2351.0}, {"x": 1197.0, "y": 2369.0}, {"x": 1195.0, "y": 2428.0}, {"x": 528.0, "y": 2411.0}]}, "description": "15%=$4.61, 18%=$5.54, 20%=$6.15"}, {"boundingPoly": {"vertices": [{"x": 1210.0, "y": 2397.0}, {"x": 1432.0, "y": 2370.0}, {"x": 1441.0, "y": 2440.0}, {"x": 1228.0, "y": 2480.0}]}, "description": "$ 38 0"}, {"boundingPoly": {"vertices": [{"x": 259.0, "y": 2783.0}, {"x": 331.0, "y": 2786.0}, {"x": 333.0, "y": 2866.0}, {"x": 261.0, "y": 2863.0}]}, "description": "C"}, {"boundingPoly": {"vertices": [{"x": 401.0, "y": 2752.0}, {"x": 911.0, "y": 2742.0}, {"x": 912.0, "y": 2800.0}, {"x": 402.0, "y": 2808.0}]}, "description": "REDMI NOTE 5 PRO"}, {"boundingPoly": {"vertices": [{"x": 396.0, "y": 2824.0}, {"x": 866.0, "y": 2817.0}, {"x": 866.0, "y": 2871.0}, {"x": 396.0, "y": 2880.0}]}, "description": "MI DUAL CAMERA"}]}