{"textAnnotations": [{"boundingPoly": {"vertices": [{"x": 404.0, "y": 316.0}, {"x": 1026.0, "y": 305.0}, {"x": 1026.0, "y": 339.0}, {"x": 405.0, "y": 351.0}]}, "description": "****************"}, {"boundingPoly": {"vertices": [{"x": 979.0, "y": 353.0}, {"x": 1027.0, "y": 353.0}, {"x": 1026.0, "y": 388.0}, {"x": 979.0, "y": 388.0}]}, "description": "*"}, {"boundingPoly": {"vertices": [{"x": 406.0, "y": 411.0}, {"x": 1027.0, "y": 399.0}, {"x": 1028.0, "y": 434.0}, {"x": 407.0, "y": 447.0}]}, "description": "****************"}, {"boundingPoly": {"vertices": [{"x": 977.0, "y": 462.0}, {"x": 1225.0, "y": 461.0}, {"x": 1225.0, "y": 535.0}, {"x": 978.0, "y": 537.0}]}, "description": "Lunch"}, {"boundingPoly": {"vertices": [{"x": 405.0, "y": 360.0}, {"x": 951.0, "y": 348.0}, {"x": 952.0, "y": 390.0}, {"x": 405.0, "y": 401.0}]}, "description": "* CLOSED CHECK"}, {"boundingPoly": {"vertices": [{"x": 580.0, "y": 501.0}, {"x": 855.0, "y": 497.0}, {"x": 856.0, "y": 541.0}, {"x": 581.0, "y": 546.0}]}, "description": "merchant name"}, {"boundingPoly": {"vertices": [{"x": 658.0, "y": 553.0}, {"x": 797.0, "y": 548.0}, {"x": 798.0, "y": 590.0}, {"x": 659.0, "y": 594.0}]}, "description": "merchant address"}, {"boundingPoly": {"vertices": [{"x": 636.0, "y": 598.0}, {"x": 898.0, "y": 598.0}, {"x": 898.0, "y": 645.0}, {"x": 636.0, "y": 645.0}]}, "description": " 501 565 65338"}, {"boundingPoly": {"vertices": [{"x": 547.0, "y": 600.0}, {"x": 628.0, "y": 600.0}, {"x": 628.0, "y": 646.0}, {"x": 547.0, "y": 646.0}]}, "description": " ABN:"}, {"boundingPoly": {"vertices": [{"x": 609.0, "y": 797.0}, {"x": 822.0, "y": 796.0}, {"x": 823.0, "y": 836.0}, {"x": 610.0, "y": 839.0}]}, "description": "Tax Invoice"}, {"boundingPoly": {"vertices": [{"x": 352.0, "y": 893.0}, {"x": 439.0, "y": 893.0}, {"x": 439.0, "y": 935.0}, {"x": 352.0, "y": 935.0}]}, "description": " Check"}, {"boundingPoly": {"vertices": [{"x": 446.0, "y": 890.0}, {"x": 584.0, "y": 890.0}, {"x": 584.0, "y": 935.0}, {"x": 446.0, "y": 935.0}]}, "description": " :605912"}, {"boundingPoly": {"vertices": [{"x": 368.0, "y": 1010.0}, {"x": 474.0, "y": 1010.0}, {"x": 474.0, "y": 1046.0}, {"x": 368.0, "y": 1046.0}]}, "description": " Server"}, {"boundingPoly": {"vertices": [{"x": 377.0, "y": 1050.0}, {"x": 521.0, "y": 1048.0}, {"x": 522.0, "y": 1084.0}, {"x": 378.0, "y": 1087.0}]}, "description": "12/03/19"}, {"boundingPoly": {"vertices": [{"x": 479.0, "y": 1010.0}, {"x": 608.0, "y": 1010.0}, {"x": 608.0, "y": 1047.0}, {"x": 479.0, "y": 1047.0}]}, "description": " : Ipao 2"}, {"boundingPoly": {"vertices": [{"x": 984.0, "y": 1046.0}, {"x": 1120.0, "y": 1046.0}, {"x": 1120.0, "y": 1086.0}, {"x": 984.0, "y": 1086.0}]}, "description": " 01:01pm"}, {"boundingPoly": {"vertices": [{"x": 452.0, "y": 1134.0}, {"x": 491.0, "y": 1134.0}, {"x": 491.0, "y": 1175.0}, {"x": 452.0, "y": 1175.0}]}, "description": " 1"}, {"boundingPoly": {"vertices": [{"x": 511.0, "y": 1129.0}, {"x": 1096.0, "y": 1129.0}, {"x": 1096.0, "y": 1175.0}, {"x": 511.0, "y": 1175.0}]}, "description": " Combo Box $14.50"}, {"boundingPoly": {"vertices": [{"x": 606.0, "y": 1223.0}, {"x": 713.0, "y": 1223.0}, {"x": 713.0, "y": 1264.0}, {"x": 606.0, "y": 1264.0}]}, "description": " Total:"}, {"boundingPoly": {"vertices": [{"x": 861.0, "y": 1222.0}, {"x": 1084.0, "y": 1221.0}, {"x": 1084.0, "y": 1264.0}, {"x": 861.0, "y": 1266.0}]}, "description": "$14.50"}, {"boundingPoly": {"vertices": [{"x": 638.0, "y": 1318.0}, {"x": 711.0, "y": 1318.0}, {"x": 711.0, "y": 1358.0}, {"x": 638.0, "y": 1358.0}]}, "description": " Tax:"}, {"boundingPoly": {"vertices": [{"x": 991.0, "y": 1318.0}, {"x": 1087.0, "y": 1318.0}, {"x": 1087.0, "y": 1360.0}, {"x": 993.0, "y": 1362.0}]}, "description": "$1.31"}, {"boundingPoly": {"vertices": [{"x": 361.0, "y": 1413.0}, {"x": 475.0, "y": 1415.0}, {"x": 474.0, "y": 1454.0}, {"x": 361.0, "y": 1454.0}]}, "description": "Eftpos"}, {"boundingPoly": {"vertices": [{"x": 974.0, "y": 1414.0}, {"x": 1090.0, "y": 1412.0}, {"x": 1090.0, "y": 1453.0}, {"x": 975.0, "y": 1457.0}]}, "description": "$14.50"}, {"boundingPoly": {"vertices": [{"x": 628.0, "y": 1630.0}, {"x": 829.0, "y": 1634.0}, {"x": 828.0, "y": 1673.0}, {"x": 628.0, "y": 1670.0}]}, "description": "\"ybank-You\""}, {"boundingPoly": {"vertices": [{"x": 455.0, "y": 1709.0}, {"x": 560.0, "y": 1713.0}, {"x": 559.0, "y": 1746.0}, {"x": 454.0, "y": 1742.0}]}, "description": "463"}]}