{"textAnnotations": [{"boundingPoly": {"vertices": [{"x": 125.0, "y": 80.0}, {"x": 293.0, "y": 78.0}, {"x": 293.0, "y": 97.0}, {"x": 125.0, "y": 98.0}]}, "description": "CUSTOMER COPY"}, {"boundingPoly": {"vertices": [{"x": 82.0, "y": 132.0}, {"x": 331.0, "y": 131.0}, {"x": 331.0, "y": 153.0}, {"x": 82.0, "y": 156.0}]}, "description": "Eataly NYC Downtown"}, {"boundingPoly": {"vertices": [{"x": 125.0, "y": 176.0}, {"x": 289.0, "y": 175.0}, {"x": 289.0, "y": 194.0}, {"x": 126.0, "y": 195.0}]}, "description": "merchant name"}, {"boundingPoly": {"vertices": [{"x": 71.0, "y": 208.0}, {"x": 346.0, "y": 206.0}, {"x": 346.0, "y": 225.0}, {"x": 71.0, "y": 227.0}]}, "description": "merchant address"}, {"boundingPoly": {"vertices": [{"x": 123.0, "y": 229.0}, {"x": 291.0, "y": 229.0}, {"x": 292.0, "y": 246.0}, {"x": 123.0, "y": 247.0}]}, "description": "merchant address"}, {"boundingPoly": {"vertices": [{"x": 150.0, "y": 251.0}, {"x": 264.0, "y": 251.0}, {"x": 265.0, "y": 268.0}, {"x": 150.0, "y": 269.0}]}, "description": "merchant phone"}, {"boundingPoly": {"vertices": [{"x": 102.0, "y": 303.0}, {"x": 306.0, "y": 303.0}, {"x": 306.0, "y": 322.0}, {"x": 102.0, "y": 322.0}]}, "description": " Date 10/29/19, 8:34 PM"}, {"boundingPoly": {"vertices": [{"x": 87.0, "y": 324.0}, {"x": 224.0, "y": 324.0}, {"x": 224.0, "y": 343.0}, {"x": 87.0, "y": 343.0}]}, "description": "Server Jorge C"}, {"boundingPoly": {"vertices": [{"x": 73.0, "y": 346.0}, {"x": 199.0, "y": 346.0}, {"x": 199.0, "y": 363.0}, {"x": 73.0, "y": 363.0}]}, "description": "Check # 5561"}, {"boundingPoly": {"vertices": [{"x": 76.0, "y": 367.0}, {"x": 154.0, "y": 367.0}, {"x": 154.0, "y": 385.0}, {"x": 76.0, "y": 385.0}]}, "description": " # Guest"}, {"boundingPoly": {"vertices": [{"x": 47.0, "y": 388.0}, {"x": 153.0, "y": 389.0}, {"x": 152.0, "y": 407.0}, {"x": 47.0, "y": 405.0}]}, "description": "Order Type"}, {"boundingPoly": {"vertices": [{"x": 98.0, "y": 409.0}, {"x": 148.0, "y": 409.0}, {"x": 148.0, "y": 426.0}, {"x": 98.0, "y": 426.0}]}, "description": " Table"}, {"boundingPoly": {"vertices": [{"x": 158.0, "y": 368.0}, {"x": 175.0, "y": 368.0}, {"x": 175.0, "y": 385.0}, {"x": 158.0, "y": 385.0}]}, "description": " 2"}, {"boundingPoly": {"vertices": [{"x": 154.0, "y": 388.0}, {"x": 218.0, "y": 388.0}, {"x": 218.0, "y": 404.0}, {"x": 154.0, "y": 405.0}]}, "description": "Dine In"}, {"boundingPoly": {"vertices": [{"x": 159.0, "y": 409.0}, {"x": 191.0, "y": 409.0}, {"x": 191.0, "y": 425.0}, {"x": 159.0, "y": 425.0}]}, "description": " 234"}, {"boundingPoly": {"vertices": [{"x": 54.0, "y": 470.0}, {"x": 258.0, "y": 469.0}, {"x": 259.0, "y": 487.0}, {"x": 54.0, "y": 489.0}]}, "description": "Card Type AMEX-1005"}, {"boundingPoly": {"vertices": [{"x": 49.0, "y": 491.0}, {"x": 223.0, "y": 490.0}, {"x": 223.0, "y": 508.0}, {"x": 49.0, "y": 509.0}]}, "description": "Auth Code 562688"}, {"boundingPoly": {"vertices": [{"x": 87.0, "y": 510.0}, {"x": 240.0, "y": 509.0}, {"x": 240.0, "y": 533.0}, {"x": 87.0, "y": 534.0}]}, "description": "Status Approved"}, {"boundingPoly": {"vertices": [{"x": 19.0, "y": 587.0}, {"x": 128.0, "y": 586.0}, {"x": 128.0, "y": 604.0}, {"x": 19.0, "y": 605.0}]}, "description": "Amount Due"}, {"boundingPoly": {"vertices": [{"x": 304.0, "y": 580.0}, {"x": 399.0, "y": 580.0}, {"x": 399.0, "y": 605.0}, {"x": 304.0, "y": 605.0}]}, "description": "$92.56"}, {"boundingPoly": {"vertices": [{"x": 69.0, "y": 669.0}, {"x": 98.0, "y": 670.0}, {"x": 97.0, "y": 692.0}, {"x": 68.0, "y": 691.0}]}, "description": "Tip"}, {"boundingPoly": {"vertices": [{"x": 57.0, "y": 754.0}, {"x": 93.0, "y": 754.0}, {"x": 93.0, "y": 777.0}, {"x": 57.0, "y": 777.0}]}, "description": "Total"}]}