{"textAnnotations": [{"boundingPoly": {"vertices": [{"x": 154.0, "y": 105.0}, {"x": 320.0, "y": 105.0}, {"x": 320.0, "y": 128.0}, {"x": 154.0, "y": 128.0}]}, "description": "merchant name"}, {"boundingPoly": {"vertices": [{"x": 53.0, "y": 134.0}, {"x": 418.0, "y": 131.0}, {"x": 419.0, "y": 153.0}, {"x": 53.0, "y": 156.0}]}, "description": "merchant address"}, {"boundingPoly": {"vertices": [{"x": 38.0, "y": 186.0}, {"x": 179.0, "y": 185.0}, {"x": 180.0, "y": 207.0}, {"x": 39.0, "y": 209.0}]}, "description": "Merchant ID"}, {"boundingPoly": {"vertices": [{"x": 41.0, "y": 211.0}, {"x": 149.0, "y": 211.0}, {"x": 149.0, "y": 233.0}, {"x": 41.0, "y": 233.0}]}, "description": " Terminal"}, {"boundingPoly": {"vertices": [{"x": 39.0, "y": 236.0}, {"x": 140.0, "y": 236.0}, {"x": 140.0, "y": 255.0}, {"x": 39.0, "y": 255.0}]}, "description": "Check No"}, {"boundingPoly": {"vertices": [{"x": 39.0, "y": 257.0}, {"x": 139.0, "y": 257.0}, {"x": 139.0, "y": 275.0}, {"x": 39.0, "y": 275.0}]}, "description": "Table No"}, {"boundingPoly": {"vertices": [{"x": 37.0, "y": 278.0}, {"x": 112.0, "y": 279.0}, {"x": 112.0, "y": 296.0}, {"x": 37.0, "y": 295.0}]}, "description": "Server"}, {"boundingPoly": {"vertices": [{"x": 36.0, "y": 295.0}, {"x": 205.0, "y": 295.0}, {"x": 205.0, "y": 316.0}, {"x": 36.0, "y": 316.0}]}, "description": " Name on Card:"}, {"boundingPoly": {"vertices": [{"x": 35.0, "y": 318.0}, {"x": 137.0, "y": 318.0}, {"x": 138.0, "y": 337.0}, {"x": 35.0, "y": 338.0}]}, "description": "Acct Num"}, {"boundingPoly": {"vertices": [{"x": 35.0, "y": 341.0}, {"x": 175.0, "y": 340.0}, {"x": 176.0, "y": 361.0}, {"x": 35.0, "y": 363.0}]}, "description": "Expiry Date"}, {"boundingPoly": {"vertices": [{"x": 35.0, "y": 366.0}, {"x": 153.0, "y": 367.0}, {"x": 153.0, "y": 387.0}, {"x": 35.0, "y": 387.0}]}, "description": "Card Type"}, {"boundingPoly": {"vertices": [{"x": 36.0, "y": 390.0}, {"x": 162.0, "y": 390.0}, {"x": 162.0, "y": 410.0}, {"x": 36.0, "y": 410.0}]}, "description": "Trans Type"}, {"boundingPoly": {"vertices": [{"x": 35.0, "y": 414.0}, {"x": 161.0, "y": 413.0}, {"x": 161.0, "y": 433.0}, {"x": 36.0, "y": 434.0}]}, "description": "Trans Date"}, {"boundingPoly": {"vertices": [{"x": 36.0, "y": 437.0}, {"x": 160.0, "y": 436.0}, {"x": 161.0, "y": 456.0}, {"x": 36.0, "y": 457.0}]}, "description": "Trans Time"}, {"boundingPoly": {"vertices": [{"x": 36.0, "y": 462.0}, {"x": 160.0, "y": 461.0}, {"x": 160.0, "y": 480.0}, {"x": 36.0, "y": 482.0}]}, "description": "Entry Mode"}, {"boundingPoly": {"vertices": [{"x": 36.0, "y": 486.0}, {"x": 147.0, "y": 485.0}, {"x": 148.0, "y": 505.0}, {"x": 36.0, "y": 506.0}]}, "description": "Auth Code"}, {"boundingPoly": {"vertices": [{"x": 36.0, "y": 510.0}, {"x": 148.0, "y": 509.0}, {"x": 149.0, "y": 528.0}, {"x": 36.0, "y": 529.0}]}, "description": "Resp Code"}, {"boundingPoly": {"vertices": [{"x": 36.0, "y": 533.0}, {"x": 85.0, "y": 533.0}, {"x": 85.0, "y": 552.0}, {"x": 36.0, "y": 551.0}]}, "description": "Mode"}, {"boundingPoly": {"vertices": [{"x": 36.0, "y": 556.0}, {"x": 145.0, "y": 555.0}, {"x": 146.0, "y": 574.0}, {"x": 36.0, "y": 576.0}]}, "description": "App Label"}, {"boundingPoly": {"vertices": [{"x": 36.0, "y": 579.0}, {"x": 73.0, "y": 579.0}, {"x": 72.0, "y": 598.0}, {"x": 36.0, "y": 598.0}]}, "description": "AID"}, {"boundingPoly": {"vertices": [{"x": 35.0, "y": 601.0}, {"x": 71.0, "y": 601.0}, {"x": 72.0, "y": 620.0}, {"x": 35.0, "y": 620.0}]}, "description": "ARC"}, {"boundingPoly": {"vertices": [{"x": 36.0, "y": 623.0}, {"x": 71.0, "y": 623.0}, {"x": 70.0, "y": 642.0}, {"x": 36.0, "y": 641.0}]}, "description": "TVR"}, {"boundingPoly": {"vertices": [{"x": 33.0, "y": 646.0}, {"x": 68.0, "y": 646.0}, {"x": 67.0, "y": 665.0}, {"x": 33.0, "y": 665.0}]}, "description": "TSI"}, {"boundingPoly": {"vertices": [{"x": 32.0, "y": 669.0}, {"x": 68.0, "y": 668.0}, {"x": 67.0, "y": 688.0}, {"x": 31.0, "y": 687.0}]}, "description": "IAD"}, {"boundingPoly": {"vertices": [{"x": 152.0, "y": 211.0}, {"x": 182.0, "y": 211.0}, {"x": 182.0, "y": 232.0}, {"x": 152.0, "y": 232.0}]}, "description": " ID"}, {"boundingPoly": {"vertices": [{"x": 212.0, "y": 209.0}, {"x": 289.0, "y": 208.0}, {"x": 290.0, "y": 227.0}, {"x": 213.0, "y": 230.0}]}, "description": "335938"}, {"boundingPoly": {"vertices": [{"x": 214.0, "y": 232.0}, {"x": 264.0, "y": 229.0}, {"x": 265.0, "y": 247.0}, {"x": 215.0, "y": 249.0}]}, "description": "7740"}, {"boundingPoly": {"vertices": [{"x": 213.0, "y": 252.0}, {"x": 251.0, "y": 251.0}, {"x": 251.0, "y": 269.0}, {"x": 213.0, "y": 270.0}]}, "description": "7/1"}, {"boundingPoly": {"vertices": [{"x": 214.0, "y": 272.0}, {"x": 372.0, "y": 272.0}, {"x": 372.0, "y": 293.0}, {"x": 214.0, "y": 293.0}]}, "description": " 273343 Jesus"}, {"boundingPoly": {"vertices": [{"x": 211.0, "y": 315.0}, {"x": 420.0, "y": 313.0}, {"x": 420.0, "y": 332.0}, {"x": 212.0, "y": 335.0}]}, "description": "XXXXXXXXXXXX2007"}, {"boundingPoly": {"vertices": [{"x": 187.0, "y": 340.0}, {"x": 277.0, "y": 340.0}, {"x": 277.0, "y": 360.0}, {"x": 187.0, "y": 360.0}]}, "description": " : ** / **"}, {"boundingPoly": {"vertices": [{"x": 206.0, "y": 367.0}, {"x": 262.0, "y": 365.0}, {"x": 263.0, "y": 385.0}, {"x": 206.0, "y": 386.0}]}, "description": "AMEX"}, {"boundingPoly": {"vertices": [{"x": 211.0, "y": 390.0}, {"x": 326.0, "y": 388.0}, {"x": 327.0, "y": 407.0}, {"x": 211.0, "y": 409.0}]}, "description": "AUTHORIZE"}, {"boundingPoly": {"vertices": [{"x": 206.0, "y": 411.0}, {"x": 339.0, "y": 411.0}, {"x": 339.0, "y": 431.0}, {"x": 206.0, "y": 432.0}]}, "description": "11/10/2019"}, {"boundingPoly": {"vertices": [{"x": 209.0, "y": 435.0}, {"x": 303.0, "y": 435.0}, {"x": 303.0, "y": 455.0}, {"x": 209.0, "y": 455.0}]}, "description": " 3:31 PM"}, {"boundingPoly": {"vertices": [{"x": 209.0, "y": 458.0}, {"x": 262.0, "y": 459.0}, {"x": 261.0, "y": 480.0}, {"x": 209.0, "y": 478.0}]}, "description": "Chip"}, {"boundingPoly": {"vertices": [{"x": 209.0, "y": 483.0}, {"x": 284.0, "y": 481.0}, {"x": 285.0, "y": 501.0}, {"x": 209.0, "y": 502.0}]}, "description": "807280"}, {"boundingPoly": {"vertices": [{"x": 209.0, "y": 507.0}, {"x": 234.0, "y": 507.0}, {"x": 233.0, "y": 526.0}, {"x": 209.0, "y": 526.0}]}, "description": "00"}, {"boundingPoly": {"vertices": [{"x": 209.0, "y": 532.0}, {"x": 285.0, "y": 532.0}, {"x": 285.0, "y": 549.0}, {"x": 209.0, "y": 550.0}]}, "description": "Issuer"}, {"boundingPoly": {"vertices": [{"x": 205.0, "y": 554.0}, {"x": 415.0, "y": 552.0}, {"x": 415.0, "y": 572.0}, {"x": 205.0, "y": 574.0}]}, "description": "AMERICAN EXPRESS"}, {"boundingPoly": {"vertices": [{"x": 208.0, "y": 577.0}, {"x": 412.0, "y": 575.0}, {"x": 412.0, "y": 596.0}, {"x": 208.0, "y": 598.0}]}, "description": "A000000025010801"}, {"boundingPoly": {"vertices": [{"x": 207.0, "y": 600.0}, {"x": 231.0, "y": 600.0}, {"x": 231.0, "y": 619.0}, {"x": 208.0, "y": 619.0}]}, "description": "00"}, {"boundingPoly": {"vertices": [{"x": 204.0, "y": 623.0}, {"x": 335.0, "y": 623.0}, {"x": 335.0, "y": 643.0}, {"x": 204.0, "y": 643.0}]}, "description": "0000008000"}, {"boundingPoly": {"vertices": [{"x": 202.0, "y": 647.0}, {"x": 257.0, "y": 647.0}, {"x": 256.0, "y": 666.0}, {"x": 201.0, "y": 666.0}]}, "description": "F800"}, {"boundingPoly": {"vertices": [{"x": 203.0, "y": 669.0}, {"x": 382.0, "y": 669.0}, {"x": 382.0, "y": 688.0}, {"x": 203.0, "y": 689.0}]}, "description": "06550103602002"}, {"boundingPoly": {"vertices": [{"x": 378.0, "y": 272.0}, {"x": 392.0, "y": 272.0}, {"x": 392.0, "y": 292.0}, {"x": 378.0, "y": 292.0}]}, "description": " R"}, {"boundingPoly": {"vertices": [{"x": 28.0, "y": 783.0}, {"x": 55.0, "y": 782.0}, {"x": 56.0, "y": 801.0}, {"x": 29.0, "y": 802.0}]}, "description": "00"}, {"boundingPoly": {"vertices": [{"x": 102.0, "y": 781.0}, {"x": 206.0, "y": 781.0}, {"x": 206.0, "y": 802.0}, {"x": 102.0, "y": 802.0}]}, "description": " APPROVED"}, {"boundingPoly": {"vertices": [{"x": 213.0, "y": 781.0}, {"x": 234.0, "y": 781.0}, {"x": 234.0, "y": 801.0}, {"x": 213.0, "y": 801.0}]}, "description": " -"}, {"boundingPoly": {"vertices": [{"x": 239.0, "y": 781.0}, {"x": 352.0, "y": 781.0}, {"x": 352.0, "y": 802.0}, {"x": 239.0, "y": 802.0}]}, "description": " THANK YOU"}, {"boundingPoly": {"vertices": [{"x": 389.0, "y": 783.0}, {"x": 428.0, "y": 783.0}, {"x": 427.0, "y": 802.0}, {"x": 389.0, "y": 802.0}]}, "description": "000"}, {"boundingPoly": {"vertices": [{"x": 30.0, "y": 890.0}, {"x": 126.0, "y": 891.0}, {"x": 126.0, "y": 910.0}, {"x": 30.0, "y": 910.0}]}, "description": "SUBTOTAL"}, {"boundingPoly": {"vertices": [{"x": 176.0, "y": 895.0}, {"x": 250.0, "y": 895.0}, {"x": 250.0, "y": 917.0}, {"x": 176.0, "y": 917.0}]}, "description": " : USD$"}, {"boundingPoly": {"vertices": [{"x": 362.0, "y": 898.0}, {"x": 427.0, "y": 899.0}, {"x": 426.0, "y": 920.0}, {"x": 361.0, "y": 919.0}]}, "description": "41.47"}, {"boundingPoly": {"vertices": [{"x": 365.0, "y": 925.0}, {"x": 427.0, "y": 925.0}, {"x": 427.0, "y": 959.0}, {"x": 364.0, "y": 958.0}]}, "description": "8.00"}, {"boundingPoly": {"vertices": [{"x": 324.0, "y": 980.0}, {"x": 432.0, "y": 980.0}, {"x": 432.0, "y": 1014.0}, {"x": 324.0, "y": 1013.0}]}, "description": "4 9, 47"}, {"boundingPoly": {"vertices": [{"x": 29.0, "y": 933.0}, {"x": 126.0, "y": 936.0}, {"x": 126.0, "y": 955.0}, {"x": 29.0, "y": 952.0}]}, "description": "Gratuity"}, {"boundingPoly": {"vertices": [{"x": 27.0, "y": 976.0}, {"x": 84.0, "y": 977.0}, {"x": 83.0, "y": 998.0}, {"x": 27.0, "y": 996.0}]}, "description": "Total"}, {"boundingPoly": {"vertices": [{"x": 150.0, "y": 1081.0}, {"x": 267.0, "y": 1092.0}, {"x": 266.0, "y": 1111.0}, {"x": 148.0, "y": 1099.0}]}, "description": "Signature"}, {"boundingPoly": {"vertices": [{"x": 23.0, "y": 1087.0}, {"x": 402.0, "y": 1125.0}, {"x": 399.0, "y": 1146.0}, {"x": 22.0, "y": 1110.0}]}, "description": "I Agree to pay total amount as"}, {"boundingPoly": {"vertices": [{"x": 23.0, "y": 1107.0}, {"x": 400.0, "y": 1152.0}, {"x": 398.0, "y": 1172.0}, {"x": 22.0, "y": 1127.0}]}, "description": "per the Card Issuer Agreement."}, {"boundingPoly": {"vertices": [{"x": 131.0, "y": 1141.0}, {"x": 294.0, "y": 1163.0}, {"x": 292.0, "y": 1181.0}, {"x": 129.0, "y": 1157.0}]}, "description": "CUSTOMER COPY"}]}