{"textAnnotations": [{"boundingPoly": {"vertices": [{"x": 388.0, "y": 84.0}, {"x": 814.0, "y": 58.0}, {"x": 816.0, "y": 93.0}, {"x": 389.0, "y": 119.0}]}, "description": "Thank You For Visiting the"}, {"boundingPoly": {"vertices": [{"x": 458.0, "y": 150.0}, {"x": 721.0, "y": 134.0}, {"x": 723.0, "y": 167.0}, {"x": 460.0, "y": 183.0}]}, "description": "Matthew Fraysier"}, {"boundingPoly": {"vertices": [{"x": 482.0, "y": 219.0}, {"x": 702.0, "y": 207.0}, {"x": 704.0, "y": 239.0}, {"x": 484.0, "y": 253.0}]}, "description": "merchant phone"}, {"boundingPoly": {"vertices": [{"x": 402.0, "y": 295.0}, {"x": 777.0, "y": 274.0}, {"x": 779.0, "y": 309.0}, {"x": 403.0, "y": 331.0}]}, "description": "Text @LTF11479 to 73940"}, {"boundingPoly": {"vertices": [{"x": 389.0, "y": 100.0}, {"x": 709.0, "y": 100.0}, {"x": 709.0, "y": 152.0}, {"x": 389.0, "y": 152.0}]}, "description": "merchant name"}, {"boundingPoly": {"vertices": [{"x": 407.0, "y": 260.0}, {"x": 766.0, "y": 239.0}, {"x": 767.0, "y": 273.0}, {"x": 409.0, "y": 294.0}]}, "description": "We Love Your Feedback!"}, {"boundingPoly": {"vertices": [{"x": 714.0, "y": 93.0}, {"x": 807.0, "y": 93.0}, {"x": 807.0, "y": 131.0}, {"x": 714.0, "y": 131.0}]}, "description": "merchant name"}, {"boundingPoly": {"vertices": [{"x": 878.0, "y": 344.0}, {"x": 931.0, "y": 343.0}, {"x": 930.0, "y": 376.0}, {"x": 876.0, "y": 377.0}]}, "description": "USD"}, {"boundingPoly": {"vertices": [{"x": 863.0, "y": 381.0}, {"x": 931.0, "y": 380.0}, {"x": 929.0, "y": 412.0}, {"x": 861.0, "y": 413.0}]}, "description": "2.05"}, {"boundingPoly": {"vertices": [{"x": 859.0, "y": 415.0}, {"x": 930.0, "y": 416.0}, {"x": 929.0, "y": 451.0}, {"x": 859.0, "y": 450.0}]}, "description": "2.70"}, {"boundingPoly": {"vertices": [{"x": 866.0, "y": 453.0}, {"x": 928.0, "y": 452.0}, {"x": 927.0, "y": 487.0}, {"x": 866.0, "y": 487.0}]}, "description": "1.89"}, {"boundingPoly": {"vertices": [{"x": 245.0, "y": 406.0}, {"x": 581.0, "y": 396.0}, {"x": 582.0, "y": 434.0}, {"x": 246.0, "y": 444.0}]}, "description": "Tropicana Apple Orch"}, {"boundingPoly": {"vertices": [{"x": 240.0, "y": 481.0}, {"x": 509.0, "y": 477.0}, {"x": 509.0, "y": 512.0}, {"x": 240.0, "y": 517.0}]}, "description": "Breakfast Pastry"}, {"boundingPoly": {"vertices": [{"x": 244.0, "y": 443.0}, {"x": 579.0, "y": 433.0}, {"x": 580.0, "y": 470.0}, {"x": 244.0, "y": 482.0}]}, "description": "Chobani Non Fat Peac"}, {"boundingPoly": {"vertices": [{"x": 614.0, "y": 544.0}, {"x": 777.0, "y": 541.0}, {"x": 779.0, "y": 576.0}, {"x": 614.0, "y": 581.0}]}, "description": "Sub Total"}, {"boundingPoly": {"vertices": [{"x": 613.0, "y": 583.0}, {"x": 795.0, "y": 580.0}, {"x": 796.0, "y": 614.0}, {"x": 613.0, "y": 618.0}]}, "description": "Tax Amount"}, {"boundingPoly": {"vertices": [{"x": 856.0, "y": 532.0}, {"x": 931.0, "y": 531.0}, {"x": 930.0, "y": 568.0}, {"x": 855.0, "y": 569.0}]}, "description": "6.64"}, {"boundingPoly": {"vertices": [{"x": 856.0, "y": 573.0}, {"x": 931.0, "y": 573.0}, {"x": 930.0, "y": 606.0}, {"x": 855.0, "y": 606.0}]}, "description": "0.59"}, {"boundingPoly": {"vertices": [{"x": 198.0, "y": 708.0}, {"x": 506.0, "y": 701.0}, {"x": 507.0, "y": 766.0}, {"x": 199.0, "y": 776.0}]}, "description": "Total USD"}, {"boundingPoly": {"vertices": [{"x": 777.0, "y": 693.0}, {"x": 922.0, "y": 692.0}, {"x": 919.0, "y": 757.0}, {"x": 778.0, "y": 760.0}]}, "description": "7.23"}, {"boundingPoly": {"vertices": [{"x": 843.0, "y": 875.0}, {"x": 919.0, "y": 875.0}, {"x": 917.0, "y": 915.0}, {"x": 843.0, "y": 914.0}]}, "description": "7.23"}, {"boundingPoly": {"vertices": [{"x": 176.0, "y": 1015.0}, {"x": 229.0, "y": 1016.0}, {"x": 229.0, "y": 1051.0}, {"x": 175.0, "y": 1050.0}]}, "description": "Tax"}, {"boundingPoly": {"vertices": [{"x": 167.0, "y": 1054.0}, {"x": 306.0, "y": 1051.0}, {"x": 307.0, "y": 1089.0}, {"x": 167.0, "y": 1092.0}]}, "description": "() 8.875"}, {"boundingPoly": {"vertices": [{"x": 620.0, "y": 1050.0}, {"x": 704.0, "y": 1049.0}, {"x": 704.0, "y": 1083.0}, {"x": 620.0, "y": 1084.0}]}, "description": "6.64"}, {"boundingPoly": {"vertices": [{"x": 734.0, "y": 1004.0}, {"x": 913.0, "y": 1005.0}, {"x": 913.0, "y": 1041.0}, {"x": 734.0, "y": 1040.0}]}, "description": "Tax Amount"}, {"boundingPoly": {"vertices": [{"x": 840.0, "y": 1048.0}, {"x": 913.0, "y": 1046.0}, {"x": 912.0, "y": 1079.0}, {"x": 839.0, "y": 1081.0}]}, "description": "0.59"}, {"boundingPoly": {"vertices": [{"x": 162.0, "y": 1169.0}, {"x": 910.0, "y": 1169.0}, {"x": 910.0, "y": 1219.0}, {"x": 162.0, "y": 1219.0}]}, "description": " 11/26/2019 09:44 AM #:53444 Op:4023 C:111"}, {"boundingPoly": {"vertices": [{"x": 156.0, "y": 1219.0}, {"x": 335.0, "y": 1219.0}, {"x": 335.0, "y": 1260.0}, {"x": 156.0, "y": 1260.0}]}, "description": " 105 S:1111"}, {"boundingPoly": {"vertices": [{"x": 144.0, "y": 1262.0}, {"x": 331.0, "y": 1262.0}, {"x": 331.0, "y": 1305.0}, {"x": 144.0, "y": 1305.0}]}, "description": " Served you"}, {"boundingPoly": {"vertices": [{"x": 339.0, "y": 1258.0}, {"x": 666.0, "y": 1258.0}, {"x": 666.0, "y": 1304.0}, {"x": 339.0, "y": 1304.0}]}, "description": " : Lucrecia Findley"}, {"boundingPoly": {"vertices": [{"x": 293.0, "y": 1436.0}, {"x": 677.0, "y": 1436.0}, {"x": 677.0, "y": 1475.0}, {"x": 293.0, "y": 1476.0}]}, "description": "*** Customer copy ***"}, {"boundingPoly": {"vertices": [{"x": 356.0, "y": 1523.0}, {"x": 612.0, "y": 1522.0}, {"x": 612.0, "y": 1566.0}, {"x": 356.0, "y": 1567.0}]}, "description": "AMEX NY937 (5)"}, {"boundingPoly": {"vertices": [{"x": 135.0, "y": 1570.0}, {"x": 820.0, "y": 1566.0}, {"x": 820.0, "y": 1610.0}, {"x": 136.0, "y": 1615.0}]}, "description": "I agree to pay the above total amount"}, {"boundingPoly": {"vertices": [{"x": 261.0, "y": 1616.0}, {"x": 709.0, "y": 1614.0}, {"x": 709.0, "y": 1653.0}, {"x": 261.0, "y": 1656.0}]}, "description": "according to card issuer"}, {"boundingPoly": {"vertices": [{"x": 666.0, "y": 1658.0}, {"x": 837.0, "y": 1658.0}, {"x": 837.0, "y": 1702.0}, {"x": 666.0, "y": 1702.0}]}, "description": " if Credit"}, {"boundingPoly": {"vertices": [{"x": 162.0, "y": 1706.0}, {"x": 777.0, "y": 1706.0}, {"x": 777.0, "y": 1749.0}, {"x": 162.0, "y": 1748.0}]}, "description": "Voucher)Retain this copy for your"}, {"boundingPoly": {"vertices": [{"x": 403.0, "y": 1757.0}, {"x": 546.0, "y": 1757.0}, {"x": 546.0, "y": 1796.0}, {"x": 403.0, "y": 1796.0}]}, "description": "records."}, {"boundingPoly": {"vertices": [{"x": 108.0, "y": 1660.0}, {"x": 658.0, "y": 1660.0}, {"x": 658.0, "y": 1704.0}, {"x": 108.0, "y": 1704.0}]}, "description": " agreement. (Merchant agreement"}, {"boundingPoly": {"vertices": [{"x": 93.0, "y": 1846.0}, {"x": 452.0, "y": 1846.0}, {"x": 452.0, "y": 1892.0}, {"x": 93.0, "y": 1890.0}]}, "description": "PURCHASE / APPROVED"}, {"boundingPoly": {"vertices": [{"x": 86.0, "y": 1894.0}, {"x": 390.0, "y": 1893.0}, {"x": 391.0, "y": 1937.0}, {"x": 86.0, "y": 1937.0}]}, "description": "AMERICAN EXPRESS"}, {"boundingPoly": {"vertices": [{"x": 85.0, "y": 1944.0}, {"x": 367.0, "y": 1944.0}, {"x": 367.0, "y": 1983.0}, {"x": 85.0, "y": 1980.0}]}, "description": "*********** 1006"}, {"boundingPoly": {"vertices": [{"x": 76.0, "y": 1986.0}, {"x": 289.0, "y": 1988.0}, {"x": 288.0, "y": 2035.0}, {"x": 75.0, "y": 2031.0}]}, "description": "CHIP READ /"}, {"boundingPoly": {"vertices": [{"x": 68.0, "y": 2083.0}, {"x": 436.0, "y": 2083.0}, {"x": 436.0, "y": 2135.0}, {"x": 68.0, "y": 2135.0}]}, "description": " 2019/11/26 09:44:18"}, {"boundingPoly": {"vertices": [{"x": 70.0, "y": 2136.0}, {"x": 124.0, "y": 2137.0}, {"x": 123.0, "y": 2182.0}, {"x": 68.0, "y": 2181.0}]}, "description": "TID"}, {"boundingPoly": {"vertices": [{"x": 53.0, "y": 2183.0}, {"x": 116.0, "y": 2183.0}, {"x": 117.0, "y": 2227.0}, {"x": 54.0, "y": 2226.0}]}, "description": "MID"}, {"boundingPoly": {"vertices": [{"x": 52.0, "y": 2234.0}, {"x": 228.0, "y": 2237.0}, {"x": 228.0, "y": 2284.0}, {"x": 52.0, "y": 2280.0}]}, "description": "REFERENCE"}, {"boundingPoly": {"vertices": [{"x": 48.0, "y": 2284.0}, {"x": 226.0, "y": 2284.0}, {"x": 226.0, "y": 2328.0}, {"x": 48.0, "y": 2329.0}]}, "description": "AUTH CODE"}, {"boundingPoly": {"vertices": [{"x": 674.0, "y": 2145.0}, {"x": 842.0, "y": 2145.0}, {"x": 841.0, "y": 2189.0}, {"x": 674.0, "y": 2186.0}]}, "description": "**** 6039"}, {"boundingPoly": {"vertices": [{"x": 696.0, "y": 2193.0}, {"x": 841.0, "y": 2194.0}, {"x": 841.0, "y": 2238.0}, {"x": 695.0, "y": 2237.0}]}, "description": "6634459"}, {"boundingPoly": {"vertices": [{"x": 340.0, "y": 2237.0}, {"x": 835.0, "y": 2246.0}, {"x": 834.0, "y": 2292.0}, {"x": 339.0, "y": 2284.0}]}, "description": "S1111T111105#53444@238453"}, {"boundingPoly": {"vertices": [{"x": 710.0, "y": 2299.0}, {"x": 832.0, "y": 2299.0}, {"x": 832.0, "y": 2340.0}, {"x": 710.0, "y": 2340.0}]}, "description": "805248"}, {"boundingPoly": {"vertices": [{"x": 44.0, "y": 2387.0}, {"x": 135.0, "y": 2390.0}, {"x": 134.0, "y": 2432.0}, {"x": 42.0, "y": 2429.0}]}, "description": "TOTAL"}, {"boundingPoly": {"vertices": [{"x": 681.0, "y": 2398.0}, {"x": 832.0, "y": 2400.0}, {"x": 831.0, "y": 2446.0}, {"x": 680.0, "y": 2444.0}]}, "description": "USD7.23"}, {"boundingPoly": {"vertices": [{"x": 31.0, "y": 2488.0}, {"x": 115.0, "y": 2488.0}, {"x": 115.0, "y": 2537.0}, {"x": 31.0, "y": 2537.0}]}, "description": " ARC:"}, {"boundingPoly": {"vertices": [{"x": 30.0, "y": 2539.0}, {"x": 112.0, "y": 2539.0}, {"x": 112.0, "y": 2588.0}, {"x": 30.0, "y": 2588.0}]}, "description": " TSI:"}, {"boundingPoly": {"vertices": [{"x": 26.0, "y": 2591.0}, {"x": 105.0, "y": 2591.0}, {"x": 105.0, "y": 2641.0}, {"x": 26.0, "y": 2641.0}]}, "description": " IAD:"}, {"boundingPoly": {"vertices": [{"x": 21.0, "y": 2641.0}, {"x": 99.0, "y": 2641.0}, {"x": 99.0, "y": 2695.0}, {"x": 21.0, "y": 2695.0}]}, "description": " TVR:"}, {"boundingPoly": {"vertices": [{"x": 15.0, "y": 2694.0}, {"x": 101.0, "y": 2694.0}, {"x": 101.0, "y": 2745.0}, {"x": 15.0, "y": 2745.0}]}, "description": " AID:"}, {"boundingPoly": {"vertices": [{"x": 10.0, "y": 2747.0}, {"x": 81.0, "y": 2752.0}, {"x": 79.0, "y": 2798.0}, {"x": 8.0, "y": 2793.0}]}, "description": "PAN"}, {"boundingPoly": {"vertices": [{"x": 121.0, "y": 2491.0}, {"x": 172.0, "y": 2491.0}, {"x": 172.0, "y": 2537.0}, {"x": 121.0, "y": 2537.0}]}, "description": " 00"}, {"boundingPoly": {"vertices": [{"x": 119.0, "y": 2543.0}, {"x": 207.0, "y": 2543.0}, {"x": 207.0, "y": 2589.0}, {"x": 119.0, "y": 2589.0}]}, "description": " F800"}, {"boundingPoly": {"vertices": [{"x": 111.0, "y": 2594.0}, {"x": 398.0, "y": 2594.0}, {"x": 398.0, "y": 2653.0}, {"x": 111.0, "y": 2653.0}]}, "description": " 06600103602002"}, {"boundingPoly": {"vertices": [{"x": 106.0, "y": 2646.0}, {"x": 313.0, "y": 2646.0}, {"x": 313.0, "y": 2699.0}, {"x": 106.0, "y": 2699.0}]}, "description": " 0000008000"}, {"boundingPoly": {"vertices": [{"x": 107.0, "y": 2700.0}, {"x": 859.0, "y": 2700.0}, {"x": 859.0, "y": 2778.0}, {"x": 107.0, "y": 2778.0}]}, "description": " A000000025010REDMI NOTE 5 PRO"}, {"boundingPoly": {"vertices": [{"x": 350.0, "y": 2793.0}, {"x": 822.0, "y": 2792.0}, {"x": 822.0, "y": 2847.0}, {"x": 350.0, "y": 2850.0}]}, "description": "MI DUAL CAMERA"}, {"boundingPoly": {"vertices": [{"x": 235.0, "y": 2755.0}, {"x": 294.0, "y": 2760.0}, {"x": 294.0, "y": 2823.0}, {"x": 235.0, "y": 2818.0}]}, "description": "00"}]}