{"textAnnotations": [{"boundingPoly": {"vertices": [{"x": 157.0, "y": 204.0}, {"x": 322.0, "y": 210.0}, {"x": 321.0, "y": 229.0}, {"x": 156.0, "y": 223.0}]}, "description": "merchant name"}, {"boundingPoly": {"vertices": [{"x": 211.0, "y": 234.0}, {"x": 263.0, "y": 235.0}, {"x": 263.0, "y": 253.0}, {"x": 211.0, "y": 251.0}]}, "description": "merchant address"}, {"boundingPoly": {"vertices": [{"x": 29.0, "y": 328.0}, {"x": 73.0, "y": 328.0}, {"x": 73.0, "y": 347.0}, {"x": 29.0, "y": 347.0}]}, "description": " Server"}, {"boundingPoly": {"vertices": [{"x": 32.0, "y": 353.0}, {"x": 79.0, "y": 354.0}, {"x": 79.0, "y": 371.0}, {"x": 31.0, "y": 370.0}]}, "description": "Boss/1"}, {"boundingPoly": {"vertices": [{"x": 32.0, "y": 379.0}, {"x": 90.0, "y": 379.0}, {"x": 90.0, "y": 398.0}, {"x": 32.0, "y": 398.0}]}, "description": " Guests:"}, {"boundingPoly": {"vertices": [{"x": 75.0, "y": 330.0}, {"x": 133.0, "y": 330.0}, {"x": 133.0, "y": 350.0}, {"x": 75.0, "y": 350.0}]}, "description": " : Tavon"}, {"boundingPoly": {"vertices": [{"x": 366.0, "y": 337.0}, {"x": 439.0, "y": 338.0}, {"x": 439.0, "y": 356.0}, {"x": 366.0, "y": 355.0}]}, "description": "11/19/2019"}, {"boundingPoly": {"vertices": [{"x": 386.0, "y": 363.0}, {"x": 440.0, "y": 363.0}, {"x": 440.0, "y": 380.0}, {"x": 386.0, "y": 380.0}]}, "description": " 2:11 PM"}, {"boundingPoly": {"vertices": [{"x": 93.0, "y": 381.0}, {"x": 103.0, "y": 381.0}, {"x": 103.0, "y": 398.0}, {"x": 93.0, "y": 398.0}]}, "description": " 1"}, {"boundingPoly": {"vertices": [{"x": 352.0, "y": 409.0}, {"x": 436.0, "y": 410.0}, {"x": 436.0, "y": 427.0}, {"x": 352.0, "y": 427.0}]}, "description": "#20019"}, {"boundingPoly": {"vertices": [{"x": 34.0, "y": 454.0}, {"x": 156.0, "y": 456.0}, {"x": 155.0, "y": 474.0}, {"x": 34.0, "y": 472.0}]}, "description": "Jerk Chez Burger"}, {"boundingPoly": {"vertices": [{"x": 400.0, "y": 458.0}, {"x": 416.0, "y": 458.0}, {"x": 416.0, "y": 475.0}, {"x": 400.0, "y": 475.0}]}, "description": " 14."}, {"boundingPoly": {"vertices": [{"x": 419.0, "y": 458.0}, {"x": 436.0, "y": 458.0}, {"x": 436.0, "y": 475.0}, {"x": 419.0, "y": 475.0}]}, "description": " 95"}, {"boundingPoly": {"vertices": [{"x": 34.0, "y": 504.0}, {"x": 96.0, "y": 505.0}, {"x": 96.0, "y": 522.0}, {"x": 33.0, "y": 521.0}]}, "description": "Subtotal"}, {"boundingPoly": {"vertices": [{"x": 36.0, "y": 530.0}, {"x": 60.0, "y": 530.0}, {"x": 60.0, "y": 546.0}, {"x": 36.0, "y": 546.0}]}, "description": "Tax"}, {"boundingPoly": {"vertices": [{"x": 399.0, "y": 506.0}, {"x": 436.0, "y": 506.0}, {"x": 436.0, "y": 523.0}, {"x": 399.0, "y": 523.0}]}, "description": "14.95"}, {"boundingPoly": {"vertices": [{"x": 404.0, "y": 529.0}, {"x": 435.0, "y": 529.0}, {"x": 435.0, "y": 546.0}, {"x": 404.0, "y": 546.0}]}, "description": "2.47"}, {"boundingPoly": {"vertices": [{"x": 36.0, "y": 578.0}, {"x": 74.0, "y": 578.0}, {"x": 74.0, "y": 595.0}, {"x": 37.0, "y": 595.0}]}, "description": "Total"}, {"boundingPoly": {"vertices": [{"x": 399.0, "y": 576.0}, {"x": 435.0, "y": 577.0}, {"x": 434.0, "y": 593.0}, {"x": 399.0, "y": 593.0}]}, "description": "17.42"}, {"boundingPoly": {"vertices": [{"x": 37.0, "y": 625.0}, {"x": 120.0, "y": 626.0}, {"x": 120.0, "y": 642.0}, {"x": 37.0, "y": 642.0}]}, "description": "Balance Due"}, {"boundingPoly": {"vertices": [{"x": 46.0, "y": 650.0}, {"x": 228.0, "y": 647.0}, {"x": 228.0, "y": 664.0}, {"x": 46.0, "y": 667.0}]}, "description": "Jamaican Dollars 0.007048"}, {"boundingPoly": {"vertices": [{"x": 46.0, "y": 673.0}, {"x": 136.0, "y": 672.0}, {"x": 136.0, "y": 688.0}, {"x": 46.0, "y": 689.0}]}, "description": "Euro 1.02777"}, {"boundingPoly": {"vertices": [{"x": 47.0, "y": 696.0}, {"x": 207.0, "y": 694.0}, {"x": 207.0, "y": 711.0}, {"x": 47.0, "y": 713.0}]}, "description": "English Pound 1.190527"}, {"boundingPoly": {"vertices": [{"x": 46.0, "y": 720.0}, {"x": 171.0, "y": 718.0}, {"x": 171.0, "y": 736.0}, {"x": 47.0, "y": 738.0}]}, "description": "Canadian 0.727833"}, {"boundingPoly": {"vertices": [{"x": 45.0, "y": 744.0}, {"x": 155.0, "y": 742.0}, {"x": 155.0, "y": 760.0}, {"x": 46.0, "y": 762.0}]}, "description": "Cayman 0.959036"}, {"boundingPoly": {"vertices": [{"x": 392.0, "y": 623.0}, {"x": 435.0, "y": 623.0}, {"x": 434.0, "y": 639.0}, {"x": 392.0, "y": 639.0}]}, "description": "$17.42"}, {"boundingPoly": {"vertices": [{"x": 375.0, "y": 646.0}, {"x": 436.0, "y": 646.0}, {"x": 436.0, "y": 662.0}, {"x": 376.0, "y": 663.0}]}, "description": "2.471.62"}, {"boundingPoly": {"vertices": [{"x": 400.0, "y": 670.0}, {"x": 435.0, "y": 671.0}, {"x": 434.0, "y": 686.0}, {"x": 400.0, "y": 686.0}]}, "description": "16.95"}, {"boundingPoly": {"vertices": [{"x": 399.0, "y": 694.0}, {"x": 436.0, "y": 694.0}, {"x": 436.0, "y": 710.0}, {"x": 399.0, "y": 711.0}]}, "description": "14.63"}, {"boundingPoly": {"vertices": [{"x": 398.0, "y": 718.0}, {"x": 436.0, "y": 719.0}, {"x": 436.0, "y": 735.0}, {"x": 398.0, "y": 735.0}]}, "description": "23.93"}, {"boundingPoly": {"vertices": [{"x": 400.0, "y": 743.0}, {"x": 437.0, "y": 743.0}, {"x": 437.0, "y": 759.0}, {"x": 399.0, "y": 759.0}]}, "description": "18. 16"}, {"boundingPoly": {"vertices": [{"x": 83.0, "y": 791.0}, {"x": 240.0, "y": 791.0}, {"x": 240.0, "y": 809.0}, {"x": 83.0, "y": 809.0}]}, "description": " THANKS FOR JOINING US."}, {"boundingPoly": {"vertices": [{"x": 141.0, "y": 816.0}, {"x": 324.0, "y": 815.0}, {"x": 324.0, "y": 833.0}, {"x": 141.0, "y": 833.0}]}, "description": "WE WOULD LOVE TO SEE THEM"}, {"boundingPoly": {"vertices": [{"x": 110.0, "y": 840.0}, {"x": 226.0, "y": 840.0}, {"x": 226.0, "y": 858.0}, {"x": 110.0, "y": 858.0}]}, "description": " OMVILLECARIBBEAN"}, {"boundingPoly": {"vertices": [{"x": 149.0, "y": 865.0}, {"x": 314.0, "y": 865.0}, {"x": 314.0, "y": 882.0}, {"x": 149.0, "y": 882.0}]}, "description": "WE VALUE YOUR FEEDBACK!"}, {"boundingPoly": {"vertices": [{"x": 110.0, "y": 887.0}, {"x": 366.0, "y": 889.0}, {"x": 366.0, "y": 908.0}, {"x": 109.0, "y": 905.0}]}, "description": "merchant phone"}, {"boundingPoly": {"vertices": [{"x": 124.0, "y": 912.0}, {"x": 352.0, "y": 914.0}, {"x": 352.0, "y": 932.0}, {"x": 124.0, "y": 930.0}]}, "description": "INFO@MARGARITAVILLECARIBBEAN. COM"}, {"boundingPoly": {"vertices": [{"x": 243.0, "y": 791.0}, {"x": 388.0, "y": 791.0}, {"x": 388.0, "y": 809.0}, {"x": 243.0, "y": 809.0}]}, "description": " IF YOU TOOK PICTURES"}, {"boundingPoly": {"vertices": [{"x": 229.0, "y": 841.0}, {"x": 238.0, "y": 841.0}, {"x": 238.0, "y": 858.0}, {"x": 229.0, "y": 858.0}]}, "description": " |"}, {"boundingPoly": {"vertices": [{"x": 241.0, "y": 841.0}, {"x": 360.0, "y": 841.0}, {"x": 360.0, "y": 858.0}, {"x": 241.0, "y": 858.0}]}, "description": " #MVILLECARIBBEAN"}, {"boundingPoly": {"vertices": [{"x": 95.0, "y": 1057.0}, {"x": 129.0, "y": 1043.0}, {"x": 134.0, "y": 1057.0}, {"x": 100.0, "y": 1070.0}]}, "description": "108"}, {"boundingPoly": {"vertices": [{"x": 178.0, "y": 1050.0}, {"x": 215.0, "y": 1038.0}, {"x": 218.0, "y": 1051.0}, {"x": 182.0, "y": 1064.0}]}, "description": "EW"}, {"boundingPoly": {"vertices": [{"x": 102.0, "y": 1077.0}, {"x": 136.0, "y": 1066.0}, {"x": 141.0, "y": 1079.0}, {"x": 106.0, "y": 1090.0}]}, "description": "109"}, {"boundingPoly": {"vertices": [{"x": 185.0, "y": 1069.0}, {"x": 276.0, "y": 1037.0}, {"x": 282.0, "y": 1052.0}, {"x": 190.0, "y": 1086.0}]}, "description": "CHURCH"}]}