{"textAnnotations": [{"boundingPoly": {"vertices": [{"x": 150.0, "y": 94.0}, {"x": 313.0, "y": 79.0}, {"x": 315.0, "y": 120.0}, {"x": 152.0, "y": 138.0}]}, "description": "merchant name"}, {"boundingPoly": {"vertices": [{"x": 170.0, "y": 162.0}, {"x": 369.0, "y": 166.0}, {"x": 369.0, "y": 188.0}, {"x": 169.0, "y": 184.0}]}, "description": "Order # 37"}, {"boundingPoly": {"vertices": [{"x": 183.0, "y": 129.0}, {"x": 304.0, "y": 131.0}, {"x": 303.0, "y": 143.0}, {"x": 183.0, "y": 141.0}]}, "description": "FRESH BURGERS A FRIFS"}, {"boundingPoly": {"vertices": [{"x": 39.0, "y": 207.0}, {"x": 154.0, "y": 210.0}, {"x": 153.0, "y": 230.0}, {"x": 38.0, "y": 227.0}]}, "description": "461 Marissa"}, {"boundingPoly": {"vertices": [{"x": 32.0, "y": 255.0}, {"x": 114.0, "y": 255.0}, {"x": 114.0, "y": 275.0}, {"x": 32.0, "y": 274.0}]}, "description": "Chk 2437"}, {"boundingPoly": {"vertices": [{"x": 223.0, "y": 255.0}, {"x": 262.0, "y": 254.0}, {"x": 262.0, "y": 276.0}, {"x": 223.0, "y": 277.0}]}, "description": "ONLY"}, {"boundingPoly": {"vertices": [{"x": 155.0, "y": 279.0}, {"x": 312.0, "y": 279.0}, {"x": 312.0, "y": 300.0}, {"x": 155.0, "y": 300.0}]}, "description": " Nov11'19 03:55PM"}, {"boundingPoly": {"vertices": [{"x": 366.0, "y": 262.0}, {"x": 404.0, "y": 262.0}, {"x": 404.0, "y": 282.0}, {"x": 366.0, "y": 282.0}]}, "description": " Gst"}, {"boundingPoly": {"vertices": [{"x": 412.0, "y": 264.0}, {"x": 426.0, "y": 264.0}, {"x": 426.0, "y": 282.0}, {"x": 412.0, "y": 282.0}]}, "description": " 2"}, {"boundingPoly": {"vertices": [{"x": 77.0, "y": 318.0}, {"x": 215.0, "y": 319.0}, {"x": 215.0, "y": 342.0}, {"x": 77.0, "y": 341.0}]}, "description": "Dine In"}, {"boundingPoly": {"vertices": [{"x": 77.0, "y": 341.0}, {"x": 236.0, "y": 341.0}, {"x": 236.0, "y": 364.0}, {"x": 77.0, "y": 364.0}]}, "description": " Fruit and cheese"}, {"boundingPoly": {"vertices": [{"x": 74.0, "y": 362.0}, {"x": 119.0, "y": 362.0}, {"x": 119.0, "y": 386.0}, {"x": 74.0, "y": 386.0}]}, "description": " Wrap"}, {"boundingPoly": {"vertices": [{"x": 65.0, "y": 387.0}, {"x": 215.0, "y": 390.0}, {"x": 215.0, "y": 410.0}, {"x": 65.0, "y": 407.0}]}, "description": "XXXXXXXXXXX3003"}, {"boundingPoly": {"vertices": [{"x": 74.0, "y": 413.0}, {"x": 117.0, "y": 413.0}, {"x": 117.0, "y": 433.0}, {"x": 73.0, "y": 432.0}]}, "description": "Amex"}, {"boundingPoly": {"vertices": [{"x": 61.0, "y": 340.0}, {"x": 73.0, "y": 340.0}, {"x": 73.0, "y": 361.0}, {"x": 61.0, "y": 361.0}]}, "description": " 1"}, {"boundingPoly": {"vertices": [{"x": 59.0, "y": 362.0}, {"x": 70.0, "y": 362.0}, {"x": 70.0, "y": 385.0}, {"x": 59.0, "y": 385.0}]}, "description": " 1"}, {"boundingPoly": {"vertices": [{"x": 355.0, "y": 347.0}, {"x": 393.0, "y": 348.0}, {"x": 392.0, "y": 367.0}, {"x": 354.0, "y": 366.0}]}, "description": "7.49"}, {"boundingPoly": {"vertices": [{"x": 354.0, "y": 370.0}, {"x": 395.0, "y": 370.0}, {"x": 394.0, "y": 390.0}, {"x": 354.0, "y": 389.0}]}, "description": "7.99"}, {"boundingPoly": {"vertices": [{"x": 349.0, "y": 418.0}, {"x": 395.0, "y": 418.0}, {"x": 394.0, "y": 439.0}, {"x": 348.0, "y": 438.0}]}, "description": "16.72"}, {"boundingPoly": {"vertices": [{"x": 73.0, "y": 463.0}, {"x": 153.0, "y": 463.0}, {"x": 153.0, "y": 483.0}, {"x": 73.0, "y": 483.0}]}, "description": "Subtotal"}, {"boundingPoly": {"vertices": [{"x": 71.0, "y": 486.0}, {"x": 162.0, "y": 486.0}, {"x": 162.0, "y": 509.0}, {"x": 71.0, "y": 509.0}]}, "description": "Tax Total"}, {"boundingPoly": {"vertices": [{"x": 70.0, "y": 512.0}, {"x": 195.0, "y": 511.0}, {"x": 195.0, "y": 534.0}, {"x": 70.0, "y": 535.0}]}, "description": "Payment Made"}, {"boundingPoly": {"vertices": [{"x": 348.0, "y": 466.0}, {"x": 395.0, "y": 467.0}, {"x": 395.0, "y": 487.0}, {"x": 348.0, "y": 487.0}]}, "description": "15.48"}, {"boundingPoly": {"vertices": [{"x": 356.0, "y": 492.0}, {"x": 396.0, "y": 492.0}, {"x": 396.0, "y": 511.0}, {"x": 356.0, "y": 511.0}]}, "description": "1.24"}, {"boundingPoly": {"vertices": [{"x": 347.0, "y": 515.0}, {"x": 396.0, "y": 515.0}, {"x": 395.0, "y": 538.0}, {"x": 347.0, "y": 538.0}]}, "description": "16.72"}, {"boundingPoly": {"vertices": [{"x": 72.0, "y": 563.0}, {"x": 163.0, "y": 563.0}, {"x": 163.0, "y": 584.0}, {"x": 72.0, "y": 583.0}]}, "description": "Sales Tax"}, {"boundingPoly": {"vertices": [{"x": 355.0, "y": 566.0}, {"x": 397.0, "y": 567.0}, {"x": 397.0, "y": 586.0}, {"x": 355.0, "y": 585.0}]}, "description": "1.24"}]}