{"textAnnotations": [{"boundingPoly": {"vertices": [{"x": 497.0, "y": 459.0}, {"x": 1004.0, "y": 426.0}, {"x": 1008.0, "y": 494.0}, {"x": 499.0, "y": 515.0}]}, "description": "merchant name"}, {"boundingPoly": {"vertices": [{"x": 497.0, "y": 528.0}, {"x": 1013.0, "y": 504.0}, {"x": 1016.0, "y": 566.0}, {"x": 497.0, "y": 581.0}]}, "description": "merchant address"}, {"boundingPoly": {"vertices": [{"x": 646.0, "y": 599.0}, {"x": 908.0, "y": 598.0}, {"x": 909.0, "y": 644.0}, {"x": 646.0, "y": 645.0}]}, "description": "merchant phone"}, {"boundingPoly": {"vertices": [{"x": 332.0, "y": 801.0}, {"x": 430.0, "y": 802.0}, {"x": 429.0, "y": 849.0}, {"x": 331.0, "y": 848.0}]}, "description": "DATE"}, {"boundingPoly": {"vertices": [{"x": 671.0, "y": 807.0}, {"x": 890.0, "y": 806.0}, {"x": 890.0, "y": 854.0}, {"x": 671.0, "y": 855.0}]}, "description": "11/22/2019"}, {"boundingPoly": {"vertices": [{"x": 465.0, "y": 876.0}, {"x": 734.0, "y": 875.0}, {"x": 735.0, "y": 924.0}, {"x": 465.0, "y": 925.0}]}, "description": "LG COFFEE T1"}, {"boundingPoly": {"vertices": [{"x": 466.0, "y": 946.0}, {"x": 867.0, "y": 946.0}, {"x": 867.0, "y": 994.0}, {"x": 466.0, "y": 995.0}]}, "description": "SCOOP CHK SALAD T1"}, {"boundingPoly": {"vertices": [{"x": 460.0, "y": 1020.0}, {"x": 820.0, "y": 1018.0}, {"x": 820.0, "y": 1066.0}, {"x": 461.0, "y": 1068.0}]}, "description": "20oz AQUAFINA T1"}, {"boundingPoly": {"vertices": [{"x": 462.0, "y": 1093.0}, {"x": 647.0, "y": 1093.0}, {"x": 647.0, "y": 1141.0}, {"x": 462.0, "y": 1140.0}]}, "description": "TAX1 AMT"}, {"boundingPoly": {"vertices": [{"x": 460.0, "y": 1168.0}, {"x": 576.0, "y": 1169.0}, {"x": 575.0, "y": 1216.0}, {"x": 460.0, "y": 1216.0}]}, "description": "TOTAL"}, {"boundingPoly": {"vertices": [{"x": 458.0, "y": 1246.0}, {"x": 598.0, "y": 1244.0}, {"x": 597.0, "y": 1291.0}, {"x": 459.0, "y": 1294.0}]}, "description": "CHARGE"}, {"boundingPoly": {"vertices": [{"x": 1134.0, "y": 793.0}, {"x": 1204.0, "y": 791.0}, {"x": 1206.0, "y": 841.0}, {"x": 1136.0, "y": 844.0}]}, "description": "FRI"}, {"boundingPoly": {"vertices": [{"x": 1099.0, "y": 872.0}, {"x": 1209.0, "y": 868.0}, {"x": 1209.0, "y": 917.0}, {"x": 1101.0, "y": 922.0}]}, "description": "$2.59"}, {"boundingPoly": {"vertices": [{"x": 1105.0, "y": 944.0}, {"x": 1217.0, "y": 943.0}, {"x": 1216.0, "y": 992.0}, {"x": 1106.0, "y": 994.0}]}, "description": "$7.99"}, {"boundingPoly": {"vertices": [{"x": 1112.0, "y": 1017.0}, {"x": 1225.0, "y": 1018.0}, {"x": 1224.0, "y": 1067.0}, {"x": 1112.0, "y": 1067.0}]}, "description": "$2.59"}, {"boundingPoly": {"vertices": [{"x": 1113.0, "y": 1094.0}, {"x": 1233.0, "y": 1097.0}, {"x": 1232.0, "y": 1142.0}, {"x": 1112.0, "y": 1140.0}]}, "description": "$1.09"}, {"boundingPoly": {"vertices": [{"x": 1096.0, "y": 1166.0}, {"x": 1237.0, "y": 1168.0}, {"x": 1237.0, "y": 1216.0}, {"x": 1095.0, "y": 1216.0}]}, "description": "$14.26"}, {"boundingPoly": {"vertices": [{"x": 1097.0, "y": 1241.0}, {"x": 1237.0, "y": 1241.0}, {"x": 1238.0, "y": 1290.0}, {"x": 1095.0, "y": 1290.0}]}, "description": "$14.26"}, {"boundingPoly": {"vertices": [{"x": 1101.0, "y": 1319.0}, {"x": 1240.0, "y": 1316.0}, {"x": 1239.0, "y": 1366.0}, {"x": 1101.0, "y": 1368.0}]}, "description": "$14.26"}, {"boundingPoly": {"vertices": [{"x": 310.0, "y": 1321.0}, {"x": 412.0, "y": 1320.0}, {"x": 411.0, "y": 1372.0}, {"x": 310.0, "y": 1373.0}]}, "description": "SALE"}, {"boundingPoly": {"vertices": [{"x": 308.0, "y": 1400.0}, {"x": 670.0, "y": 1396.0}, {"x": 671.0, "y": 1447.0}, {"x": 308.0, "y": 1448.0}]}, "description": "*********** 1006"}, {"boundingPoly": {"vertices": [{"x": 417.0, "y": 1478.0}, {"x": 575.0, "y": 1478.0}, {"x": 575.0, "y": 1532.0}, {"x": 417.0, "y": 1532.0}]}, "description": " 581059"}, {"boundingPoly": {"vertices": [{"x": 420.0, "y": 1558.0}, {"x": 618.0, "y": 1558.0}, {"x": 618.0, "y": 1612.0}, {"x": 420.0, "y": 1612.0}]}, "description": " 00000000"}, {"boundingPoly": {"vertices": [{"x": 419.0, "y": 1640.0}, {"x": 498.0, "y": 1640.0}, {"x": 498.0, "y": 1694.0}, {"x": 419.0, "y": 1694.0}]}, "description": " 108"}, {"boundingPoly": {"vertices": [{"x": 303.0, "y": 1480.0}, {"x": 408.0, "y": 1480.0}, {"x": 408.0, "y": 1532.0}, {"x": 303.0, "y": 1532.0}]}, "description": " APP:"}, {"boundingPoly": {"vertices": [{"x": 304.0, "y": 1561.0}, {"x": 410.0, "y": 1561.0}, {"x": 410.0, "y": 1614.0}, {"x": 304.0, "y": 1614.0}]}, "description": " REF:"}, {"boundingPoly": {"vertices": [{"x": 296.0, "y": 1642.0}, {"x": 409.0, "y": 1642.0}, {"x": 409.0, "y": 1698.0}, {"x": 296.0, "y": 1698.0}]}, "description": " REC:"}, {"boundingPoly": {"vertices": [{"x": 589.0, "y": 1716.0}, {"x": 954.0, "y": 1717.0}, {"x": 954.0, "y": 1769.0}, {"x": 589.0, "y": 1767.0}]}, "description": "* ORDER# 0177 *"}, {"boundingPoly": {"vertices": [{"x": 287.0, "y": 1800.0}, {"x": 899.0, "y": 1788.0}, {"x": 901.0, "y": 1856.0}, {"x": 288.0, "y": 1870.0}]}, "description": "NO. 431678 REG01 CASHIER 1"}, {"boundingPoly": {"vertices": [{"x": 1020.0, "y": 1794.0}, {"x": 1263.0, "y": 1794.0}, {"x": 1263.0, "y": 1853.0}, {"x": 1020.0, "y": 1853.0}]}, "description": " TIME 11:34"}]}