{"textAnnotations": [{"boundingPoly": {"vertices": [{"x": 406.0, "y": 136.0}, {"x": 651.0, "y": 141.0}, {"x": 650.0, "y": 167.0}, {"x": 406.0, "y": 161.0}]}, "description": "merchant name"}, {"boundingPoly": {"vertices": [{"x": 218.0, "y": 160.0}, {"x": 328.0, "y": 160.0}, {"x": 328.0, "y": 191.0}, {"x": 218.0, "y": 191.0}]}, "description": "merchant name"}, {"boundingPoly": {"vertices": [{"x": 333.0, "y": 163.0}, {"x": 858.0, "y": 163.0}, {"x": 858.0, "y": 202.0}, {"x": 333.0, "y": 202.0}]}, "description": "merchant name"}, {"boundingPoly": {"vertices": [{"x": 279.0, "y": 225.0}, {"x": 772.0, "y": 231.0}, {"x": 772.0, "y": 260.0}, {"x": 279.0, "y": 254.0}]}, "description": "merchant address"}, {"boundingPoly": {"vertices": [{"x": 275.0, "y": 258.0}, {"x": 733.0, "y": 262.0}, {"x": 733.0, "y": 292.0}, {"x": 275.0, "y": 288.0}]}, "description": "merchant phone"}, {"boundingPoly": {"vertices": [{"x": 171.0, "y": 294.0}, {"x": 316.0, "y": 294.0}, {"x": 316.0, "y": 327.0}, {"x": 171.0, "y": 327.0}]}, "description": "Order No"}, {"boundingPoly": {"vertices": [{"x": 385.0, "y": 195.0}, {"x": 686.0, "y": 200.0}, {"x": 685.0, "y": 227.0}, {"x": 385.0, "y": 221.0}]}, "description": "merchant address"}, {"boundingPoly": {"vertices": [{"x": 364.0, "y": 294.0}, {"x": 563.0, "y": 294.0}, {"x": 563.0, "y": 328.0}, {"x": 364.0, "y": 328.0}]}, "description": " : 000085373"}, {"boundingPoly": {"vertices": [{"x": 783.0, "y": 328.0}, {"x": 951.0, "y": 319.0}, {"x": 954.0, "y": 372.0}, {"x": 785.0, "y": 380.0}]}, "description": "-HOW"}, {"boundingPoly": {"vertices": [{"x": 810.0, "y": 394.0}, {"x": 942.0, "y": 389.0}, {"x": 944.0, "y": 434.0}, {"x": 811.0, "y": 438.0}]}, "description": "pibal"}, {"boundingPoly": {"vertices": [{"x": 167.0, "y": 372.0}, {"x": 301.0, "y": 372.0}, {"x": 301.0, "y": 406.0}, {"x": 167.0, "y": 406.0}]}, "description": " BILL NO"}, {"boundingPoly": {"vertices": [{"x": 163.0, "y": 412.0}, {"x": 399.0, "y": 410.0}, {"x": 399.0, "y": 441.0}, {"x": 163.0, "y": 444.0}]}, "description": "DATE AND TIME"}, {"boundingPoly": {"vertices": [{"x": 161.0, "y": 448.0}, {"x": 486.0, "y": 448.0}, {"x": 486.0, "y": 486.0}, {"x": 161.0, "y": 486.0}]}, "description": " 21/10/2019 8:35 AM"}, {"boundingPoly": {"vertices": [{"x": 302.0, "y": 488.0}, {"x": 519.0, "y": 488.0}, {"x": 519.0, "y": 524.0}, {"x": 302.0, "y": 524.0}]}, "description": " :DIPENDU DEY"}, {"boundingPoly": {"vertices": [{"x": 307.0, "y": 372.0}, {"x": 610.0, "y": 372.0}, {"x": 610.0, "y": 405.0}, {"x": 307.0, "y": 405.0}]}, "description": " : 103274100085037"}, {"boundingPoly": {"vertices": [{"x": 534.0, "y": 412.0}, {"x": 595.0, "y": 410.0}, {"x": 595.0, "y": 440.0}, {"x": 534.0, "y": 441.0}]}, "description": "PAX"}, {"boundingPoly": {"vertices": [{"x": 532.0, "y": 452.0}, {"x": 553.0, "y": 455.0}, {"x": 551.0, "y": 480.0}, {"x": 530.0, "y": 477.0}]}, "description": "1"}, {"boundingPoly": {"vertices": [{"x": 158.0, "y": 490.0}, {"x": 296.0, "y": 490.0}, {"x": 296.0, "y": 526.0}, {"x": 158.0, "y": 526.0}]}, "description": " CASHIER"}, {"boundingPoly": {"vertices": [{"x": 209.0, "y": 571.0}, {"x": 448.0, "y": 568.0}, {"x": 448.0, "y": 603.0}, {"x": 209.0, "y": 607.0}]}, "description": "Qty Menu Item"}, {"boundingPoly": {"vertices": [{"x": 619.0, "y": 569.0}, {"x": 700.0, "y": 568.0}, {"x": 699.0, "y": 599.0}, {"x": 619.0, "y": 600.0}]}, "description": "Rate"}, {"boundingPoly": {"vertices": [{"x": 743.0, "y": 568.0}, {"x": 857.0, "y": 567.0}, {"x": 857.0, "y": 601.0}, {"x": 743.0, "y": 602.0}]}, "description": "Amount"}, {"boundingPoly": {"vertices": [{"x": 152.0, "y": 653.0}, {"x": 394.0, "y": 653.0}, {"x": 394.0, "y": 690.0}, {"x": 152.0, "y": 690.0}]}, "description": " SAC/HSN Code:"}, {"boundingPoly": {"vertices": [{"x": 241.0, "y": 695.0}, {"x": 267.0, "y": 695.0}, {"x": 267.0, "y": 731.0}, {"x": 241.0, "y": 731.0}]}, "description": " 1"}, {"boundingPoly": {"vertices": [{"x": 400.0, "y": 651.0}, {"x": 510.0, "y": 651.0}, {"x": 510.0, "y": 688.0}, {"x": 400.0, "y": 688.0}]}, "description": " 996331"}, {"boundingPoly": {"vertices": [{"x": 274.0, "y": 695.0}, {"x": 553.0, "y": 695.0}, {"x": 553.0, "y": 730.0}, {"x": 274.0, "y": 730.0}]}, "description": " CHICKEN JUNGLEE"}, {"boundingPoly": {"vertices": [{"x": 277.0, "y": 737.0}, {"x": 427.0, "y": 736.0}, {"x": 428.0, "y": 771.0}, {"x": 277.0, "y": 772.0}]}, "description": "SANDWICH"}, {"boundingPoly": {"vertices": [{"x": 271.0, "y": 779.0}, {"x": 390.0, "y": 779.0}, {"x": 390.0, "y": 815.0}, {"x": 271.0, "y": 815.0}]}, "description": " CHEESE"}, {"boundingPoly": {"vertices": [{"x": 275.0, "y": 823.0}, {"x": 591.0, "y": 823.0}, {"x": 591.0, "y": 859.0}, {"x": 275.0, "y": 859.0}]}, "description": " THE ORIGINAL ANAR"}, {"boundingPoly": {"vertices": [{"x": 275.0, "y": 865.0}, {"x": 534.0, "y": 864.0}, {"x": 534.0, "y": 900.0}, {"x": 275.0, "y": 902.0}]}, "description": "SHIKANJI 200ML"}, {"boundingPoly": {"vertices": [{"x": 103.0, "y": 773.0}, {"x": 264.0, "y": 773.0}, {"x": 264.0, "y": 814.0}, {"x": 103.0, "y": 814.0}]}, "description": " 00.20 1"}, {"boundingPoly": {"vertices": [{"x": 238.0, "y": 823.0}, {"x": 269.0, "y": 823.0}, {"x": 269.0, "y": 859.0}, {"x": 238.0, "y": 859.0}]}, "description": " 1"}, {"boundingPoly": {"vertices": [{"x": 602.0, "y": 738.0}, {"x": 723.0, "y": 737.0}, {"x": 723.0, "y": 771.0}, {"x": 602.0, "y": 771.0}]}, "description": "200.00"}, {"boundingPoly": {"vertices": [{"x": 616.0, "y": 779.0}, {"x": 720.0, "y": 779.0}, {"x": 720.0, "y": 814.0}, {"x": 616.0, "y": 814.0}]}, "description": "28.57"}, {"boundingPoly": {"vertices": [{"x": 740.0, "y": 738.0}, {"x": 861.0, "y": 737.0}, {"x": 861.0, "y": 771.0}, {"x": 740.0, "y": 771.0}]}, "description": "200.00"}, {"boundingPoly": {"vertices": [{"x": 760.0, "y": 781.0}, {"x": 856.0, "y": 780.0}, {"x": 856.0, "y": 814.0}, {"x": 760.0, "y": 813.0}]}, "description": "28.57"}, {"boundingPoly": {"vertices": [{"x": 139.0, "y": 843.0}, {"x": 252.0, "y": 842.0}, {"x": 252.0, "y": 877.0}, {"x": 139.0, "y": 878.0}]}, "description": "mos"}, {"boundingPoly": {"vertices": [{"x": 620.0, "y": 864.0}, {"x": 714.0, "y": 864.0}, {"x": 714.0, "y": 898.0}, {"x": 620.0, "y": 899.0}]}, "description": "95.24"}, {"boundingPoly": {"vertices": [{"x": 761.0, "y": 864.0}, {"x": 859.0, "y": 864.0}, {"x": 859.0, "y": 897.0}, {"x": 762.0, "y": 898.0}]}, "description": "95.24"}, {"boundingPoly": {"vertices": [{"x": 280.0, "y": 948.0}, {"x": 369.0, "y": 949.0}, {"x": 368.0, "y": 982.0}, {"x": 279.0, "y": 983.0}]}, "description": "Total"}, {"boundingPoly": {"vertices": [{"x": 746.0, "y": 945.0}, {"x": 851.0, "y": 944.0}, {"x": 851.0, "y": 977.0}, {"x": 746.0, "y": 979.0}]}, "description": "323.81"}, {"boundingPoly": {"vertices": [{"x": 270.0, "y": 1011.0}, {"x": 477.0, "y": 1011.0}, {"x": 477.0, "y": 1037.0}, {"x": 270.0, "y": 1038.0}]}, "description": "CGST @ 2.5%"}, {"boundingPoly": {"vertices": [{"x": 262.0, "y": 1038.0}, {"x": 475.0, "y": 1038.0}, {"x": 476.0, "y": 1066.0}, {"x": 262.0, "y": 1068.0}]}, "description": "SGST @ 2.5%"}, {"boundingPoly": {"vertices": [{"x": 786.0, "y": 1013.0}, {"x": 863.0, "y": 1012.0}, {"x": 863.0, "y": 1036.0}, {"x": 787.0, "y": 1038.0}]}, "description": "8.10"}, {"boundingPoly": {"vertices": [{"x": 787.0, "y": 1036.0}, {"x": 869.0, "y": 1032.0}, {"x": 870.0, "y": 1061.0}, {"x": 788.0, "y": 1064.0}]}, "description": "8.10"}, {"boundingPoly": {"vertices": [{"x": 125.0, "y": 1107.0}, {"x": 471.0, "y": 1104.0}, {"x": 471.0, "y": 1139.0}, {"x": 125.0, "y": 1141.0}]}, "description": "no12 Grand Total"}, {"boundingPoly": {"vertices": [{"x": 126.0, "y": 1158.0}, {"x": 340.0, "y": 1152.0}, {"x": 342.0, "y": 1196.0}, {"x": 128.0, "y": 1204.0}]}, "description": "810.00"}, {"boundingPoly": {"vertices": [{"x": 171.0, "y": 1223.0}, {"x": 508.0, "y": 1223.0}, {"x": 508.0, "y": 1270.0}, {"x": 171.0, "y": 1270.0}]}, "description": " :- 19AAECT8193LIZJ"}, {"boundingPoly": {"vertices": [{"x": 752.0, "y": 1099.0}, {"x": 869.0, "y": 1097.0}, {"x": 870.0, "y": 1126.0}, {"x": 753.0, "y": 1128.0}]}, "description": "340.00"}, {"boundingPoly": {"vertices": [{"x": 863.0, "y": 1139.0}, {"x": 971.0, "y": 1122.0}, {"x": 977.0, "y": 1177.0}, {"x": 873.0, "y": 1195.0}]}, "description": "OW"}, {"boundingPoly": {"vertices": [{"x": 836.0, "y": 1206.0}, {"x": 969.0, "y": 1203.0}, {"x": 968.0, "y": 1259.0}, {"x": 838.0, "y": 1262.0}]}, "description": "oibail"}, {"boundingPoly": {"vertices": [{"x": 115.0, "y": 1232.0}, {"x": 165.0, "y": 1232.0}, {"x": 165.0, "y": 1271.0}, {"x": 115.0, "y": 1271.0}]}, "description": " GST"}, {"boundingPoly": {"vertices": [{"x": 114.0, "y": 1279.0}, {"x": 648.0, "y": 1266.0}, {"x": 649.0, "y": 1305.0}, {"x": 114.0, "y": 1317.0}]}, "description": "Thank You ....... Visit Again"}, {"boundingPoly": {"vertices": [{"x": 108.0, "y": 1324.0}, {"x": 709.0, "y": 1313.0}, {"x": 710.0, "y": 1350.0}, {"x": 108.0, "y": 1364.0}]}, "description": "For Feedback/Comments Write on"}, {"boundingPoly": {"vertices": [{"x": 106.0, "y": 1373.0}, {"x": 870.0, "y": 1357.0}, {"x": 871.0, "y": 1395.0}, {"x": 106.0, "y": 1413.0}]}, "description": "customerservice@travelfoodservices.com"}, {"boundingPoly": {"vertices": [{"x": 104.0, "y": 1421.0}, {"x": 252.0, "y": 1417.0}, {"x": 253.0, "y": 1457.0}, {"x": 105.0, "y": 1462.0}]}, "description": "E & O E"}, {"boundingPoly": {"vertices": [{"x": 582.0, "y": 1552.0}, {"x": 771.0, "y": 1547.0}, {"x": 772.0, "y": 1597.0}, {"x": 582.0, "y": 1601.0}]}, "description": "Signature"}, {"boundingPoly": {"vertices": [{"x": 103.0, "y": 1661.0}, {"x": 339.0, "y": 1661.0}, {"x": 339.0, "y": 1708.0}, {"x": 103.0, "y": 1708.0}]}, "description": " Credit Card"}, {"boundingPoly": {"vertices": [{"x": 104.0, "y": 1729.0}, {"x": 152.0, "y": 1728.0}, {"x": 152.0, "y": 1740.0}, {"x": 104.0, "y": 1742.0}]}, "description": "......."}, {"boundingPoly": {"vertices": [{"x": 346.0, "y": 1658.0}, {"x": 477.0, "y": 1658.0}, {"x": 477.0, "y": 1701.0}, {"x": 346.0, "y": 1701.0}]}, "description": " : AMEX"}]}