{"textAnnotations": [{"boundingPoly": {"vertices": [{"x": 185.0, "y": 99.0}, {"x": 327.0, "y": 103.0}, {"x": 326.0, "y": 136.0}, {"x": 185.0, "y": 132.0}]}, "description": "merchant name"}, {"boundingPoly": {"vertices": [{"x": 237.0, "y": 142.0}, {"x": 383.0, "y": 143.0}, {"x": 383.0, "y": 175.0}, {"x": 237.0, "y": 174.0}]}, "description": "merchant name"}, {"boundingPoly": {"vertices": [{"x": 193.0, "y": 197.0}, {"x": 369.0, "y": 200.0}, {"x": 368.0, "y": 226.0}, {"x": 192.0, "y": 222.0}]}, "description": "merchant name"}, {"boundingPoly": {"vertices": [{"x": 159.0, "y": 245.0}, {"x": 385.0, "y": 251.0}, {"x": 384.0, "y": 273.0}, {"x": 159.0, "y": 266.0}]}, "description": "merchant address"}, {"boundingPoly": {"vertices": [{"x": 208.0, "y": 222.0}, {"x": 338.0, "y": 226.0}, {"x": 337.0, "y": 248.0}, {"x": 208.0, "y": 244.0}]}, "description": "merchant address"}, {"boundingPoly": {"vertices": [{"x": 81.0, "y": 264.0}, {"x": 461.0, "y": 277.0}, {"x": 460.0, "y": 302.0}, {"x": 80.0, "y": 290.0}]}, "description": "merchant phone"}, {"boundingPoly": {"vertices": [{"x": 128.0, "y": 312.0}, {"x": 412.0, "y": 320.0}, {"x": 412.0, "y": 341.0}, {"x": 127.0, "y": 331.0}]}, "description": "Welcome to Taylor Coffee Shop"}, {"boundingPoly": {"vertices": [{"x": 193.0, "y": 358.0}, {"x": 354.0, "y": 358.0}, {"x": 354.0, "y": 379.0}, {"x": 193.0, "y": 379.0}]}, "description": "Order#26"}, {"boundingPoly": {"vertices": [{"x": 392.0, "y": 383.0}, {"x": 517.0, "y": 383.0}, {"x": 517.0, "y": 403.0}, {"x": 392.0, "y": 403.0}]}, "description": "Togo Walk in"}, {"boundingPoly": {"vertices": [{"x": 331.0, "y": 406.0}, {"x": 515.0, "y": 405.0}, {"x": 515.0, "y": 426.0}, {"x": 331.0, "y": 427.0}]}, "description": "Guest #26"}, {"boundingPoly": {"vertices": [{"x": 36.0, "y": 432.0}, {"x": 92.0, "y": 432.0}, {"x": 92.0, "y": 453.0}, {"x": 36.0, "y": 453.0}]}, "description": " Date:"}, {"boundingPoly": {"vertices": [{"x": 36.0, "y": 457.0}, {"x": 111.0, "y": 457.0}, {"x": 111.0, "y": 477.0}, {"x": 36.0, "y": 477.0}]}, "description": " Server:"}, {"boundingPoly": {"vertices": [{"x": 96.0, "y": 431.0}, {"x": 276.0, "y": 431.0}, {"x": 276.0, "y": 453.0}, {"x": 96.0, "y": 453.0}]}, "description": " 11/12/2019 8:17 AM"}, {"boundingPoly": {"vertices": [{"x": 115.0, "y": 457.0}, {"x": 175.0, "y": 457.0}, {"x": 175.0, "y": 479.0}, {"x": 115.0, "y": 479.0}]}, "description": " Je aey"}, {"boundingPoly": {"vertices": [{"x": 465.0, "y": 453.0}, {"x": 515.0, "y": 453.0}, {"x": 515.0, "y": 478.0}, {"x": 464.0, "y": 477.0}]}, "description": "(T.1)"}, {"boundingPoly": {"vertices": [{"x": 35.0, "y": 504.0}, {"x": 186.0, "y": 504.0}, {"x": 186.0, "y": 525.0}, {"x": 35.0, "y": 525.0}]}, "description": "Swedish Pancake"}, {"boundingPoly": {"vertices": [{"x": 49.0, "y": 528.0}, {"x": 124.0, "y": 527.0}, {"x": 125.0, "y": 551.0}, {"x": 49.0, "y": 552.0}]}, "description": "[Fruits]"}, {"boundingPoly": {"vertices": [{"x": 37.0, "y": 550.0}, {"x": 108.0, "y": 550.0}, {"x": 108.0, "y": 574.0}, {"x": 37.0, "y": 574.0}]}, "description": "Bag Fee"}, {"boundingPoly": {"vertices": [{"x": 449.0, "y": 502.0}, {"x": 515.0, "y": 502.0}, {"x": 515.0, "y": 526.0}, {"x": 449.0, "y": 526.0}]}, "description": "$19.00"}, {"boundingPoly": {"vertices": [{"x": 458.0, "y": 550.0}, {"x": 511.0, "y": 550.0}, {"x": 511.0, "y": 569.0}, {"x": 459.0, "y": 570.0}]}, "description": "$0.10"}, {"boundingPoly": {"vertices": [{"x": 36.0, "y": 600.0}, {"x": 184.0, "y": 599.0}, {"x": 184.0, "y": 620.0}, {"x": 36.0, "y": 622.0}]}, "description": "Total 2 item(s)"}, {"boundingPoly": {"vertices": [{"x": 35.0, "y": 625.0}, {"x": 335.0, "y": 621.0}, {"x": 335.0, "y": 642.0}, {"x": 35.0, "y": 647.0}]}, "description": "SF Employee Benefit Mandate 4%"}, {"boundingPoly": {"vertices": [{"x": 35.0, "y": 650.0}, {"x": 129.0, "y": 649.0}, {"x": 129.0, "y": 669.0}, {"x": 35.0, "y": 671.0}]}, "description": "Sales Tax"}, {"boundingPoly": {"vertices": [{"x": 449.0, "y": 597.0}, {"x": 513.0, "y": 597.0}, {"x": 514.0, "y": 617.0}, {"x": 449.0, "y": 618.0}]}, "description": "$19.10"}, {"boundingPoly": {"vertices": [{"x": 461.0, "y": 622.0}, {"x": 514.0, "y": 620.0}, {"x": 515.0, "y": 642.0}, {"x": 461.0, "y": 643.0}]}, "description": "$0.76"}, {"boundingPoly": {"vertices": [{"x": 462.0, "y": 645.0}, {"x": 516.0, "y": 644.0}, {"x": 517.0, "y": 669.0}, {"x": 462.0, "y": 669.0}]}, "description": "$1.68"}, {"boundingPoly": {"vertices": [{"x": 42.0, "y": 705.0}, {"x": 80.0, "y": 704.0}, {"x": 80.0, "y": 712.0}, {"x": 42.0, "y": 713.0}]}, "description": "-----"}, {"boundingPoly": {"vertices": [{"x": 99.0, "y": 704.0}, {"x": 120.0, "y": 704.0}, {"x": 120.0, "y": 711.0}, {"x": 99.0, "y": 711.0}]}, "description": "--"}, {"boundingPoly": {"vertices": [{"x": 201.0, "y": 703.0}, {"x": 238.0, "y": 703.0}, {"x": 237.0, "y": 712.0}, {"x": 201.0, "y": 711.0}]}, "description": "===="}, {"boundingPoly": {"vertices": [{"x": 339.0, "y": 702.0}, {"x": 384.0, "y": 702.0}, {"x": 384.0, "y": 709.0}, {"x": 339.0, "y": 709.0}]}, "description": "----"}, {"boundingPoly": {"vertices": [{"x": 386.0, "y": 702.0}, {"x": 427.0, "y": 703.0}, {"x": 426.0, "y": 712.0}, {"x": 385.0, "y": 709.0}]}, "description": "===="}, {"boundingPoly": {"vertices": [{"x": 456.0, "y": 702.0}, {"x": 495.0, "y": 703.0}, {"x": 495.0, "y": 709.0}, {"x": 456.0, "y": 709.0}]}, "description": "----"}, {"boundingPoly": {"vertices": [{"x": 465.0, "y": 707.0}, {"x": 487.0, "y": 708.0}, {"x": 486.0, "y": 713.0}, {"x": 465.0, "y": 713.0}]}, "description": "--"}, {"boundingPoly": {"vertices": [{"x": 32.0, "y": 725.0}, {"x": 251.0, "y": 720.0}, {"x": 252.0, "y": 759.0}, {"x": 33.0, "y": 763.0}]}, "description": "Grand Total"}, {"boundingPoly": {"vertices": [{"x": 33.0, "y": 788.0}, {"x": 130.0, "y": 785.0}, {"x": 131.0, "y": 810.0}, {"x": 34.0, "y": 813.0}]}, "description": "Tip Guide"}, {"boundingPoly": {"vertices": [{"x": 391.0, "y": 723.0}, {"x": 518.0, "y": 722.0}, {"x": 518.0, "y": 760.0}, {"x": 391.0, "y": 761.0}]}, "description": "$21.54"}, {"boundingPoly": {"vertices": [{"x": 36.0, "y": 811.0}, {"x": 346.0, "y": 807.0}, {"x": 347.0, "y": 833.0}, {"x": 36.0, "y": 838.0}]}, "description": "15%=$2.87, 18%=$3.44, 20%=$3.82"}, {"boundingPoly": {"vertices": [{"x": 176.0, "y": 859.0}, {"x": 372.0, "y": 862.0}, {"x": 372.0, "y": 884.0}, {"x": 176.0, "y": 880.0}]}, "description": "Thank you very much."}, {"boundingPoly": {"vertices": [{"x": 190.0, "y": 882.0}, {"x": 353.0, "y": 885.0}, {"x": 353.0, "y": 910.0}, {"x": 190.0, "y": 907.0}]}, "description": "Come back again."}]}