{"textAnnotations": [{"boundingPoly": {"vertices": [{"x": 423.0, "y": 138.0}, {"x": 765.0, "y": 149.0}, {"x": 763.0, "y": 210.0}, {"x": 421.0, "y": 198.0}]}, "description": "merchant name"}, {"boundingPoly": {"vertices": [{"x": 468.0, "y": 215.0}, {"x": 714.0, "y": 222.0}, {"x": 714.0, "y": 250.0}, {"x": 468.0, "y": 244.0}]}, "description": "merchant address"}, {"boundingPoly": {"vertices": [{"x": 514.0, "y": 254.0}, {"x": 660.0, "y": 259.0}, {"x": 659.0, "y": 287.0}, {"x": 513.0, "y": 282.0}]}, "description": "merchant address"}, {"boundingPoly": {"vertices": [{"x": 469.0, "y": 293.0}, {"x": 704.0, "y": 298.0}, {"x": 703.0, "y": 327.0}, {"x": 469.0, "y": 321.0}]}, "description": "merchant address"}, {"boundingPoly": {"vertices": [{"x": 362.0, "y": 330.0}, {"x": 534.0, "y": 330.0}, {"x": 534.0, "y": 362.0}, {"x": 362.0, "y": 362.0}]}, "description": " 01711 REG:"}, {"boundingPoly": {"vertices": [{"x": 257.0, "y": 367.0}, {"x": 619.0, "y": 372.0}, {"x": 618.0, "y": 402.0}, {"x": 257.0, "y": 395.0}]}, "description": "ASPERCREAM WTIH LIDOCAIN"}, {"boundingPoly": {"vertices": [{"x": 257.0, "y": 407.0}, {"x": 443.0, "y": 409.0}, {"x": 443.0, "y": 437.0}, {"x": 257.0, "y": 434.0}]}, "description": "041167058206"}, {"boundingPoly": {"vertices": [{"x": 262.0, "y": 444.0}, {"x": 386.0, "y": 446.0}, {"x": 386.0, "y": 475.0}, {"x": 261.0, "y": 473.0}]}, "description": "SUBTOTAL"}, {"boundingPoly": {"vertices": [{"x": 259.0, "y": 485.0}, {"x": 340.0, "y": 485.0}, {"x": 340.0, "y": 538.0}, {"x": 260.0, "y": 538.0}]}, "description": "TOTAL"}, {"boundingPoly": {"vertices": [{"x": 263.0, "y": 546.0}, {"x": 490.0, "y": 547.0}, {"x": 490.0, "y": 576.0}, {"x": 263.0, "y": 574.0}]}, "description": "AMOUNT TENDERED"}, {"boundingPoly": {"vertices": [{"x": 265.0, "y": 590.0}, {"x": 331.0, "y": 589.0}, {"x": 332.0, "y": 634.0}, {"x": 266.0, "y": 634.0}]}, "description": "Amex"}, {"boundingPoly": {"vertices": [{"x": 300.0, "y": 644.0}, {"x": 361.0, "y": 642.0}, {"x": 360.0, "y": 669.0}, {"x": 300.0, "y": 670.0}]}, "description": "SALE"}, {"boundingPoly": {"vertices": [{"x": 300.0, "y": 682.0}, {"x": 381.0, "y": 682.0}, {"x": 381.0, "y": 709.0}, {"x": 300.0, "y": 709.0}]}, "description": " ACCT:"}, {"boundingPoly": {"vertices": [{"x": 301.0, "y": 720.0}, {"x": 369.0, "y": 720.0}, {"x": 369.0, "y": 746.0}, {"x": 301.0, "y": 746.0}]}, "description": " EXP:"}, {"boundingPoly": {"vertices": [{"x": 302.0, "y": 756.0}, {"x": 441.0, "y": 756.0}, {"x": 441.0, "y": 784.0}, {"x": 302.0, "y": 784.0}]}, "description": " APPROVAL:"}, {"boundingPoly": {"vertices": [{"x": 389.0, "y": 788.0}, {"x": 617.0, "y": 788.0}, {"x": 617.0, "y": 820.0}, {"x": 389.0, "y": 820.0}]}, "description": " AMERICAN EXPRESS"}, {"boundingPoly": {"vertices": [{"x": 505.0, "y": 823.0}, {"x": 587.0, "y": 823.0}, {"x": 587.0, "y": 853.0}, {"x": 505.0, "y": 853.0}]}, "description": " INSERT"}, {"boundingPoly": {"vertices": [{"x": 377.0, "y": 861.0}, {"x": 604.0, "y": 861.0}, {"x": 604.0, "y": 891.0}, {"x": 377.0, "y": 891.0}]}, "description": " a000000025010801"}, {"boundingPoly": {"vertices": [{"x": 362.0, "y": 897.0}, {"x": 591.0, "y": 897.0}, {"x": 591.0, "y": 928.0}, {"x": 362.0, "y": 928.0}]}, "description": " d1bf6a8f56784738"}, {"boundingPoly": {"vertices": [{"x": 378.0, "y": 933.0}, {"x": 524.0, "y": 933.0}, {"x": 524.0, "y": 962.0}, {"x": 378.0, "y": 962.0}]}, "description": " 0000008000"}, {"boundingPoly": {"vertices": [{"x": 379.0, "y": 969.0}, {"x": 441.0, "y": 969.0}, {"x": 441.0, "y": 997.0}, {"x": 379.0, "y": 997.0}]}, "description": " f800"}, {"boundingPoly": {"vertices": [{"x": 379.0, "y": 1002.0}, {"x": 664.0, "y": 1002.0}, {"x": 664.0, "y": 1034.0}, {"x": 379.0, "y": 1034.0}]}, "description": " e7325a17223436393030"}, {"boundingPoly": {"vertices": [{"x": 257.0, "y": 329.0}, {"x": 357.0, "y": 329.0}, {"x": 357.0, "y": 358.0}, {"x": 257.0, "y": 358.0}]}, "description": " STORE:"}, {"boundingPoly": {"vertices": [{"x": 539.0, "y": 333.0}, {"x": 721.0, "y": 333.0}, {"x": 721.0, "y": 365.0}, {"x": 539.0, "y": 365.0}]}, "description": " 003 CASHIER:"}, {"boundingPoly": {"vertices": [{"x": 725.0, "y": 337.0}, {"x": 843.0, "y": 337.0}, {"x": 843.0, "y": 367.0}, {"x": 725.0, "y": 367.0}]}, "description": " Devinder"}, {"boundingPoly": {"vertices": [{"x": 484.0, "y": 411.0}, {"x": 506.0, "y": 411.0}, {"x": 506.0, "y": 439.0}, {"x": 484.0, "y": 439.0}]}, "description": " 1"}, {"boundingPoly": {"vertices": [{"x": 510.0, "y": 411.0}, {"x": 618.0, "y": 411.0}, {"x": 618.0, "y": 440.0}, {"x": 510.0, "y": 440.0}]}, "description": " @ 12.99"}, {"boundingPoly": {"vertices": [{"x": 746.0, "y": 412.0}, {"x": 843.0, "y": 413.0}, {"x": 843.0, "y": 442.0}, {"x": 745.0, "y": 441.0}]}, "description": "12.99 N"}, {"boundingPoly": {"vertices": [{"x": 802.0, "y": 451.0}, {"x": 870.0, "y": 452.0}, {"x": 870.0, "y": 479.0}, {"x": 802.0, "y": 479.0}]}, "description": "12.99"}, {"boundingPoly": {"vertices": [{"x": 785.0, "y": 494.0}, {"x": 871.0, "y": 493.0}, {"x": 867.0, "y": 536.0}, {"x": 783.0, "y": 537.0}]}, "description": "$12.99"}, {"boundingPoly": {"vertices": [{"x": 782.0, "y": 588.0}, {"x": 871.0, "y": 586.0}, {"x": 871.0, "y": 630.0}, {"x": 783.0, "y": 631.0}]}, "description": "$12.99"}, {"boundingPoly": {"vertices": [{"x": 386.0, "y": 680.0}, {"x": 603.0, "y": 680.0}, {"x": 603.0, "y": 707.0}, {"x": 386.0, "y": 707.0}]}, "description": " *********** 1000"}, {"boundingPoly": {"vertices": [{"x": 374.0, "y": 720.0}, {"x": 436.0, "y": 720.0}, {"x": 436.0, "y": 744.0}, {"x": 374.0, "y": 744.0}]}, "description": " ****"}, {"boundingPoly": {"vertices": [{"x": 447.0, "y": 754.0}, {"x": 536.0, "y": 754.0}, {"x": 536.0, "y": 782.0}, {"x": 447.0, "y": 782.0}]}, "description": " 898677"}, {"boundingPoly": {"vertices": [{"x": 304.0, "y": 793.0}, {"x": 384.0, "y": 793.0}, {"x": 384.0, "y": 821.0}, {"x": 304.0, "y": 821.0}]}, "description": " APPL:"}, {"boundingPoly": {"vertices": [{"x": 305.0, "y": 826.0}, {"x": 499.0, "y": 826.0}, {"x": 499.0, "y": 858.0}, {"x": 305.0, "y": 858.0}]}, "description": " ENTRY METHOD:"}, {"boundingPoly": {"vertices": [{"x": 305.0, "y": 865.0}, {"x": 373.0, "y": 865.0}, {"x": 373.0, "y": 893.0}, {"x": 305.0, "y": 893.0}]}, "description": " AID:"}, {"boundingPoly": {"vertices": [{"x": 310.0, "y": 900.0}, {"x": 357.0, "y": 900.0}, {"x": 357.0, "y": 928.0}, {"x": 310.0, "y": 928.0}]}, "description": " TC:"}, {"boundingPoly": {"vertices": [{"x": 311.0, "y": 936.0}, {"x": 374.0, "y": 936.0}, {"x": 374.0, "y": 964.0}, {"x": 311.0, "y": 964.0}]}, "description": " TVR:"}, {"boundingPoly": {"vertices": [{"x": 312.0, "y": 971.0}, {"x": 375.0, "y": 971.0}, {"x": 375.0, "y": 1000.0}, {"x": 312.0, "y": 1000.0}]}, "description": " TSI:"}, {"boundingPoly": {"vertices": [{"x": 310.0, "y": 1007.0}, {"x": 375.0, "y": 1007.0}, {"x": 375.0, "y": 1035.0}, {"x": 310.0, "y": 1035.0}]}, "description": " IAD:"}, {"boundingPoly": {"vertices": [{"x": 280.0, "y": 1117.0}, {"x": 468.0, "y": 1115.0}, {"x": 468.0, "y": 1142.0}, {"x": 280.0, "y": 1145.0}]}, "description": "TOTAL PAYMENT"}, {"boundingPoly": {"vertices": [{"x": 465.0, "y": 1151.0}, {"x": 555.0, "y": 1151.0}, {"x": 555.0, "y": 1180.0}, {"x": 465.0, "y": 1180.0}]}, "description": " 235859"}, {"boundingPoly": {"vertices": [{"x": 354.0, "y": 1187.0}, {"x": 835.0, "y": 1188.0}, {"x": 835.0, "y": 1218.0}, {"x": 354.0, "y": 1217.0}]}, "description": "Comments\\Inquiries? (800) 326-7711"}, {"boundingPoly": {"vertices": [{"x": 394.0, "y": 1225.0}, {"x": 780.0, "y": 1228.0}, {"x": 780.0, "y": 1257.0}, {"x": 394.0, "y": 1253.0}]}, "description": "or Comments@Hudsongroup.com"}, {"boundingPoly": {"vertices": [{"x": 369.0, "y": 1261.0}, {"x": 806.0, "y": 1268.0}, {"x": 805.0, "y": 1296.0}, {"x": 369.0, "y": 1290.0}]}, "description": "Thank you for shopping with us."}, {"boundingPoly": {"vertices": [{"x": 790.0, "y": 1113.0}, {"x": 879.0, "y": 1114.0}, {"x": 879.0, "y": 1143.0}, {"x": 790.0, "y": 1142.0}]}, "description": "$12.99"}, {"boundingPoly": {"vertices": [{"x": 663.0, "y": 1151.0}, {"x": 914.0, "y": 1151.0}, {"x": 914.0, "y": 1182.0}, {"x": 663.0, "y": 1182.0}]}, "description": " 11/3/2019 8:39 PM"}, {"boundingPoly": {"vertices": [{"x": 285.0, "y": 1152.0}, {"x": 459.0, "y": 1152.0}, {"x": 459.0, "y": 1182.0}, {"x": 285.0, "y": 1182.0}]}, "description": " Transaction:"}, {"boundingPoly": {"vertices": [{"x": 412.0, "y": 1435.0}, {"x": 786.0, "y": 1442.0}, {"x": 786.0, "y": 1477.0}, {"x": 412.0, "y": 1469.0}]}, "description": "2358590171100311032019"}]}