{"textAnnotations": [{"boundingPoly": {"vertices": [{"x": 23.0, "y": 24.0}, {"x": 149.0, "y": 24.0}, {"x": 149.0, "y": 49.0}, {"x": 23.0, "y": 49.0}]}, "description": "merchant name"}, {"boundingPoly": {"vertices": [{"x": 258.0, "y": 25.0}, {"x": 286.0, "y": 25.0}, {"x": 286.0, "y": 37.0}, {"x": 258.0, "y": 37.0}]}, "description": " Total:"}, {"boundingPoly": {"vertices": [{"x": 227.0, "y": 41.0}, {"x": 326.0, "y": 41.0}, {"x": 327.0, "y": 53.0}, {"x": 227.0, "y": 54.0}]}, "description": "Sun, Nov 24, 2019"}, {"boundingPoly": {"vertices": [{"x": 288.0, "y": 25.0}, {"x": 327.0, "y": 25.0}, {"x": 327.0, "y": 37.0}, {"x": 288.0, "y": 37.0}]}, "description": " $23.62"}, {"boundingPoly": {"vertices": [{"x": 24.0, "y": 98.0}, {"x": 311.0, "y": 99.0}, {"x": 311.0, "y": 132.0}, {"x": 24.0, "y": 128.0}]}, "description": "Thanks for tipping,"}, {"boundingPoly": {"vertices": [{"x": 25.0, "y": 182.0}, {"x": 299.0, "y": 182.0}, {"x": 299.0, "y": 203.0}, {"x": 25.0, "y": 203.0}]}, "description": "Here's your updated receipt for"}, {"boundingPoly": {"vertices": [{"x": 25.0, "y": 208.0}, {"x": 253.0, "y": 207.0}, {"x": 253.0, "y": 228.0}, {"x": 25.0, "y": 228.0}]}, "description": "Hong Kong Asian Cuisine."}, {"boundingPoly": {"vertices": [{"x": 25.0, "y": 456.0}, {"x": 82.0, "y": 457.0}, {"x": 81.0, "y": 479.0}, {"x": 25.0, "y": 479.0}]}, "description": "Total"}, {"boundingPoly": {"vertices": [{"x": 246.0, "y": 456.0}, {"x": 328.0, "y": 456.0}, {"x": 328.0, "y": 480.0}, {"x": 246.0, "y": 480.0}]}, "description": "$23.62"}, {"boundingPoly": {"vertices": [{"x": 35.0, "y": 545.0}, {"x": 43.0, "y": 546.0}, {"x": 43.0, "y": 559.0}, {"x": 35.0, "y": 558.0}]}, "description": "1"}, {"boundingPoly": {"vertices": [{"x": 59.0, "y": 546.0}, {"x": 162.0, "y": 546.0}, {"x": 162.0, "y": 562.0}, {"x": 59.0, "y": 563.0}]}, "description": "Curry Chicken"}, {"boundingPoly": {"vertices": [{"x": 276.0, "y": 545.0}, {"x": 327.0, "y": 545.0}, {"x": 327.0, "y": 561.0}, {"x": 277.0, "y": 561.0}]}, "description": "$12.70"}, {"boundingPoly": {"vertices": [{"x": 74.0, "y": 578.0}, {"x": 227.0, "y": 578.0}, {"x": 227.0, "y": 593.0}, {"x": 74.0, "y": 593.0}]}, "description": "Make It A Dinner Combo"}, {"boundingPoly": {"vertices": [{"x": 59.0, "y": 602.0}, {"x": 91.0, "y": 602.0}, {"x": 91.0, "y": 617.0}, {"x": 59.0, "y": 617.0}]}, "description": " Fried"}, {"boundingPoly": {"vertices": [{"x": 94.0, "y": 602.0}, {"x": 120.0, "y": 602.0}, {"x": 120.0, "y": 617.0}, {"x": 94.0, "y": 617.0}]}, "description": " Rice"}, {"boundingPoly": {"vertices": [{"x": 123.0, "y": 602.0}, {"x": 167.0, "y": 602.0}, {"x": 167.0, "y": 617.0}, {"x": 123.0, "y": 617.0}]}, "description": " ($1.95)"}, {"boundingPoly": {"vertices": [{"x": 35.0, "y": 631.0}, {"x": 44.0, "y": 631.0}, {"x": 43.0, "y": 644.0}, {"x": 34.0, "y": 644.0}]}, "description": "1"}, {"boundingPoly": {"vertices": [{"x": 59.0, "y": 631.0}, {"x": 182.0, "y": 631.0}, {"x": 182.0, "y": 648.0}, {"x": 59.0, "y": 648.0}]}, "description": "Chicken Egg Roll"}, {"boundingPoly": {"vertices": [{"x": 285.0, "y": 631.0}, {"x": 328.0, "y": 631.0}, {"x": 327.0, "y": 646.0}, {"x": 284.0, "y": 646.0}]}, "description": "$1.45"}, {"boundingPoly": {"vertices": [{"x": 25.0, "y": 720.0}, {"x": 88.0, "y": 720.0}, {"x": 88.0, "y": 735.0}, {"x": 25.0, "y": 735.0}]}, "description": "Subtotal"}, {"boundingPoly": {"vertices": [{"x": 277.0, "y": 720.0}, {"x": 328.0, "y": 720.0}, {"x": 328.0, "y": 734.0}, {"x": 277.0, "y": 734.0}]}, "description": "$14.15"}, {"boundingPoly": {"vertices": [{"x": 25.0, "y": 757.0}, {"x": 51.0, "y": 758.0}, {"x": 51.0, "y": 772.0}, {"x": 25.0, "y": 771.0}]}, "description": "Tax"}, {"boundingPoly": {"vertices": [{"x": 285.0, "y": 757.0}, {"x": 327.0, "y": 757.0}, {"x": 326.0, "y": 772.0}, {"x": 285.0, "y": 772.0}]}, "description": "$1.22"}, {"boundingPoly": {"vertices": [{"x": 25.0, "y": 793.0}, {"x": 107.0, "y": 793.0}, {"x": 107.0, "y": 809.0}, {"x": 25.0, "y": 809.0}]}, "description": "Service fee"}, {"boundingPoly": {"vertices": [{"x": 285.0, "y": 793.0}, {"x": 327.0, "y": 794.0}, {"x": 327.0, "y": 809.0}, {"x": 286.0, "y": 809.0}]}, "description": "$2.12"}, {"boundingPoly": {"vertices": [{"x": 26.0, "y": 831.0}, {"x": 113.0, "y": 831.0}, {"x": 113.0, "y": 847.0}, {"x": 26.0, "y": 847.0}]}, "description": " Delivery fee"}, {"boundingPoly": {"vertices": [{"x": 117.0, "y": 830.0}, {"x": 130.0, "y": 830.0}, {"x": 130.0, "y": 845.0}, {"x": 117.0, "y": 845.0}]}, "description": " @"}, {"boundingPoly": {"vertices": [{"x": 284.0, "y": 831.0}, {"x": 325.0, "y": 831.0}, {"x": 325.0, "y": 845.0}, {"x": 285.0, "y": 846.0}]}, "description": "$3.99"}, {"boundingPoly": {"vertices": [{"x": 25.0, "y": 867.0}, {"x": 49.0, "y": 868.0}, {"x": 48.0, "y": 885.0}, {"x": 24.0, "y": 884.0}]}, "description": "Tip"}, {"boundingPoly": {"vertices": [{"x": 284.0, "y": 867.0}, {"x": 327.0, "y": 867.0}, {"x": 327.0, "y": 882.0}, {"x": 285.0, "y": 883.0}]}, "description": "$2.14"}, {"boundingPoly": {"vertices": [{"x": 25.0, "y": 956.0}, {"x": 149.0, "y": 956.0}, {"x": 149.0, "y": 972.0}, {"x": 25.0, "y": 972.0}]}, "description": "Amount Charged"}, {"boundingPoly": {"vertices": [{"x": 69.0, "y": 992.0}, {"x": 185.0, "y": 994.0}, {"x": 185.0, "y": 1010.0}, {"x": 69.0, "y": 1008.0}]}, "description": ".... 1006 Switch"}, {"boundingPoly": {"vertices": [{"x": 277.0, "y": 998.0}, {"x": 328.0, "y": 998.0}, {"x": 328.0, "y": 1013.0}, {"x": 277.0, "y": 1013.0}]}, "description": "$23.62"}]}