{"textAnnotations": [{"boundingPoly": {"vertices": [{"x": 22.0, "y": 107.0}, {"x": 113.0, "y": 108.0}, {"x": 112.0, "y": 132.0}, {"x": 22.0, "y": 130.0}]}, "description": "11/18/19"}, {"boundingPoly": {"vertices": [{"x": 65.0, "y": 137.0}, {"x": 111.0, "y": 138.0}, {"x": 111.0, "y": 162.0}, {"x": 65.0, "y": 161.0}]}, "description": "Lago"}, {"boundingPoly": {"vertices": [{"x": 289.0, "y": 102.0}, {"x": 348.0, "y": 102.0}, {"x": 348.0, "y": 134.0}, {"x": 289.0, "y": 134.0}]}, "description": " 15:42"}, {"boundingPoly": {"vertices": [{"x": 122.0, "y": 167.0}, {"x": 258.0, "y": 170.0}, {"x": 258.0, "y": 195.0}, {"x": 122.0, "y": 192.0}]}, "description": "merchant phone"}, {"boundingPoly": {"vertices": [{"x": 23.0, "y": 225.0}, {"x": 130.0, "y": 225.0}, {"x": 130.0, "y": 250.0}, {"x": 23.0, "y": 250.0}]}, "description": " MERCH ID:"}, {"boundingPoly": {"vertices": [{"x": 23.0, "y": 253.0}, {"x": 124.0, "y": 253.0}, {"x": 124.0, "y": 278.0}, {"x": 23.0, "y": 278.0}]}, "description": " CASHIER:"}, {"boundingPoly": {"vertices": [{"x": 134.0, "y": 226.0}, {"x": 241.0, "y": 226.0}, {"x": 241.0, "y": 252.0}, {"x": 134.0, "y": 252.0}]}, "description": " 1535802004"}, {"boundingPoly": {"vertices": [{"x": 132.0, "y": 256.0}, {"x": 241.0, "y": 256.0}, {"x": 241.0, "y": 281.0}, {"x": 132.0, "y": 281.0}]}, "description": " ALESSANDRO"}, {"boundingPoly": {"vertices": [{"x": 135.0, "y": 312.0}, {"x": 220.0, "y": 312.0}, {"x": 220.0, "y": 335.0}, {"x": 135.0, "y": 335.0}]}, "description": "AMEX EMV"}, {"boundingPoly": {"vertices": [{"x": 146.0, "y": 367.0}, {"x": 301.0, "y": 363.0}, {"x": 302.0, "y": 390.0}, {"x": 146.0, "y": 395.0}]}, "description": "XXXXXXXXXXX2007"}, {"boundingPoly": {"vertices": [{"x": 145.0, "y": 395.0}, {"x": 202.0, "y": 394.0}, {"x": 202.0, "y": 420.0}, {"x": 145.0, "y": 420.0}]}, "description": "XX/XX"}, {"boundingPoly": {"vertices": [{"x": 146.0, "y": 423.0}, {"x": 210.0, "y": 423.0}, {"x": 210.0, "y": 445.0}, {"x": 146.0, "y": 445.0}]}, "description": "802595"}, {"boundingPoly": {"vertices": [{"x": 146.0, "y": 450.0}, {"x": 201.0, "y": 450.0}, {"x": 200.0, "y": 472.0}, {"x": 146.0, "y": 472.0}]}, "description": "87.77"}, {"boundingPoly": {"vertices": [{"x": 148.0, "y": 478.0}, {"x": 201.0, "y": 476.0}, {"x": 201.0, "y": 498.0}, {"x": 147.0, "y": 499.0}]}, "description": "34126"}, {"boundingPoly": {"vertices": [{"x": 147.0, "y": 505.0}, {"x": 170.0, "y": 504.0}, {"x": 171.0, "y": 524.0}, {"x": 149.0, "y": 526.0}]}, "description": "89"}, {"boundingPoly": {"vertices": [{"x": 27.0, "y": 340.0}, {"x": 82.0, "y": 340.0}, {"x": 82.0, "y": 364.0}, {"x": 27.0, "y": 364.0}]}, "description": " NAME:"}, {"boundingPoly": {"vertices": [{"x": 29.0, "y": 369.0}, {"x": 88.0, "y": 369.0}, {"x": 88.0, "y": 392.0}, {"x": 29.0, "y": 392.0}]}, "description": " NUMBER"}, {"boundingPoly": {"vertices": [{"x": 31.0, "y": 398.0}, {"x": 104.0, "y": 398.0}, {"x": 104.0, "y": 420.0}, {"x": 31.0, "y": 420.0}]}, "description": " EXPIRE:"}, {"boundingPoly": {"vertices": [{"x": 29.0, "y": 424.0}, {"x": 84.0, "y": 424.0}, {"x": 84.0, "y": 448.0}, {"x": 29.0, "y": 448.0}]}, "description": " AUTH:"}, {"boundingPoly": {"vertices": [{"x": 31.0, "y": 453.0}, {"x": 91.0, "y": 453.0}, {"x": 91.0, "y": 475.0}, {"x": 31.0, "y": 475.0}]}, "description": " AMOUNT"}, {"boundingPoly": {"vertices": [{"x": 31.0, "y": 479.0}, {"x": 81.0, "y": 479.0}, {"x": 81.0, "y": 501.0}, {"x": 31.0, "y": 501.0}]}, "description": " CHECK"}, {"boundingPoly": {"vertices": [{"x": 34.0, "y": 506.0}, {"x": 96.0, "y": 506.0}, {"x": 96.0, "y": 528.0}, {"x": 34.0, "y": 528.0}]}, "description": " TABLE:"}, {"boundingPoly": {"vertices": [{"x": 93.0, "y": 369.0}, {"x": 104.0, "y": 369.0}, {"x": 104.0, "y": 392.0}, {"x": 93.0, "y": 392.0}]}, "description": " :"}, {"boundingPoly": {"vertices": [{"x": 95.0, "y": 452.0}, {"x": 106.0, "y": 452.0}, {"x": 106.0, "y": 474.0}, {"x": 95.0, "y": 474.0}]}, "description": " :"}, {"boundingPoly": {"vertices": [{"x": 85.0, "y": 479.0}, {"x": 96.0, "y": 479.0}, {"x": 96.0, "y": 501.0}, {"x": 85.0, "y": 501.0}]}, "description": " :"}, {"boundingPoly": {"vertices": [{"x": 35.0, "y": 558.0}, {"x": 83.0, "y": 558.0}, {"x": 83.0, "y": 579.0}, {"x": 35.0, "y": 579.0}]}, "description": " TOTAL"}, {"boundingPoly": {"vertices": [{"x": 87.0, "y": 558.0}, {"x": 98.0, "y": 558.0}, {"x": 98.0, "y": 579.0}, {"x": 87.0, "y": 579.0}]}, "description": " :"}, {"boundingPoly": {"vertices": [{"x": 148.0, "y": 554.0}, {"x": 199.0, "y": 553.0}, {"x": 200.0, "y": 575.0}, {"x": 148.0, "y": 576.0}]}, "description": "87.77"}, {"boundingPoly": {"vertices": [{"x": 192.0, "y": 594.0}, {"x": 236.0, "y": 592.0}, {"x": 239.0, "y": 619.0}, {"x": 193.0, "y": 621.0}]}, "description": "20"}, {"boundingPoly": {"vertices": [{"x": 193.0, "y": 646.0}, {"x": 251.0, "y": 640.0}, {"x": 252.0, "y": 671.0}, {"x": 196.0, "y": 676.0}]}, "description": "107"}, {"boundingPoly": {"vertices": [{"x": 34.0, "y": 711.0}, {"x": 300.0, "y": 701.0}, {"x": 301.0, "y": 723.0}, {"x": 34.0, "y": 734.0}]}, "description": "I agree to pay above total"}, {"boundingPoly": {"vertices": [{"x": 37.0, "y": 762.0}, {"x": 210.0, "y": 757.0}, {"x": 211.0, "y": 778.0}, {"x": 38.0, "y": 784.0}]}, "description": "issuer agreement."}, {"boundingPoly": {"vertices": [{"x": 248.0, "y": 580.0}, {"x": 277.0, "y": 579.0}, {"x": 279.0, "y": 595.0}, {"x": 250.0, "y": 597.0}]}, "description": "00"}, {"boundingPoly": {"vertices": [{"x": 35.0, "y": 606.0}, {"x": 129.0, "y": 606.0}, {"x": 129.0, "y": 629.0}, {"x": 35.0, "y": 629.0}]}, "description": " GRATUITY:"}, {"boundingPoly": {"vertices": [{"x": 38.0, "y": 655.0}, {"x": 81.0, "y": 655.0}, {"x": 81.0, "y": 683.0}, {"x": 38.0, "y": 683.0}]}, "description": " TOTAL"}, {"boundingPoly": {"vertices": [{"x": 86.0, "y": 655.0}, {"x": 97.0, "y": 655.0}, {"x": 97.0, "y": 682.0}, {"x": 86.0, "y": 682.0}]}, "description": " :"}, {"boundingPoly": {"vertices": [{"x": 298.0, "y": 650.0}, {"x": 263.0, "y": 653.0}, {"x": 261.0, "y": 625.0}, {"x": 296.0, "y": 622.0}]}, "description": "tt"}, {"boundingPoly": {"vertices": [{"x": 33.0, "y": 737.0}, {"x": 312.0, "y": 729.0}, {"x": 312.0, "y": 749.0}, {"x": 34.0, "y": 759.0}]}, "description": "amount according to my card"}, {"boundingPoly": {"vertices": [{"x": 36.0, "y": 812.0}, {"x": 49.0, "y": 812.0}, {"x": 49.0, "y": 830.0}, {"x": 36.0, "y": 829.0}]}, "description": "X"}, {"boundingPoly": {"vertices": [{"x": 48.0, "y": 833.0}, {"x": 141.0, "y": 832.0}, {"x": 141.0, "y": 847.0}, {"x": 48.0, "y": 848.0}]}, "description": "STONATIDE"}, {"boundingPoly": {"vertices": [{"x": 116.0, "y": 858.0}, {"x": 252.0, "y": 857.0}, {"x": 252.0, "y": 879.0}, {"x": 116.0, "y": 879.0}]}, "description": "Customer Copy"}]}