{"textAnnotations": [{"boundingPoly": {"vertices": [{"x": 278.0, "y": 389.0}, {"x": 727.0, "y": 348.0}, {"x": 730.0, "y": 385.0}, {"x": 281.0, "y": 422.0}]}, "description": "merchant name"}, {"boundingPoly": {"vertices": [{"x": 198.0, "y": 504.0}, {"x": 788.0, "y": 441.0}, {"x": 792.0, "y": 480.0}, {"x": 198.0, "y": 538.0}]}, "description": "merchant address"}, {"boundingPoly": {"vertices": [{"x": 286.0, "y": 569.0}, {"x": 657.0, "y": 569.0}, {"x": 657.0, "y": 646.0}, {"x": 286.0, "y": 646.0}]}, "description": "merchant address"}, {"boundingPoly": {"vertices": [{"x": 416.0, "y": 668.0}, {"x": 750.0, "y": 668.0}, {"x": 750.0, "y": 713.0}, {"x": 416.0, "y": 713.0}]}, "description": " : 29AABCH7805C1ZR"}, {"boundingPoly": {"vertices": [{"x": 290.0, "y": 717.0}, {"x": 419.0, "y": 717.0}, {"x": 419.0, "y": 760.0}, {"x": 290.0, "y": 760.0}]}, "description": " : 791611"}, {"boundingPoly": {"vertices": [{"x": 382.0, "y": 420.0}, {"x": 582.0, "y": 401.0}, {"x": 584.0, "y": 432.0}, {"x": 384.0, "y": 452.0}]}, "description": "TAX INVOICE"}, {"boundingPoly": {"vertices": [{"x": 196.0, "y": 463.0}, {"x": 773.0, "y": 406.0}, {"x": 777.0, "y": 449.0}, {"x": 199.0, "y": 497.0}]}, "description": "merchant address"}, {"boundingPoly": {"vertices": [{"x": 303.0, "y": 573.0}, {"x": 641.0, "y": 531.0}, {"x": 646.0, "y": 566.0}, {"x": 306.0, "y": 605.0}]}, "description": "merchant address"}, {"boundingPoly": {"vertices": [{"x": 347.0, "y": 616.0}, {"x": 598.0, "y": 616.0}, {"x": 598.0, "y": 679.0}, {"x": 347.0, "y": 679.0}]}, "description": " STATE CODE:29"}, {"boundingPoly": {"vertices": [{"x": 277.0, "y": 537.0}, {"x": 671.0, "y": 493.0}, {"x": 675.0, "y": 528.0}, {"x": 279.0, "y": 570.0}]}, "description": "merchant address"}, {"boundingPoly": {"vertices": [{"x": 202.0, "y": 675.0}, {"x": 410.0, "y": 675.0}, {"x": 410.0, "y": 728.0}, {"x": 202.0, "y": 728.0}]}, "description": " POS GSTN NO"}, {"boundingPoly": {"vertices": [{"x": 86.0, "y": 735.0}, {"x": 243.0, "y": 732.0}, {"x": 243.0, "y": 768.0}, {"x": 87.0, "y": 770.0}]}, "description": "Order No"}, {"boundingPoly": {"vertices": [{"x": 73.0, "y": 814.0}, {"x": 213.0, "y": 814.0}, {"x": 213.0, "y": 855.0}, {"x": 73.0, "y": 855.0}]}, "description": " BILL NO"}, {"boundingPoly": {"vertices": [{"x": 70.0, "y": 860.0}, {"x": 321.0, "y": 859.0}, {"x": 322.0, "y": 897.0}, {"x": 70.0, "y": 898.0}]}, "description": "DATE AND TIME"}, {"boundingPoly": {"vertices": [{"x": 63.0, "y": 905.0}, {"x": 423.0, "y": 905.0}, {"x": 423.0, "y": 948.0}, {"x": 63.0, "y": 948.0}]}, "description": " 08/11/2019 2:46 PM"}, {"boundingPoly": {"vertices": [{"x": 225.0, "y": 950.0}, {"x": 654.0, "y": 950.0}, {"x": 654.0, "y": 988.0}, {"x": 225.0, "y": 988.0}]}, "description": " :DHAREPPA HELAWAR (BLR)"}, {"boundingPoly": {"vertices": [{"x": 220.0, "y": 813.0}, {"x": 479.0, "y": 813.0}, {"x": 479.0, "y": 853.0}, {"x": 220.0, "y": 853.0}]}, "description": " : 70B00791252"}, {"boundingPoly": {"vertices": [{"x": 473.0, "y": 859.0}, {"x": 537.0, "y": 859.0}, {"x": 535.0, "y": 897.0}, {"x": 472.0, "y": 897.0}]}, "description": "PAX"}, {"boundingPoly": {"vertices": [{"x": 476.0, "y": 907.0}, {"x": 494.0, "y": 912.0}, {"x": 492.0, "y": 941.0}, {"x": 474.0, "y": 937.0}]}, "description": "1"}, {"boundingPoly": {"vertices": [{"x": 64.0, "y": 951.0}, {"x": 220.0, "y": 951.0}, {"x": 220.0, "y": 989.0}, {"x": 64.0, "y": 989.0}]}, "description": " CASHIER"}, {"boundingPoly": {"vertices": [{"x": 730.0, "y": 1004.0}, {"x": 794.0, "y": 1004.0}, {"x": 794.0, "y": 1016.0}, {"x": 730.0, "y": 1016.0}]}, "description": "--- -"}, {"boundingPoly": {"vertices": [{"x": 133.0, "y": 1036.0}, {"x": 388.0, "y": 1033.0}, {"x": 389.0, "y": 1074.0}, {"x": 133.0, "y": 1078.0}]}, "description": "Qty Menu Item"}, {"boundingPoly": {"vertices": [{"x": 562.0, "y": 1036.0}, {"x": 642.0, "y": 1035.0}, {"x": 642.0, "y": 1070.0}, {"x": 562.0, "y": 1070.0}]}, "description": "Rate"}, {"boundingPoly": {"vertices": [{"x": 690.0, "y": 1036.0}, {"x": 800.0, "y": 1035.0}, {"x": 801.0, "y": 1068.0}, {"x": 690.0, "y": 1070.0}]}, "description": "Amount"}, {"boundingPoly": {"vertices": [{"x": 700.0, "y": 1089.0}, {"x": 800.0, "y": 1087.0}, {"x": 800.0, "y": 1099.0}, {"x": 700.0, "y": 1102.0}]}, "description": "--- ---"}, {"boundingPoly": {"vertices": [{"x": 75.0, "y": 1124.0}, {"x": 333.0, "y": 1124.0}, {"x": 333.0, "y": 1169.0}, {"x": 75.0, "y": 1169.0}]}, "description": " SAC/HSN Code:"}, {"boundingPoly": {"vertices": [{"x": 209.0, "y": 1169.0}, {"x": 426.0, "y": 1169.0}, {"x": 426.0, "y": 1212.0}, {"x": 209.0, "y": 1212.0}]}, "description": " VEGETABLE &"}, {"boundingPoly": {"vertices": [{"x": 344.0, "y": 1212.0}, {"x": 530.0, "y": 1212.0}, {"x": 530.0, "y": 1255.0}, {"x": 344.0, "y": 1255.0}]}, "description": " - GRILLED"}, {"boundingPoly": {"vertices": [{"x": 341.0, "y": 1122.0}, {"x": 460.0, "y": 1122.0}, {"x": 460.0, "y": 1163.0}, {"x": 341.0, "y": 1163.0}]}, "description": " 996331"}, {"boundingPoly": {"vertices": [{"x": 175.0, "y": 1174.0}, {"x": 202.0, "y": 1174.0}, {"x": 202.0, "y": 1212.0}, {"x": 175.0, "y": 1212.0}]}, "description": " 1"}, {"boundingPoly": {"vertices": [{"x": 212.0, "y": 1216.0}, {"x": 337.0, "y": 1216.0}, {"x": 337.0, "y": 1257.0}, {"x": 212.0, "y": 1257.0}]}, "description": " CHEESE"}, {"boundingPoly": {"vertices": [{"x": 550.0, "y": 1209.0}, {"x": 677.0, "y": 1209.0}, {"x": 677.0, "y": 1251.0}, {"x": 550.0, "y": 1251.0}]}, "description": " 289.00"}, {"boundingPoly": {"vertices": [{"x": 697.0, "y": 1207.0}, {"x": 812.0, "y": 1207.0}, {"x": 812.0, "y": 1247.0}, {"x": 697.0, "y": 1247.0}]}, "description": " 289.00"}, {"boundingPoly": {"vertices": [{"x": 224.0, "y": 1288.0}, {"x": 316.0, "y": 1297.0}, {"x": 313.0, "y": 1328.0}, {"x": 220.0, "y": 1318.0}]}, "description": "Total"}, {"boundingPoly": {"vertices": [{"x": 231.0, "y": 1356.0}, {"x": 409.0, "y": 1375.0}, {"x": 405.0, "y": 1409.0}, {"x": 231.0, "y": 1388.0}]}, "description": "CGST 2.5%"}, {"boundingPoly": {"vertices": [{"x": 703.0, "y": 1299.0}, {"x": 819.0, "y": 1297.0}, {"x": 820.0, "y": 1336.0}, {"x": 704.0, "y": 1338.0}]}, "description": "289.00"}, {"boundingPoly": {"vertices": [{"x": 234.0, "y": 1395.0}, {"x": 418.0, "y": 1411.0}, {"x": 415.0, "y": 1445.0}, {"x": 231.0, "y": 1428.0}]}, "description": "SGST 2.5%"}, {"boundingPoly": {"vertices": [{"x": 239.0, "y": 1482.0}, {"x": 429.0, "y": 1490.0}, {"x": 427.0, "y": 1530.0}, {"x": 238.0, "y": 1522.0}]}, "description": "Round Off"}, {"boundingPoly": {"vertices": [{"x": 742.0, "y": 1390.0}, {"x": 822.0, "y": 1389.0}, {"x": 822.0, "y": 1428.0}, {"x": 743.0, "y": 1429.0}]}, "description": "7.23"}, {"boundingPoly": {"vertices": [{"x": 743.0, "y": 1438.0}, {"x": 823.0, "y": 1436.0}, {"x": 825.0, "y": 1475.0}, {"x": 743.0, "y": 1476.0}]}, "description": "7.23"}, {"boundingPoly": {"vertices": [{"x": 752.0, "y": 1529.0}, {"x": 832.0, "y": 1533.0}, {"x": 832.0, "y": 1567.0}, {"x": 751.0, "y": 1562.0}]}, "description": "-0.45"}, {"boundingPoly": {"vertices": [{"x": 247.0, "y": 1577.0}, {"x": 484.0, "y": 1580.0}, {"x": 484.0, "y": 1631.0}, {"x": 247.0, "y": 1628.0}]}, "description": "Grand Total"}, {"boundingPoly": {"vertices": [{"x": 758.0, "y": 1607.0}, {"x": 864.0, "y": 1612.0}, {"x": 862.0, "y": 1648.0}, {"x": 757.0, "y": 1643.0}]}, "description": "303 ,00"}, {"boundingPoly": {"vertices": [{"x": 279.0, "y": 1744.0}, {"x": 717.0, "y": 1741.0}, {"x": 717.0, "y": 1786.0}, {"x": 280.0, "y": 1790.0}]}, "description": "Questions & Comments"}, {"boundingPoly": {"vertices": [{"x": 505.0, "y": 1795.0}, {"x": 535.0, "y": 1795.0}, {"x": 535.0, "y": 1851.0}, {"x": 505.0, "y": 1851.0}]}, "description": " -"}, {"boundingPoly": {"vertices": [{"x": 721.0, "y": 1751.0}, {"x": 792.0, "y": 1754.0}, {"x": 791.0, "y": 1776.0}, {"x": 723.0, "y": 1776.0}]}, "description": "---."}, {"boundingPoly": {"vertices": [{"x": 545.0, "y": 1786.0}, {"x": 784.0, "y": 1786.0}, {"x": 784.0, "y": 1849.0}, {"x": 545.0, "y": 1849.0}]}, "description": "merchant phone"}, {"boundingPoly": {"vertices": [{"x": 81.0, "y": 1796.0}, {"x": 494.0, "y": 1796.0}, {"x": 494.0, "y": 1858.0}, {"x": 81.0, "y": 1858.0}]}, "description": " Duty Manager (DM)"}, {"boundingPoly": {"vertices": [{"x": 87.0, "y": 1862.0}, {"x": 909.0, "y": 1837.0}, {"x": 910.0, "y": 1892.0}, {"x": 88.0, "y": 1914.0}]}, "description": "kathhiravan. radhakrishnan@hmshost.net"}, {"boundingPoly": {"vertices": [{"x": 93.0, "y": 1983.0}, {"x": 372.0, "y": 1983.0}, {"x": 372.0, "y": 2050.0}, {"x": 93.0, "y": 2050.0}]}, "description": " Credit Card"}, {"boundingPoly": {"vertices": [{"x": 382.0, "y": 1979.0}, {"x": 542.0, "y": 1979.0}, {"x": 542.0, "y": 2041.0}, {"x": 382.0, "y": 2041.0}]}, "description": " : CARD"}]}