{"textAnnotations": [{"boundingPoly": {"vertices": [{"x": 42.0, "y": 115.0}, {"x": 230.0, "y": 112.0}, {"x": 231.0, "y": 140.0}, {"x": 42.0, "y": 144.0}]}, "description": "merchant name"}, {"boundingPoly": {"vertices": [{"x": 47.0, "y": 164.0}, {"x": 172.0, "y": 164.0}, {"x": 172.0, "y": 183.0}, {"x": 47.0, "y": 183.0}]}, "description": "merchant address"}, {"boundingPoly": {"vertices": [{"x": 47.0, "y": 192.0}, {"x": 234.0, "y": 190.0}, {"x": 234.0, "y": 210.0}, {"x": 47.0, "y": 212.0}]}, "description": "merchant address"}, {"boundingPoly": {"vertices": [{"x": 49.0, "y": 220.0}, {"x": 208.0, "y": 220.0}, {"x": 208.0, "y": 239.0}, {"x": 48.0, "y": 238.0}]}, "description": "bluebottlecoffee.com"}, {"boundingPoly": {"vertices": [{"x": 51.0, "y": 248.0}, {"x": 180.0, "y": 248.0}, {"x": 180.0, "y": 266.0}, {"x": 51.0, "y": 266.0}]}, "description": "@bluebottleroast"}, {"boundingPoly": {"vertices": [{"x": 277.0, "y": 161.0}, {"x": 382.0, "y": 160.0}, {"x": 383.0, "y": 180.0}, {"x": 277.0, "y": 182.0}]}, "description": "Nov 13, 2019"}, {"boundingPoly": {"vertices": [{"x": 312.0, "y": 190.0}, {"x": 382.0, "y": 190.0}, {"x": 382.0, "y": 210.0}, {"x": 312.0, "y": 210.0}]}, "description": " 3:45 PM"}, {"boundingPoly": {"vertices": [{"x": 161.0, "y": 297.0}, {"x": 264.0, "y": 298.0}, {"x": 264.0, "y": 318.0}, {"x": 161.0, "y": 317.0}]}, "description": "PURCHASE"}, {"boundingPoly": {"vertices": [{"x": 52.0, "y": 340.0}, {"x": 104.0, "y": 340.0}, {"x": 104.0, "y": 361.0}, {"x": 52.0, "y": 361.0}]}, "description": " Ticket:"}, {"boundingPoly": {"vertices": [{"x": 53.0, "y": 364.0}, {"x": 214.0, "y": 370.0}, {"x": 214.0, "y": 386.0}, {"x": 52.0, "y": 381.0}]}, "description": "Authorization 805304"}, {"boundingPoly": {"vertices": [{"x": 52.0, "y": 388.0}, {"x": 147.0, "y": 390.0}, {"x": 147.0, "y": 409.0}, {"x": 52.0, "y": 406.0}]}, "description": "Receipt yhVj"}, {"boundingPoly": {"vertices": [{"x": 53.0, "y": 434.0}, {"x": 214.0, "y": 435.0}, {"x": 214.0, "y": 454.0}, {"x": 53.0, "y": 453.0}]}, "description": "AMERICAN EXPRESS"}, {"boundingPoly": {"vertices": [{"x": 53.0, "y": 460.0}, {"x": 261.0, "y": 461.0}, {"x": 261.0, "y": 479.0}, {"x": 53.0, "y": 478.0}]}, "description": "AID A0 00 00 00 25 01 08 01"}, {"boundingPoly": {"vertices": [{"x": 190.0, "y": 498.0}, {"x": 237.0, "y": 499.0}, {"x": 236.0, "y": 513.0}, {"x": 190.0, "y": 513.0}]}, "description": "TO GO"}, {"boundingPoly": {"vertices": [{"x": 54.0, "y": 537.0}, {"x": 124.0, "y": 539.0}, {"x": 124.0, "y": 557.0}, {"x": 54.0, "y": 555.0}]}, "description": "Espresso"}, {"boundingPoly": {"vertices": [{"x": 54.0, "y": 563.0}, {"x": 149.0, "y": 563.0}, {"x": 149.0, "y": 583.0}, {"x": 54.0, "y": 582.0}]}, "description": "Hayes Valley"}, {"boundingPoly": {"vertices": [{"x": 333.0, "y": 538.0}, {"x": 378.0, "y": 538.0}, {"x": 377.0, "y": 556.0}, {"x": 332.0, "y": 555.0}]}, "description": "$3.50"}, {"boundingPoly": {"vertices": [{"x": 55.0, "y": 607.0}, {"x": 117.0, "y": 608.0}, {"x": 117.0, "y": 625.0}, {"x": 55.0, "y": 625.0}]}, "description": "Subtotal"}, {"boundingPoly": {"vertices": [{"x": 55.0, "y": 632.0}, {"x": 223.0, "y": 633.0}, {"x": 223.0, "y": 650.0}, {"x": 55.0, "y": 650.0}]}, "description": "Healthy SF Surcharge*"}, {"boundingPoly": {"vertices": [{"x": 334.0, "y": 611.0}, {"x": 377.0, "y": 612.0}, {"x": 376.0, "y": 628.0}, {"x": 334.0, "y": 628.0}]}, "description": "$3.50"}, {"boundingPoly": {"vertices": [{"x": 336.0, "y": 636.0}, {"x": 376.0, "y": 636.0}, {"x": 376.0, "y": 650.0}, {"x": 335.0, "y": 651.0}]}, "description": "$0.14"}, {"boundingPoly": {"vertices": [{"x": 58.0, "y": 684.0}, {"x": 96.0, "y": 684.0}, {"x": 96.0, "y": 699.0}, {"x": 58.0, "y": 699.0}]}, "description": "Total"}, {"boundingPoly": {"vertices": [{"x": 58.0, "y": 706.0}, {"x": 189.0, "y": 706.0}, {"x": 190.0, "y": 725.0}, {"x": 58.0, "y": 726.0}]}, "description": "AmEx 1000 (Chip)"}, {"boundingPoly": {"vertices": [{"x": 59.0, "y": 732.0}, {"x": 162.0, "y": 731.0}, {"x": 163.0, "y": 747.0}, {"x": 59.0, "y": 748.0}]}, "description": "Vlastimil Fiser"}, {"boundingPoly": {"vertices": [{"x": 327.0, "y": 683.0}, {"x": 376.0, "y": 684.0}, {"x": 376.0, "y": 700.0}, {"x": 326.0, "y": 700.0}]}, "description": "$3.64"}, {"boundingPoly": {"vertices": [{"x": 333.0, "y": 708.0}, {"x": 376.0, "y": 708.0}, {"x": 376.0, "y": 723.0}, {"x": 333.0, "y": 723.0}]}, "description": "$3.64"}, {"boundingPoly": {"vertices": [{"x": 73.0, "y": 776.0}, {"x": 169.0, "y": 776.0}, {"x": 169.0, "y": 795.0}, {"x": 73.0, "y": 795.0}]}, "description": " Order ahead:"}, {"boundingPoly": {"vertices": [{"x": 88.0, "y": 798.0}, {"x": 356.0, "y": 793.0}, {"x": 357.0, "y": 811.0}, {"x": 88.0, "y": 816.0}]}, "description": "now available on the iOS App Store."}, {"boundingPoly": {"vertices": [{"x": 172.0, "y": 774.0}, {"x": 368.0, "y": 774.0}, {"x": 368.0, "y": 793.0}, {"x": 172.0, "y": 793.0}]}, "description": " Download our mobile app"}, {"boundingPoly": {"vertices": [{"x": 113.0, "y": 840.0}, {"x": 215.0, "y": 840.0}, {"x": 215.0, "y": 858.0}, {"x": 113.0, "y": 858.0}]}, "description": " Return Policy:"}, {"boundingPoly": {"vertices": [{"x": 76.0, "y": 863.0}, {"x": 376.0, "y": 860.0}, {"x": 376.0, "y": 877.0}, {"x": 76.0, "y": 881.0}]}, "description": "merchandise purchased in our cafes, we"}, {"boundingPoly": {"vertices": [{"x": 82.0, "y": 884.0}, {"x": 372.0, "y": 881.0}, {"x": 372.0, "y": 898.0}, {"x": 82.0, "y": 902.0}]}, "description": "ask that you return the item to the cafe"}, {"boundingPoly": {"vertices": [{"x": 137.0, "y": 903.0}, {"x": 383.0, "y": 903.0}, {"x": 383.0, "y": 922.0}, {"x": 137.0, "y": 922.0}]}, "description": " was purchased in new condition,"}, {"boundingPoly": {"vertices": [{"x": 76.0, "y": 924.0}, {"x": 384.0, "y": 923.0}, {"x": 384.0, "y": 943.0}, {"x": 76.0, "y": 943.0}]}, "description": "with a receipt, and within 30 days. We are"}, {"boundingPoly": {"vertices": [{"x": 75.0, "y": 944.0}, {"x": 387.0, "y": 944.0}, {"x": 387.0, "y": 964.0}, {"x": 75.0, "y": 964.0}]}, "description": "happy to offer exchanges or store credit if"}, {"boundingPoly": {"vertices": [{"x": 92.0, "y": 965.0}, {"x": 372.0, "y": 966.0}, {"x": 372.0, "y": 985.0}, {"x": 92.0, "y": 982.0}]}, "description": "an item is returned at a different store"}, {"boundingPoly": {"vertices": [{"x": 200.0, "y": 984.0}, {"x": 264.0, "y": 985.0}, {"x": 264.0, "y": 1003.0}, {"x": 200.0, "y": 1001.0}]}, "description": "location."}, {"boundingPoly": {"vertices": [{"x": 218.0, "y": 839.0}, {"x": 336.0, "y": 839.0}, {"x": 336.0, "y": 858.0}, {"x": 218.0, "y": 858.0}]}, "description": " For a refund on"}, {"boundingPoly": {"vertices": [{"x": 76.0, "y": 905.0}, {"x": 120.0, "y": 905.0}, {"x": 120.0, "y": 923.0}, {"x": 76.0, "y": 923.0}]}, "description": " where"}, {"boundingPoly": {"vertices": [{"x": 123.0, "y": 905.0}, {"x": 134.0, "y": 905.0}, {"x": 134.0, "y": 922.0}, {"x": 123.0, "y": 922.0}]}, "description": " It"}, {"boundingPoly": {"vertices": [{"x": 79.0, "y": 1027.0}, {"x": 386.0, "y": 1031.0}, {"x": 386.0, "y": 1055.0}, {"x": 79.0, "y": 1048.0}]}, "description": "If you purchased your merchandise online,"}, {"boundingPoly": {"vertices": [{"x": 93.0, "y": 1067.0}, {"x": 380.0, "y": 1067.0}, {"x": 380.0, "y": 1089.0}, {"x": 93.0, "y": 1088.0}]}, "description": "support@bluebottlecoffee.com to learn"}, {"boundingPoly": {"vertices": [{"x": 161.0, "y": 1088.0}, {"x": 316.0, "y": 1088.0}, {"x": 316.0, "y": 1106.0}, {"x": 161.0, "y": 1105.0}]}, "description": "about online returns."}, {"boundingPoly": {"vertices": [{"x": 189.0, "y": 1048.0}, {"x": 279.0, "y": 1050.0}, {"x": 279.0, "y": 1066.0}, {"x": 189.0, "y": 1063.0}]}, "description": "please email"}, {"boundingPoly": {"vertices": [{"x": 99.0, "y": 1132.0}, {"x": 385.0, "y": 1132.0}, {"x": 385.0, "y": 1151.0}, {"x": 99.0, "y": 1151.0}]}, "description": "*A 4% surcharge is added in support of"}, {"boundingPoly": {"vertices": [{"x": 100.0, "y": 1155.0}, {"x": 384.0, "y": 1154.0}, {"x": 384.0, "y": 1173.0}, {"x": 100.0, "y": 1175.0}]}, "description": "employee healthcare in San Francisco"}]}