{"textAnnotations": [{"boundingPoly": {"vertices": [{"x": 292.0, "y": 201.0}, {"x": 468.0, "y": 201.0}, {"x": 468.0, "y": 226.0}, {"x": 292.0, "y": 228.0}]}, "description": "OPERATED BY"}, {"boundingPoly": {"vertices": [{"x": 251.0, "y": 252.0}, {"x": 454.0, "y": 252.0}, {"x": 454.0, "y": 302.0}, {"x": 251.0, "y": 301.0}]}, "description": "merchant name"}, {"boundingPoly": {"vertices": [{"x": 281.0, "y": 348.0}, {"x": 471.0, "y": 348.0}, {"x": 471.0, "y": 371.0}, {"x": 281.0, "y": 371.0}]}, "description": "merchant name"}, {"boundingPoly": {"vertices": [{"x": 150.0, "y": 375.0}, {"x": 604.0, "y": 373.0}, {"x": 604.0, "y": 397.0}, {"x": 150.0, "y": 399.0}]}, "description": "merchant address"}, {"boundingPoly": {"vertices": [{"x": 147.0, "y": 426.0}, {"x": 334.0, "y": 428.0}, {"x": 334.0, "y": 452.0}, {"x": 147.0, "y": 450.0}]}, "description": "422242 Peyton"}, {"boundingPoly": {"vertices": [{"x": 147.0, "y": 479.0}, {"x": 257.0, "y": 479.0}, {"x": 257.0, "y": 503.0}, {"x": 147.0, "y": 503.0}]}, "description": "4355"}, {"boundingPoly": {"vertices": [{"x": 535.0, "y": 481.0}, {"x": 585.0, "y": 481.0}, {"x": 585.0, "y": 503.0}, {"x": 535.0, "y": 503.0}]}, "description": " GST"}, {"boundingPoly": {"vertices": [{"x": 595.0, "y": 482.0}, {"x": 606.0, "y": 482.0}, {"x": 606.0, "y": 502.0}, {"x": 595.0, "y": 502.0}]}, "description": " 1"}, {"boundingPoly": {"vertices": [{"x": 262.0, "y": 506.0}, {"x": 377.0, "y": 506.0}, {"x": 377.0, "y": 530.0}, {"x": 262.0, "y": 530.0}]}, "description": "NOV07 19"}, {"boundingPoly": {"vertices": [{"x": 404.0, "y": 507.0}, {"x": 497.0, "y": 507.0}, {"x": 497.0, "y": 531.0}, {"x": 404.0, "y": 531.0}]}, "description": " 9:31PM"}, {"boundingPoly": {"vertices": [{"x": 217.0, "y": 561.0}, {"x": 289.0, "y": 561.0}, {"x": 289.0, "y": 584.0}, {"x": 216.0, "y": 584.0}]}, "description": "TO GO"}, {"boundingPoly": {"vertices": [{"x": 175.0, "y": 615.0}, {"x": 195.0, "y": 615.0}, {"x": 195.0, "y": 637.0}, {"x": 175.0, "y": 637.0}]}, "description": " 1"}, {"boundingPoly": {"vertices": [{"x": 173.0, "y": 641.0}, {"x": 193.0, "y": 641.0}, {"x": 193.0, "y": 663.0}, {"x": 173.0, "y": 663.0}]}, "description": " 1"}, {"boundingPoly": {"vertices": [{"x": 171.0, "y": 669.0}, {"x": 193.0, "y": 669.0}, {"x": 193.0, "y": 692.0}, {"x": 171.0, "y": 692.0}]}, "description": " 1"}, {"boundingPoly": {"vertices": [{"x": 199.0, "y": 615.0}, {"x": 312.0, "y": 615.0}, {"x": 312.0, "y": 638.0}, {"x": 199.0, "y": 638.0}]}, "description": " WIR ART"}, {"boundingPoly": {"vertices": [{"x": 198.0, "y": 640.0}, {"x": 405.0, "y": 640.0}, {"x": 405.0, "y": 665.0}, {"x": 198.0, "y": 665.0}]}, "description": " RTE QUESADILLA"}, {"boundingPoly": {"vertices": [{"x": 197.0, "y": 667.0}, {"x": 390.0, "y": 667.0}, {"x": 390.0, "y": 692.0}, {"x": 197.0, "y": 692.0}]}, "description": " SD TORT CHIPS"}, {"boundingPoly": {"vertices": [{"x": 198.0, "y": 694.0}, {"x": 324.0, "y": 694.0}, {"x": 324.0, "y": 719.0}, {"x": 198.0, "y": 719.0}]}, "description": " AT06184Z"}, {"boundingPoly": {"vertices": [{"x": 195.0, "y": 723.0}, {"x": 330.0, "y": 722.0}, {"x": 330.0, "y": 746.0}, {"x": 196.0, "y": 746.0}]}, "description": "MSTRCD CC"}, {"boundingPoly": {"vertices": [{"x": 331.0, "y": 614.0}, {"x": 382.0, "y": 614.0}, {"x": 382.0, "y": 638.0}, {"x": 331.0, "y": 638.0}]}, "description": " SOL"}, {"boundingPoly": {"vertices": [{"x": 387.0, "y": 614.0}, {"x": 406.0, "y": 614.0}, {"x": 406.0, "y": 638.0}, {"x": 387.0, "y": 638.0}]}, "description": " M"}, {"boundingPoly": {"vertices": [{"x": 507.0, "y": 615.0}, {"x": 564.0, "y": 614.0}, {"x": 564.0, "y": 637.0}, {"x": 507.0, "y": 638.0}]}, "description": "2.99"}, {"boundingPoly": {"vertices": [{"x": 508.0, "y": 640.0}, {"x": 564.0, "y": 640.0}, {"x": 564.0, "y": 663.0}, {"x": 509.0, "y": 664.0}]}, "description": "8.75"}, {"boundingPoly": {"vertices": [{"x": 509.0, "y": 667.0}, {"x": 566.0, "y": 667.0}, {"x": 565.0, "y": 691.0}, {"x": 509.0, "y": 691.0}]}, "description": "1.00"}, {"boundingPoly": {"vertices": [{"x": 330.0, "y": 694.0}, {"x": 433.0, "y": 694.0}, {"x": 433.0, "y": 719.0}, {"x": 330.0, "y": 719.0}]}, "description": " XXX2789"}, {"boundingPoly": {"vertices": [{"x": 492.0, "y": 721.0}, {"x": 568.0, "y": 722.0}, {"x": 567.0, "y": 747.0}, {"x": 492.0, "y": 746.0}]}, "description": "13.84"}, {"boundingPoly": {"vertices": [{"x": 194.0, "y": 777.0}, {"x": 315.0, "y": 776.0}, {"x": 315.0, "y": 802.0}, {"x": 194.0, "y": 802.0}]}, "description": "SUBTOTAL"}, {"boundingPoly": {"vertices": [{"x": 194.0, "y": 806.0}, {"x": 241.0, "y": 806.0}, {"x": 240.0, "y": 829.0}, {"x": 194.0, "y": 828.0}]}, "description": "TAX"}, {"boundingPoly": {"vertices": [{"x": 194.0, "y": 833.0}, {"x": 359.0, "y": 834.0}, {"x": 359.0, "y": 859.0}, {"x": 194.0, "y": 858.0}]}, "description": "AMOUNT PAD"}, {"boundingPoly": {"vertices": [{"x": 134.0, "y": 862.0}, {"x": 614.0, "y": 862.0}, {"x": 614.0, "y": 889.0}, {"x": 134.0, "y": 889.0}]}, "description": " -- 422242 Closed NOV07 09:32PM -- -"}, {"boundingPoly": {"vertices": [{"x": 497.0, "y": 776.0}, {"x": 570.0, "y": 777.0}, {"x": 569.0, "y": 802.0}, {"x": 497.0, "y": 802.0}]}, "description": "12.74"}, {"boundingPoly": {"vertices": [{"x": 511.0, "y": 806.0}, {"x": 568.0, "y": 806.0}, {"x": 568.0, "y": 831.0}, {"x": 511.0, "y": 830.0}]}, "description": "1.10"}, {"boundingPoly": {"vertices": [{"x": 422.0, "y": 834.0}, {"x": 569.0, "y": 834.0}, {"x": 569.0, "y": 859.0}, {"x": 422.0, "y": 859.0}]}, "description": "13.84"}, {"boundingPoly": {"vertices": [{"x": 140.0, "y": 921.0}, {"x": 599.0, "y": 923.0}, {"x": 599.0, "y": 949.0}, {"x": 140.0, "y": 946.0}]}, "description": "WE WANT TO HEAR YOUR FEEDBACK!"}, {"boundingPoly": {"vertices": [{"x": 141.0, "y": 948.0}, {"x": 586.0, "y": 951.0}, {"x": 586.0, "y": 975.0}, {"x": 141.0, "y": 972.0}]}, "description": "PLEASE CONTACT 1 877-672-7467"}, {"boundingPoly": {"vertices": [{"x": 144.0, "y": 976.0}, {"x": 603.0, "y": 979.0}, {"x": 603.0, "y": 1003.0}, {"x": 144.0, "y": 999.0}]}, "description": "OR CUSTOMERSERVICE@HMSHOST.COM"}, {"boundingPoly": {"vertices": [{"x": 176.0, "y": 1003.0}, {"x": 376.0, "y": 1003.0}, {"x": 376.0, "y": 1030.0}, {"x": 176.0, "y": 1030.0}]}, "description": " TO SHARE YOUR"}, {"boundingPoly": {"vertices": [{"x": 385.0, "y": 1004.0}, {"x": 553.0, "y": 1004.0}, {"x": 553.0, "y": 1031.0}, {"x": 385.0, "y": 1031.0}]}, "description": " EXPERIENCE."}, {"boundingPoly": {"vertices": [{"x": 236.0, "y": 1058.0}, {"x": 363.0, "y": 1058.0}, {"x": 363.0, "y": 1083.0}, {"x": 236.0, "y": 1083.0}]}, "description": " STOREID:"}, {"boundingPoly": {"vertices": [{"x": 368.0, "y": 1058.0}, {"x": 493.0, "y": 1058.0}, {"x": 493.0, "y": 1084.0}, {"x": 368.0, "y": 1084.0}]}, "description": " PHXBIA01"}]}