{"textAnnotations": [{"boundingPoly": {"vertices": [{"x": 886.0, "y": 134.0}, {"x": 1473.0, "y": 119.0}, {"x": 1477.0, "y": 308.0}, {"x": 892.0, "y": 330.0}]}, "description": "merchant name"}, {"boundingPoly": {"vertices": [{"x": 1073.0, "y": 385.0}, {"x": 1301.0, "y": 381.0}, {"x": 1301.0, "y": 402.0}, {"x": 1073.0, "y": 406.0}]}, "description": "BAR AND GRILL"}, {"boundingPoly": {"vertices": [{"x": 1001.0, "y": 411.0}, {"x": 1330.0, "y": 406.0}, {"x": 1330.0, "y": 430.0}, {"x": 1001.0, "y": 436.0}]}, "description": "Food the way it ought to be,"}, {"boundingPoly": {"vertices": [{"x": 1000.0, "y": 442.0}, {"x": 1340.0, "y": 436.0}, {"x": 1340.0, "y": 458.0}, {"x": 1000.0, "y": 466.0}]}, "description": "priced the way it used to be!"}, {"boundingPoly": {"vertices": [{"x": 994.0, "y": 321.0}, {"x": 1391.0, "y": 312.0}, {"x": 1392.0, "y": 368.0}, {"x": 995.0, "y": 377.0}]}, "description": "merchant name"}, {"boundingPoly": {"vertices": [{"x": 906.0, "y": 500.0}, {"x": 1031.0, "y": 499.0}, {"x": 1031.0, "y": 526.0}, {"x": 906.0, "y": 528.0}]}, "description": "2019-11-06"}, {"boundingPoly": {"vertices": [{"x": 1355.0, "y": 495.0}, {"x": 1452.0, "y": 495.0}, {"x": 1452.0, "y": 521.0}, {"x": 1355.0, "y": 521.0}]}, "description": " 19:01:25"}, {"boundingPoly": {"vertices": [{"x": 908.0, "y": 594.0}, {"x": 998.0, "y": 594.0}, {"x": 998.0, "y": 621.0}, {"x": 908.0, "y": 621.0}]}, "description": " RECEIPT"}, {"boundingPoly": {"vertices": [{"x": 910.0, "y": 624.0}, {"x": 999.0, "y": 624.0}, {"x": 999.0, "y": 652.0}, {"x": 910.0, "y": 652.0}]}, "description": " ORDER #"}, {"boundingPoly": {"vertices": [{"x": 981.0, "y": 656.0}, {"x": 1031.0, "y": 656.0}, {"x": 1031.0, "y": 679.0}, {"x": 981.0, "y": 679.0}]}, "description": " : 12"}, {"boundingPoly": {"vertices": [{"x": 992.0, "y": 685.0}, {"x": 1065.0, "y": 685.0}, {"x": 1065.0, "y": 710.0}, {"x": 992.0, "y": 710.0}]}, "description": " : Keri"}, {"boundingPoly": {"vertices": [{"x": 970.0, "y": 718.0}, {"x": 1009.0, "y": 718.0}, {"x": 1009.0, "y": 741.0}, {"x": 970.0, "y": 741.0}]}, "description": " : 1"}, {"boundingPoly": {"vertices": [{"x": 1002.0, "y": 592.0}, {"x": 1100.0, "y": 592.0}, {"x": 1100.0, "y": 620.0}, {"x": 1002.0, "y": 620.0}]}, "description": " : 108552"}, {"boundingPoly": {"vertices": [{"x": 1003.0, "y": 622.0}, {"x": 1090.0, "y": 622.0}, {"x": 1090.0, "y": 650.0}, {"x": 1003.0, "y": 650.0}]}, "description": " : 74997"}, {"boundingPoly": {"vertices": [{"x": 911.0, "y": 657.0}, {"x": 976.0, "y": 657.0}, {"x": 976.0, "y": 681.0}, {"x": 911.0, "y": 681.0}]}, "description": " TABLE"}, {"boundingPoly": {"vertices": [{"x": 912.0, "y": 687.0}, {"x": 988.0, "y": 687.0}, {"x": 988.0, "y": 711.0}, {"x": 912.0, "y": 711.0}]}, "description": " SERVER"}, {"boundingPoly": {"vertices": [{"x": 912.0, "y": 718.0}, {"x": 966.0, "y": 718.0}, {"x": 966.0, "y": 741.0}, {"x": 912.0, "y": 741.0}]}, "description": " SEAT"}, {"boundingPoly": {"vertices": [{"x": 912.0, "y": 807.0}, {"x": 1091.0, "y": 805.0}, {"x": 1092.0, "y": 832.0}, {"x": 912.0, "y": 835.0}]}, "description": "QTY DESCRIPTION"}, {"boundingPoly": {"vertices": [{"x": 1399.0, "y": 805.0}, {"x": 1445.0, "y": 805.0}, {"x": 1444.0, "y": 827.0}, {"x": 1398.0, "y": 827.0}]}, "description": "TOTAL"}, {"boundingPoly": {"vertices": [{"x": 1078.0, "y": 899.0}, {"x": 1204.0, "y": 899.0}, {"x": 1204.0, "y": 924.0}, {"x": 1078.0, "y": 924.0}]}, "description": " ***** Seat"}, {"boundingPoly": {"vertices": [{"x": 1207.0, "y": 899.0}, {"x": 1227.0, "y": 899.0}, {"x": 1227.0, "y": 923.0}, {"x": 1207.0, "y": 923.0}]}, "description": " 1"}, {"boundingPoly": {"vertices": [{"x": 1230.0, "y": 899.0}, {"x": 1291.0, "y": 899.0}, {"x": 1291.0, "y": 922.0}, {"x": 1230.0, "y": 922.0}]}, "description": " *****"}, {"boundingPoly": {"vertices": [{"x": 917.0, "y": 963.0}, {"x": 930.0, "y": 966.0}, {"x": 928.0, "y": 987.0}, {"x": 915.0, "y": 984.0}]}, "description": "1"}, {"boundingPoly": {"vertices": [{"x": 961.0, "y": 962.0}, {"x": 1266.0, "y": 957.0}, {"x": 1266.0, "y": 980.0}, {"x": 961.0, "y": 985.0}]}, "description": "Top Sirloin & Lobster Tail"}, {"boundingPoly": {"vertices": [{"x": 961.0, "y": 991.0}, {"x": 1115.0, "y": 991.0}, {"x": 1115.0, "y": 1017.0}, {"x": 961.0, "y": 1016.0}]}, "description": "Fries & Gravy"}, {"boundingPoly": {"vertices": [{"x": 959.0, "y": 1023.0}, {"x": 1011.0, "y": 1022.0}, {"x": 1012.0, "y": 1046.0}, {"x": 959.0, "y": 1046.0}]}, "description": "Coke"}, {"boundingPoly": {"vertices": [{"x": 1383.0, "y": 956.0}, {"x": 1454.0, "y": 955.0}, {"x": 1455.0, "y": 978.0}, {"x": 1384.0, "y": 980.0}]}, "description": "$20.00"}, {"boundingPoly": {"vertices": [{"x": 1397.0, "y": 988.0}, {"x": 1455.0, "y": 985.0}, {"x": 1457.0, "y": 1009.0}, {"x": 1398.0, "y": 1012.0}]}, "description": "$1.25"}, {"boundingPoly": {"vertices": [{"x": 1395.0, "y": 1020.0}, {"x": 1457.0, "y": 1017.0}, {"x": 1458.0, "y": 1039.0}, {"x": 1396.0, "y": 1041.0}]}, "description": "$2.99"}, {"boundingPoly": {"vertices": [{"x": 916.0, "y": 1026.0}, {"x": 931.0, "y": 1028.0}, {"x": 930.0, "y": 1048.0}, {"x": 915.0, "y": 1046.0}]}, "description": "1"}, {"boundingPoly": {"vertices": [{"x": 1243.0, "y": 1112.0}, {"x": 1336.0, "y": 1112.0}, {"x": 1336.0, "y": 1134.0}, {"x": 1243.0, "y": 1134.0}]}, "description": "SUBTOTAL"}, {"boundingPoly": {"vertices": [{"x": 1019.0, "y": 1144.0}, {"x": 1339.0, "y": 1142.0}, {"x": 1339.0, "y": 1164.0}, {"x": 1019.0, "y": 1166.0}]}, "description": "HONEST TO GOODNESS FEE 3.0%"}, {"boundingPoly": {"vertices": [{"x": 1102.0, "y": 1174.0}, {"x": 1341.0, "y": 1171.0}, {"x": 1341.0, "y": 1196.0}, {"x": 1102.0, "y": 1199.0}]}, "description": "HARMONIZED SALES TAX"}, {"boundingPoly": {"vertices": [{"x": 1280.0, "y": 1203.0}, {"x": 1340.0, "y": 1202.0}, {"x": 1340.0, "y": 1226.0}, {"x": 1280.0, "y": 1227.0}]}, "description": "TOTAL"}, {"boundingPoly": {"vertices": [{"x": 1384.0, "y": 1109.0}, {"x": 1458.0, "y": 1110.0}, {"x": 1458.0, "y": 1132.0}, {"x": 1384.0, "y": 1135.0}]}, "description": "$24.24"}, {"boundingPoly": {"vertices": [{"x": 1397.0, "y": 1142.0}, {"x": 1458.0, "y": 1139.0}, {"x": 1459.0, "y": 1161.0}, {"x": 1397.0, "y": 1164.0}]}, "description": "$0.73"}, {"boundingPoly": {"vertices": [{"x": 1397.0, "y": 1172.0}, {"x": 1459.0, "y": 1170.0}, {"x": 1459.0, "y": 1192.0}, {"x": 1397.0, "y": 1194.0}]}, "description": "$3.24"}, {"boundingPoly": {"vertices": [{"x": 1385.0, "y": 1203.0}, {"x": 1456.0, "y": 1201.0}, {"x": 1457.0, "y": 1225.0}, {"x": 1386.0, "y": 1227.0}]}, "description": "$28.21"}, {"boundingPoly": {"vertices": [{"x": 950.0, "y": 1297.0}, {"x": 975.0, "y": 1297.0}, {"x": 975.0, "y": 1329.0}, {"x": 950.0, "y": 1329.0}]}, "description": " $4"}, {"boundingPoly": {"vertices": [{"x": 981.0, "y": 1297.0}, {"x": 1002.0, "y": 1297.0}, {"x": 1002.0, "y": 1328.0}, {"x": 981.0, "y": 1328.0}]}, "description": " -"}, {"boundingPoly": {"vertices": [{"x": 1001.0, "y": 1330.0}, {"x": 1356.0, "y": 1326.0}, {"x": 1356.0, "y": 1352.0}, {"x": 1001.0, "y": 1356.0}]}, "description": "1/2 Price Appetizers After 9PM"}, {"boundingPoly": {"vertices": [{"x": 938.0, "y": 1361.0}, {"x": 1428.0, "y": 1357.0}, {"x": 1428.0, "y": 1381.0}, {"x": 938.0, "y": 1384.0}]}, "description": "$9 - 54oz. Domestic Pitchers, Every Thurs"}, {"boundingPoly": {"vertices": [{"x": 1008.0, "y": 1391.0}, {"x": 1344.0, "y": 1390.0}, {"x": 1345.0, "y": 1412.0}, {"x": 1008.0, "y": 1414.0}]}, "description": "$6.50 - Chuck's Size Caesars"}, {"boundingPoly": {"vertices": [{"x": 1008.0, "y": 1294.0}, {"x": 1342.0, "y": 1294.0}, {"x": 1342.0, "y": 1328.0}, {"x": 1008.0, "y": 1328.0}]}, "description": " 18oz. Domestic Draught, 11AM"}, {"boundingPoly": {"vertices": [{"x": 1348.0, "y": 1293.0}, {"x": 1363.0, "y": 1293.0}, {"x": 1363.0, "y": 1323.0}, {"x": 1348.0, "y": 1323.0}]}, "description": " -"}, {"boundingPoly": {"vertices": [{"x": 1369.0, "y": 1292.0}, {"x": 1419.0, "y": 1292.0}, {"x": 1419.0, "y": 1323.0}, {"x": 1369.0, "y": 1323.0}]}, "description": " 5PM"}, {"boundingPoly": {"vertices": [{"x": 1057.0, "y": 1481.0}, {"x": 1306.0, "y": 1479.0}, {"x": 1306.0, "y": 1507.0}, {"x": 1057.0, "y": 1509.0}]}, "description": "HST# 761093319 RT0001"}, {"boundingPoly": {"vertices": [{"x": 985.0, "y": 1545.0}, {"x": 1367.0, "y": 1542.0}, {"x": 1367.0, "y": 1567.0}, {"x": 985.0, "y": 1571.0}]}, "description": "merchant address"}, {"boundingPoly": {"vertices": [{"x": 1197.0, "y": 1574.0}, {"x": 1287.0, "y": 1574.0}, {"x": 1287.0, "y": 1599.0}, {"x": 1197.0, "y": 1599.0}]}, "description": "merchant address"}, {"boundingPoly": {"vertices": [{"x": 1112.0, "y": 1604.0}, {"x": 1274.0, "y": 1602.0}, {"x": 1275.0, "y": 1630.0}, {"x": 1113.0, "y": 1633.0}]}, "description": "merchant phone"}, {"boundingPoly": {"vertices": [{"x": 1082.0, "y": 1575.0}, {"x": 1187.0, "y": 1575.0}, {"x": 1187.0, "y": 1602.0}, {"x": 1082.0, "y": 1602.0}]}, "description": "merchant address"}]}