{"textAnnotations": [{"boundingPoly": {"vertices": [{"x": 574.0, "y": 65.0}, {"x": 1015.0, "y": 95.0}, {"x": 1013.0, "y": 131.0}, {"x": 571.0, "y": 101.0}]}, "description": "Thank You For Joining Us At"}, {"boundingPoly": {"vertices": [{"x": 524.0, "y": 129.0}, {"x": 689.0, "y": 142.0}, {"x": 686.0, "y": 179.0}, {"x": 521.0, "y": 168.0}]}, "description": "11/12/2019"}, {"boundingPoly": {"vertices": [{"x": 672.0, "y": 108.0}, {"x": 919.0, "y": 125.0}, {"x": 917.0, "y": 156.0}, {"x": 670.0, "y": 139.0}]}, "description": "merchant name"}, {"boundingPoly": {"vertices": [{"x": 512.0, "y": 173.0}, {"x": 833.0, "y": 190.0}, {"x": 832.0, "y": 216.0}, {"x": 511.0, "y": 199.0}]}, "description": "==================="}, {"boundingPoly": {"vertices": [{"x": 696.0, "y": 217.0}, {"x": 885.0, "y": 226.0}, {"x": 884.0, "y": 256.0}, {"x": 694.0, "y": 246.0}]}, "description": "Avenue Cafe"}, {"boundingPoly": {"vertices": [{"x": 848.0, "y": 257.0}, {"x": 955.0, "y": 257.0}, {"x": 955.0, "y": 292.0}, {"x": 848.0, "y": 292.0}]}, "description": " Table:"}, {"boundingPoly": {"vertices": [{"x": 842.0, "y": 290.0}, {"x": 972.0, "y": 290.0}, {"x": 972.0, "y": 329.0}, {"x": 842.0, "y": 329.0}]}, "description": " Guests:"}, {"boundingPoly": {"vertices": [{"x": 995.0, "y": 162.0}, {"x": 1063.0, "y": 162.0}, {"x": 1063.0, "y": 191.0}, {"x": 995.0, "y": 191.0}]}, "description": " 8:56"}, {"boundingPoly": {"vertices": [{"x": 944.0, "y": 197.0}, {"x": 1065.0, "y": 198.0}, {"x": 1065.0, "y": 220.0}, {"x": 943.0, "y": 219.0}]}, "description": "======="}, {"boundingPoly": {"vertices": [{"x": 511.0, "y": 243.0}, {"x": 628.0, "y": 243.0}, {"x": 628.0, "y": 282.0}, {"x": 511.0, "y": 282.0}]}, "description": " Check:"}, {"boundingPoly": {"vertices": [{"x": 506.0, "y": 281.0}, {"x": 635.0, "y": 281.0}, {"x": 635.0, "y": 319.0}, {"x": 506.0, "y": 319.0}]}, "description": " Server:"}, {"boundingPoly": {"vertices": [{"x": 504.0, "y": 320.0}, {"x": 667.0, "y": 320.0}, {"x": 667.0, "y": 355.0}, {"x": 504.0, "y": 355.0}]}, "description": " Terminal:"}, {"boundingPoly": {"vertices": [{"x": 501.0, "y": 358.0}, {"x": 675.0, "y": 362.0}, {"x": 674.0, "y": 388.0}, {"x": 501.0, "y": 383.0}]}, "description": "=========="}, {"boundingPoly": {"vertices": [{"x": 668.0, "y": 400.0}, {"x": 900.0, "y": 402.0}, {"x": 900.0, "y": 439.0}, {"x": 668.0, "y": 436.0}]}, "description": "Regular Check"}, {"boundingPoly": {"vertices": [{"x": 640.0, "y": 248.0}, {"x": 770.0, "y": 248.0}, {"x": 770.0, "y": 283.0}, {"x": 640.0, "y": 283.0}]}, "description": " 3189072"}, {"boundingPoly": {"vertices": [{"x": 641.0, "y": 285.0}, {"x": 784.0, "y": 285.0}, {"x": 784.0, "y": 321.0}, {"x": 641.0, "y": 321.0}]}, "description": " Yohannes"}, {"boundingPoly": {"vertices": [{"x": 960.0, "y": 261.0}, {"x": 985.0, "y": 261.0}, {"x": 985.0, "y": 292.0}, {"x": 960.0, "y": 292.0}]}, "description": " 9"}, {"boundingPoly": {"vertices": [{"x": 977.0, "y": 297.0}, {"x": 999.0, "y": 297.0}, {"x": 999.0, "y": 329.0}, {"x": 977.0, "y": 329.0}]}, "description": " 3"}, {"boundingPoly": {"vertices": [{"x": 672.0, "y": 323.0}, {"x": 729.0, "y": 323.0}, {"x": 729.0, "y": 358.0}, {"x": 672.0, "y": 358.0}]}, "description": " 322"}, {"boundingPoly": {"vertices": [{"x": 677.0, "y": 366.0}, {"x": 798.0, "y": 368.0}, {"x": 797.0, "y": 393.0}, {"x": 677.0, "y": 391.0}]}, "description": "======= ==="}, {"boundingPoly": {"vertices": [{"x": 811.0, "y": 368.0}, {"x": 1066.0, "y": 380.0}, {"x": 1064.0, "y": 403.0}, {"x": 810.0, "y": 392.0}]}, "description": "==============="}, {"boundingPoly": {"vertices": [{"x": 600.0, "y": 436.0}, {"x": 623.0, "y": 436.0}, {"x": 623.0, "y": 474.0}, {"x": 600.0, "y": 474.0}]}, "description": " 1"}, {"boundingPoly": {"vertices": [{"x": 599.0, "y": 472.0}, {"x": 775.0, "y": 475.0}, {"x": 774.0, "y": 510.0}, {"x": 599.0, "y": 509.0}]}, "description": "2 Fresh JJ"}, {"boundingPoly": {"vertices": [{"x": 631.0, "y": 512.0}, {"x": 741.0, "y": 514.0}, {"x": 740.0, "y": 548.0}, {"x": 630.0, "y": 546.0}]}, "description": "@ 8.00"}, {"boundingPoly": {"vertices": [{"x": 596.0, "y": 548.0}, {"x": 737.0, "y": 552.0}, {"x": 736.0, "y": 588.0}, {"x": 596.0, "y": 585.0}]}, "description": "2 Coffee"}, {"boundingPoly": {"vertices": [{"x": 625.0, "y": 589.0}, {"x": 736.0, "y": 592.0}, {"x": 735.0, "y": 626.0}, {"x": 625.0, "y": 624.0}]}, "description": "@ 5.00"}, {"boundingPoly": {"vertices": [{"x": 595.0, "y": 627.0}, {"x": 803.0, "y": 632.0}, {"x": 802.0, "y": 668.0}, {"x": 594.0, "y": 663.0}]}, "description": "2 BYO Omelet"}, {"boundingPoly": {"vertices": [{"x": 620.0, "y": 667.0}, {"x": 747.0, "y": 670.0}, {"x": 746.0, "y": 705.0}, {"x": 619.0, "y": 702.0}]}, "description": "@ 19.00"}, {"boundingPoly": {"vertices": [{"x": 621.0, "y": 708.0}, {"x": 733.0, "y": 709.0}, {"x": 733.0, "y": 745.0}, {"x": 621.0, "y": 744.0}]}, "description": "Bell P"}, {"boundingPoly": {"vertices": [{"x": 630.0, "y": 436.0}, {"x": 909.0, "y": 436.0}, {"x": 909.0, "y": 477.0}, {"x": 630.0, "y": 477.0}]}, "description": " American Brkfast"}, {"boundingPoly": {"vertices": [{"x": 983.0, "y": 447.0}, {"x": 1065.0, "y": 447.0}, {"x": 1065.0, "y": 479.0}, {"x": 982.0, "y": 478.0}]}, "description": "19.00"}, {"boundingPoly": {"vertices": [{"x": 980.0, "y": 482.0}, {"x": 1071.0, "y": 483.0}, {"x": 1070.0, "y": 513.0}, {"x": 980.0, "y": 511.0}]}, "description": "16.00"}, {"boundingPoly": {"vertices": [{"x": 979.0, "y": 554.0}, {"x": 1068.0, "y": 557.0}, {"x": 1067.0, "y": 590.0}, {"x": 979.0, "y": 588.0}]}, "description": "10.00"}, {"boundingPoly": {"vertices": [{"x": 977.0, "y": 630.0}, {"x": 1071.0, "y": 630.0}, {"x": 1071.0, "y": 664.0}, {"x": 977.0, "y": 663.0}]}, "description": "38.00"}, {"boundingPoly": {"vertices": [{"x": 655.0, "y": 792.0}, {"x": 797.0, "y": 795.0}, {"x": 797.0, "y": 833.0}, {"x": 655.0, "y": 830.0}]}, "description": "Subtotal"}, {"boundingPoly": {"vertices": [{"x": 640.0, "y": 832.0}, {"x": 801.0, "y": 836.0}, {"x": 800.0, "y": 875.0}, {"x": 639.0, "y": 871.0}]}, "description": "Sales Tax"}, {"boundingPoly": {"vertices": [{"x": 711.0, "y": 877.0}, {"x": 795.0, "y": 878.0}, {"x": 795.0, "y": 914.0}, {"x": 709.0, "y": 912.0}]}, "description": "Total"}, {"boundingPoly": {"vertices": [{"x": 939.0, "y": 795.0}, {"x": 1032.0, "y": 795.0}, {"x": 1032.0, "y": 830.0}, {"x": 939.0, "y": 832.0}]}, "description": "83.00"}, {"boundingPoly": {"vertices": [{"x": 958.0, "y": 835.0}, {"x": 1031.0, "y": 835.0}, {"x": 1031.0, "y": 871.0}, {"x": 959.0, "y": 871.0}]}, "description": "6.85"}, {"boundingPoly": {"vertices": [{"x": 940.0, "y": 875.0}, {"x": 1032.0, "y": 874.0}, {"x": 1033.0, "y": 911.0}, {"x": 940.0, "y": 912.0}]}, "description": "89.85"}, {"boundingPoly": {"vertices": [{"x": 466.0, "y": 1012.0}, {"x": 807.0, "y": 1014.0}, {"x": 807.0, "y": 1035.0}, {"x": 466.0, "y": 1033.0}]}, "description": "==================="}, {"boundingPoly": {"vertices": [{"x": 683.0, "y": 1047.0}, {"x": 833.0, "y": 1050.0}, {"x": 833.0, "y": 1085.0}, {"x": 682.0, "y": 1082.0}]}, "description": "Payments"}, {"boundingPoly": {"vertices": [{"x": 934.0, "y": 1016.0}, {"x": 1069.0, "y": 1016.0}, {"x": 1069.0, "y": 1036.0}, {"x": 934.0, "y": 1036.0}]}, "description": "======="}, {"boundingPoly": {"vertices": [{"x": 462.0, "y": 1132.0}, {"x": 745.0, "y": 1134.0}, {"x": 745.0, "y": 1174.0}, {"x": 461.0, "y": 1171.0}]}, "description": "MGM Poen Charge"}, {"boundingPoly": {"vertices": [{"x": 503.0, "y": 1174.0}, {"x": 1055.0, "y": 1174.0}, {"x": 1055.0, "y": 1215.0}, {"x": 503.0, "y": 1214.0}]}, "description": "merchant address"}, {"boundingPoly": {"vertices": [{"x": 973.0, "y": 1131.0}, {"x": 1068.0, "y": 1135.0}, {"x": 1067.0, "y": 1172.0}, {"x": 972.0, "y": 1169.0}]}, "description": "89.85"}, {"boundingPoly": {"vertices": [{"x": 447.0, "y": 1295.0}, {"x": 716.0, "y": 1298.0}, {"x": 716.0, "y": 1341.0}, {"x": 446.0, "y": 1338.0}]}, "description": "Total Payments"}, {"boundingPoly": {"vertices": [{"x": 976.0, "y": 1299.0}, {"x": 1075.0, "y": 1301.0}, {"x": 1075.0, "y": 1339.0}, {"x": 976.0, "y": 1337.0}]}, "description": "89.85"}, {"boundingPoly": {"vertices": [{"x": 436.0, "y": 1388.0}, {"x": 768.0, "y": 1390.0}, {"x": 768.0, "y": 1433.0}, {"x": 436.0, "y": 1432.0}]}, "description": "Remaining Balance"}, {"boundingPoly": {"vertices": [{"x": 994.0, "y": 1391.0}, {"x": 1077.0, "y": 1392.0}, {"x": 1078.0, "y": 1434.0}, {"x": 994.0, "y": 1434.0}]}, "description": "0.00"}, {"boundingPoly": {"vertices": [{"x": 428.0, "y": 1481.0}, {"x": 867.0, "y": 1484.0}, {"x": 866.0, "y": 1532.0}, {"x": 428.0, "y": 1530.0}]}, "description": "Check Fully Authorized"}, {"boundingPoly": {"vertices": [{"x": 651.0, "y": 1598.0}, {"x": 752.0, "y": 1596.0}, {"x": 752.0, "y": 1618.0}, {"x": 651.0, "y": 1620.0}]}, "description": "======"}, {"boundingPoly": {"vertices": [{"x": 414.0, "y": 1634.0}, {"x": 1123.0, "y": 1636.0}, {"x": 1123.0, "y": 1681.0}, {"x": 414.0, "y": 1678.0}]}, "description": "***** GRATUITY/TIP Not Included *****"}, {"boundingPoly": {"vertices": [{"x": 420.0, "y": 1681.0}, {"x": 1205.0, "y": 1687.0}, {"x": 1204.0, "y": 1736.0}, {"x": 420.0, "y": 1730.0}]}, "description": "This tip/gratuity guide is provided for"}, {"boundingPoly": {"vertices": [{"x": 415.0, "y": 1737.0}, {"x": 765.0, "y": 1740.0}, {"x": 765.0, "y": 1782.0}, {"x": 415.0, "y": 1777.0}]}, "description": "your convenience."}, {"boundingPoly": {"vertices": [{"x": 1023.0, "y": 1599.0}, {"x": 1078.0, "y": 1600.0}, {"x": 1077.0, "y": 1622.0}, {"x": 1022.0, "y": 1621.0}]}, "description": "==="}, {"boundingPoly": {"vertices": [{"x": 575.0, "y": 1836.0}, {"x": 761.0, "y": 1838.0}, {"x": 761.0, "y": 1884.0}, {"x": 575.0, "y": 1883.0}]}, "description": "18%-14.94"}, {"boundingPoly": {"vertices": [{"x": 575.0, "y": 1888.0}, {"x": 756.0, "y": 1890.0}, {"x": 755.0, "y": 1937.0}, {"x": 575.0, "y": 1935.0}]}, "description": "19%-15.77"}, {"boundingPoly": {"vertices": [{"x": 568.0, "y": 1939.0}, {"x": 756.0, "y": 1944.0}, {"x": 755.0, "y": 1992.0}, {"x": 568.0, "y": 1984.0}]}, "description": "20%-16.60"}, {"boundingPoly": {"vertices": [{"x": 567.0, "y": 2096.0}, {"x": 899.0, "y": 2100.0}, {"x": 898.0, "y": 2149.0}, {"x": 567.0, "y": 2145.0}]}, "description": "Loved Your Meal?"}, {"boundingPoly": {"vertices": [{"x": 542.0, "y": 2151.0}, {"x": 940.0, "y": 2151.0}, {"x": 940.0, "y": 2198.0}, {"x": 542.0, "y": 2197.0}]}, "description": "Let us <now on YELP"}]}