{"textAnnotations": [{"boundingPoly": {"vertices": [{"x": 101.0, "y": 59.0}, {"x": 297.0, "y": 56.0}, {"x": 297.0, "y": 71.0}, {"x": 102.0, "y": 73.0}]}, "description": "Thank You For Visiting the"}, {"boundingPoly": {"vertices": [{"x": 100.0, "y": 75.0}, {"x": 291.0, "y": 73.0}, {"x": 291.0, "y": 87.0}, {"x": 100.0, "y": 89.0}]}, "description": "merchant name"}, {"boundingPoly": {"vertices": [{"x": 136.0, "y": 91.0}, {"x": 258.0, "y": 91.0}, {"x": 258.0, "y": 105.0}, {"x": 136.0, "y": 106.0}]}, "description": "Matthew Fraysier"}, {"boundingPoly": {"vertices": [{"x": 142.0, "y": 109.0}, {"x": 258.0, "y": 109.0}, {"x": 258.0, "y": 123.0}, {"x": 142.0, "y": 123.0}]}, "description": "General Manager"}, {"boundingPoly": {"vertices": [{"x": 146.0, "y": 126.0}, {"x": 246.0, "y": 126.0}, {"x": 246.0, "y": 142.0}, {"x": 146.0, "y": 142.0}]}, "description": "merchant phone"}, {"boundingPoly": {"vertices": [{"x": 112.0, "y": 145.0}, {"x": 281.0, "y": 144.0}, {"x": 281.0, "y": 160.0}, {"x": 112.0, "y": 161.0}]}, "description": "We Love Your Feedback!"}, {"boundingPoly": {"vertices": [{"x": 112.0, "y": 163.0}, {"x": 289.0, "y": 164.0}, {"x": 289.0, "y": 180.0}, {"x": 112.0, "y": 179.0}]}, "description": "Text @LTF11479 to 73940"}, {"boundingPoly": {"vertices": [{"x": 330.0, "y": 201.0}, {"x": 356.0, "y": 201.0}, {"x": 356.0, "y": 217.0}, {"x": 329.0, "y": 217.0}]}, "description": "USD"}, {"boundingPoly": {"vertices": [{"x": 323.0, "y": 222.0}, {"x": 356.0, "y": 221.0}, {"x": 356.0, "y": 238.0}, {"x": 323.0, "y": 238.0}]}, "description": "2.85"}, {"boundingPoly": {"vertices": [{"x": 44.0, "y": 222.0}, {"x": 95.0, "y": 222.0}, {"x": 95.0, "y": 238.0}, {"x": 44.0, "y": 238.0}]}, "description": " Soup -"}, {"boundingPoly": {"vertices": [{"x": 98.0, "y": 223.0}, {"x": 136.0, "y": 223.0}, {"x": 136.0, "y": 238.0}, {"x": 98.0, "y": 238.0}]}, "description": " 12oz"}, {"boundingPoly": {"vertices": [{"x": 219.0, "y": 261.0}, {"x": 288.0, "y": 261.0}, {"x": 288.0, "y": 276.0}, {"x": 219.0, "y": 276.0}]}, "description": "Sub Total"}, {"boundingPoly": {"vertices": [{"x": 220.0, "y": 280.0}, {"x": 297.0, "y": 280.0}, {"x": 297.0, "y": 295.0}, {"x": 220.0, "y": 295.0}]}, "description": "Tax Amount"}, {"boundingPoly": {"vertices": [{"x": 324.0, "y": 260.0}, {"x": 357.0, "y": 261.0}, {"x": 356.0, "y": 277.0}, {"x": 324.0, "y": 277.0}]}, "description": "2.85"}, {"boundingPoly": {"vertices": [{"x": 324.0, "y": 279.0}, {"x": 357.0, "y": 279.0}, {"x": 356.0, "y": 295.0}, {"x": 324.0, "y": 295.0}]}, "description": "0.25"}, {"boundingPoly": {"vertices": [{"x": 38.0, "y": 336.0}, {"x": 175.0, "y": 336.0}, {"x": 175.0, "y": 364.0}, {"x": 38.0, "y": 363.0}]}, "description": "Total USD"}, {"boundingPoly": {"vertices": [{"x": 295.0, "y": 337.0}, {"x": 355.0, "y": 338.0}, {"x": 356.0, "y": 364.0}, {"x": 294.0, "y": 364.0}]}, "description": "3.10"}, {"boundingPoly": {"vertices": [{"x": 36.0, "y": 422.0}, {"x": 200.0, "y": 421.0}, {"x": 200.0, "y": 437.0}, {"x": 36.0, "y": 437.0}]}, "description": "5009 AMERICAN EXPRESS"}, {"boundingPoly": {"vertices": [{"x": 323.0, "y": 422.0}, {"x": 358.0, "y": 422.0}, {"x": 357.0, "y": 437.0}, {"x": 323.0, "y": 437.0}]}, "description": "3.10"}, {"boundingPoly": {"vertices": [{"x": 35.0, "y": 477.0}, {"x": 63.0, "y": 478.0}, {"x": 63.0, "y": 491.0}, {"x": 35.0, "y": 492.0}]}, "description": "Tax"}, {"boundingPoly": {"vertices": [{"x": 38.0, "y": 495.0}, {"x": 100.0, "y": 495.0}, {"x": 100.0, "y": 510.0}, {"x": 38.0, "y": 511.0}]}, "description": "0 8.875"}, {"boundingPoly": {"vertices": [{"x": 159.0, "y": 478.0}, {"x": 271.0, "y": 478.0}, {"x": 271.0, "y": 493.0}, {"x": 159.0, "y": 493.0}]}, "description": " Taxable Amount"}, {"boundingPoly": {"vertices": [{"x": 233.0, "y": 496.0}, {"x": 267.0, "y": 496.0}, {"x": 267.0, "y": 511.0}, {"x": 233.0, "y": 511.0}]}, "description": "2.85"}, {"boundingPoly": {"vertices": [{"x": 279.0, "y": 478.0}, {"x": 357.0, "y": 478.0}, {"x": 357.0, "y": 494.0}, {"x": 279.0, "y": 494.0}]}, "description": " Tax Amount"}, {"boundingPoly": {"vertices": [{"x": 324.0, "y": 496.0}, {"x": 357.0, "y": 496.0}, {"x": 357.0, "y": 511.0}, {"x": 324.0, "y": 511.0}]}, "description": "0.25"}, {"boundingPoly": {"vertices": [{"x": 36.0, "y": 552.0}, {"x": 358.0, "y": 552.0}, {"x": 358.0, "y": 570.0}, {"x": 36.0, "y": 570.0}]}, "description": " 11/26/2019 01:11 PM #:33241 Op:123 C:1111"}, {"boundingPoly": {"vertices": [{"x": 38.0, "y": 571.0}, {"x": 105.0, "y": 571.0}, {"x": 105.0, "y": 589.0}, {"x": 38.0, "y": 589.0}]}, "description": " 17 S:1111"}, {"boundingPoly": {"vertices": [{"x": 37.0, "y": 592.0}, {"x": 118.0, "y": 592.0}, {"x": 118.0, "y": 607.0}, {"x": 37.0, "y": 607.0}]}, "description": " Served you"}, {"boundingPoly": {"vertices": [{"x": 120.0, "y": 590.0}, {"x": 305.0, "y": 590.0}, {"x": 305.0, "y": 607.0}, {"x": 120.0, "y": 607.0}]}, "description": " : AENY Self Checkout - 7"}]}