{"textAnnotations": [{"boundingPoly": {"vertices": [{"x": 307.0, "y": 210.0}, {"x": 445.0, "y": 212.0}, {"x": 445.0, "y": 232.0}, {"x": 307.0, "y": 230.0}]}, "description": "merchant name"}, {"boundingPoly": {"vertices": [{"x": 324.0, "y": 247.0}, {"x": 433.0, "y": 251.0}, {"x": 432.0, "y": 270.0}, {"x": 323.0, "y": 266.0}]}, "description": "merchant address"}, {"boundingPoly": {"vertices": [{"x": 330.0, "y": 284.0}, {"x": 428.0, "y": 292.0}, {"x": 426.0, "y": 309.0}, {"x": 330.0, "y": 302.0}]}, "description": "VAT 876808764"}, {"boundingPoly": {"vertices": [{"x": 311.0, "y": 227.0}, {"x": 444.0, "y": 232.0}, {"x": 443.0, "y": 251.0}, {"x": 310.0, "y": 247.0}]}, "description": "merchant address"}, {"boundingPoly": {"vertices": [{"x": 313.0, "y": 265.0}, {"x": 344.0, "y": 265.0}, {"x": 344.0, "y": 285.0}, {"x": 313.0, "y": 285.0}]}, "description": " TEL:"}, {"boundingPoly": {"vertices": [{"x": 347.0, "y": 267.0}, {"x": 438.0, "y": 267.0}, {"x": 438.0, "y": 290.0}, {"x": 347.0, "y": 290.0}]}, "description": "merchant phone"}, {"boundingPoly": {"vertices": [{"x": 238.0, "y": 329.0}, {"x": 283.0, "y": 333.0}, {"x": 281.0, "y": 364.0}, {"x": 236.0, "y": 360.0}]}, "description": "TABLE"}, {"boundingPoly": {"vertices": [{"x": 358.0, "y": 372.0}, {"x": 406.0, "y": 374.0}, {"x": 405.0, "y": 401.0}, {"x": 357.0, "y": 400.0}]}, "description": "INSIDE"}, {"boundingPoly": {"vertices": [{"x": 228.0, "y": 409.0}, {"x": 318.0, "y": 414.0}, {"x": 317.0, "y": 431.0}, {"x": 227.0, "y": 425.0}]}, "description": "NEGRONI/KIR"}, {"boundingPoly": {"vertices": [{"x": 231.0, "y": 430.0}, {"x": 348.0, "y": 436.0}, {"x": 347.0, "y": 454.0}, {"x": 230.0, "y": 447.0}]}, "description": "Trebbiano 175ml"}, {"boundingPoly": {"vertices": [{"x": 229.0, "y": 452.0}, {"x": 289.0, "y": 453.0}, {"x": 288.0, "y": 471.0}, {"x": 229.0, "y": 469.0}]}, "description": "-DRINKS"}, {"boundingPoly": {"vertices": [{"x": 493.0, "y": 413.0}, {"x": 524.0, "y": 410.0}, {"x": 526.0, "y": 427.0}, {"x": 493.0, "y": 430.0}]}, "description": "7.20"}, {"boundingPoly": {"vertices": [{"x": 492.0, "y": 433.0}, {"x": 525.0, "y": 429.0}, {"x": 526.0, "y": 446.0}, {"x": 494.0, "y": 450.0}]}, "description": "4.95"}, {"boundingPoly": {"vertices": [{"x": 474.0, "y": 456.0}, {"x": 526.0, "y": 451.0}, {"x": 528.0, "y": 467.0}, {"x": 475.0, "y": 473.0}]}, "description": "12.15 --"}, {"boundingPoly": {"vertices": [{"x": 227.0, "y": 496.0}, {"x": 334.0, "y": 497.0}, {"x": 334.0, "y": 516.0}, {"x": 226.0, "y": 515.0}]}, "description": "SPECIAL PIZZA"}, {"boundingPoly": {"vertices": [{"x": 227.0, "y": 519.0}, {"x": 349.0, "y": 519.0}, {"x": 349.0, "y": 537.0}, {"x": 227.0, "y": 536.0}]}, "description": "SPECIAL STARTER"}, {"boundingPoly": {"vertices": [{"x": 225.0, "y": 540.0}, {"x": 380.0, "y": 541.0}, {"x": 380.0, "y": 558.0}, {"x": 225.0, "y": 557.0}]}, "description": "GARLIC BREAD CHEESE"}, {"boundingPoly": {"vertices": [{"x": 228.0, "y": 559.0}, {"x": 269.0, "y": 560.0}, {"x": 268.0, "y": 576.0}, {"x": 227.0, "y": 575.0}]}, "description": "-FOOD"}, {"boundingPoly": {"vertices": [{"x": 491.0, "y": 495.0}, {"x": 531.0, "y": 492.0}, {"x": 532.0, "y": 510.0}, {"x": 493.0, "y": 512.0}]}, "description": "12.95"}, {"boundingPoly": {"vertices": [{"x": 500.0, "y": 517.0}, {"x": 534.0, "y": 515.0}, {"x": 534.0, "y": 530.0}, {"x": 501.0, "y": 532.0}]}, "description": "9.95"}, {"boundingPoly": {"vertices": [{"x": 501.0, "y": 534.0}, {"x": 536.0, "y": 533.0}, {"x": 537.0, "y": 548.0}, {"x": 501.0, "y": 550.0}]}, "description": "3.95"}, {"boundingPoly": {"vertices": [{"x": 478.0, "y": 554.0}, {"x": 535.0, "y": 550.0}, {"x": 537.0, "y": 566.0}, {"x": 479.0, "y": 570.0}]}, "description": "26.85 --"}, {"boundingPoly": {"vertices": [{"x": 222.0, "y": 602.0}, {"x": 299.0, "y": 602.0}, {"x": 299.0, "y": 620.0}, {"x": 222.0, "y": 620.0}]}, "description": " Prev Bal:"}, {"boundingPoly": {"vertices": [{"x": 221.0, "y": 624.0}, {"x": 291.0, "y": 623.0}, {"x": 291.0, "y": 641.0}, {"x": 221.0, "y": 642.0}]}, "description": "SUBTOTAL"}, {"boundingPoly": {"vertices": [{"x": 496.0, "y": 592.0}, {"x": 540.0, "y": 590.0}, {"x": 541.0, "y": 606.0}, {"x": 497.0, "y": 608.0}]}, "description": "39.00"}, {"boundingPoly": {"vertices": [{"x": 457.0, "y": 616.0}, {"x": 502.0, "y": 614.0}, {"x": 503.0, "y": 632.0}, {"x": 458.0, "y": 633.0}]}, "description": "39.00"}, {"boundingPoly": {"vertices": [{"x": 219.0, "y": 669.0}, {"x": 284.0, "y": 668.0}, {"x": 284.0, "y": 688.0}, {"x": 219.0, "y": 690.0}]}, "description": "SERVICE"}, {"boundingPoly": {"vertices": [{"x": 234.0, "y": 694.0}, {"x": 290.0, "y": 693.0}, {"x": 290.0, "y": 711.0}, {"x": 235.0, "y": 713.0}]}, "description": "%12.50"}, {"boundingPoly": {"vertices": [{"x": 513.0, "y": 682.0}, {"x": 549.0, "y": 680.0}, {"x": 550.0, "y": 698.0}, {"x": 514.0, "y": 700.0}]}, "description": "4.88"}, {"boundingPoly": {"vertices": [{"x": 214.0, "y": 743.0}, {"x": 289.0, "y": 742.0}, {"x": 290.0, "y": 778.0}, {"x": 214.0, "y": 778.0}]}, "description": "CASH"}, {"boundingPoly": {"vertices": [{"x": 465.0, "y": 732.0}, {"x": 557.0, "y": 727.0}, {"x": 559.0, "y": 766.0}, {"x": 467.0, "y": 771.0}]}, "description": "43.88"}, {"boundingPoly": {"vertices": [{"x": 220.0, "y": 805.0}, {"x": 558.0, "y": 805.0}, {"x": 558.0, "y": 847.0}, {"x": 220.0, "y": 847.0}]}, "description": " #001-001-0038-0001 25/10/2019 13:29-R"}, {"boundingPoly": {"vertices": [{"x": 200.0, "y": 860.0}, {"x": 575.0, "y": 843.0}, {"x": 576.0, "y": 871.0}, {"x": 200.0, "y": 882.0}]}, "description": "DISCRETIONARY SERVICE GOES ALL TO STAFF"}]}