{"textAnnotations": [{"boundingPoly": {"vertices": [{"x": 185.0, "y": 96.0}, {"x": 478.0, "y": 81.0}, {"x": 479.0, "y": 108.0}, {"x": 186.0, "y": 124.0}]}, "description": "merchant name"}, {"boundingPoly": {"vertices": [{"x": 170.0, "y": 159.0}, {"x": 487.0, "y": 145.0}, {"x": 489.0, "y": 171.0}, {"x": 171.0, "y": 188.0}]}, "description": "merchant address"}, {"boundingPoly": {"vertices": [{"x": 264.0, "y": 217.0}, {"x": 391.0, "y": 210.0}, {"x": 393.0, "y": 236.0}, {"x": 264.0, "y": 243.0}]}, "description": "CHK 714745"}, {"boundingPoly": {"vertices": [{"x": 246.0, "y": 120.0}, {"x": 413.0, "y": 112.0}, {"x": 415.0, "y": 143.0}, {"x": 248.0, "y": 152.0}]}, "description": "merchant address"}, {"boundingPoly": {"vertices": [{"x": 202.0, "y": 240.0}, {"x": 441.0, "y": 240.0}, {"x": 441.0, "y": 278.0}, {"x": 202.0, "y": 278.0}]}, "description": " 11/17/2019 07:37 PM"}, {"boundingPoly": {"vertices": [{"x": 147.0, "y": 282.0}, {"x": 238.0, "y": 278.0}, {"x": 240.0, "y": 308.0}, {"x": 148.0, "y": 313.0}]}, "description": "2239433"}, {"boundingPoly": {"vertices": [{"x": 266.0, "y": 273.0}, {"x": 363.0, "y": 273.0}, {"x": 363.0, "y": 308.0}, {"x": 266.0, "y": 308.0}]}, "description": " Drawer:"}, {"boundingPoly": {"vertices": [{"x": 369.0, "y": 272.0}, {"x": 462.0, "y": 272.0}, {"x": 462.0, "y": 305.0}, {"x": 369.0, "y": 305.0}]}, "description": " 1 Reg:"}, {"boundingPoly": {"vertices": [{"x": 468.0, "y": 272.0}, {"x": 482.0, "y": 272.0}, {"x": 482.0, "y": 304.0}, {"x": 468.0, "y": 304.0}]}, "description": " 1"}, {"boundingPoly": {"vertices": [{"x": 109.0, "y": 346.0}, {"x": 208.0, "y": 344.0}, {"x": 209.0, "y": 370.0}, {"x": 110.0, "y": 372.0}]}, "description": "Vt Latte"}, {"boundingPoly": {"vertices": [{"x": 448.0, "y": 338.0}, {"x": 503.0, "y": 338.0}, {"x": 502.0, "y": 363.0}, {"x": 448.0, "y": 363.0}]}, "description": "5.25"}, {"boundingPoly": {"vertices": [{"x": 104.0, "y": 410.0}, {"x": 155.0, "y": 411.0}, {"x": 155.0, "y": 431.0}, {"x": 104.0, "y": 432.0}]}, "description": "Amex"}, {"boundingPoly": {"vertices": [{"x": 99.0, "y": 436.0}, {"x": 299.0, "y": 433.0}, {"x": 299.0, "y": 458.0}, {"x": 99.0, "y": 462.0}]}, "description": "XXXXXXXXXXXX1002"}, {"boundingPoly": {"vertices": [{"x": 242.0, "y": 461.0}, {"x": 345.0, "y": 461.0}, {"x": 345.0, "y": 492.0}, {"x": 242.0, "y": 492.0}]}, "description": " TAP CHIP"}, {"boundingPoly": {"vertices": [{"x": 237.0, "y": 492.0}, {"x": 343.0, "y": 492.0}, {"x": 343.0, "y": 520.0}, {"x": 237.0, "y": 520.0}]}, "description": " PURCHASE"}, {"boundingPoly": {"vertices": [{"x": 247.0, "y": 522.0}, {"x": 354.0, "y": 522.0}, {"x": 354.0, "y": 549.0}, {"x": 247.0, "y": 549.0}]}, "description": " 00000177"}, {"boundingPoly": {"vertices": [{"x": 219.0, "y": 552.0}, {"x": 422.0, "y": 552.0}, {"x": 422.0, "y": 580.0}, {"x": 219.0, "y": 580.0}]}, "description": " AMERICAN EXPRESS"}, {"boundingPoly": {"vertices": [{"x": 179.0, "y": 585.0}, {"x": 260.0, "y": 585.0}, {"x": 260.0, "y": 611.0}, {"x": 179.0, "y": 611.0}]}, "description": " 867796"}, {"boundingPoly": {"vertices": [{"x": 140.0, "y": 615.0}, {"x": 343.0, "y": 615.0}, {"x": 343.0, "y": 641.0}, {"x": 140.0, "y": 641.0}]}, "description": " A000000025010801"}, {"boundingPoly": {"vertices": [{"x": 139.0, "y": 646.0}, {"x": 264.0, "y": 646.0}, {"x": 264.0, "y": 671.0}, {"x": 139.0, "y": 671.0}]}, "description": " 0010008000"}, {"boundingPoly": {"vertices": [{"x": 137.0, "y": 675.0}, {"x": 190.0, "y": 675.0}, {"x": 190.0, "y": 699.0}, {"x": 137.0, "y": 699.0}]}, "description": " E800"}, {"boundingPoly": {"vertices": [{"x": 441.0, "y": 400.0}, {"x": 497.0, "y": 400.0}, {"x": 496.0, "y": 426.0}, {"x": 441.0, "y": 425.0}]}, "description": "5.72"}, {"boundingPoly": {"vertices": [{"x": 94.0, "y": 462.0}, {"x": 237.0, "y": 462.0}, {"x": 237.0, "y": 494.0}, {"x": 94.0, "y": 494.0}]}, "description": " Card Entry:"}, {"boundingPoly": {"vertices": [{"x": 94.0, "y": 494.0}, {"x": 233.0, "y": 494.0}, {"x": 233.0, "y": 521.0}, {"x": 94.0, "y": 521.0}]}, "description": " Trans Type:"}, {"boundingPoly": {"vertices": [{"x": 88.0, "y": 524.0}, {"x": 243.0, "y": 524.0}, {"x": 243.0, "y": 551.0}, {"x": 88.0, "y": 551.0}]}, "description": " Reference #:"}, {"boundingPoly": {"vertices": [{"x": 86.0, "y": 554.0}, {"x": 214.0, "y": 554.0}, {"x": 214.0, "y": 582.0}, {"x": 86.0, "y": 582.0}]}, "description": " App Label:"}, {"boundingPoly": {"vertices": [{"x": 84.0, "y": 586.0}, {"x": 175.0, "y": 586.0}, {"x": 175.0, "y": 611.0}, {"x": 84.0, "y": 611.0}]}, "description": " Auth #:"}, {"boundingPoly": {"vertices": [{"x": 83.0, "y": 616.0}, {"x": 136.0, "y": 616.0}, {"x": 136.0, "y": 641.0}, {"x": 83.0, "y": 641.0}]}, "description": " AID:"}, {"boundingPoly": {"vertices": [{"x": 84.0, "y": 646.0}, {"x": 135.0, "y": 646.0}, {"x": 135.0, "y": 670.0}, {"x": 84.0, "y": 670.0}]}, "description": " TVR:"}, {"boundingPoly": {"vertices": [{"x": 81.0, "y": 675.0}, {"x": 133.0, "y": 675.0}, {"x": 133.0, "y": 699.0}, {"x": 81.0, "y": 699.0}]}, "description": " TSI:"}, {"boundingPoly": {"vertices": [{"x": 76.0, "y": 731.0}, {"x": 174.0, "y": 732.0}, {"x": 173.0, "y": 756.0}, {"x": 76.0, "y": 755.0}]}, "description": "Subtotal"}, {"boundingPoly": {"vertices": [{"x": 74.0, "y": 761.0}, {"x": 195.0, "y": 762.0}, {"x": 194.0, "y": 785.0}, {"x": 74.0, "y": 784.0}]}, "description": "Tax 8.875%"}, {"boundingPoly": {"vertices": [{"x": 71.0, "y": 790.0}, {"x": 131.0, "y": 790.0}, {"x": 131.0, "y": 814.0}, {"x": 70.0, "y": 812.0}]}, "description": "Total"}, {"boundingPoly": {"vertices": [{"x": 33.0, "y": 818.0}, {"x": 270.0, "y": 823.0}, {"x": 270.0, "y": 847.0}, {"x": 33.0, "y": 842.0}]}, "description": "Change Due"}, {"boundingPoly": {"vertices": [{"x": 389.0, "y": 736.0}, {"x": 452.0, "y": 735.0}, {"x": 452.0, "y": 760.0}, {"x": 389.0, "y": 761.0}]}, "description": "$5.25"}, {"boundingPoly": {"vertices": [{"x": 386.0, "y": 763.0}, {"x": 450.0, "y": 763.0}, {"x": 449.0, "y": 793.0}, {"x": 386.0, "y": 792.0}]}, "description": "$0.47"}, {"boundingPoly": {"vertices": [{"x": 382.0, "y": 793.0}, {"x": 446.0, "y": 794.0}, {"x": 446.0, "y": 819.0}, {"x": 382.0, "y": 819.0}]}, "description": "$5.72"}, {"boundingPoly": {"vertices": [{"x": 391.0, "y": 823.0}, {"x": 512.0, "y": 822.0}, {"x": 513.0, "y": 847.0}, {"x": 391.0, "y": 850.0}]}, "description": "$0.00"}, {"boundingPoly": {"vertices": [{"x": 170.0, "y": 877.0}, {"x": 316.0, "y": 879.0}, {"x": 316.0, "y": 901.0}, {"x": 169.0, "y": 899.0}]}, "description": "Check Closed"}, {"boundingPoly": {"vertices": [{"x": 147.0, "y": 903.0}, {"x": 374.0, "y": 903.0}, {"x": 374.0, "y": 930.0}, {"x": 147.0, "y": 930.0}]}, "description": " 11/17/2019 07:37 PM"}, {"boundingPoly": {"vertices": [{"x": 317.0, "y": 882.0}, {"x": 353.0, "y": 883.0}, {"x": 353.0, "y": 898.0}, {"x": 316.0, "y": 900.0}]}, "description": "--"}, {"boundingPoly": {"vertices": [{"x": 213.0, "y": 1047.0}, {"x": 403.0, "y": 1057.0}, {"x": 402.0, "y": 1079.0}, {"x": 212.0, "y": 1068.0}]}, "description": "Invaltv program"}]}