{"textAnnotations": [{"boundingPoly": {"vertices": [{"x": 446.0, "y": 9.0}, {"x": 631.0, "y": 4.0}, {"x": 633.0, "y": 40.0}, {"x": 447.0, "y": 46.0}]}, "description": "merchant phone"}, {"boundingPoly": {"vertices": [{"x": 347.0, "y": 133.0}, {"x": 711.0, "y": 119.0}, {"x": 712.0, "y": 150.0}, {"x": 348.0, "y": 163.0}]}, "description": "Sales Receipt"}, {"boundingPoly": {"vertices": [{"x": 215.0, "y": 239.0}, {"x": 407.0, "y": 239.0}, {"x": 407.0, "y": 279.0}, {"x": 215.0, "y": 279.0}]}, "description": " Transaction #:"}, {"boundingPoly": {"vertices": [{"x": 219.0, "y": 279.0}, {"x": 297.0, "y": 279.0}, {"x": 297.0, "y": 309.0}, {"x": 219.0, "y": 309.0}]}, "description": " Date:"}, {"boundingPoly": {"vertices": [{"x": 220.0, "y": 314.0}, {"x": 341.0, "y": 314.0}, {"x": 341.0, "y": 345.0}, {"x": 220.0, "y": 345.0}]}, "description": " Cashier:"}, {"boundingPoly": {"vertices": [{"x": 530.0, "y": 231.0}, {"x": 629.0, "y": 227.0}, {"x": 630.0, "y": 257.0}, {"x": 531.0, "y": 262.0}]}, "description": "2893050"}, {"boundingPoly": {"vertices": [{"x": 529.0, "y": 264.0}, {"x": 614.0, "y": 264.0}, {"x": 614.0, "y": 297.0}, {"x": 529.0, "y": 297.0}]}, "description": " Time:"}, {"boundingPoly": {"vertices": [{"x": 529.0, "y": 296.0}, {"x": 693.0, "y": 296.0}, {"x": 693.0, "y": 335.0}, {"x": 529.0, "y": 335.0}]}, "description": " Register #:"}, {"boundingPoly": {"vertices": [{"x": 319.0, "y": 275.0}, {"x": 450.0, "y": 271.0}, {"x": 451.0, "y": 303.0}, {"x": 320.0, "y": 307.0}]}, "description": "11/2/2019"}, {"boundingPoly": {"vertices": [{"x": 361.0, "y": 312.0}, {"x": 408.0, "y": 309.0}, {"x": 409.0, "y": 339.0}, {"x": 361.0, "y": 341.0}]}, "description": "JOE"}, {"boundingPoly": {"vertices": [{"x": 628.0, "y": 258.0}, {"x": 776.0, "y": 258.0}, {"x": 776.0, "y": 294.0}, {"x": 628.0, "y": 294.0}]}, "description": " 1:08:23 PM"}, {"boundingPoly": {"vertices": [{"x": 723.0, "y": 298.0}, {"x": 746.0, "y": 299.0}, {"x": 745.0, "y": 329.0}, {"x": 722.0, "y": 328.0}]}, "description": "3"}, {"boundingPoly": {"vertices": [{"x": 317.0, "y": 451.0}, {"x": 375.0, "y": 451.0}, {"x": 375.0, "y": 485.0}, {"x": 317.0, "y": 485.0}]}, "description": " Ref#:"}, {"boundingPoly": {"vertices": [{"x": 380.0, "y": 438.0}, {"x": 774.0, "y": 438.0}, {"x": 774.0, "y": 483.0}, {"x": 380.0, "y": 483.0}]}, "description": " [3HLUBTKXH9RVA2CAK21VMT1UZ6]"}, {"boundingPoly": {"vertices": [{"x": 233.0, "y": 590.0}, {"x": 382.0, "y": 590.0}, {"x": 382.0, "y": 619.0}, {"x": 233.0, "y": 619.0}]}, "description": "Description"}, {"boundingPoly": {"vertices": [{"x": 235.0, "y": 630.0}, {"x": 263.0, "y": 630.0}, {"x": 264.0, "y": 648.0}, {"x": 235.0, "y": 648.0}]}, "description": "=="}, {"boundingPoly": {"vertices": [{"x": 239.0, "y": 656.0}, {"x": 318.0, "y": 658.0}, {"x": 318.0, "y": 683.0}, {"x": 239.0, "y": 684.0}]}, "description": "BANANA"}, {"boundingPoly": {"vertices": [{"x": 238.0, "y": 689.0}, {"x": 479.0, "y": 686.0}, {"x": 479.0, "y": 715.0}, {"x": 238.0, "y": 718.0}]}, "description": "GRANNY SMITH APPLE"}, {"boundingPoly": {"vertices": [{"x": 239.0, "y": 720.0}, {"x": 471.0, "y": 719.0}, {"x": 472.0, "y": 749.0}, {"x": 239.0, "y": 750.0}]}, "description": "--- > 0.45 @ $2.99"}, {"boundingPoly": {"vertices": [{"x": 238.0, "y": 754.0}, {"x": 492.0, "y": 752.0}, {"x": 492.0, "y": 781.0}, {"x": 238.0, "y": 782.0}]}, "description": "TRIDENT MINTY SWEET"}, {"boundingPoly": {"vertices": [{"x": 238.0, "y": 784.0}, {"x": 545.0, "y": 784.0}, {"x": 545.0, "y": 814.0}, {"x": 238.0, "y": 814.0}]}, "description": "SIMPLY GUM MINTS GINGER"}, {"boundingPoly": {"vertices": [{"x": 768.0, "y": 585.0}, {"x": 857.0, "y": 585.0}, {"x": 857.0, "y": 613.0}, {"x": 768.0, "y": 613.0}]}, "description": "Amount"}, {"boundingPoly": {"vertices": [{"x": 829.0, "y": 624.0}, {"x": 854.0, "y": 624.0}, {"x": 853.0, "y": 641.0}, {"x": 828.0, "y": 641.0}]}, "description": "=="}, {"boundingPoly": {"vertices": [{"x": 783.0, "y": 654.0}, {"x": 855.0, "y": 653.0}, {"x": 853.0, "y": 680.0}, {"x": 784.0, "y": 681.0}]}, "description": "$0.50"}, {"boundingPoly": {"vertices": [{"x": 780.0, "y": 686.0}, {"x": 854.0, "y": 685.0}, {"x": 855.0, "y": 711.0}, {"x": 780.0, "y": 712.0}]}, "description": "$1.35"}, {"boundingPoly": {"vertices": [{"x": 619.0, "y": 626.0}, {"x": 732.0, "y": 625.0}, {"x": 732.0, "y": 641.0}, {"x": 619.0, "y": 642.0}]}, "description": "========="}, {"boundingPoly": {"vertices": [{"x": 780.0, "y": 752.0}, {"x": 854.0, "y": 751.0}, {"x": 852.0, "y": 779.0}, {"x": 781.0, "y": 781.0}]}, "description": "$1.99"}, {"boundingPoly": {"vertices": [{"x": 778.0, "y": 785.0}, {"x": 853.0, "y": 784.0}, {"x": 854.0, "y": 812.0}, {"x": 779.0, "y": 814.0}]}, "description": "$3.99"}, {"boundingPoly": {"vertices": [{"x": 671.0, "y": 858.0}, {"x": 700.0, "y": 858.0}, {"x": 701.0, "y": 873.0}, {"x": 671.0, "y": 874.0}]}, "description": "=="}, {"boundingPoly": {"vertices": [{"x": 811.0, "y": 860.0}, {"x": 852.0, "y": 861.0}, {"x": 851.0, "y": 878.0}, {"x": 810.0, "y": 878.0}]}, "description": "==="}, {"boundingPoly": {"vertices": [{"x": 782.0, "y": 887.0}, {"x": 855.0, "y": 889.0}, {"x": 852.0, "y": 916.0}, {"x": 782.0, "y": 919.0}]}, "description": "$7.83"}, {"boundingPoly": {"vertices": [{"x": 782.0, "y": 922.0}, {"x": 855.0, "y": 923.0}, {"x": 854.0, "y": 950.0}, {"x": 781.0, "y": 950.0}]}, "description": "$7.83"}, {"boundingPoly": {"vertices": [{"x": 556.0, "y": 882.0}, {"x": 669.0, "y": 885.0}, {"x": 668.0, "y": 915.0}, {"x": 556.0, "y": 912.0}]}, "description": "Sub Total"}, {"boundingPoly": {"vertices": [{"x": 606.0, "y": 916.0}, {"x": 672.0, "y": 917.0}, {"x": 671.0, "y": 945.0}, {"x": 606.0, "y": 943.0}]}, "description": "Total"}, {"boundingPoly": {"vertices": [{"x": 412.0, "y": 978.0}, {"x": 680.0, "y": 982.0}, {"x": 680.0, "y": 1014.0}, {"x": 412.0, "y": 1009.0}]}, "description": "Credit Card Tendered"}, {"boundingPoly": {"vertices": [{"x": 545.0, "y": 1013.0}, {"x": 678.0, "y": 1016.0}, {"x": 677.0, "y": 1045.0}, {"x": 545.0, "y": 1042.0}]}, "description": "Change Due"}, {"boundingPoly": {"vertices": [{"x": 781.0, "y": 990.0}, {"x": 856.0, "y": 992.0}, {"x": 854.0, "y": 1018.0}, {"x": 781.0, "y": 1019.0}]}, "description": "$7.83"}, {"boundingPoly": {"vertices": [{"x": 781.0, "y": 1024.0}, {"x": 854.0, "y": 1024.0}, {"x": 854.0, "y": 1053.0}, {"x": 782.0, "y": 1053.0}]}, "description": "$0.00"}, {"boundingPoly": {"vertices": [{"x": 242.0, "y": 1180.0}, {"x": 291.0, "y": 1180.0}, {"x": 291.0, "y": 1206.0}, {"x": 242.0, "y": 1206.0}]}, "description": " ACCT"}, {"boundingPoly": {"vertices": [{"x": 238.0, "y": 1213.0}, {"x": 359.0, "y": 1213.0}, {"x": 359.0, "y": 1243.0}, {"x": 238.0, "y": 1243.0}]}, "description": " APP NAME:"}, {"boundingPoly": {"vertices": [{"x": 241.0, "y": 1247.0}, {"x": 297.0, "y": 1247.0}, {"x": 297.0, "y": 1270.0}, {"x": 241.0, "y": 1270.0}]}, "description": " AID:"}, {"boundingPoly": {"vertices": [{"x": 243.0, "y": 1275.0}, {"x": 310.0, "y": 1275.0}, {"x": 310.0, "y": 1300.0}, {"x": 243.0, "y": 1300.0}]}, "description": " ARQC:"}, {"boundingPoly": {"vertices": [{"x": 244.0, "y": 1306.0}, {"x": 306.0, "y": 1306.0}, {"x": 306.0, "y": 1332.0}, {"x": 244.0, "y": 1332.0}]}, "description": " ENTRY"}, {"boundingPoly": {"vertices": [{"x": 245.0, "y": 1337.0}, {"x": 345.0, "y": 1337.0}, {"x": 345.0, "y": 1363.0}, {"x": 245.0, "y": 1363.0}]}, "description": " APPROVAL"}, {"boundingPoly": {"vertices": [{"x": 296.0, "y": 1180.0}, {"x": 310.0, "y": 1180.0}, {"x": 310.0, "y": 1206.0}, {"x": 296.0, "y": 1206.0}]}, "description": " :"}, {"boundingPoly": {"vertices": [{"x": 562.0, "y": 1175.0}, {"x": 772.0, "y": 1192.0}, {"x": 770.0, "y": 1219.0}, {"x": 560.0, "y": 1200.0}]}, "description": "************ 1000"}, {"boundingPoly": {"vertices": [{"x": 598.0, "y": 1241.0}, {"x": 813.0, "y": 1263.0}, {"x": 810.0, "y": 1289.0}, {"x": 597.0, "y": 1267.0}]}, "description": "A000000025010801"}, {"boundingPoly": {"vertices": [{"x": 543.0, "y": 1304.0}, {"x": 602.0, "y": 1309.0}, {"x": 599.0, "y": 1335.0}, {"x": 542.0, "y": 1331.0}]}, "description": "Chip"}, {"boundingPoly": {"vertices": [{"x": 491.0, "y": 1334.0}, {"x": 573.0, "y": 1337.0}, {"x": 571.0, "y": 1366.0}, {"x": 490.0, "y": 1362.0}]}, "description": "856301"}, {"boundingPoly": {"vertices": [{"x": 505.0, "y": 1208.0}, {"x": 562.0, "y": 1207.0}, {"x": 562.0, "y": 1235.0}, {"x": 504.0, "y": 1235.0}]}, "description": "AMEX"}, {"boundingPoly": {"vertices": [{"x": 557.0, "y": 1270.0}, {"x": 774.0, "y": 1289.0}, {"x": 771.0, "y": 1318.0}, {"x": 556.0, "y": 1298.0}]}, "description": "3D4CD57AB21C3F5D"}, {"boundingPoly": {"vertices": [{"x": 311.0, "y": 1306.0}, {"x": 324.0, "y": 1306.0}, {"x": 324.0, "y": 1331.0}, {"x": 311.0, "y": 1331.0}]}, "description": " :"}, {"boundingPoly": {"vertices": [{"x": 350.0, "y": 1337.0}, {"x": 364.0, "y": 1337.0}, {"x": 364.0, "y": 1363.0}, {"x": 350.0, "y": 1363.0}]}, "description": " :"}, {"boundingPoly": {"vertices": [{"x": 404.0, "y": 1463.0}, {"x": 695.0, "y": 1476.0}, {"x": 693.0, "y": 1509.0}, {"x": 402.0, "y": 1493.0}]}, "description": "Thank you for shopping"}, {"boundingPoly": {"vertices": [{"x": 350.0, "y": 1527.0}, {"x": 745.0, "y": 1546.0}, {"x": 743.0, "y": 1577.0}, {"x": 349.0, "y": 1556.0}]}, "description": "We hope you' ll come back soon!"}, {"boundingPoly": {"vertices": [{"x": 481.0, "y": 1497.0}, {"x": 643.0, "y": 1506.0}, {"x": 641.0, "y": 1536.0}, {"x": 480.0, "y": 1527.0}]}, "description": "merchant name"}]}