{"textAnnotations": [{"boundingPoly": {"vertices": [{"x": 105.0, "y": 79.0}, {"x": 276.0, "y": 83.0}, {"x": 276.0, "y": 100.0}, {"x": 105.0, "y": 95.0}]}, "description": "Thank You For Visiting the"}, {"boundingPoly": {"vertices": [{"x": 105.0, "y": 97.0}, {"x": 273.0, "y": 101.0}, {"x": 272.0, "y": 116.0}, {"x": 105.0, "y": 113.0}]}, "description": "merchant name"}, {"boundingPoly": {"vertices": [{"x": 138.0, "y": 116.0}, {"x": 242.0, "y": 118.0}, {"x": 242.0, "y": 134.0}, {"x": 138.0, "y": 131.0}]}, "description": "Matthew Fraysier"}, {"boundingPoly": {"vertices": [{"x": 141.0, "y": 134.0}, {"x": 239.0, "y": 136.0}, {"x": 238.0, "y": 151.0}, {"x": 141.0, "y": 148.0}]}, "description": "General Manager"}, {"boundingPoly": {"vertices": [{"x": 151.0, "y": 150.0}, {"x": 234.0, "y": 151.0}, {"x": 234.0, "y": 166.0}, {"x": 150.0, "y": 165.0}]}, "description": "merchant phone"}, {"boundingPoly": {"vertices": [{"x": 121.0, "y": 167.0}, {"x": 199.0, "y": 167.0}, {"x": 199.0, "y": 184.0}, {"x": 121.0, "y": 184.0}]}, "description": " We Love Your"}, {"boundingPoly": {"vertices": [{"x": 118.0, "y": 183.0}, {"x": 265.0, "y": 185.0}, {"x": 265.0, "y": 201.0}, {"x": 118.0, "y": 197.0}]}, "description": "Text @LTF11479 to 73940"}, {"boundingPoly": {"vertices": [{"x": 201.0, "y": 168.0}, {"x": 261.0, "y": 168.0}, {"x": 261.0, "y": 185.0}, {"x": 201.0, "y": 185.0}]}, "description": " Feedback!"}, {"boundingPoly": {"vertices": [{"x": 64.0, "y": 228.0}, {"x": 78.0, "y": 228.0}, {"x": 78.0, "y": 244.0}, {"x": 64.0, "y": 244.0}]}, "description": " HL"}, {"boundingPoly": {"vertices": [{"x": 63.0, "y": 244.0}, {"x": 137.0, "y": 244.0}, {"x": 137.0, "y": 260.0}, {"x": 63.0, "y": 260.0}]}, "description": " WW Sandwich"}, {"boundingPoly": {"vertices": [{"x": 63.0, "y": 260.0}, {"x": 120.0, "y": 261.0}, {"x": 119.0, "y": 274.0}, {"x": 63.0, "y": 273.0}]}, "description": "American"}, {"boundingPoly": {"vertices": [{"x": 63.0, "y": 275.0}, {"x": 111.0, "y": 276.0}, {"x": 111.0, "y": 289.0}, {"x": 63.0, "y": 287.0}]}, "description": "Lettuce"}, {"boundingPoly": {"vertices": [{"x": 64.0, "y": 290.0}, {"x": 111.0, "y": 292.0}, {"x": 111.0, "y": 305.0}, {"x": 64.0, "y": 303.0}]}, "description": "Avocado"}, {"boundingPoly": {"vertices": [{"x": 63.0, "y": 306.0}, {"x": 111.0, "y": 308.0}, {"x": 111.0, "y": 321.0}, {"x": 63.0, "y": 319.0}]}, "description": "Brownie"}, {"boundingPoly": {"vertices": [{"x": 63.0, "y": 322.0}, {"x": 160.0, "y": 324.0}, {"x": 160.0, "y": 339.0}, {"x": 63.0, "y": 337.0}]}, "description": "Assorted Cookie"}, {"boundingPoly": {"vertices": [{"x": 64.0, "y": 338.0}, {"x": 191.0, "y": 341.0}, {"x": 191.0, "y": 355.0}, {"x": 63.0, "y": 352.0}]}, "description": "Matts Munchies Tropi"}, {"boundingPoly": {"vertices": [{"x": 63.0, "y": 354.0}, {"x": 148.0, "y": 354.0}, {"x": 148.0, "y": 370.0}, {"x": 63.0, "y": 370.0}]}, "description": " Snapple Peach"}, {"boundingPoly": {"vertices": [{"x": 81.0, "y": 229.0}, {"x": 187.0, "y": 229.0}, {"x": 187.0, "y": 247.0}, {"x": 81.0, "y": 247.0}]}, "description": " Chicken Sandwich"}, {"boundingPoly": {"vertices": [{"x": 140.0, "y": 246.0}, {"x": 169.0, "y": 246.0}, {"x": 169.0, "y": 261.0}, {"x": 140.0, "y": 261.0}]}, "description": " Thin"}, {"boundingPoly": {"vertices": [{"x": 302.0, "y": 218.0}, {"x": 322.0, "y": 218.0}, {"x": 321.0, "y": 233.0}, {"x": 301.0, "y": 233.0}]}, "description": "USD"}, {"boundingPoly": {"vertices": [{"x": 297.0, "y": 234.0}, {"x": 323.0, "y": 234.0}, {"x": 322.0, "y": 248.0}, {"x": 296.0, "y": 247.0}]}, "description": "4.85"}, {"boundingPoly": {"vertices": [{"x": 295.0, "y": 250.0}, {"x": 322.0, "y": 250.0}, {"x": 321.0, "y": 263.0}, {"x": 295.0, "y": 263.0}]}, "description": "0.00"}, {"boundingPoly": {"vertices": [{"x": 296.0, "y": 265.0}, {"x": 322.0, "y": 265.0}, {"x": 322.0, "y": 279.0}, {"x": 296.0, "y": 279.0}]}, "description": "0.45"}, {"boundingPoly": {"vertices": [{"x": 294.0, "y": 281.0}, {"x": 321.0, "y": 282.0}, {"x": 321.0, "y": 294.0}, {"x": 294.0, "y": 294.0}]}, "description": "0.00"}, {"boundingPoly": {"vertices": [{"x": 295.0, "y": 296.0}, {"x": 321.0, "y": 296.0}, {"x": 321.0, "y": 310.0}, {"x": 295.0, "y": 310.0}]}, "description": "0.99"}, {"boundingPoly": {"vertices": [{"x": 296.0, "y": 312.0}, {"x": 319.0, "y": 312.0}, {"x": 319.0, "y": 325.0}, {"x": 296.0, "y": 325.0}]}, "description": "1.25"}, {"boundingPoly": {"vertices": [{"x": 294.0, "y": 327.0}, {"x": 321.0, "y": 328.0}, {"x": 321.0, "y": 340.0}, {"x": 294.0, "y": 340.0}]}, "description": "0.95"}, {"boundingPoly": {"vertices": [{"x": 294.0, "y": 342.0}, {"x": 320.0, "y": 342.0}, {"x": 319.0, "y": 356.0}, {"x": 294.0, "y": 355.0}]}, "description": "3.05"}, {"boundingPoly": {"vertices": [{"x": 295.0, "y": 357.0}, {"x": 321.0, "y": 358.0}, {"x": 320.0, "y": 371.0}, {"x": 295.0, "y": 370.0}]}, "description": "1.55"}, {"boundingPoly": {"vertices": [{"x": 150.0, "y": 356.0}, {"x": 192.0, "y": 356.0}, {"x": 192.0, "y": 372.0}, {"x": 150.0, "y": 372.0}]}, "description": " Mangos"}, {"boundingPoly": {"vertices": [{"x": 207.0, "y": 387.0}, {"x": 266.0, "y": 387.0}, {"x": 266.0, "y": 401.0}, {"x": 207.0, "y": 400.0}]}, "description": "Sub Total"}, {"boundingPoly": {"vertices": [{"x": 206.0, "y": 402.0}, {"x": 272.0, "y": 403.0}, {"x": 272.0, "y": 417.0}, {"x": 206.0, "y": 416.0}]}, "description": "Tax Amount"}, {"boundingPoly": {"vertices": [{"x": 287.0, "y": 388.0}, {"x": 321.0, "y": 388.0}, {"x": 321.0, "y": 401.0}, {"x": 288.0, "y": 401.0}]}, "description": "13.09"}, {"boundingPoly": {"vertices": [{"x": 294.0, "y": 403.0}, {"x": 319.0, "y": 403.0}, {"x": 319.0, "y": 416.0}, {"x": 295.0, "y": 416.0}]}, "description": "1.16"}, {"boundingPoly": {"vertices": [{"x": 56.0, "y": 446.0}, {"x": 172.0, "y": 447.0}, {"x": 171.0, "y": 472.0}, {"x": 56.0, "y": 470.0}]}, "description": "Total USD"}, {"boundingPoly": {"vertices": [{"x": 256.0, "y": 449.0}, {"x": 318.0, "y": 449.0}, {"x": 318.0, "y": 474.0}, {"x": 256.0, "y": 472.0}]}, "description": "14.25"}, {"boundingPoly": {"vertices": [{"x": 55.0, "y": 514.0}, {"x": 139.0, "y": 514.0}, {"x": 139.0, "y": 530.0}, {"x": 55.0, "y": 530.0}]}, "description": " 5009 AMERICAN"}, {"boundingPoly": {"vertices": [{"x": 142.0, "y": 516.0}, {"x": 190.0, "y": 516.0}, {"x": 190.0, "y": 530.0}, {"x": 142.0, "y": 530.0}]}, "description": " EXPRESS"}, {"boundingPoly": {"vertices": [{"x": 289.0, "y": 518.0}, {"x": 320.0, "y": 519.0}, {"x": 319.0, "y": 532.0}, {"x": 288.0, "y": 532.0}]}, "description": "14.25"}, {"boundingPoly": {"vertices": [{"x": 54.0, "y": 558.0}, {"x": 73.0, "y": 559.0}, {"x": 72.0, "y": 570.0}, {"x": 53.0, "y": 569.0}]}, "description": "Fax"}, {"boundingPoly": {"vertices": [{"x": 51.0, "y": 570.0}, {"x": 103.0, "y": 570.0}, {"x": 103.0, "y": 584.0}, {"x": 51.0, "y": 584.0}]}, "description": "() 8.875"}, {"boundingPoly": {"vertices": [{"x": 154.0, "y": 558.0}, {"x": 249.0, "y": 558.0}, {"x": 249.0, "y": 573.0}, {"x": 154.0, "y": 573.0}]}, "description": " Taxable Amount"}, {"boundingPoly": {"vertices": [{"x": 213.0, "y": 572.0}, {"x": 245.0, "y": 572.0}, {"x": 245.0, "y": 584.0}, {"x": 212.0, "y": 584.0}]}, "description": "13.09"}, {"boundingPoly": {"vertices": [{"x": 255.0, "y": 559.0}, {"x": 277.0, "y": 559.0}, {"x": 277.0, "y": 573.0}, {"x": 255.0, "y": 573.0}]}, "description": " Tax"}, {"boundingPoly": {"vertices": [{"x": 279.0, "y": 559.0}, {"x": 319.0, "y": 559.0}, {"x": 319.0, "y": 574.0}, {"x": 279.0, "y": 574.0}]}, "description": " Amount"}, {"boundingPoly": {"vertices": [{"x": 294.0, "y": 574.0}, {"x": 320.0, "y": 573.0}, {"x": 321.0, "y": 586.0}, {"x": 295.0, "y": 587.0}]}, "description": "1.16"}, {"boundingPoly": {"vertices": [{"x": 47.0, "y": 613.0}, {"x": 320.0, "y": 613.0}, {"x": 320.0, "y": 629.0}, {"x": 47.0, "y": 629.0}]}, "description": " 11/08/2019 01:07 PM #:48921 Op:4023 0:111"}, {"boundingPoly": {"vertices": [{"x": 47.0, "y": 627.0}, {"x": 113.0, "y": 627.0}, {"x": 113.0, "y": 643.0}, {"x": 47.0, "y": 643.0}]}, "description": " 105 S:1111"}, {"boundingPoly": {"vertices": [{"x": 44.0, "y": 645.0}, {"x": 113.0, "y": 645.0}, {"x": 113.0, "y": 660.0}, {"x": 44.0, "y": 660.0}]}, "description": " Served you"}, {"boundingPoly": {"vertices": [{"x": 116.0, "y": 644.0}, {"x": 239.0, "y": 644.0}, {"x": 239.0, "y": 661.0}, {"x": 116.0, "y": 661.0}]}, "description": " : Lucrecia Findley"}, {"boundingPoly": {"vertices": [{"x": 102.0, "y": 709.0}, {"x": 245.0, "y": 710.0}, {"x": 245.0, "y": 725.0}, {"x": 102.0, "y": 724.0}]}, "description": "*** Customer copy ***"}, {"boundingPoly": {"vertices": [{"x": 129.0, "y": 741.0}, {"x": 222.0, "y": 741.0}, {"x": 222.0, "y": 756.0}, {"x": 128.0, "y": 755.0}]}, "description": "AMEX NY937 (5)"}, {"boundingPoly": {"vertices": [{"x": 62.0, "y": 757.0}, {"x": 295.0, "y": 757.0}, {"x": 295.0, "y": 772.0}, {"x": 62.0, "y": 772.0}]}, "description": " agree to pay the above total amount"}, {"boundingPoly": {"vertices": [{"x": 96.0, "y": 771.0}, {"x": 255.0, "y": 771.0}, {"x": 255.0, "y": 785.0}, {"x": 96.0, "y": 785.0}]}, "description": "according to card issuer"}, {"boundingPoly": {"vertices": [{"x": 46.0, "y": 787.0}, {"x": 239.0, "y": 787.0}, {"x": 239.0, "y": 802.0}, {"x": 46.0, "y": 802.0}]}, "description": " agreement (Merchant agreement"}, {"boundingPoly": {"vertices": [{"x": 66.0, "y": 801.0}, {"x": 251.0, "y": 801.0}, {"x": 251.0, "y": 817.0}, {"x": 66.0, "y": 817.0}]}, "description": " Vouches )Retain this copy for"}, {"boundingPoly": {"vertices": [{"x": 150.0, "y": 815.0}, {"x": 205.0, "y": 816.0}, {"x": 205.0, "y": 827.0}, {"x": 150.0, "y": 827.0}]}, "description": "records."}, {"boundingPoly": {"vertices": [{"x": 51.0, "y": 833.0}, {"x": 174.0, "y": 837.0}, {"x": 174.0, "y": 849.0}, {"x": 51.0, "y": 845.0}]}, "description": "PURCHASE / APPROVED"}, {"boundingPoly": {"vertices": [{"x": 55.0, "y": 854.0}, {"x": 152.0, "y": 856.0}, {"x": 152.0, "y": 867.0}, {"x": 55.0, "y": 864.0}]}, "description": "*********** 5002"}, {"boundingPoly": {"vertices": [{"x": 50.0, "y": 757.0}, {"x": 60.0, "y": 757.0}, {"x": 60.0, "y": 771.0}, {"x": 50.0, "y": 771.0}]}, "description": " I"}, {"boundingPoly": {"vertices": [{"x": 241.0, "y": 787.0}, {"x": 256.0, "y": 787.0}, {"x": 256.0, "y": 802.0}, {"x": 241.0, "y": 802.0}]}, "description": " If"}, {"boundingPoly": {"vertices": [{"x": 259.0, "y": 787.0}, {"x": 300.0, "y": 787.0}, {"x": 300.0, "y": 802.0}, {"x": 259.0, "y": 802.0}]}, "description": " Credit"}, {"boundingPoly": {"vertices": [{"x": 253.0, "y": 803.0}, {"x": 280.0, "y": 803.0}, {"x": 280.0, "y": 818.0}, {"x": 253.0, "y": 818.0}]}, "description": " your"}, {"boundingPoly": {"vertices": [{"x": 57.0, "y": 864.0}, {"x": 129.0, "y": 866.0}, {"x": 128.0, "y": 880.0}, {"x": 57.0, "y": 878.0}]}, "description": "CHIP READ /"}, {"boundingPoly": {"vertices": [{"x": 56.0, "y": 895.0}, {"x": 178.0, "y": 895.0}, {"x": 178.0, "y": 912.0}, {"x": 56.0, "y": 912.0}]}, "description": " 2019/11/08 13:07:13"}, {"boundingPoly": {"vertices": [{"x": 56.0, "y": 911.0}, {"x": 76.0, "y": 911.0}, {"x": 75.0, "y": 927.0}, {"x": 56.0, "y": 927.0}]}, "description": "TID"}, {"boundingPoly": {"vertices": [{"x": 51.0, "y": 929.0}, {"x": 74.0, "y": 928.0}, {"x": 74.0, "y": 942.0}, {"x": 51.0, "y": 942.0}]}, "description": "MID"}, {"boundingPoly": {"vertices": [{"x": 51.0, "y": 945.0}, {"x": 111.0, "y": 944.0}, {"x": 111.0, "y": 958.0}, {"x": 51.0, "y": 958.0}]}, "description": "REFERENCE"}, {"boundingPoly": {"vertices": [{"x": 51.0, "y": 960.0}, {"x": 110.0, "y": 961.0}, {"x": 110.0, "y": 976.0}, {"x": 51.0, "y": 975.0}]}, "description": "AUTH CODE"}, {"boundingPoly": {"vertices": [{"x": 256.0, "y": 915.0}, {"x": 305.0, "y": 915.0}, {"x": 305.0, "y": 927.0}, {"x": 256.0, "y": 928.0}]}, "description": "**** 6039"}, {"boundingPoly": {"vertices": [{"x": 259.0, "y": 930.0}, {"x": 305.0, "y": 931.0}, {"x": 305.0, "y": 945.0}, {"x": 259.0, "y": 944.0}]}, "description": "6634459"}, {"boundingPoly": {"vertices": [{"x": 145.0, "y": 944.0}, {"x": 306.0, "y": 947.0}, {"x": 305.0, "y": 963.0}, {"x": 145.0, "y": 960.0}]}, "description": "S11|1111105#489216246854"}, {"boundingPoly": {"vertices": [{"x": 266.0, "y": 963.0}, {"x": 305.0, "y": 964.0}, {"x": 304.0, "y": 978.0}, {"x": 266.0, "y": 977.0}]}, "description": "823826"}, {"boundingPoly": {"vertices": [{"x": 48.0, "y": 994.0}, {"x": 80.0, "y": 994.0}, {"x": 80.0, "y": 1009.0}, {"x": 47.0, "y": 1008.0}]}, "description": "TOTAL"}, {"boundingPoly": {"vertices": [{"x": 250.0, "y": 997.0}, {"x": 305.0, "y": 997.0}, {"x": 305.0, "y": 1012.0}, {"x": 250.0, "y": 1012.0}]}, "description": "USD14.25"}, {"boundingPoly": {"vertices": [{"x": 47.0, "y": 1028.0}, {"x": 75.0, "y": 1028.0}, {"x": 75.0, "y": 1042.0}, {"x": 47.0, "y": 1042.0}]}, "description": " ARC:"}, {"boundingPoly": {"vertices": [{"x": 48.0, "y": 1043.0}, {"x": 74.0, "y": 1043.0}, {"x": 74.0, "y": 1057.0}, {"x": 48.0, "y": 1057.0}]}, "description": " TSI:"}, {"boundingPoly": {"vertices": [{"x": 49.0, "y": 1059.0}, {"x": 75.0, "y": 1059.0}, {"x": 75.0, "y": 1071.0}, {"x": 49.0, "y": 1071.0}]}, "description": " IAD:"}, {"boundingPoly": {"vertices": [{"x": 47.0, "y": 1073.0}, {"x": 76.0, "y": 1073.0}, {"x": 76.0, "y": 1085.0}, {"x": 47.0, "y": 1085.0}]}, "description": " TVP:"}, {"boundingPoly": {"vertices": [{"x": 50.0, "y": 1084.0}, {"x": 79.0, "y": 1084.0}, {"x": 79.0, "y": 1095.0}, {"x": 50.0, "y": 1095.0}]}, "description": " AID:"}, {"boundingPoly": {"vertices": [{"x": 49.0, "y": 1094.0}, {"x": 124.0, "y": 1094.0}, {"x": 124.0, "y": 1106.0}, {"x": 49.0, "y": 1106.0}]}, "description": " PAR SOO NO:"}, {"boundingPoly": {"vertices": [{"x": 77.0, "y": 1028.0}, {"x": 94.0, "y": 1028.0}, {"x": 94.0, "y": 1042.0}, {"x": 77.0, "y": 1042.0}]}, "description": " 00"}, {"boundingPoly": {"vertices": [{"x": 77.0, "y": 1043.0}, {"x": 108.0, "y": 1043.0}, {"x": 108.0, "y": 1057.0}, {"x": 77.0, "y": 1057.0}]}, "description": " 1800"}, {"boundingPoly": {"vertices": [{"x": 78.0, "y": 1059.0}, {"x": 171.0, "y": 1059.0}, {"x": 171.0, "y": 1072.0}, {"x": 78.0, "y": 1072.0}]}, "description": " 06680103662002"}, {"boundingPoly": {"vertices": [{"x": 79.0, "y": 1071.0}, {"x": 145.0, "y": 1071.0}, {"x": 145.0, "y": 1084.0}, {"x": 79.0, "y": 1084.0}]}, "description": " 0000008000"}, {"boundingPoly": {"vertices": [{"x": 81.0, "y": 1080.0}, {"x": 186.0, "y": 1080.0}, {"x": 186.0, "y": 1095.0}, {"x": 81.0, "y": 1095.0}]}, "description": " A000000025010801"}, {"boundingPoly": {"vertices": [{"x": 125.0, "y": 1094.0}, {"x": 142.0, "y": 1094.0}, {"x": 142.0, "y": 1104.0}, {"x": 125.0, "y": 1104.0}]}, "description": " 00"}]}