{"textAnnotations": [{"boundingPoly": {"vertices": [{"x": 52.0, "y": 45.0}, {"x": 179.0, "y": 43.0}, {"x": 179.0, "y": 53.0}, {"x": 52.0, "y": 55.0}]}, "description": "merchant address"}, {"boundingPoly": {"vertices": [{"x": 98.0, "y": 53.0}, {"x": 148.0, "y": 53.0}, {"x": 148.0, "y": 63.0}, {"x": 98.0, "y": 63.0}]}, "description": "merchant phone"}, {"boundingPoly": {"vertices": [{"x": 82.0, "y": 63.0}, {"x": 147.0, "y": 62.0}, {"x": 147.0, "y": 72.0}, {"x": 82.0, "y": 74.0}]}, "description": "bealbourgnyc.com"}, {"boundingPoly": {"vertices": [{"x": 80.0, "y": 74.0}, {"x": 93.0, "y": 74.0}, {"x": 93.0, "y": 83.0}, {"x": 80.0, "y": 83.0}]}, "description": " www."}, {"boundingPoly": {"vertices": [{"x": 59.0, "y": 82.0}, {"x": 132.0, "y": 82.0}, {"x": 132.0, "y": 94.0}, {"x": 59.0, "y": 94.0}]}, "description": " Suggested gratuity"}, {"boundingPoly": {"vertices": [{"x": 35.0, "y": 103.0}, {"x": 82.0, "y": 102.0}, {"x": 82.0, "y": 111.0}, {"x": 35.0, "y": 112.0}]}, "description": "10373 Lesite"}, {"boundingPoly": {"vertices": [{"x": 80.0, "y": 54.0}, {"x": 97.0, "y": 54.0}, {"x": 97.0, "y": 64.0}, {"x": 80.0, "y": 64.0}]}, "description": " Tel:"}, {"boundingPoly": {"vertices": [{"x": 95.0, "y": 74.0}, {"x": 153.0, "y": 74.0}, {"x": 153.0, "y": 83.0}, {"x": 95.0, "y": 83.0}]}, "description": " ledistrict.com"}, {"boundingPoly": {"vertices": [{"x": 133.0, "y": 82.0}, {"x": 147.0, "y": 82.0}, {"x": 147.0, "y": 92.0}, {"x": 133.0, "y": 92.0}]}, "description": " 18%"}, {"boundingPoly": {"vertices": [{"x": 149.0, "y": 82.0}, {"x": 171.0, "y": 82.0}, {"x": 171.0, "y": 92.0}, {"x": 149.0, "y": 92.0}]}, "description": " - 20%"}, {"boundingPoly": {"vertices": [{"x": 95.0, "y": 120.0}, {"x": 130.0, "y": 121.0}, {"x": 130.0, "y": 130.0}, {"x": 94.0, "y": 129.0}]}, "description": "CHK 1009"}, {"boundingPoly": {"vertices": [{"x": 76.0, "y": 130.0}, {"x": 151.0, "y": 130.0}, {"x": 151.0, "y": 142.0}, {"x": 76.0, "y": 142.0}]}, "description": " 12/11/2019 2:45 PM"}, {"boundingPoly": {"vertices": [{"x": 39.0, "y": 151.0}, {"x": 96.0, "y": 151.0}, {"x": 96.0, "y": 160.0}, {"x": 39.0, "y": 161.0}]}, "description": "Cappuccino SM"}, {"boundingPoly": {"vertices": [{"x": 36.0, "y": 161.0}, {"x": 68.0, "y": 161.0}, {"x": 67.0, "y": 170.0}, {"x": 36.0, "y": 170.0}]}, "description": "1 Tea SM"}, {"boundingPoly": {"vertices": [{"x": 41.0, "y": 171.0}, {"x": 60.0, "y": 171.0}, {"x": 60.0, "y": 180.0}, {"x": 41.0, "y": 180.0}]}, "description": "AMEX"}, {"boundingPoly": {"vertices": [{"x": 41.0, "y": 182.0}, {"x": 104.0, "y": 182.0}, {"x": 104.0, "y": 191.0}, {"x": 41.0, "y": 190.0}]}, "description": "*********** 2005"}, {"boundingPoly": {"vertices": [{"x": 153.0, "y": 153.0}, {"x": 171.0, "y": 153.0}, {"x": 171.0, "y": 163.0}, {"x": 152.0, "y": 163.0}]}, "description": "3.25"}, {"boundingPoly": {"vertices": [{"x": 152.0, "y": 162.0}, {"x": 171.0, "y": 161.0}, {"x": 171.0, "y": 172.0}, {"x": 151.0, "y": 172.0}]}, "description": "2.00"}, {"boundingPoly": {"vertices": [{"x": 149.0, "y": 172.0}, {"x": 172.0, "y": 173.0}, {"x": 172.0, "y": 182.0}, {"x": 148.0, "y": 182.0}]}, "description": "$5.72"}, {"boundingPoly": {"vertices": [{"x": 43.0, "y": 202.0}, {"x": 59.0, "y": 203.0}, {"x": 58.0, "y": 213.0}, {"x": 43.0, "y": 212.0}]}, "description": "FOOD"}, {"boundingPoly": {"vertices": [{"x": 40.0, "y": 213.0}, {"x": 55.0, "y": 213.0}, {"x": 55.0, "y": 223.0}, {"x": 40.0, "y": 222.0}]}, "description": "TAX"}, {"boundingPoly": {"vertices": [{"x": 40.0, "y": 223.0}, {"x": 69.0, "y": 224.0}, {"x": 68.0, "y": 234.0}, {"x": 40.0, "y": 233.0}]}, "description": "PAYMENT"}, {"boundingPoly": {"vertices": [{"x": 28.0, "y": 234.0}, {"x": 110.0, "y": 236.0}, {"x": 110.0, "y": 247.0}, {"x": 28.0, "y": 245.0}]}, "description": "Change Due"}, {"boundingPoly": {"vertices": [{"x": 148.0, "y": 205.0}, {"x": 171.0, "y": 205.0}, {"x": 171.0, "y": 215.0}, {"x": 148.0, "y": 215.0}]}, "description": "$5.25"}, {"boundingPoly": {"vertices": [{"x": 148.0, "y": 215.0}, {"x": 171.0, "y": 215.0}, {"x": 170.0, "y": 225.0}, {"x": 148.0, "y": 225.0}]}, "description": "$0.47"}, {"boundingPoly": {"vertices": [{"x": 147.0, "y": 225.0}, {"x": 170.0, "y": 226.0}, {"x": 170.0, "y": 235.0}, {"x": 148.0, "y": 235.0}]}, "description": "$5.72"}, {"boundingPoly": {"vertices": [{"x": 151.0, "y": 236.0}, {"x": 195.0, "y": 236.0}, {"x": 195.0, "y": 246.0}, {"x": 151.0, "y": 246.0}]}, "description": "$0.00"}, {"boundingPoly": {"vertices": [{"x": 82.0, "y": 257.0}, {"x": 104.0, "y": 257.0}, {"x": 104.0, "y": 269.0}, {"x": 82.0, "y": 269.0}]}, "description": " Check"}, {"boundingPoly": {"vertices": [{"x": 73.0, "y": 268.0}, {"x": 149.0, "y": 268.0}, {"x": 149.0, "y": 281.0}, {"x": 73.0, "y": 281.0}]}, "description": " 12/11/2019 2:45 PM"}, {"boundingPoly": {"vertices": [{"x": 107.0, "y": 257.0}, {"x": 135.0, "y": 257.0}, {"x": 135.0, "y": 268.0}, {"x": 107.0, "y": 268.0}]}, "description": " Closed"}, {"boundingPoly": {"vertices": [{"x": 137.0, "y": 257.0}, {"x": 149.0, "y": 257.0}, {"x": 149.0, "y": 268.0}, {"x": 137.0, "y": 268.0}]}, "description": " --"}]}