{"textAnnotations": [{"boundingPoly": {"vertices": [{"x": 74.0, "y": 63.0}, {"x": 399.0, "y": 71.0}, {"x": 398.0, "y": 100.0}, {"x": 73.0, "y": 90.0}]}, "description": "merchant name"}, {"boundingPoly": {"vertices": [{"x": 71.0, "y": 101.0}, {"x": 229.0, "y": 105.0}, {"x": 229.0, "y": 129.0}, {"x": 71.0, "y": 125.0}]}, "description": "merchant address"}, {"boundingPoly": {"vertices": [{"x": 67.0, "y": 133.0}, {"x": 246.0, "y": 136.0}, {"x": 246.0, "y": 158.0}, {"x": 67.0, "y": 155.0}]}, "description": "merchant address"}, {"boundingPoly": {"vertices": [{"x": 66.0, "y": 160.0}, {"x": 126.0, "y": 161.0}, {"x": 126.0, "y": 181.0}, {"x": 65.0, "y": 179.0}]}, "description": "94108"}, {"boundingPoly": {"vertices": [{"x": 63.0, "y": 190.0}, {"x": 211.0, "y": 191.0}, {"x": 211.0, "y": 213.0}, {"x": 63.0, "y": 211.0}]}, "description": "merchant phone"}, {"boundingPoly": {"vertices": [{"x": 60.0, "y": 222.0}, {"x": 204.0, "y": 221.0}, {"x": 204.0, "y": 240.0}, {"x": 60.0, "y": 241.0}]}, "description": "bobaguys.com"}, {"boundingPoly": {"vertices": [{"x": 58.0, "y": 248.0}, {"x": 173.0, "y": 247.0}, {"x": 173.0, "y": 270.0}, {"x": 58.0, "y": 271.0}]}, "description": "@bobaguys"}, {"boundingPoly": {"vertices": [{"x": 288.0, "y": 109.0}, {"x": 482.0, "y": 109.0}, {"x": 482.0, "y": 130.0}, {"x": 288.0, "y": 130.0}]}, "description": "November 14, 2019"}, {"boundingPoly": {"vertices": [{"x": 393.0, "y": 135.0}, {"x": 477.0, "y": 135.0}, {"x": 477.0, "y": 156.0}, {"x": 393.0, "y": 156.0}]}, "description": " 5:08 PM"}, {"boundingPoly": {"vertices": [{"x": 200.0, "y": 309.0}, {"x": 319.0, "y": 307.0}, {"x": 319.0, "y": 327.0}, {"x": 201.0, "y": 329.0}]}, "description": "PURCHASE"}, {"boundingPoly": {"vertices": [{"x": 54.0, "y": 367.0}, {"x": 136.0, "y": 367.0}, {"x": 136.0, "y": 390.0}, {"x": 54.0, "y": 390.0}]}, "description": " Receipt:"}, {"boundingPoly": {"vertices": [{"x": 52.0, "y": 397.0}, {"x": 121.0, "y": 397.0}, {"x": 121.0, "y": 419.0}, {"x": 52.0, "y": 419.0}]}, "description": " Ticket:"}, {"boundingPoly": {"vertices": [{"x": 51.0, "y": 428.0}, {"x": 191.0, "y": 428.0}, {"x": 191.0, "y": 450.0}, {"x": 51.0, "y": 450.0}]}, "description": " Authorization:"}, {"boundingPoly": {"vertices": [{"x": 140.0, "y": 367.0}, {"x": 196.0, "y": 367.0}, {"x": 196.0, "y": 390.0}, {"x": 140.0, "y": 390.0}]}, "description": " cBoP"}, {"boundingPoly": {"vertices": [{"x": 125.0, "y": 398.0}, {"x": 180.0, "y": 398.0}, {"x": 180.0, "y": 419.0}, {"x": 125.0, "y": 419.0}]}, "description": " Vlasti"}, {"boundingPoly": {"vertices": [{"x": 195.0, "y": 429.0}, {"x": 269.0, "y": 429.0}, {"x": 269.0, "y": 450.0}, {"x": 195.0, "y": 450.0}]}, "description": " 802813"}, {"boundingPoly": {"vertices": [{"x": 50.0, "y": 490.0}, {"x": 261.0, "y": 491.0}, {"x": 261.0, "y": 512.0}, {"x": 50.0, "y": 511.0}]}, "description": "AMERICAN EXPRESS"}, {"boundingPoly": {"vertices": [{"x": 48.0, "y": 520.0}, {"x": 324.0, "y": 520.0}, {"x": 324.0, "y": 539.0}, {"x": 48.0, "y": 539.0}]}, "description": "AID A0 00 00 00 25 01 08 01"}, {"boundingPoly": {"vertices": [{"x": 222.0, "y": 570.0}, {"x": 279.0, "y": 569.0}, {"x": 279.0, "y": 585.0}, {"x": 223.0, "y": 587.0}]}, "description": "TO GO"}, {"boundingPoly": {"vertices": [{"x": 45.0, "y": 626.0}, {"x": 140.0, "y": 624.0}, {"x": 140.0, "y": 645.0}, {"x": 45.0, "y": 647.0}]}, "description": "To Go \u00d7 5"}, {"boundingPoly": {"vertices": [{"x": 41.0, "y": 663.0}, {"x": 300.0, "y": 660.0}, {"x": 301.0, "y": 685.0}, {"x": 41.0, "y": 689.0}]}, "description": "Strawberry Matcha Latte"}, {"boundingPoly": {"vertices": [{"x": 405.0, "y": 623.0}, {"x": 466.0, "y": 623.0}, {"x": 466.0, "y": 643.0}, {"x": 405.0, "y": 643.0}]}, "description": "$0.00"}, {"boundingPoly": {"vertices": [{"x": 404.0, "y": 660.0}, {"x": 465.0, "y": 660.0}, {"x": 465.0, "y": 680.0}, {"x": 405.0, "y": 681.0}]}, "description": "$5.50"}, {"boundingPoly": {"vertices": [{"x": 45.0, "y": 689.0}, {"x": 418.0, "y": 685.0}, {"x": 418.0, "y": 711.0}, {"x": 46.0, "y": 715.0}]}, "description": "16oz ICED, Toppings ($0.50), Almond"}, {"boundingPoly": {"vertices": [{"x": 43.0, "y": 721.0}, {"x": 418.0, "y": 716.0}, {"x": 419.0, "y": 741.0}, {"x": 43.0, "y": 747.0}]}, "description": "Jelly, Dairy Milk (Whole Milk), Regular"}, {"boundingPoly": {"vertices": [{"x": 43.0, "y": 754.0}, {"x": 74.0, "y": 754.0}, {"x": 74.0, "y": 772.0}, {"x": 42.0, "y": 772.0}]}, "description": "Ice"}, {"boundingPoly": {"vertices": [{"x": 41.0, "y": 816.0}, {"x": 126.0, "y": 815.0}, {"x": 126.0, "y": 840.0}, {"x": 41.0, "y": 841.0}]}, "description": "Subtotal"}, {"boundingPoly": {"vertices": [{"x": 400.0, "y": 807.0}, {"x": 458.0, "y": 806.0}, {"x": 458.0, "y": 826.0}, {"x": 400.0, "y": 828.0}]}, "description": "$5.50"}, {"boundingPoly": {"vertices": [{"x": 401.0, "y": 835.0}, {"x": 460.0, "y": 833.0}, {"x": 461.0, "y": 855.0}, {"x": 402.0, "y": 856.0}]}, "description": "$0.28"}, {"boundingPoly": {"vertices": [{"x": 401.0, "y": 864.0}, {"x": 460.0, "y": 863.0}, {"x": 461.0, "y": 883.0}, {"x": 402.0, "y": 884.0}]}, "description": "$1.00"}, {"boundingPoly": {"vertices": [{"x": 42.0, "y": 843.0}, {"x": 296.0, "y": 837.0}, {"x": 296.0, "y": 864.0}, {"x": 42.0, "y": 870.0}]}, "description": "Healthy SF Mandate (5%)"}, {"boundingPoly": {"vertices": [{"x": 43.0, "y": 872.0}, {"x": 77.0, "y": 873.0}, {"x": 75.0, "y": 895.0}, {"x": 43.0, "y": 893.0}]}, "description": "Tip"}, {"boundingPoly": {"vertices": [{"x": 48.0, "y": 933.0}, {"x": 97.0, "y": 935.0}, {"x": 96.0, "y": 953.0}, {"x": 47.0, "y": 953.0}]}, "description": "Total"}, {"boundingPoly": {"vertices": [{"x": 49.0, "y": 961.0}, {"x": 346.0, "y": 961.0}, {"x": 346.0, "y": 987.0}, {"x": 48.0, "y": 985.0}]}, "description": "American Express 1000 (Chip)"}, {"boundingPoly": {"vertices": [{"x": 392.0, "y": 926.0}, {"x": 465.0, "y": 925.0}, {"x": 465.0, "y": 951.0}, {"x": 393.0, "y": 952.0}]}, "description": "$6.78"}, {"boundingPoly": {"vertices": [{"x": 404.0, "y": 959.0}, {"x": 467.0, "y": 958.0}, {"x": 468.0, "y": 979.0}, {"x": 405.0, "y": 981.0}]}, "description": "$6.78"}]}