{"textAnnotations": [{"boundingPoly": {"vertices": [{"x": 306.0, "y": 68.0}, {"x": 534.0, "y": 75.0}, {"x": 532.0, "y": 122.0}, {"x": 305.0, "y": 116.0}]}, "description": "merchant name"}, {"boundingPoly": {"vertices": [{"x": 519.0, "y": 121.0}, {"x": 530.0, "y": 121.0}, {"x": 530.0, "y": 143.0}, {"x": 519.0, "y": 143.0}]}, "description": " :"}, {"boundingPoly": {"vertices": [{"x": 313.0, "y": 115.0}, {"x": 515.0, "y": 115.0}, {"x": 515.0, "y": 143.0}, {"x": 313.0, "y": 143.0}]}, "description": "merchant name"}, {"boundingPoly": {"vertices": [{"x": 120.0, "y": 163.0}, {"x": 630.0, "y": 176.0}, {"x": 629.0, "y": 201.0}, {"x": 120.0, "y": 187.0}]}, "description": "merchant address"}, {"boundingPoly": {"vertices": [{"x": 124.0, "y": 187.0}, {"x": 644.0, "y": 187.0}, {"x": 644.0, "y": 226.0}, {"x": 124.0, "y": 226.0}]}, "description": " 11/11/2019 03:14 PM EXPIRES 02/09/20"}, {"boundingPoly": {"vertices": [{"x": 58.0, "y": 317.0}, {"x": 162.0, "y": 319.0}, {"x": 161.0, "y": 345.0}, {"x": 58.0, "y": 343.0}]}, "description": "GROCERY"}, {"boundingPoly": {"vertices": [{"x": 57.0, "y": 343.0}, {"x": 191.0, "y": 345.0}, {"x": 191.0, "y": 371.0}, {"x": 57.0, "y": 369.0}]}, "description": "071091413"}, {"boundingPoly": {"vertices": [{"x": 54.0, "y": 370.0}, {"x": 192.0, "y": 371.0}, {"x": 191.0, "y": 398.0}, {"x": 54.0, "y": 396.0}]}, "description": "211080052"}, {"boundingPoly": {"vertices": [{"x": 289.0, "y": 347.0}, {"x": 465.0, "y": 350.0}, {"x": 465.0, "y": 377.0}, {"x": 289.0, "y": 373.0}]}, "description": "OREO COOKIES"}, {"boundingPoly": {"vertices": [{"x": 284.0, "y": 399.0}, {"x": 321.0, "y": 399.0}, {"x": 321.0, "y": 427.0}, {"x": 284.0, "y": 427.0}]}, "description": " MP"}, {"boundingPoly": {"vertices": [{"x": 486.0, "y": 353.0}, {"x": 519.0, "y": 355.0}, {"x": 519.0, "y": 378.0}, {"x": 484.0, "y": 377.0}]}, "description": "FN"}, {"boundingPoly": {"vertices": [{"x": 484.0, "y": 377.0}, {"x": 522.0, "y": 377.0}, {"x": 523.0, "y": 401.0}, {"x": 483.0, "y": 401.0}]}, "description": "FN"}, {"boundingPoly": {"vertices": [{"x": 486.0, "y": 401.0}, {"x": 518.0, "y": 400.0}, {"x": 519.0, "y": 425.0}, {"x": 485.0, "y": 425.0}]}, "description": "FN"}, {"boundingPoly": {"vertices": [{"x": 572.0, "y": 353.0}, {"x": 644.0, "y": 354.0}, {"x": 643.0, "y": 379.0}, {"x": 571.0, "y": 379.0}]}, "description": "$2.99"}, {"boundingPoly": {"vertices": [{"x": 570.0, "y": 379.0}, {"x": 644.0, "y": 379.0}, {"x": 644.0, "y": 405.0}, {"x": 570.0, "y": 405.0}]}, "description": "$2.50"}, {"boundingPoly": {"vertices": [{"x": 570.0, "y": 405.0}, {"x": 642.0, "y": 406.0}, {"x": 642.0, "y": 431.0}, {"x": 569.0, "y": 430.0}]}, "description": "$1.49"}, {"boundingPoly": {"vertices": [{"x": 54.0, "y": 395.0}, {"x": 190.0, "y": 397.0}, {"x": 190.0, "y": 424.0}, {"x": 54.0, "y": 422.0}]}, "description": "261070170"}, {"boundingPoly": {"vertices": [{"x": 286.0, "y": 374.0}, {"x": 362.0, "y": 375.0}, {"x": 362.0, "y": 401.0}, {"x": 287.0, "y": 399.0}]}, "description": "NAKED"}, {"boundingPoly": {"vertices": [{"x": 326.0, "y": 400.0}, {"x": 460.0, "y": 400.0}, {"x": 460.0, "y": 429.0}, {"x": 326.0, "y": 429.0}]}, "description": " DRIED FRT"}, {"boundingPoly": {"vertices": [{"x": 53.0, "y": 448.0}, {"x": 391.0, "y": 451.0}, {"x": 391.0, "y": 478.0}, {"x": 53.0, "y": 475.0}]}, "description": "HEALTH-BEAUTY-COSMETICS"}, {"boundingPoly": {"vertices": [{"x": 283.0, "y": 477.0}, {"x": 418.0, "y": 478.0}, {"x": 418.0, "y": 505.0}, {"x": 283.0, "y": 504.0}]}, "description": "DRAMAMINE"}, {"boundingPoly": {"vertices": [{"x": 52.0, "y": 474.0}, {"x": 190.0, "y": 475.0}, {"x": 189.0, "y": 502.0}, {"x": 52.0, "y": 501.0}]}, "description": "094010545"}, {"boundingPoly": {"vertices": [{"x": 483.0, "y": 479.0}, {"x": 518.0, "y": 479.0}, {"x": 517.0, "y": 511.0}, {"x": 483.0, "y": 515.0}]}, "description": "T"}, {"boundingPoly": {"vertices": [{"x": 397.0, "y": 530.0}, {"x": 516.0, "y": 530.0}, {"x": 515.0, "y": 559.0}, {"x": 397.0, "y": 557.0}]}, "description": "SUBTOTAL"}, {"boundingPoly": {"vertices": [{"x": 441.0, "y": 558.0}, {"x": 516.0, "y": 559.0}, {"x": 516.0, "y": 584.0}, {"x": 441.0, "y": 584.0}]}, "description": "$3.99"}, {"boundingPoly": {"vertices": [{"x": 569.0, "y": 481.0}, {"x": 643.0, "y": 482.0}, {"x": 643.0, "y": 508.0}, {"x": 570.0, "y": 509.0}]}, "description": "$3.99"}, {"boundingPoly": {"vertices": [{"x": 87.0, "y": 552.0}, {"x": 243.0, "y": 552.0}, {"x": 243.0, "y": 581.0}, {"x": 87.0, "y": 581.0}]}, "description": " T = AZ TAX"}, {"boundingPoly": {"vertices": [{"x": 65.0, "y": 581.0}, {"x": 438.0, "y": 589.0}, {"x": 438.0, "y": 618.0}, {"x": 65.0, "y": 610.0}]}, "description": "tideb fepist Hifiw min top"}, {"boundingPoly": {"vertices": [{"x": 132.0, "y": 623.0}, {"x": 201.0, "y": 623.0}, {"x": 201.0, "y": 653.0}, {"x": 132.0, "y": 653.0}]}, "description": " tel"}, {"boundingPoly": {"vertices": [{"x": 254.0, "y": 553.0}, {"x": 407.0, "y": 553.0}, {"x": 407.0, "y": 584.0}, {"x": 254.0, "y": 584.0}]}, "description": " 8.6000% on"}, {"boundingPoly": {"vertices": [{"x": 555.0, "y": 532.0}, {"x": 643.0, "y": 532.0}, {"x": 643.0, "y": 558.0}, {"x": 555.0, "y": 558.0}]}, "description": "$10.97"}, {"boundingPoly": {"vertices": [{"x": 568.0, "y": 559.0}, {"x": 645.0, "y": 560.0}, {"x": 645.0, "y": 584.0}, {"x": 569.0, "y": 586.0}]}, "description": "$0.34"}, {"boundingPoly": {"vertices": [{"x": 676.0, "y": 618.0}, {"x": 636.0, "y": 618.0}, {"x": 637.0, "y": 588.0}, {"x": 678.0, "y": 590.0}]}, "description": "Ele"}, {"boundingPoly": {"vertices": [{"x": 550.0, "y": 634.0}, {"x": 655.0, "y": 636.0}, {"x": 655.0, "y": 663.0}, {"x": 550.0, "y": 661.0}]}, "description": "$11.31"}, {"boundingPoly": {"vertices": [{"x": 356.0, "y": 683.0}, {"x": 585.0, "y": 685.0}, {"x": 585.0, "y": 711.0}, {"x": 356.0, "y": 707.0}]}, "description": "AMERICAN EXPRESS"}, {"boundingPoly": {"vertices": [{"x": 234.0, "y": 728.0}, {"x": 499.0, "y": 731.0}, {"x": 499.0, "y": 757.0}, {"x": 234.0, "y": 754.0}]}, "description": "4 INDICATES SAVINGS"}, {"boundingPoly": {"vertices": [{"x": 206.0, "y": 625.0}, {"x": 514.0, "y": 625.0}, {"x": 514.0, "y": 661.0}, {"x": 206.0, "y": 661.0}]}, "description": " won*5002 AMEX CHARGE"}, {"boundingPoly": {"vertices": [{"x": 356.0, "y": 659.0}, {"x": 404.0, "y": 659.0}, {"x": 404.0, "y": 684.0}, {"x": 356.0, "y": 684.0}]}, "description": " AID:"}, {"boundingPoly": {"vertices": [{"x": 441.0, "y": 609.0}, {"x": 511.0, "y": 610.0}, {"x": 510.0, "y": 636.0}, {"x": 440.0, "y": 634.0}]}, "description": "TOTAL"}, {"boundingPoly": {"vertices": [{"x": 552.0, "y": 611.0}, {"x": 644.0, "y": 611.0}, {"x": 644.0, "y": 638.0}, {"x": 552.0, "y": 637.0}]}, "description": "$11.31"}, {"boundingPoly": {"vertices": [{"x": 409.0, "y": 659.0}, {"x": 641.0, "y": 659.0}, {"x": 641.0, "y": 690.0}, {"x": 409.0, "y": 690.0}]}, "description": " A000000025010801"}, {"boundingPoly": {"vertices": [{"x": 91.0, "y": 794.0}, {"x": 678.0, "y": 807.0}, {"x": 677.0, "y": 832.0}, {"x": 90.0, "y": 818.0}]}, "description": "REC#2-9315-1141-0077-4269-9 VCD#752-259-246"}, {"boundingPoly": {"vertices": [{"x": 112.0, "y": 918.0}, {"x": 144.0, "y": 917.0}, {"x": 144.0, "y": 927.0}, {"x": 112.0, "y": 929.0}]}, "description": "---"}, {"boundingPoly": {"vertices": [{"x": 141.0, "y": 986.0}, {"x": 578.0, "y": 970.0}, {"x": 579.0, "y": 996.0}, {"x": 141.0, "y": 1014.0}]}, "description": "Help make your Target Run better."}, {"boundingPoly": {"vertices": [{"x": 85.0, "y": 993.0}, {"x": 645.0, "y": 993.0}, {"x": 645.0, "y": 1044.0}, {"x": 85.0, "y": 1044.0}]}, "description": " Take a 2 minute survey about today's trip:"}, {"boundingPoly": {"vertices": [{"x": 263.0, "y": 1059.0}, {"x": 482.0, "y": 1050.0}, {"x": 484.0, "y": 1079.0}, {"x": 265.0, "y": 1089.0}]}, "description": "informtarget.com"}, {"boundingPoly": {"vertices": [{"x": 400.0, "y": 1101.0}, {"x": 496.0, "y": 1101.0}, {"x": 496.0, "y": 1134.0}, {"x": 400.0, "y": 1134.0}]}, "description": " 257 301"}, {"boundingPoly": {"vertices": [{"x": 208.0, "y": 1083.0}, {"x": 332.0, "y": 1083.0}, {"x": 332.0, "y": 1118.0}, {"x": 208.0, "y": 1118.0}]}, "description": " User ID:"}, {"boundingPoly": {"vertices": [{"x": 347.0, "y": 1073.0}, {"x": 537.0, "y": 1073.0}, {"x": 537.0, "y": 1109.0}, {"x": 347.0, "y": 1109.0}]}, "description": " 7068 4885 9992"}, {"boundingPoly": {"vertices": [{"x": 250.0, "y": 1108.0}, {"x": 385.0, "y": 1108.0}, {"x": 385.0, "y": 1142.0}, {"x": 250.0, "y": 1142.0}]}, "description": " Password:"}]}