{"textAnnotations": [{"boundingPoly": {"vertices": [{"x": 294.0, "y": 184.0}, {"x": 436.0, "y": 192.0}, {"x": 434.0, "y": 215.0}, {"x": 293.0, "y": 207.0}]}, "description": "merchant name"}, {"boundingPoly": {"vertices": [{"x": 403.0, "y": 216.0}, {"x": 447.0, "y": 216.0}, {"x": 447.0, "y": 241.0}, {"x": 403.0, "y": 241.0}]}, "description": " INC."}, {"boundingPoly": {"vertices": [{"x": 214.0, "y": 257.0}, {"x": 533.0, "y": 273.0}, {"x": 532.0, "y": 296.0}, {"x": 213.0, "y": 280.0}]}, "description": "merchant address"}, {"boundingPoly": {"vertices": [{"x": 232.0, "y": 305.0}, {"x": 505.0, "y": 306.0}, {"x": 505.0, "y": 321.0}, {"x": 232.0, "y": 319.0}]}, "description": "VAT-Reg TIN. 008-391-125-000"}, {"boundingPoly": {"vertices": [{"x": 354.0, "y": 320.0}, {"x": 534.0, "y": 319.0}, {"x": 534.0, "y": 334.0}, {"x": 354.0, "y": 335.0}]}, "description": "10 JENNIELYN BALTE"}, {"boundingPoly": {"vertices": [{"x": 354.0, "y": 335.0}, {"x": 536.0, "y": 335.0}, {"x": 536.0, "y": 351.0}, {"x": 354.0, "y": 351.0}]}, "description": "10 JENNIELYN BALTE"}, {"boundingPoly": {"vertices": [{"x": 295.0, "y": 210.0}, {"x": 400.0, "y": 210.0}, {"x": 400.0, "y": 239.0}, {"x": 295.0, "y": 239.0}]}, "description": " BVCUISINE,"}, {"boundingPoly": {"vertices": [{"x": 214.0, "y": 231.0}, {"x": 524.0, "y": 248.0}, {"x": 522.0, "y": 270.0}, {"x": 213.0, "y": 253.0}]}, "description": "merchant address"}, {"boundingPoly": {"vertices": [{"x": 235.0, "y": 284.0}, {"x": 510.0, "y": 291.0}, {"x": 510.0, "y": 309.0}, {"x": 235.0, "y": 304.0}]}, "description": "merchant address"}, {"boundingPoly": {"vertices": [{"x": 211.0, "y": 318.0}, {"x": 316.0, "y": 318.0}, {"x": 316.0, "y": 335.0}, {"x": 211.0, "y": 335.0}]}, "description": " 2 POS2 SN:"}, {"boundingPoly": {"vertices": [{"x": 209.0, "y": 334.0}, {"x": 320.0, "y": 334.0}, {"x": 320.0, "y": 352.0}, {"x": 209.0, "y": 352.0}]}, "description": " Print Cnt:"}, {"boundingPoly": {"vertices": [{"x": 323.0, "y": 334.0}, {"x": 337.0, "y": 334.0}, {"x": 337.0, "y": 351.0}, {"x": 323.0, "y": 351.0}]}, "description": " 0"}, {"boundingPoly": {"vertices": [{"x": 210.0, "y": 372.0}, {"x": 291.0, "y": 372.0}, {"x": 291.0, "y": 391.0}, {"x": 210.0, "y": 391.0}]}, "description": " Trans #:"}, {"boundingPoly": {"vertices": [{"x": 271.0, "y": 391.0}, {"x": 482.0, "y": 391.0}, {"x": 482.0, "y": 413.0}, {"x": 271.0, "y": 413.0}]}, "description": " 12/09/19 12:11:31 PM"}, {"boundingPoly": {"vertices": [{"x": 413.0, "y": 413.0}, {"x": 452.0, "y": 413.0}, {"x": 452.0, "y": 452.0}, {"x": 413.0, "y": 452.0}]}, "description": " /"}, {"boundingPoly": {"vertices": [{"x": 406.0, "y": 479.0}, {"x": 439.0, "y": 479.0}, {"x": 439.0, "y": 498.0}, {"x": 406.0, "y": 498.0}]}, "description": " ---"}, {"boundingPoly": {"vertices": [{"x": 247.0, "y": 502.0}, {"x": 412.0, "y": 502.0}, {"x": 412.0, "y": 525.0}, {"x": 247.0, "y": 525.0}]}, "description": " POULET ET CHAMP"}, {"boundingPoly": {"vertices": [{"x": 250.0, "y": 527.0}, {"x": 434.0, "y": 527.0}, {"x": 434.0, "y": 551.0}, {"x": 250.0, "y": 551.0}]}, "description": " VEGETABLE SFOOD P"}, {"boundingPoly": {"vertices": [{"x": 247.0, "y": 552.0}, {"x": 505.0, "y": 553.0}, {"x": 505.0, "y": 576.0}, {"x": 247.0, "y": 575.0}]}, "description": "CROQUE SAUMON POI 395.00"}, {"boundingPoly": {"vertices": [{"x": 249.0, "y": 579.0}, {"x": 503.0, "y": 579.0}, {"x": 503.0, "y": 601.0}, {"x": 249.0, "y": 601.0}]}, "description": "SW TOMATO MOZZA W 380.00"}, {"boundingPoly": {"vertices": [{"x": 249.0, "y": 604.0}, {"x": 391.0, "y": 604.0}, {"x": 391.0, "y": 628.0}, {"x": 249.0, "y": 628.0}]}, "description": " COMPLIMENTARY"}, {"boundingPoly": {"vertices": [{"x": 375.0, "y": 630.0}, {"x": 389.0, "y": 630.0}, {"x": 389.0, "y": 653.0}, {"x": 375.0, "y": 653.0}]}, "description": " D"}, {"boundingPoly": {"vertices": [{"x": 353.0, "y": 656.0}, {"x": 505.0, "y": 656.0}, {"x": 505.0, "y": 677.0}, {"x": 353.0, "y": 677.0}]}, "description": " AMERICA 250.00"}, {"boundingPoly": {"vertices": [{"x": 249.0, "y": 678.0}, {"x": 380.0, "y": 677.0}, {"x": 380.0, "y": 694.0}, {"x": 249.0, "y": 696.0}]}, "description": "CAPPUCCINO D"}, {"boundingPoly": {"vertices": [{"x": 249.0, "y": 696.0}, {"x": 392.0, "y": 695.0}, {"x": 392.0, "y": 714.0}, {"x": 249.0, "y": 716.0}]}, "description": "VANILLA TEA D"}, {"boundingPoly": {"vertices": [{"x": 293.0, "y": 372.0}, {"x": 357.0, "y": 372.0}, {"x": 357.0, "y": 391.0}, {"x": 293.0, "y": 391.0}]}, "description": " 102940"}, {"boundingPoly": {"vertices": [{"x": 414.0, "y": 371.0}, {"x": 516.0, "y": 371.0}, {"x": 516.0, "y": 390.0}, {"x": 414.0, "y": 390.0}]}, "description": " Cust Count"}, {"boundingPoly": {"vertices": [{"x": 519.0, "y": 371.0}, {"x": 543.0, "y": 371.0}, {"x": 543.0, "y": 390.0}, {"x": 519.0, "y": 390.0}]}, "description": " :2"}, {"boundingPoly": {"vertices": [{"x": 206.0, "y": 414.0}, {"x": 329.0, "y": 414.0}, {"x": 329.0, "y": 451.0}, {"x": 206.0, "y": 451.0}]}, "description": " Table:"}, {"boundingPoly": {"vertices": [{"x": 320.0, "y": 477.0}, {"x": 401.0, "y": 477.0}, {"x": 401.0, "y": 499.0}, {"x": 320.0, "y": 499.0}]}, "description": " Dine In"}, {"boundingPoly": {"vertices": [{"x": 335.0, "y": 414.0}, {"x": 398.0, "y": 414.0}, {"x": 398.0, "y": 451.0}, {"x": 335.0, "y": 451.0}]}, "description": " 108"}, {"boundingPoly": {"vertices": [{"x": 460.0, "y": 413.0}, {"x": 483.0, "y": 413.0}, {"x": 483.0, "y": 452.0}, {"x": 460.0, "y": 452.0}]}, "description": " 1"}, {"boundingPoly": {"vertices": [{"x": 206.0, "y": 505.0}, {"x": 220.0, "y": 507.0}, {"x": 218.0, "y": 523.0}, {"x": 204.0, "y": 521.0}]}, "description": "2"}, {"boundingPoly": {"vertices": [{"x": 207.0, "y": 530.0}, {"x": 221.0, "y": 531.0}, {"x": 220.0, "y": 544.0}, {"x": 206.0, "y": 543.0}]}, "description": "1"}, {"boundingPoly": {"vertices": [{"x": 416.0, "y": 503.0}, {"x": 432.0, "y": 503.0}, {"x": 432.0, "y": 525.0}, {"x": 416.0, "y": 525.0}]}, "description": " D"}, {"boundingPoly": {"vertices": [{"x": 437.0, "y": 503.0}, {"x": 505.0, "y": 503.0}, {"x": 505.0, "y": 525.0}, {"x": 437.0, "y": 525.0}]}, "description": " 640.00"}, {"boundingPoly": {"vertices": [{"x": 437.0, "y": 528.0}, {"x": 504.0, "y": 528.0}, {"x": 504.0, "y": 551.0}, {"x": 437.0, "y": 551.0}]}, "description": " 310.00"}, {"boundingPoly": {"vertices": [{"x": 207.0, "y": 557.0}, {"x": 220.0, "y": 558.0}, {"x": 219.0, "y": 571.0}, {"x": 207.0, "y": 570.0}]}, "description": "1"}, {"boundingPoly": {"vertices": [{"x": 207.0, "y": 583.0}, {"x": 220.0, "y": 584.0}, {"x": 220.0, "y": 596.0}, {"x": 207.0, "y": 595.0}]}, "description": "1"}, {"boundingPoly": {"vertices": [{"x": 205.0, "y": 607.0}, {"x": 221.0, "y": 609.0}, {"x": 220.0, "y": 626.0}, {"x": 204.0, "y": 623.0}]}, "description": "5"}, {"boundingPoly": {"vertices": [{"x": 207.0, "y": 633.0}, {"x": 222.0, "y": 636.0}, {"x": 221.0, "y": 649.0}, {"x": 205.0, "y": 646.0}]}, "description": "1"}, {"boundingPoly": {"vertices": [{"x": 207.0, "y": 660.0}, {"x": 222.0, "y": 662.0}, {"x": 220.0, "y": 678.0}, {"x": 205.0, "y": 676.0}]}, "description": "2"}, {"boundingPoly": {"vertices": [{"x": 395.0, "y": 604.0}, {"x": 454.0, "y": 604.0}, {"x": 454.0, "y": 627.0}, {"x": 395.0, "y": 627.0}]}, "description": " BREAD"}, {"boundingPoly": {"vertices": [{"x": 437.0, "y": 630.0}, {"x": 504.0, "y": 630.0}, {"x": 504.0, "y": 651.0}, {"x": 437.0, "y": 651.0}]}, "description": "200.00"}, {"boundingPoly": {"vertices": [{"x": 459.0, "y": 604.0}, {"x": 502.0, "y": 604.0}, {"x": 502.0, "y": 627.0}, {"x": 459.0, "y": 627.0}]}, "description": " 0.00"}, {"boundingPoly": {"vertices": [{"x": 248.0, "y": 631.0}, {"x": 371.0, "y": 631.0}, {"x": 371.0, "y": 653.0}, {"x": 248.0, "y": 653.0}]}, "description": " MANGO JUICE"}, {"boundingPoly": {"vertices": [{"x": 250.0, "y": 656.0}, {"x": 344.0, "y": 656.0}, {"x": 344.0, "y": 678.0}, {"x": 250.0, "y": 678.0}]}, "description": " ICED CAF"}, {"boundingPoly": {"vertices": [{"x": 445.0, "y": 676.0}, {"x": 507.0, "y": 674.0}, {"x": 508.0, "y": 691.0}, {"x": 445.0, "y": 693.0}]}, "description": "145.00"}, {"boundingPoly": {"vertices": [{"x": 447.0, "y": 693.0}, {"x": 511.0, "y": 693.0}, {"x": 511.0, "y": 712.0}, {"x": 447.0, "y": 713.0}]}, "description": "105.00"}, {"boundingPoly": {"vertices": [{"x": 206.0, "y": 700.0}, {"x": 216.0, "y": 700.0}, {"x": 216.0, "y": 712.0}, {"x": 206.0, "y": 712.0}]}, "description": "1"}, {"boundingPoly": {"vertices": [{"x": 236.0, "y": 740.0}, {"x": 283.0, "y": 740.0}, {"x": 284.0, "y": 761.0}, {"x": 236.0, "y": 761.0}]}, "description": "Food"}, {"boundingPoly": {"vertices": [{"x": 424.0, "y": 737.0}, {"x": 517.0, "y": 735.0}, {"x": 517.0, "y": 759.0}, {"x": 424.0, "y": 760.0}]}, "description": "2,425.00"}, {"boundingPoly": {"vertices": [{"x": 235.0, "y": 790.0}, {"x": 375.0, "y": 790.0}, {"x": 375.0, "y": 814.0}, {"x": 235.0, "y": 813.0}]}, "description": "Table Charge"}, {"boundingPoly": {"vertices": [{"x": 451.0, "y": 788.0}, {"x": 521.0, "y": 788.0}, {"x": 521.0, "y": 811.0}, {"x": 451.0, "y": 811.0}]}, "description": "216.52"}, {"boundingPoly": {"vertices": [{"x": 229.0, "y": 847.0}, {"x": 512.0, "y": 843.0}, {"x": 513.0, "y": 888.0}, {"x": 229.0, "y": 892.0}]}, "description": "Amt 2,641.52"}, {"boundingPoly": {"vertices": [{"x": 230.0, "y": 952.0}, {"x": 342.0, "y": 950.0}, {"x": 342.0, "y": 976.0}, {"x": 231.0, "y": 977.0}]}, "description": "VAT Sales"}, {"boundingPoly": {"vertices": [{"x": 230.0, "y": 982.0}, {"x": 427.0, "y": 978.0}, {"x": 427.0, "y": 1005.0}, {"x": 230.0, "y": 1009.0}]}, "description": "VAT Exempt Sales"}, {"boundingPoly": {"vertices": [{"x": 431.0, "y": 948.0}, {"x": 529.0, "y": 946.0}, {"x": 529.0, "y": 971.0}, {"x": 432.0, "y": 974.0}]}, "description": "2,165.18"}, {"boundingPoly": {"vertices": [{"x": 478.0, "y": 977.0}, {"x": 531.0, "y": 976.0}, {"x": 530.0, "y": 1001.0}, {"x": 479.0, "y": 1002.0}]}, "description": "0.00"}, {"boundingPoly": {"vertices": [{"x": 230.0, "y": 1013.0}, {"x": 533.0, "y": 1006.0}, {"x": 533.0, "y": 1032.0}, {"x": 231.0, "y": 1039.0}]}, "description": "VAT Zero-rated Sales 0.00"}, {"boundingPoly": {"vertices": [{"x": 459.0, "y": 1037.0}, {"x": 535.0, "y": 1037.0}, {"x": 535.0, "y": 1063.0}, {"x": 460.0, "y": 1064.0}]}, "description": "259.82"}, {"boundingPoly": {"vertices": [{"x": 232.0, "y": 1044.0}, {"x": 273.0, "y": 1044.0}, {"x": 273.0, "y": 1072.0}, {"x": 232.0, "y": 1072.0}]}, "description": " 12%"}, {"boundingPoly": {"vertices": [{"x": 278.0, "y": 1042.0}, {"x": 319.0, "y": 1042.0}, {"x": 319.0, "y": 1071.0}, {"x": 278.0, "y": 1071.0}]}, "description": " VAT"}, {"boundingPoly": {"vertices": [{"x": 232.0, "y": 1138.0}, {"x": 282.0, "y": 1137.0}, {"x": 281.0, "y": 1162.0}, {"x": 233.0, "y": 1162.0}]}, "description": "11007"}, {"boundingPoly": {"vertices": [{"x": 228.0, "y": 1166.0}, {"x": 404.0, "y": 1161.0}, {"x": 405.0, "y": 1187.0}, {"x": 229.0, "y": 1192.0}]}, "description": "BDO/AMEXCO/JCB"}, {"boundingPoly": {"vertices": [{"x": 191.0, "y": 1190.0}, {"x": 417.0, "y": 1190.0}, {"x": 417.0, "y": 1224.0}, {"x": 191.0, "y": 1224.0}]}, "description": " Official Receipt:"}, {"boundingPoly": {"vertices": [{"x": 193.0, "y": 1241.0}, {"x": 583.0, "y": 1241.0}, {"x": 583.0, "y": 1283.0}, {"x": 193.0, "y": 1283.0}]}, "description": " -10 CLOSED 12/09/19 01:05:12 PM-"}, {"boundingPoly": {"vertices": [{"x": 431.0, "y": 1160.0}, {"x": 537.0, "y": 1157.0}, {"x": 538.0, "y": 1182.0}, {"x": 432.0, "y": 1186.0}]}, "description": "2,641.52"}, {"boundingPoly": {"vertices": [{"x": 423.0, "y": 1186.0}, {"x": 538.0, "y": 1186.0}, {"x": 538.0, "y": 1215.0}, {"x": 423.0, "y": 1215.0}]}, "description": " 000059753"}, {"boundingPoly": {"vertices": [{"x": 410.0, "y": 1274.0}, {"x": 511.0, "y": 1273.0}, {"x": 511.0, "y": 1299.0}, {"x": 410.0, "y": 1300.0}]}, "description": "YOU !!!"}]}