{"textAnnotations": [{"boundingPoly": {"vertices": [{"x": 126.0, "y": 104.0}, {"x": 241.0, "y": 103.0}, {"x": 241.0, "y": 134.0}, {"x": 126.0, "y": 135.0}]}, "description": "11/11/19"}, {"boundingPoly": {"vertices": [{"x": 264.0, "y": 137.0}, {"x": 423.0, "y": 138.0}, {"x": 423.0, "y": 167.0}, {"x": 263.0, "y": 165.0}]}, "description": "SALES DRAFT"}, {"boundingPoly": {"vertices": [{"x": 193.0, "y": 185.0}, {"x": 509.0, "y": 189.0}, {"x": 509.0, "y": 220.0}, {"x": 192.0, "y": 215.0}]}, "description": "merchant name"}, {"boundingPoly": {"vertices": [{"x": 480.0, "y": 109.0}, {"x": 551.0, "y": 109.0}, {"x": 551.0, "y": 137.0}, {"x": 480.0, "y": 137.0}]}, "description": " 11:08"}, {"boundingPoly": {"vertices": [{"x": 152.0, "y": 216.0}, {"x": 550.0, "y": 220.0}, {"x": 550.0, "y": 250.0}, {"x": 152.0, "y": 246.0}]}, "description": "merchant address"}, {"boundingPoly": {"vertices": [{"x": 250.0, "y": 249.0}, {"x": 438.0, "y": 249.0}, {"x": 438.0, "y": 280.0}, {"x": 250.0, "y": 279.0}]}, "description": "merchant phone"}, {"boundingPoly": {"vertices": [{"x": 123.0, "y": 297.0}, {"x": 250.0, "y": 297.0}, {"x": 250.0, "y": 328.0}, {"x": 123.0, "y": 328.0}]}, "description": " MERCH ID:"}, {"boundingPoly": {"vertices": [{"x": 122.0, "y": 328.0}, {"x": 238.0, "y": 328.0}, {"x": 238.0, "y": 360.0}, {"x": 122.0, "y": 360.0}]}, "description": " SERVER:"}, {"boundingPoly": {"vertices": [{"x": 125.0, "y": 360.0}, {"x": 259.0, "y": 360.0}, {"x": 259.0, "y": 390.0}, {"x": 125.0, "y": 390.0}]}, "description": " TERMINAL:"}, {"boundingPoly": {"vertices": [{"x": 247.0, "y": 330.0}, {"x": 312.0, "y": 330.0}, {"x": 312.0, "y": 361.0}, {"x": 247.0, "y": 361.0}]}, "description": " Ryan"}, {"boundingPoly": {"vertices": [{"x": 265.0, "y": 362.0}, {"x": 312.0, "y": 362.0}, {"x": 312.0, "y": 390.0}, {"x": 265.0, "y": 390.0}]}, "description": " 439"}, {"boundingPoly": {"vertices": [{"x": 264.0, "y": 411.0}, {"x": 492.0, "y": 412.0}, {"x": 492.0, "y": 441.0}, {"x": 264.0, "y": 440.0}]}, "description": "American Express"}, {"boundingPoly": {"vertices": [{"x": 279.0, "y": 488.0}, {"x": 494.0, "y": 489.0}, {"x": 494.0, "y": 518.0}, {"x": 279.0, "y": 518.0}]}, "description": "XXXXXXXXXXX2002"}, {"boundingPoly": {"vertices": [{"x": 281.0, "y": 519.0}, {"x": 353.0, "y": 520.0}, {"x": 351.0, "y": 549.0}, {"x": 280.0, "y": 549.0}]}, "description": "XX/XX"}, {"boundingPoly": {"vertices": [{"x": 279.0, "y": 550.0}, {"x": 366.0, "y": 550.0}, {"x": 366.0, "y": 580.0}, {"x": 279.0, "y": 580.0}]}, "description": "842807"}, {"boundingPoly": {"vertices": [{"x": 278.0, "y": 583.0}, {"x": 352.0, "y": 582.0}, {"x": 352.0, "y": 611.0}, {"x": 278.0, "y": 610.0}]}, "description": "20.40"}, {"boundingPoly": {"vertices": [{"x": 280.0, "y": 632.0}, {"x": 380.0, "y": 630.0}, {"x": 381.0, "y": 660.0}, {"x": 280.0, "y": 661.0}]}, "description": "4399158"}, {"boundingPoly": {"vertices": [{"x": 124.0, "y": 458.0}, {"x": 176.0, "y": 458.0}, {"x": 176.0, "y": 486.0}, {"x": 124.0, "y": 486.0}]}, "description": " NAME"}, {"boundingPoly": {"vertices": [{"x": 125.0, "y": 489.0}, {"x": 222.0, "y": 489.0}, {"x": 222.0, "y": 517.0}, {"x": 125.0, "y": 517.0}]}, "description": " NUMBER:"}, {"boundingPoly": {"vertices": [{"x": 124.0, "y": 520.0}, {"x": 224.0, "y": 520.0}, {"x": 224.0, "y": 550.0}, {"x": 124.0, "y": 550.0}]}, "description": " EXPIRE:"}, {"boundingPoly": {"vertices": [{"x": 121.0, "y": 551.0}, {"x": 194.0, "y": 551.0}, {"x": 194.0, "y": 580.0}, {"x": 121.0, "y": 580.0}]}, "description": " AUTH:"}, {"boundingPoly": {"vertices": [{"x": 123.0, "y": 583.0}, {"x": 202.0, "y": 583.0}, {"x": 202.0, "y": 612.0}, {"x": 123.0, "y": 612.0}]}, "description": " AMOUNT"}, {"boundingPoly": {"vertices": [{"x": 122.0, "y": 632.0}, {"x": 207.0, "y": 632.0}, {"x": 207.0, "y": 661.0}, {"x": 122.0, "y": 661.0}]}, "description": " CHECK:"}, {"boundingPoly": {"vertices": [{"x": 123.0, "y": 662.0}, {"x": 207.0, "y": 662.0}, {"x": 207.0, "y": 690.0}, {"x": 123.0, "y": 690.0}]}, "description": " TABLE:"}, {"boundingPoly": {"vertices": [{"x": 127.0, "y": 709.0}, {"x": 189.0, "y": 709.0}, {"x": 189.0, "y": 738.0}, {"x": 127.0, "y": 738.0}]}, "description": " TOTAL"}, {"boundingPoly": {"vertices": [{"x": 182.0, "y": 458.0}, {"x": 195.0, "y": 458.0}, {"x": 195.0, "y": 486.0}, {"x": 182.0, "y": 486.0}]}, "description": " :"}, {"boundingPoly": {"vertices": [{"x": 207.0, "y": 583.0}, {"x": 224.0, "y": 583.0}, {"x": 224.0, "y": 611.0}, {"x": 207.0, "y": 611.0}]}, "description": " :"}, {"boundingPoly": {"vertices": [{"x": 194.0, "y": 709.0}, {"x": 206.0, "y": 709.0}, {"x": 206.0, "y": 738.0}, {"x": 194.0, "y": 738.0}]}, "description": " :"}, {"boundingPoly": {"vertices": [{"x": 279.0, "y": 711.0}, {"x": 352.0, "y": 711.0}, {"x": 352.0, "y": 739.0}, {"x": 280.0, "y": 737.0}]}, "description": "20.40"}, {"boundingPoly": {"vertices": [{"x": 125.0, "y": 776.0}, {"x": 252.0, "y": 776.0}, {"x": 252.0, "y": 805.0}, {"x": 125.0, "y": 805.0}]}, "description": " GRATUITY:"}, {"boundingPoly": {"vertices": [{"x": 122.0, "y": 841.0}, {"x": 186.0, "y": 841.0}, {"x": 186.0, "y": 871.0}, {"x": 122.0, "y": 871.0}]}, "description": " TOTAL"}, {"boundingPoly": {"vertices": [{"x": 191.0, "y": 842.0}, {"x": 205.0, "y": 842.0}, {"x": 205.0, "y": 871.0}, {"x": 191.0, "y": 871.0}]}, "description": " :"}, {"boundingPoly": {"vertices": [{"x": 457.0, "y": 862.0}, {"x": 506.0, "y": 862.0}, {"x": 506.0, "y": 873.0}, {"x": 457.0, "y": 873.0}]}, "description": "------"}, {"boundingPoly": {"vertices": [{"x": 122.0, "y": 908.0}, {"x": 491.0, "y": 905.0}, {"x": 491.0, "y": 936.0}, {"x": 122.0, "y": 939.0}]}, "description": "I agree to pay above total"}, {"boundingPoly": {"vertices": [{"x": 123.0, "y": 940.0}, {"x": 506.0, "y": 939.0}, {"x": 506.0, "y": 968.0}, {"x": 123.0, "y": 970.0}]}, "description": "amount according to my card"}, {"boundingPoly": {"vertices": [{"x": 121.0, "y": 972.0}, {"x": 361.0, "y": 971.0}, {"x": 361.0, "y": 1001.0}, {"x": 121.0, "y": 1002.0}]}, "description": "issuer agreement."}, {"boundingPoly": {"vertices": [{"x": 136.0, "y": 1039.0}, {"x": 137.0, "y": 1070.0}, {"x": 121.0, "y": 1067.0}, {"x": 121.0, "y": 1039.0}]}, "description": "X"}, {"boundingPoly": {"vertices": [{"x": 133.0, "y": 1069.0}, {"x": 266.0, "y": 1069.0}, {"x": 266.0, "y": 1098.0}, {"x": 133.0, "y": 1098.0}]}, "description": "SIGNATURE"}, {"boundingPoly": {"vertices": [{"x": 233.0, "y": 1135.0}, {"x": 421.0, "y": 1133.0}, {"x": 421.0, "y": 1153.0}, {"x": 233.0, "y": 1154.0}]}, "description": "Customer Copy"}]}