{"textAnnotations": [{"boundingPoly": {"vertices": [{"x": 118.0, "y": 136.0}, {"x": 196.0, "y": 137.0}, {"x": 196.0, "y": 149.0}, {"x": 117.0, "y": 147.0}]}, "description": "merchant name"}, {"boundingPoly": {"vertices": [{"x": 124.0, "y": 147.0}, {"x": 187.0, "y": 149.0}, {"x": 186.0, "y": 159.0}, {"x": 123.0, "y": 157.0}]}, "description": "merchant address"}, {"boundingPoly": {"vertices": [{"x": 116.0, "y": 158.0}, {"x": 200.0, "y": 160.0}, {"x": 200.0, "y": 170.0}, {"x": 116.0, "y": 168.0}]}, "description": "merchant address"}, {"boundingPoly": {"vertices": [{"x": 128.0, "y": 168.0}, {"x": 186.0, "y": 170.0}, {"x": 186.0, "y": 181.0}, {"x": 127.0, "y": 180.0}]}, "description": "merchant phone"}, {"boundingPoly": {"vertices": [{"x": 57.0, "y": 188.0}, {"x": 84.0, "y": 188.0}, {"x": 84.0, "y": 198.0}, {"x": 57.0, "y": 198.0}]}, "description": " Server"}, {"boundingPoly": {"vertices": [{"x": 55.0, "y": 197.0}, {"x": 95.0, "y": 197.0}, {"x": 95.0, "y": 207.0}, {"x": 55.0, "y": 207.0}]}, "description": " 08:35 PM"}, {"boundingPoly": {"vertices": [{"x": 54.0, "y": 207.0}, {"x": 80.0, "y": 208.0}, {"x": 80.0, "y": 218.0}, {"x": 54.0, "y": 217.0}]}, "description": "B10/2"}, {"boundingPoly": {"vertices": [{"x": 85.0, "y": 189.0}, {"x": 120.0, "y": 189.0}, {"x": 120.0, "y": 200.0}, {"x": 85.0, "y": 200.0}]}, "description": " : Deona"}, {"boundingPoly": {"vertices": [{"x": 183.0, "y": 193.0}, {"x": 205.0, "y": 193.0}, {"x": 205.0, "y": 202.0}, {"x": 183.0, "y": 202.0}]}, "description": " DOB:"}, {"boundingPoly": {"vertices": [{"x": 206.0, "y": 193.0}, {"x": 255.0, "y": 193.0}, {"x": 255.0, "y": 202.0}, {"x": 206.0, "y": 202.0}]}, "description": " 12/05/2019"}, {"boundingPoly": {"vertices": [{"x": 207.0, "y": 202.0}, {"x": 254.0, "y": 202.0}, {"x": 254.0, "y": 210.0}, {"x": 207.0, "y": 209.0}]}, "description": "12/05/2019"}, {"boundingPoly": {"vertices": [{"x": 219.0, "y": 210.0}, {"x": 254.0, "y": 210.0}, {"x": 254.0, "y": 218.0}, {"x": 219.0, "y": 219.0}]}, "description": "1/10034"}, {"boundingPoly": {"vertices": [{"x": 330.0, "y": 183.0}, {"x": 405.0, "y": 185.0}, {"x": 405.0, "y": 196.0}, {"x": 330.0, "y": 193.0}]}, "description": "merchant name"}, {"boundingPoly": {"vertices": [{"x": 338.0, "y": 194.0}, {"x": 398.0, "y": 195.0}, {"x": 398.0, "y": 206.0}, {"x": 338.0, "y": 204.0}]}, "description": "merchant address"}, {"boundingPoly": {"vertices": [{"x": 331.0, "y": 206.0}, {"x": 411.0, "y": 206.0}, {"x": 411.0, "y": 217.0}, {"x": 331.0, "y": 216.0}]}, "description": "merchant address"}, {"boundingPoly": {"vertices": [{"x": 344.0, "y": 217.0}, {"x": 400.0, "y": 217.0}, {"x": 400.0, "y": 228.0}, {"x": 344.0, "y": 228.0}]}, "description": "merchant phone"}, {"boundingPoly": {"vertices": [{"x": 143.0, "y": 227.0}, {"x": 163.0, "y": 228.0}, {"x": 163.0, "y": 239.0}, {"x": 142.0, "y": 237.0}]}, "description": "SALE"}, {"boundingPoly": {"vertices": [{"x": 422.0, "y": 239.0}, {"x": 462.0, "y": 241.0}, {"x": 462.0, "y": 252.0}, {"x": 422.0, "y": 250.0}]}, "description": "12/05/2019"}, {"boundingPoly": {"vertices": [{"x": 435.0, "y": 251.0}, {"x": 464.0, "y": 251.0}, {"x": 464.0, "y": 262.0}, {"x": 435.0, "y": 262.0}]}, "description": " 8:31 PM"}, {"boundingPoly": {"vertices": [{"x": 445.0, "y": 263.0}, {"x": 465.0, "y": 263.0}, {"x": 465.0, "y": 272.0}, {"x": 445.0, "y": 272.0}]}, "description": "10004"}, {"boundingPoly": {"vertices": [{"x": 50.0, "y": 253.0}, {"x": 73.0, "y": 254.0}, {"x": 72.0, "y": 263.0}, {"x": 50.0, "y": 262.0}]}, "description": "Amex"}, {"boundingPoly": {"vertices": [{"x": 49.0, "y": 264.0}, {"x": 152.0, "y": 263.0}, {"x": 152.0, "y": 273.0}, {"x": 50.0, "y": 274.0}]}, "description": "Card #XXXXXXXXXXX1001"}, {"boundingPoly": {"vertices": [{"x": 48.0, "y": 275.0}, {"x": 149.0, "y": 275.0}, {"x": 149.0, "y": 287.0}, {"x": 48.0, "y": 287.0}]}, "description": " Magnetic card present"}, {"boundingPoly": {"vertices": [{"x": 49.0, "y": 287.0}, {"x": 142.0, "y": 287.0}, {"x": 142.0, "y": 298.0}, {"x": 49.0, "y": 298.0}]}, "description": " Card Entry Method:"}, {"boundingPoly": {"vertices": [{"x": 221.0, "y": 250.0}, {"x": 254.0, "y": 250.0}, {"x": 254.0, "y": 260.0}, {"x": 221.0, "y": 260.0}]}, "description": "1048589"}, {"boundingPoly": {"vertices": [{"x": 276.0, "y": 242.0}, {"x": 312.0, "y": 242.0}, {"x": 312.0, "y": 253.0}, {"x": 276.0, "y": 253.0}]}, "description": " Server:"}, {"boundingPoly": {"vertices": [{"x": 277.0, "y": 252.0}, {"x": 302.0, "y": 252.0}, {"x": 302.0, "y": 263.0}, {"x": 277.0, "y": 263.0}]}, "description": "B10/2"}, {"boundingPoly": {"vertices": [{"x": 277.0, "y": 266.0}, {"x": 314.0, "y": 266.0}, {"x": 314.0, "y": 276.0}, {"x": 277.0, "y": 276.0}]}, "description": " Guests:"}, {"boundingPoly": {"vertices": [{"x": 313.0, "y": 241.0}, {"x": 339.0, "y": 241.0}, {"x": 339.0, "y": 252.0}, {"x": 313.0, "y": 252.0}]}, "description": " Deona"}, {"boundingPoly": {"vertices": [{"x": 151.0, "y": 275.0}, {"x": 156.0, "y": 275.0}, {"x": 156.0, "y": 286.0}, {"x": 151.0, "y": 286.0}]}, "description": " :"}, {"boundingPoly": {"vertices": [{"x": 145.0, "y": 287.0}, {"x": 152.0, "y": 287.0}, {"x": 152.0, "y": 298.0}, {"x": 145.0, "y": 298.0}]}, "description": " S"}, {"boundingPoly": {"vertices": [{"x": 315.0, "y": 266.0}, {"x": 320.0, "y": 266.0}, {"x": 320.0, "y": 276.0}, {"x": 315.0, "y": 276.0}]}, "description": " 1"}, {"boundingPoly": {"vertices": [{"x": 276.0, "y": 288.0}, {"x": 320.0, "y": 288.0}, {"x": 320.0, "y": 298.0}, {"x": 276.0, "y": 299.0}]}, "description": "Hendricks"}, {"boundingPoly": {"vertices": [{"x": 276.0, "y": 298.0}, {"x": 311.0, "y": 298.0}, {"x": 311.0, "y": 309.0}, {"x": 276.0, "y": 309.0}]}, "description": "2 Balls"}, {"boundingPoly": {"vertices": [{"x": 448.0, "y": 284.0}, {"x": 469.0, "y": 284.0}, {"x": 469.0, "y": 295.0}, {"x": 448.0, "y": 295.0}]}, "description": "11.00"}, {"boundingPoly": {"vertices": [{"x": 451.0, "y": 295.0}, {"x": 469.0, "y": 296.0}, {"x": 469.0, "y": 305.0}, {"x": 450.0, "y": 305.0}]}, "description": "7.00"}, {"boundingPoly": {"vertices": [{"x": 47.0, "y": 310.0}, {"x": 93.0, "y": 310.0}, {"x": 93.0, "y": 323.0}, {"x": 47.0, "y": 323.0}]}, "description": " Approval:"}, {"boundingPoly": {"vertices": [{"x": 95.0, "y": 310.0}, {"x": 127.0, "y": 310.0}, {"x": 127.0, "y": 322.0}, {"x": 95.0, "y": 322.0}]}, "description": " 664496"}, {"boundingPoly": {"vertices": [{"x": 277.0, "y": 319.0}, {"x": 358.0, "y": 319.0}, {"x": 358.0, "y": 330.0}, {"x": 277.0, "y": 330.0}]}, "description": "Complete Subtotal"}, {"boundingPoly": {"vertices": [{"x": 448.0, "y": 319.0}, {"x": 470.0, "y": 319.0}, {"x": 470.0, "y": 329.0}, {"x": 448.0, "y": 329.0}]}, "description": "18.00"}, {"boundingPoly": {"vertices": [{"x": 146.0, "y": 334.0}, {"x": 174.0, "y": 334.0}, {"x": 174.0, "y": 344.0}, {"x": 146.0, "y": 344.0}]}, "description": " Amount"}, {"boundingPoly": {"vertices": [{"x": 176.0, "y": 334.0}, {"x": 181.0, "y": 334.0}, {"x": 181.0, "y": 344.0}, {"x": 176.0, "y": 344.0}]}, "description": " :"}, {"boundingPoly": {"vertices": [{"x": 224.0, "y": 332.0}, {"x": 253.0, "y": 332.0}, {"x": 254.0, "y": 342.0}, {"x": 224.0, "y": 343.0}]}, "description": "$19.60"}, {"boundingPoly": {"vertices": [{"x": 227.0, "y": 353.0}, {"x": 253.0, "y": 347.0}, {"x": 255.0, "y": 358.0}, {"x": 228.0, "y": 365.0}]}, "description": "2.10"}, {"boundingPoly": {"vertices": [{"x": 216.0, "y": 374.0}, {"x": 254.0, "y": 366.0}, {"x": 256.0, "y": 378.0}, {"x": 218.0, "y": 387.0}]}, "description": "21.70"}, {"boundingPoly": {"vertices": [{"x": 278.0, "y": 341.0}, {"x": 317.0, "y": 341.0}, {"x": 317.0, "y": 353.0}, {"x": 278.0, "y": 352.0}]}, "description": "Subtotal"}, {"boundingPoly": {"vertices": [{"x": 280.0, "y": 354.0}, {"x": 295.0, "y": 355.0}, {"x": 294.0, "y": 365.0}, {"x": 279.0, "y": 364.0}]}, "description": "Tax"}, {"boundingPoly": {"vertices": [{"x": 449.0, "y": 342.0}, {"x": 471.0, "y": 342.0}, {"x": 470.0, "y": 352.0}, {"x": 449.0, "y": 352.0}]}, "description": "18.00"}, {"boundingPoly": {"vertices": [{"x": 450.0, "y": 354.0}, {"x": 470.0, "y": 354.0}, {"x": 470.0, "y": 363.0}, {"x": 451.0, "y": 364.0}]}, "description": "1.60"}, {"boundingPoly": {"vertices": [{"x": 152.0, "y": 357.0}, {"x": 183.0, "y": 357.0}, {"x": 183.0, "y": 368.0}, {"x": 152.0, "y": 368.0}]}, "description": " + Tip:"}, {"boundingPoly": {"vertices": [{"x": 142.0, "y": 380.0}, {"x": 182.0, "y": 380.0}, {"x": 182.0, "y": 392.0}, {"x": 142.0, "y": 392.0}]}, "description": " = Total:"}, {"boundingPoly": {"vertices": [{"x": 279.0, "y": 379.0}, {"x": 303.0, "y": 379.0}, {"x": 303.0, "y": 390.0}, {"x": 279.0, "y": 390.0}]}, "description": "Total"}, {"boundingPoly": {"vertices": [{"x": 449.0, "y": 376.0}, {"x": 471.0, "y": 377.0}, {"x": 471.0, "y": 387.0}, {"x": 449.0, "y": 386.0}]}, "description": "19.60"}, {"boundingPoly": {"vertices": [{"x": 280.0, "y": 402.0}, {"x": 384.0, "y": 401.0}, {"x": 384.0, "y": 413.0}, {"x": 280.0, "y": 414.0}]}, "description": "Balance Due"}, {"boundingPoly": {"vertices": [{"x": 429.0, "y": 400.0}, {"x": 473.0, "y": 399.0}, {"x": 473.0, "y": 410.0}, {"x": 429.0, "y": 411.0}]}, "description": "19.60"}, {"boundingPoly": {"vertices": [{"x": 90.0, "y": 419.0}, {"x": 213.0, "y": 415.0}, {"x": 213.0, "y": 427.0}, {"x": 90.0, "y": 431.0}]}, "description": "I agree to pay the above"}, {"boundingPoly": {"vertices": [{"x": 93.0, "y": 443.0}, {"x": 208.0, "y": 440.0}, {"x": 208.0, "y": 453.0}, {"x": 94.0, "y": 456.0}]}, "description": "card issuer agreement."}, {"boundingPoly": {"vertices": [{"x": 75.0, "y": 431.0}, {"x": 222.0, "y": 426.0}, {"x": 222.0, "y": 438.0}, {"x": 76.0, "y": 443.0}]}, "description": "total amount according to the"}, {"boundingPoly": {"vertices": [{"x": 343.0, "y": 425.0}, {"x": 411.0, "y": 425.0}, {"x": 411.0, "y": 438.0}, {"x": 343.0, "y": 438.0}]}, "description": " Suggested Tips:"}, {"boundingPoly": {"vertices": [{"x": 359.0, "y": 437.0}, {"x": 381.0, "y": 437.0}, {"x": 381.0, "y": 449.0}, {"x": 359.0, "y": 449.0}]}, "description": " 18%:"}, {"boundingPoly": {"vertices": [{"x": 359.0, "y": 449.0}, {"x": 384.0, "y": 449.0}, {"x": 384.0, "y": 461.0}, {"x": 359.0, "y": 461.0}]}, "description": " 20%:"}, {"boundingPoly": {"vertices": [{"x": 359.0, "y": 461.0}, {"x": 384.0, "y": 461.0}, {"x": 384.0, "y": 473.0}, {"x": 359.0, "y": 473.0}]}, "description": " 22%:"}, {"boundingPoly": {"vertices": [{"x": 360.0, "y": 473.0}, {"x": 406.0, "y": 472.0}, {"x": 406.0, "y": 484.0}, {"x": 360.0, "y": 485.0}]}, "description": "Thank You!"}, {"boundingPoly": {"vertices": [{"x": 383.0, "y": 435.0}, {"x": 406.0, "y": 435.0}, {"x": 406.0, "y": 448.0}, {"x": 383.0, "y": 448.0}]}, "description": " 3.24"}, {"boundingPoly": {"vertices": [{"x": 385.0, "y": 449.0}, {"x": 407.0, "y": 449.0}, {"x": 407.0, "y": 461.0}, {"x": 385.0, "y": 461.0}]}, "description": " 3.60"}, {"boundingPoly": {"vertices": [{"x": 387.0, "y": 460.0}, {"x": 407.0, "y": 460.0}, {"x": 407.0, "y": 473.0}, {"x": 387.0, "y": 473.0}]}, "description": " 3.96"}, {"boundingPoly": {"vertices": [{"x": 109.0, "y": 493.0}, {"x": 187.0, "y": 493.0}, {"x": 187.0, "y": 507.0}, {"x": 109.0, "y": 507.0}]}, "description": " Suggested Tips:"}, {"boundingPoly": {"vertices": [{"x": 154.0, "y": 505.0}, {"x": 178.0, "y": 505.0}, {"x": 178.0, "y": 518.0}, {"x": 154.0, "y": 518.0}]}, "description": " 3.24"}, {"boundingPoly": {"vertices": [{"x": 155.0, "y": 519.0}, {"x": 178.0, "y": 519.0}, {"x": 178.0, "y": 531.0}, {"x": 155.0, "y": 531.0}]}, "description": " 3.60"}, {"boundingPoly": {"vertices": [{"x": 155.0, "y": 532.0}, {"x": 178.0, "y": 532.0}, {"x": 178.0, "y": 545.0}, {"x": 155.0, "y": 545.0}]}, "description": " 3.96"}, {"boundingPoly": {"vertices": [{"x": 125.0, "y": 546.0}, {"x": 178.0, "y": 545.0}, {"x": 178.0, "y": 557.0}, {"x": 125.0, "y": 559.0}]}, "description": "Thank You!"}, {"boundingPoly": {"vertices": [{"x": 126.0, "y": 506.0}, {"x": 151.0, "y": 506.0}, {"x": 151.0, "y": 519.0}, {"x": 126.0, "y": 519.0}]}, "description": " 18%:"}, {"boundingPoly": {"vertices": [{"x": 126.0, "y": 520.0}, {"x": 151.0, "y": 520.0}, {"x": 151.0, "y": 532.0}, {"x": 126.0, "y": 532.0}]}, "description": " 20%:"}, {"boundingPoly": {"vertices": [{"x": 125.0, "y": 533.0}, {"x": 151.0, "y": 533.0}, {"x": 151.0, "y": 545.0}, {"x": 125.0, "y": 545.0}]}, "description": " 22%:"}, {"boundingPoly": {"vertices": [{"x": 103.0, "y": 587.0}, {"x": 194.0, "y": 584.0}, {"x": 194.0, "y": 597.0}, {"x": 103.0, "y": 600.0}]}, "description": ">>Customer Copy<<"}]}