{"textAnnotations": [{"boundingPoly": {"vertices": [{"x": 231.0, "y": 147.0}, {"x": 434.0, "y": 143.0}, {"x": 435.0, "y": 159.0}, {"x": 231.0, "y": 164.0}]}, "description": "merchant name"}, {"boundingPoly": {"vertices": [{"x": 279.0, "y": 163.0}, {"x": 356.0, "y": 163.0}, {"x": 356.0, "y": 181.0}, {"x": 279.0, "y": 181.0}]}, "description": "merchant address"}, {"boundingPoly": {"vertices": [{"x": 296.0, "y": 181.0}, {"x": 349.0, "y": 181.0}, {"x": 349.0, "y": 197.0}, {"x": 296.0, "y": 197.0}]}, "description": "401.1"}, {"boundingPoly": {"vertices": [{"x": 294.0, "y": 198.0}, {"x": 382.0, "y": 199.0}, {"x": 382.0, "y": 216.0}, {"x": 294.0, "y": 216.0}]}, "description": "43/ADRIAN"}, {"boundingPoly": {"vertices": [{"x": 296.0, "y": 218.0}, {"x": 333.0, "y": 219.0}, {"x": 332.0, "y": 235.0}, {"x": 295.0, "y": 234.0}]}, "description": "4701"}, {"boundingPoly": {"vertices": [{"x": 273.0, "y": 238.0}, {"x": 345.0, "y": 238.0}, {"x": 345.0, "y": 257.0}, {"x": 273.0, "y": 257.0}]}, "description": "merchant name"}, {"boundingPoly": {"vertices": [{"x": 239.0, "y": 257.0}, {"x": 427.0, "y": 255.0}, {"x": 427.0, "y": 273.0}, {"x": 239.0, "y": 275.0}]}, "description": "merchant address"}, {"boundingPoly": {"vertices": [{"x": 356.0, "y": 274.0}, {"x": 407.0, "y": 274.0}, {"x": 407.0, "y": 294.0}, {"x": 356.0, "y": 294.0}]}, "description": "merchant address"}, {"boundingPoly": {"vertices": [{"x": 263.0, "y": 297.0}, {"x": 397.0, "y": 295.0}, {"x": 398.0, "y": 314.0}, {"x": 263.0, "y": 316.0}]}, "description": "merchant phone"}, {"boundingPoly": {"vertices": [{"x": 359.0, "y": 163.0}, {"x": 380.0, "y": 163.0}, {"x": 380.0, "y": 181.0}, {"x": 359.0, "y": 181.0}]}, "description": "merchant address"}, {"boundingPoly": {"vertices": [{"x": 188.0, "y": 184.0}, {"x": 247.0, "y": 184.0}, {"x": 247.0, "y": 201.0}, {"x": 188.0, "y": 201.0}]}, "description": "TABLE#"}, {"boundingPoly": {"vertices": [{"x": 186.0, "y": 204.0}, {"x": 244.0, "y": 203.0}, {"x": 244.0, "y": 219.0}, {"x": 186.0, "y": 220.0}]}, "description": "SERVER"}, {"boundingPoly": {"vertices": [{"x": 185.0, "y": 224.0}, {"x": 239.0, "y": 221.0}, {"x": 240.0, "y": 237.0}, {"x": 185.0, "y": 240.0}]}, "description": "CHECK#"}, {"boundingPoly": {"vertices": [{"x": 240.0, "y": 239.0}, {"x": 270.0, "y": 239.0}, {"x": 270.0, "y": 257.0}, {"x": 240.0, "y": 257.0}]}, "description": "merchant name"}, {"boundingPoly": {"vertices": [{"x": 348.0, "y": 237.0}, {"x": 366.0, "y": 237.0}, {"x": 366.0, "y": 256.0}, {"x": 348.0, "y": 256.0}]}, "description": "merchant name"}, {"boundingPoly": {"vertices": [{"x": 376.0, "y": 236.0}, {"x": 424.0, "y": 236.0}, {"x": 424.0, "y": 256.0}, {"x": 376.0, "y": 256.0}]}, "description": "merchant name"}, {"boundingPoly": {"vertices": [{"x": 254.0, "y": 275.0}, {"x": 353.0, "y": 275.0}, {"x": 353.0, "y": 297.0}, {"x": 254.0, "y": 297.0}]}, "description": "merchant address"}, {"boundingPoly": {"vertices": [{"x": 171.0, "y": 339.0}, {"x": 484.0, "y": 336.0}, {"x": 484.0, "y": 353.0}, {"x": 172.0, "y": 358.0}]}, "description": "****** TRANSACTION RECORD ******"}, {"boundingPoly": {"vertices": [{"x": 336.0, "y": 357.0}, {"x": 390.0, "y": 357.0}, {"x": 390.0, "y": 378.0}, {"x": 336.0, "y": 378.0}]}, "description": " Table"}, {"boundingPoly": {"vertices": [{"x": 335.0, "y": 378.0}, {"x": 419.0, "y": 378.0}, {"x": 419.0, "y": 400.0}, {"x": 335.0, "y": 400.0}]}, "description": " Employee"}, {"boundingPoly": {"vertices": [{"x": 173.0, "y": 361.0}, {"x": 226.0, "y": 361.0}, {"x": 226.0, "y": 381.0}, {"x": 173.0, "y": 381.0}]}, "description": " Tran."}, {"boundingPoly": {"vertices": [{"x": 171.0, "y": 382.0}, {"x": 225.0, "y": 382.0}, {"x": 225.0, "y": 402.0}, {"x": 171.0, "y": 402.0}]}, "description": " Check"}, {"boundingPoly": {"vertices": [{"x": 170.0, "y": 404.0}, {"x": 223.0, "y": 404.0}, {"x": 223.0, "y": 424.0}, {"x": 170.0, "y": 424.0}]}, "description": " Trace"}, {"boundingPoly": {"vertices": [{"x": 229.0, "y": 359.0}, {"x": 300.0, "y": 359.0}, {"x": 300.0, "y": 380.0}, {"x": 229.0, "y": 380.0}]}, "description": " : 18824"}, {"boundingPoly": {"vertices": [{"x": 228.0, "y": 381.0}, {"x": 288.0, "y": 381.0}, {"x": 288.0, "y": 401.0}, {"x": 228.0, "y": 401.0}]}, "description": " : 4701"}, {"boundingPoly": {"vertices": [{"x": 226.0, "y": 402.0}, {"x": 309.0, "y": 402.0}, {"x": 309.0, "y": 424.0}, {"x": 226.0, "y": 424.0}]}, "description": " : 036985"}, {"boundingPoly": {"vertices": [{"x": 394.0, "y": 355.0}, {"x": 464.0, "y": 355.0}, {"x": 464.0, "y": 377.0}, {"x": 394.0, "y": 377.0}]}, "description": " : 401.1"}, {"boundingPoly": {"vertices": [{"x": 423.0, "y": 376.0}, {"x": 467.0, "y": 376.0}, {"x": 467.0, "y": 399.0}, {"x": 423.0, "y": 399.0}]}, "description": " : 43"}, {"boundingPoly": {"vertices": [{"x": 163.0, "y": 448.0}, {"x": 336.0, "y": 447.0}, {"x": 336.0, "y": 468.0}, {"x": 163.0, "y": 470.0}]}, "description": "Pre-Auth Purchase"}, {"boundingPoly": {"vertices": [{"x": 161.0, "y": 472.0}, {"x": 485.0, "y": 468.0}, {"x": 485.0, "y": 488.0}, {"x": 161.0, "y": 493.0}]}, "description": "American Express xxxxxxxxxxx3007"}, {"boundingPoly": {"vertices": [{"x": 424.0, "y": 491.0}, {"x": 486.0, "y": 492.0}, {"x": 485.0, "y": 511.0}, {"x": 424.0, "y": 512.0}]}, "description": "FSwipe"}, {"boundingPoly": {"vertices": [{"x": 159.0, "y": 495.0}, {"x": 244.0, "y": 494.0}, {"x": 244.0, "y": 514.0}, {"x": 159.0, "y": 515.0}]}, "description": "APPROVED"}, {"boundingPoly": {"vertices": [{"x": 239.0, "y": 542.0}, {"x": 302.0, "y": 541.0}, {"x": 302.0, "y": 560.0}, {"x": 239.0, "y": 561.0}]}, "description": "Amount"}, {"boundingPoly": {"vertices": [{"x": 422.0, "y": 538.0}, {"x": 487.0, "y": 537.0}, {"x": 487.0, "y": 558.0}, {"x": 423.0, "y": 561.0}]}, "description": "$18.93"}, {"boundingPoly": {"vertices": [{"x": 268.0, "y": 611.0}, {"x": 324.0, "y": 612.0}, {"x": 323.0, "y": 636.0}, {"x": 267.0, "y": 635.0}]}, "description": "Tip $"}, {"boundingPoly": {"vertices": [{"x": 428.0, "y": 599.0}, {"x": 478.0, "y": 597.0}, {"x": 478.0, "y": 625.0}, {"x": 428.0, "y": 627.0}]}, "description": "4 -"}, {"boundingPoly": {"vertices": [{"x": 240.0, "y": 688.0}, {"x": 318.0, "y": 688.0}, {"x": 318.0, "y": 711.0}, {"x": 240.0, "y": 712.0}]}, "description": "TOTAL $"}, {"boundingPoly": {"vertices": [{"x": 377.0, "y": 679.0}, {"x": 483.0, "y": 664.0}, {"x": 489.0, "y": 696.0}, {"x": 383.0, "y": 714.0}]}, "description": "22.93"}, {"boundingPoly": {"vertices": [{"x": 145.0, "y": 742.0}, {"x": 478.0, "y": 738.0}, {"x": 478.0, "y": 764.0}, {"x": 145.0, "y": 768.0}]}, "description": "I agree to pay the above total"}, {"boundingPoly": {"vertices": [{"x": 152.0, "y": 772.0}, {"x": 472.0, "y": 768.0}, {"x": 473.0, "y": 792.0}, {"x": 152.0, "y": 795.0}]}, "description": "amount according to the card"}, {"boundingPoly": {"vertices": [{"x": 118.0, "y": 885.0}, {"x": 138.0, "y": 886.0}, {"x": 137.0, "y": 908.0}, {"x": 118.0, "y": 907.0}]}, "description": "X"}, {"boundingPoly": {"vertices": [{"x": 187.0, "y": 913.0}, {"x": 427.0, "y": 913.0}, {"x": 427.0, "y": 940.0}, {"x": 187.0, "y": 940.0}]}, "description": "Cardholder Signature"}, {"boundingPoly": {"vertices": [{"x": 111.0, "y": 975.0}, {"x": 163.0, "y": 975.0}, {"x": 163.0, "y": 1003.0}, {"x": 111.0, "y": 1003.0}]}, "description": " RRN:"}, {"boundingPoly": {"vertices": [{"x": 108.0, "y": 1007.0}, {"x": 178.0, "y": 1007.0}, {"x": 178.0, "y": 1035.0}, {"x": 108.0, "y": 1035.0}]}, "description": " Auth."}, {"boundingPoly": {"vertices": [{"x": 104.0, "y": 1039.0}, {"x": 296.0, "y": 1038.0}, {"x": 296.0, "y": 1066.0}, {"x": 104.0, "y": 1068.0}]}, "description": "21/TGIF2647CC04"}, {"boundingPoly": {"vertices": [{"x": 103.0, "y": 1072.0}, {"x": 206.0, "y": 1071.0}, {"x": 206.0, "y": 1101.0}, {"x": 103.0, "y": 1102.0}]}, "description": "00 (001)"}, {"boundingPoly": {"vertices": [{"x": 103.0, "y": 1106.0}, {"x": 230.0, "y": 1105.0}, {"x": 230.0, "y": 1135.0}, {"x": 103.0, "y": 1136.0}]}, "description": "11/05/2019"}, {"boundingPoly": {"vertices": [{"x": 169.0, "y": 974.0}, {"x": 344.0, "y": 974.0}, {"x": 344.0, "y": 1002.0}, {"x": 169.0, "y": 1002.0}]}, "description": " 000000019534 S"}, {"boundingPoly": {"vertices": [{"x": 183.0, "y": 1006.0}, {"x": 280.0, "y": 1006.0}, {"x": 280.0, "y": 1035.0}, {"x": 183.0, "y": 1035.0}]}, "description": " : 541877"}, {"boundingPoly": {"vertices": [{"x": 312.0, "y": 1006.0}, {"x": 382.0, "y": 1006.0}, {"x": 382.0, "y": 1033.0}, {"x": 312.0, "y": 1033.0}]}, "description": " Mode:"}, {"boundingPoly": {"vertices": [{"x": 386.0, "y": 1006.0}, {"x": 462.0, "y": 1006.0}, {"x": 462.0, "y": 1034.0}, {"x": 386.0, "y": 1034.0}]}, "description": " Issuer"}, {"boundingPoly": {"vertices": [{"x": 378.0, "y": 1098.0}, {"x": 504.0, "y": 1098.0}, {"x": 504.0, "y": 1139.0}, {"x": 378.0, "y": 1139.0}]}, "description": " 7:17:55 PM"}]}