{"textAnnotations": [{"boundingPoly": {"vertices": [{"x": 146.0, "y": 73.0}, {"x": 304.0, "y": 74.0}, {"x": 304.0, "y": 90.0}, {"x": 146.0, "y": 88.0}]}, "description": "merchant name"}, {"boundingPoly": {"vertices": [{"x": 171.0, "y": 89.0}, {"x": 278.0, "y": 90.0}, {"x": 278.0, "y": 104.0}, {"x": 171.0, "y": 103.0}]}, "description": "merchant address"}, {"boundingPoly": {"vertices": [{"x": 163.0, "y": 105.0}, {"x": 286.0, "y": 105.0}, {"x": 286.0, "y": 119.0}, {"x": 163.0, "y": 119.0}]}, "description": "merchant address"}, {"boundingPoly": {"vertices": [{"x": 183.0, "y": 119.0}, {"x": 266.0, "y": 119.0}, {"x": 266.0, "y": 133.0}, {"x": 183.0, "y": 133.0}]}, "description": "merchant phone"}, {"boundingPoly": {"vertices": [{"x": 88.0, "y": 149.0}, {"x": 164.0, "y": 147.0}, {"x": 165.0, "y": 162.0}, {"x": 88.0, "y": 163.0}]}, "description": "Cntr 789"}, {"boundingPoly": {"vertices": [{"x": 153.0, "y": 163.0}, {"x": 237.0, "y": 163.0}, {"x": 237.0, "y": 178.0}, {"x": 153.0, "y": 178.0}]}, "description": "merchant name"}, {"boundingPoly": {"vertices": [{"x": 191.0, "y": 148.0}, {"x": 290.0, "y": 148.0}, {"x": 290.0, "y": 163.0}, {"x": 191.0, "y": 163.0}]}, "description": " 12/06/19-A 11"}, {"boundingPoly": {"vertices": [{"x": 252.0, "y": 162.0}, {"x": 359.0, "y": 161.0}, {"x": 359.0, "y": 174.0}, {"x": 252.0, "y": 175.0}]}, "description": "Table (STANDEE)"}, {"boundingPoly": {"vertices": [{"x": 292.0, "y": 148.0}, {"x": 357.0, "y": 148.0}, {"x": 357.0, "y": 162.0}, {"x": 292.0, "y": 162.0}]}, "description": " :30am"}, {"boundingPoly": {"vertices": [{"x": 88.0, "y": 164.0}, {"x": 132.0, "y": 164.0}, {"x": 132.0, "y": 178.0}, {"x": 88.0, "y": 178.0}]}, "description": " Guests"}, {"boundingPoly": {"vertices": [{"x": 138.0, "y": 164.0}, {"x": 150.0, "y": 164.0}, {"x": 150.0, "y": 178.0}, {"x": 138.0, "y": 178.0}]}, "description": " 1"}, {"boundingPoly": {"vertices": [{"x": 87.0, "y": 195.0}, {"x": 188.0, "y": 192.0}, {"x": 189.0, "y": 207.0}, {"x": 87.0, "y": 210.0}]}, "description": "1 .. VEGGIE OMLET"}, {"boundingPoly": {"vertices": [{"x": 106.0, "y": 210.0}, {"x": 167.0, "y": 210.0}, {"x": 167.0, "y": 225.0}, {"x": 106.0, "y": 225.0}]}, "description": "W/ Cheese"}, {"boundingPoly": {"vertices": [{"x": 106.0, "y": 228.0}, {"x": 169.0, "y": 228.0}, {"x": 169.0, "y": 244.0}, {"x": 106.0, "y": 244.0}]}, "description": " Tropicana"}, {"boundingPoly": {"vertices": [{"x": 105.0, "y": 244.0}, {"x": 162.0, "y": 244.0}, {"x": 162.0, "y": 259.0}, {"x": 105.0, "y": 259.0}]}, "description": " Sm Latte"}, {"boundingPoly": {"vertices": [{"x": 92.0, "y": 260.0}, {"x": 189.0, "y": 260.0}, {"x": 189.0, "y": 276.0}, {"x": 92.0, "y": 276.0}]}, "description": " .. Special Item"}, {"boundingPoly": {"vertices": [{"x": 331.0, "y": 190.0}, {"x": 362.0, "y": 189.0}, {"x": 361.0, "y": 204.0}, {"x": 331.0, "y": 205.0}]}, "description": "8.75"}, {"boundingPoly": {"vertices": [{"x": 337.0, "y": 209.0}, {"x": 359.0, "y": 208.0}, {"x": 358.0, "y": 222.0}, {"x": 337.0, "y": 223.0}]}, "description": ".50"}, {"boundingPoly": {"vertices": [{"x": 329.0, "y": 225.0}, {"x": 361.0, "y": 224.0}, {"x": 361.0, "y": 239.0}, {"x": 329.0, "y": 239.0}]}, "description": "3.00"}, {"boundingPoly": {"vertices": [{"x": 328.0, "y": 242.0}, {"x": 359.0, "y": 241.0}, {"x": 359.0, "y": 256.0}, {"x": 329.0, "y": 256.0}]}, "description": "3.30"}, {"boundingPoly": {"vertices": [{"x": 331.0, "y": 259.0}, {"x": 359.0, "y": 259.0}, {"x": 359.0, "y": 273.0}, {"x": 331.0, "y": 272.0}]}, "description": "1.20"}, {"boundingPoly": {"vertices": [{"x": 88.0, "y": 228.0}, {"x": 103.0, "y": 228.0}, {"x": 103.0, "y": 244.0}, {"x": 88.0, "y": 244.0}]}, "description": " 1 .."}, {"boundingPoly": {"vertices": [{"x": 88.0, "y": 245.0}, {"x": 90.0, "y": 245.0}, {"x": 90.0, "y": 259.0}, {"x": 88.0, "y": 259.0}]}, "description": " 1"}, {"boundingPoly": {"vertices": [{"x": 88.0, "y": 261.0}, {"x": 89.0, "y": 261.0}, {"x": 89.0, "y": 276.0}, {"x": 88.0, "y": 276.0}]}, "description": " 1"}, {"boundingPoly": {"vertices": [{"x": 93.0, "y": 245.0}, {"x": 102.0, "y": 245.0}, {"x": 102.0, "y": 259.0}, {"x": 93.0, "y": 259.0}]}, "description": " .."}, {"boundingPoly": {"vertices": [{"x": 213.0, "y": 293.0}, {"x": 249.0, "y": 294.0}, {"x": 249.0, "y": 308.0}, {"x": 213.0, "y": 307.0}]}, "description": "Items"}, {"boundingPoly": {"vertices": [{"x": 152.0, "y": 309.0}, {"x": 248.0, "y": 309.0}, {"x": 248.0, "y": 325.0}, {"x": 152.0, "y": 325.0}]}, "description": "Tax (on 13.75)"}, {"boundingPoly": {"vertices": [{"x": 137.0, "y": 327.0}, {"x": 246.0, "y": 327.0}, {"x": 246.0, "y": 341.0}, {"x": 137.0, "y": 341.0}]}, "description": "Subtotal"}, {"boundingPoly": {"vertices": [{"x": 323.0, "y": 293.0}, {"x": 358.0, "y": 292.0}, {"x": 359.0, "y": 307.0}, {"x": 324.0, "y": 307.0}]}, "description": "16.75"}, {"boundingPoly": {"vertices": [{"x": 329.0, "y": 309.0}, {"x": 359.0, "y": 309.0}, {"x": 358.0, "y": 324.0}, {"x": 329.0, "y": 323.0}]}, "description": "1.22"}, {"boundingPoly": {"vertices": [{"x": 291.0, "y": 325.0}, {"x": 356.0, "y": 325.0}, {"x": 356.0, "y": 341.0}, {"x": 291.0, "y": 341.0}]}, "description": "17.97"}, {"boundingPoly": {"vertices": [{"x": 227.0, "y": 375.0}, {"x": 251.0, "y": 375.0}, {"x": 250.0, "y": 390.0}, {"x": 227.0, "y": 390.0}]}, "description": "Tip"}, {"boundingPoly": {"vertices": [{"x": 291.0, "y": 368.0}, {"x": 346.0, "y": 365.0}, {"x": 347.0, "y": 382.0}, {"x": 292.0, "y": 386.0}]}, "description": "2.000"}, {"boundingPoly": {"vertices": [{"x": 213.0, "y": 425.0}, {"x": 250.0, "y": 424.0}, {"x": 251.0, "y": 440.0}, {"x": 213.0, "y": 440.0}]}, "description": "TOTAL"}, {"boundingPoly": {"vertices": [{"x": 274.0, "y": 414.0}, {"x": 337.0, "y": 411.0}, {"x": 338.0, "y": 433.0}, {"x": 276.0, "y": 437.0}]}, "description": "19.97"}, {"boundingPoly": {"vertices": [{"x": 81.0, "y": 461.0}, {"x": 257.0, "y": 460.0}, {"x": 257.0, "y": 476.0}, {"x": 81.0, "y": 477.0}]}, "description": "01.38510770 AMEX*1001 Chp"}, {"boundingPoly": {"vertices": [{"x": 96.0, "y": 478.0}, {"x": 258.0, "y": 478.0}, {"x": 258.0, "y": 495.0}, {"x": 96.0, "y": 495.0}]}, "description": " 12-06-2019 11:30:13 NOS"}, {"boundingPoly": {"vertices": [{"x": 249.0, "y": 495.0}, {"x": 362.0, "y": 494.0}, {"x": 362.0, "y": 508.0}, {"x": 249.0, "y": 509.0}]}, "description": "A000000025010801"}, {"boundingPoly": {"vertices": [{"x": 213.0, "y": 511.0}, {"x": 362.0, "y": 511.0}, {"x": 362.0, "y": 527.0}, {"x": 213.0, "y": 527.0}]}, "description": " 06600103602002/855145"}, {"boundingPoly": {"vertices": [{"x": 328.0, "y": 478.0}, {"x": 362.0, "y": 478.0}, {"x": 362.0, "y": 491.0}, {"x": 328.0, "y": 493.0}]}, "description": "17.97"}, {"boundingPoly": {"vertices": [{"x": 96.0, "y": 496.0}, {"x": 209.0, "y": 496.0}, {"x": 209.0, "y": 510.0}, {"x": 96.0, "y": 511.0}]}, "description": "AMERICAN EXPRESS"}, {"boundingPoly": {"vertices": [{"x": 96.0, "y": 512.0}, {"x": 206.0, "y": 512.0}, {"x": 206.0, "y": 529.0}, {"x": 96.0, "y": 529.0}]}, "description": " 0000008000/F800"}, {"boundingPoly": {"vertices": [{"x": 131.0, "y": 544.0}, {"x": 312.0, "y": 542.0}, {"x": 313.0, "y": 559.0}, {"x": 131.0, "y": 562.0}]}, "description": "Customer Copy"}, {"boundingPoly": {"vertices": [{"x": 80.0, "y": 581.0}, {"x": 366.0, "y": 577.0}, {"x": 366.0, "y": 595.0}, {"x": 81.0, "y": 599.0}]}, "description": "Cardholder agrees to pay the above TOTAL"}, {"boundingPoly": {"vertices": [{"x": 92.0, "y": 599.0}, {"x": 357.0, "y": 598.0}, {"x": 358.0, "y": 615.0}, {"x": 92.0, "y": 617.0}]}, "description": "amount according to issuer agreement."}, {"boundingPoly": {"vertices": [{"x": 169.0, "y": 636.0}, {"x": 325.0, "y": 638.0}, {"x": 324.0, "y": 651.0}, {"x": 168.0, "y": 647.0}]}, "description": "man for your patronage"}]}