{"textAnnotations": [{"boundingPoly": {"vertices": [{"x": 269.0, "y": 141.0}, {"x": 486.0, "y": 123.0}, {"x": 487.0, "y": 142.0}, {"x": 271.0, "y": 160.0}]}, "description": "Thank You For Visiting the"}, {"boundingPoly": {"vertices": [{"x": 316.0, "y": 192.0}, {"x": 435.0, "y": 180.0}, {"x": 437.0, "y": 200.0}, {"x": 318.0, "y": 212.0}]}, "description": "merchant phone"}, {"boundingPoly": {"vertices": [{"x": 284.0, "y": 236.0}, {"x": 472.0, "y": 216.0}, {"x": 474.0, "y": 236.0}, {"x": 286.0, "y": 256.0}]}, "description": "exmo 12 to 73940"}, {"boundingPoly": {"vertices": [{"x": 381.0, "y": 260.0}, {"x": 468.0, "y": 260.0}, {"x": 468.0, "y": 303.0}, {"x": 381.0, "y": 303.0}]}, "description": " # 947"}, {"boundingPoly": {"vertices": [{"x": 257.0, "y": 160.0}, {"x": 498.0, "y": 140.0}, {"x": 499.0, "y": 158.0}, {"x": 258.0, "y": 179.0}]}, "description": "merchant name"}, {"boundingPoly": {"vertices": [{"x": 249.0, "y": 180.0}, {"x": 505.0, "y": 156.0}, {"x": 507.0, "y": 175.0}, {"x": 250.0, "y": 199.0}]}, "description": "Nadine Varella, General Manager"}, {"boundingPoly": {"vertices": [{"x": 283.0, "y": 214.0}, {"x": 463.0, "y": 198.0}, {"x": 465.0, "y": 217.0}, {"x": 285.0, "y": 233.0}]}, "description": "We love Your Feedback!"}, {"boundingPoly": {"vertices": [{"x": 286.0, "y": 270.0}, {"x": 377.0, "y": 270.0}, {"x": 377.0, "y": 309.0}, {"x": 286.0, "y": 309.0}]}, "description": " Order"}, {"boundingPoly": {"vertices": [{"x": 524.0, "y": 288.0}, {"x": 552.0, "y": 286.0}, {"x": 553.0, "y": 304.0}, {"x": 526.0, "y": 306.0}]}, "description": "USD"}, {"boundingPoly": {"vertices": [{"x": 519.0, "y": 310.0}, {"x": 554.0, "y": 306.0}, {"x": 556.0, "y": 325.0}, {"x": 520.0, "y": 329.0}]}, "description": "1.85"}, {"boundingPoly": {"vertices": [{"x": 399.0, "y": 363.0}, {"x": 476.0, "y": 355.0}, {"x": 478.0, "y": 374.0}, {"x": 401.0, "y": 382.0}]}, "description": "Sub Total"}, {"boundingPoly": {"vertices": [{"x": 518.0, "y": 353.0}, {"x": 555.0, "y": 351.0}, {"x": 555.0, "y": 367.0}, {"x": 519.0, "y": 370.0}]}, "description": "1.85"}, {"boundingPoly": {"vertices": [{"x": 515.0, "y": 372.0}, {"x": 552.0, "y": 370.0}, {"x": 553.0, "y": 387.0}, {"x": 515.0, "y": 388.0}]}, "description": "0.13"}, {"boundingPoly": {"vertices": [{"x": 391.0, "y": 382.0}, {"x": 483.0, "y": 376.0}, {"x": 484.0, "y": 395.0}, {"x": 392.0, "y": 400.0}]}, "description": "Tax Amount"}, {"boundingPoly": {"vertices": [{"x": 201.0, "y": 446.0}, {"x": 358.0, "y": 445.0}, {"x": 358.0, "y": 479.0}, {"x": 201.0, "y": 480.0}]}, "description": "Total USD"}, {"boundingPoly": {"vertices": [{"x": 483.0, "y": 440.0}, {"x": 553.0, "y": 435.0}, {"x": 554.0, "y": 469.0}, {"x": 485.0, "y": 471.0}]}, "description": "1.98"}, {"boundingPoly": {"vertices": [{"x": 203.0, "y": 540.0}, {"x": 383.0, "y": 539.0}, {"x": 383.0, "y": 558.0}, {"x": 203.0, "y": 559.0}]}, "description": "5009 AMERICAN EXPRESS"}, {"boundingPoly": {"vertices": [{"x": 517.0, "y": 535.0}, {"x": 551.0, "y": 535.0}, {"x": 552.0, "y": 553.0}, {"x": 518.0, "y": 554.0}]}, "description": "1.98"}, {"boundingPoly": {"vertices": [{"x": 203.0, "y": 597.0}, {"x": 231.0, "y": 598.0}, {"x": 230.0, "y": 615.0}, {"x": 202.0, "y": 614.0}]}, "description": "Tax"}, {"boundingPoly": {"vertices": [{"x": 201.0, "y": 616.0}, {"x": 221.0, "y": 616.0}, {"x": 221.0, "y": 637.0}, {"x": 201.0, "y": 637.0}]}, "description": " ()"}, {"boundingPoly": {"vertices": [{"x": 225.0, "y": 617.0}, {"x": 262.0, "y": 617.0}, {"x": 262.0, "y": 637.0}, {"x": 225.0, "y": 637.0}]}, "description": " 7.00"}, {"boundingPoly": {"vertices": [{"x": 338.0, "y": 600.0}, {"x": 464.0, "y": 600.0}, {"x": 464.0, "y": 618.0}, {"x": 338.0, "y": 618.0}]}, "description": " Taxable Amount"}, {"boundingPoly": {"vertices": [{"x": 426.0, "y": 622.0}, {"x": 456.0, "y": 621.0}, {"x": 456.0, "y": 638.0}, {"x": 427.0, "y": 639.0}]}, "description": "1.85"}, {"boundingPoly": {"vertices": [{"x": 469.0, "y": 598.0}, {"x": 555.0, "y": 598.0}, {"x": 555.0, "y": 618.0}, {"x": 469.0, "y": 618.0}]}, "description": " Tax Amount"}, {"boundingPoly": {"vertices": [{"x": 523.0, "y": 619.0}, {"x": 556.0, "y": 619.0}, {"x": 556.0, "y": 637.0}, {"x": 522.0, "y": 637.0}]}, "description": "0.13"}, {"boundingPoly": {"vertices": [{"x": 197.0, "y": 679.0}, {"x": 561.0, "y": 679.0}, {"x": 561.0, "y": 703.0}, {"x": 197.0, "y": 703.0}]}, "description": " 11/19/2019 10:40 AM #:50327 Op:3055 C:113"}, {"boundingPoly": {"vertices": [{"x": 194.0, "y": 701.0}, {"x": 285.0, "y": 701.0}, {"x": 285.0, "y": 722.0}, {"x": 194.0, "y": 722.0}]}, "description": " 221 S:1132"}, {"boundingPoly": {"vertices": [{"x": 192.0, "y": 723.0}, {"x": 286.0, "y": 723.0}, {"x": 286.0, "y": 744.0}, {"x": 192.0, "y": 744.0}]}, "description": " Served you"}, {"boundingPoly": {"vertices": [{"x": 289.0, "y": 723.0}, {"x": 404.0, "y": 723.0}, {"x": 404.0, "y": 745.0}, {"x": 289.0, "y": 745.0}]}, "description": " : Maribel Cuc"}, {"boundingPoly": {"vertices": [{"x": 268.0, "y": 809.0}, {"x": 453.0, "y": 814.0}, {"x": 452.0, "y": 833.0}, {"x": 267.0, "y": 828.0}]}, "description": "*** Customer copy ***"}, {"boundingPoly": {"vertices": [{"x": 273.0, "y": 853.0}, {"x": 443.0, "y": 856.0}, {"x": 443.0, "y": 878.0}, {"x": 273.0, "y": 874.0}]}, "description": "AMEX Sunrise 937-11"}, {"boundingPoly": {"vertices": [{"x": 192.0, "y": 875.0}, {"x": 204.0, "y": 875.0}, {"x": 204.0, "y": 896.0}, {"x": 192.0, "y": 896.0}]}, "description": " I"}, {"boundingPoly": {"vertices": [{"x": 207.0, "y": 875.0}, {"x": 523.0, "y": 875.0}, {"x": 523.0, "y": 900.0}, {"x": 207.0, "y": 900.0}]}, "description": " agree to pay the above total amount"}, {"boundingPoly": {"vertices": [{"x": 253.0, "y": 900.0}, {"x": 468.0, "y": 900.0}, {"x": 468.0, "y": 920.0}, {"x": 253.0, "y": 920.0}]}, "description": "according to card issuer"}, {"boundingPoly": {"vertices": [{"x": 182.0, "y": 919.0}, {"x": 533.0, "y": 919.0}, {"x": 533.0, "y": 942.0}, {"x": 182.0, "y": 939.0}]}, "description": "agreement . (Merchant agreement if Credit"}, {"boundingPoly": {"vertices": [{"x": 209.0, "y": 938.0}, {"x": 504.0, "y": 943.0}, {"x": 503.0, "y": 963.0}, {"x": 209.0, "y": 958.0}]}, "description": "Voucher)Retain this copy for your"}, {"boundingPoly": {"vertices": [{"x": 323.0, "y": 963.0}, {"x": 397.0, "y": 965.0}, {"x": 397.0, "y": 983.0}, {"x": 322.0, "y": 980.0}]}, "description": "records."}, {"boundingPoly": {"vertices": [{"x": 181.0, "y": 1001.0}, {"x": 353.0, "y": 1002.0}, {"x": 353.0, "y": 1021.0}, {"x": 181.0, "y": 1021.0}]}, "description": "PURCHASE / APPROVED"}, {"boundingPoly": {"vertices": [{"x": 181.0, "y": 1023.0}, {"x": 327.0, "y": 1023.0}, {"x": 327.0, "y": 1041.0}, {"x": 181.0, "y": 1042.0}]}, "description": "AMERICAN EXPRESS"}, {"boundingPoly": {"vertices": [{"x": 180.0, "y": 1045.0}, {"x": 318.0, "y": 1045.0}, {"x": 318.0, "y": 1063.0}, {"x": 180.0, "y": 1062.0}]}, "description": "*********** 1009"}, {"boundingPoly": {"vertices": [{"x": 180.0, "y": 1064.0}, {"x": 281.0, "y": 1065.0}, {"x": 280.0, "y": 1083.0}, {"x": 180.0, "y": 1081.0}]}, "description": "CHIP READ /"}, {"boundingPoly": {"vertices": [{"x": 172.0, "y": 1107.0}, {"x": 348.0, "y": 1107.0}, {"x": 348.0, "y": 1135.0}, {"x": 172.0, "y": 1135.0}]}, "description": " 2019/11/19 10:40:50"}, {"boundingPoly": {"vertices": [{"x": 172.0, "y": 1134.0}, {"x": 200.0, "y": 1134.0}, {"x": 200.0, "y": 1153.0}, {"x": 171.0, "y": 1153.0}]}, "description": "TID"}]}