{"textAnnotations": [{"boundingPoly": {"vertices": [{"x": 331.0, "y": 7.0}, {"x": 390.0, "y": 7.0}, {"x": 390.0, "y": 29.0}, {"x": 331.0, "y": 29.0}]}, "description": " 12:28"}, {"boundingPoly": {"vertices": [{"x": 609.0, "y": 8.0}, {"x": 653.0, "y": 7.0}, {"x": 654.0, "y": 27.0}, {"x": 610.0, "y": 30.0}]}, "description": "BO"}, {"boundingPoly": {"vertices": [{"x": 96.0, "y": 65.0}, {"x": 418.0, "y": 64.0}, {"x": 419.0, "y": 89.0}, {"x": 96.0, "y": 91.0}]}, "description": "ORDER #57943844220"}, {"boundingPoly": {"vertices": [{"x": 98.0, "y": 96.0}, {"x": 356.0, "y": 95.0}, {"x": 356.0, "y": 117.0}, {"x": 98.0, "y": 118.0}]}, "description": "Delivered | 7 Items\u20b91455"}, {"boundingPoly": {"vertices": [{"x": 622.0, "y": 80.0}, {"x": 689.0, "y": 79.0}, {"x": 690.0, "y": 101.0}, {"x": 622.0, "y": 102.0}]}, "description": "HELP"}, {"boundingPoly": {"vertices": [{"x": 97.0, "y": 198.0}, {"x": 488.0, "y": 199.0}, {"x": 488.0, "y": 228.0}, {"x": 97.0, "y": 226.0}]}, "description": "merchant name"}, {"boundingPoly": {"vertices": [{"x": 99.0, "y": 232.0}, {"x": 156.0, "y": 232.0}, {"x": 156.0, "y": 254.0}, {"x": 99.0, "y": 254.0}]}, "description": "merchant address"}, {"boundingPoly": {"vertices": [{"x": 160.0, "y": 232.0}, {"x": 472.0, "y": 232.0}, {"x": 472.0, "y": 256.0}, {"x": 160.0, "y": 256.0}]}, "description": "merchant address"}, {"boundingPoly": {"vertices": [{"x": 476.0, "y": 232.0}, {"x": 664.0, "y": 232.0}, {"x": 664.0, "y": 256.0}, {"x": 476.0, "y": 256.0}]}, "description": "merchant address"}, {"boundingPoly": {"vertices": [{"x": 667.0, "y": 233.0}, {"x": 688.0, "y": 233.0}, {"x": 688.0, "y": 255.0}, {"x": 667.0, "y": 255.0}]}, "description": " ..."}, {"boundingPoly": {"vertices": [{"x": 95.0, "y": 314.0}, {"x": 206.0, "y": 314.0}, {"x": 206.0, "y": 338.0}, {"x": 95.0, "y": 338.0}]}, "description": "Ofc add"}, {"boundingPoly": {"vertices": [{"x": 190.0, "y": 346.0}, {"x": 329.0, "y": 346.0}, {"x": 329.0, "y": 369.0}, {"x": 190.0, "y": 369.0}]}, "description": " Floor Am@10"}, {"boundingPoly": {"vertices": [{"x": 99.0, "y": 347.0}, {"x": 186.0, "y": 347.0}, {"x": 186.0, "y": 368.0}, {"x": 99.0, "y": 368.0}]}, "description": " Ikeva 1st"}, {"boundingPoly": {"vertices": [{"x": 333.0, "y": 346.0}, {"x": 425.0, "y": 346.0}, {"x": 425.0, "y": 370.0}, {"x": 333.0, "y": 370.0}]}, "description": " Building,"}, {"boundingPoly": {"vertices": [{"x": 429.0, "y": 346.0}, {"x": 473.0, "y": 346.0}, {"x": 473.0, "y": 370.0}, {"x": 429.0, "y": 370.0}]}, "description": " Icici"}, {"boundingPoly": {"vertices": [{"x": 476.0, "y": 346.0}, {"x": 644.0, "y": 346.0}, {"x": 644.0, "y": 370.0}, {"x": 476.0, "y": 370.0}]}, "description": " Prudential, Opp"}, {"boundingPoly": {"vertices": [{"x": 647.0, "y": 346.0}, {"x": 662.0, "y": 346.0}, {"x": 662.0, "y": 370.0}, {"x": 647.0, "y": 370.0}]}, "description": " Ci"}, {"boundingPoly": {"vertices": [{"x": 665.0, "y": 346.0}, {"x": 687.0, "y": 346.0}, {"x": 687.0, "y": 370.0}, {"x": 665.0, "y": 370.0}]}, "description": " ..."}, {"boundingPoly": {"vertices": [{"x": 32.0, "y": 480.0}, {"x": 65.0, "y": 474.0}, {"x": 68.0, "y": 502.0}, {"x": 35.0, "y": 508.0}]}, "description": "V"}, {"boundingPoly": {"vertices": [{"x": 102.0, "y": 478.0}, {"x": 550.0, "y": 478.0}, {"x": 550.0, "y": 501.0}, {"x": 102.0, "y": 501.0}]}, "description": " Order delivered on November 27, 9:54 PM"}, {"boundingPoly": {"vertices": [{"x": 32.0, "y": 584.0}, {"x": 238.0, "y": 585.0}, {"x": 238.0, "y": 611.0}, {"x": 32.0, "y": 610.0}]}, "description": "Veg Biryani x 1"}, {"boundingPoly": {"vertices": [{"x": 71.0, "y": 617.0}, {"x": 110.0, "y": 616.0}, {"x": 110.0, "y": 638.0}, {"x": 71.0, "y": 637.0}]}, "description": "Full"}, {"boundingPoly": {"vertices": [{"x": 632.0, "y": 585.0}, {"x": 688.0, "y": 585.0}, {"x": 687.0, "y": 606.0}, {"x": 631.0, "y": 606.0}]}, "description": "\u5929180"}, {"boundingPoly": {"vertices": [{"x": 69.0, "y": 661.0}, {"x": 244.0, "y": 661.0}, {"x": 244.0, "y": 683.0}, {"x": 69.0, "y": 684.0}]}, "description": "Butter Roti x 10"}, {"boundingPoly": {"vertices": [{"x": 627.0, "y": 661.0}, {"x": 687.0, "y": 661.0}, {"x": 688.0, "y": 682.0}, {"x": 627.0, "y": 682.0}]}, "description": "\u5929250"}, {"boundingPoly": {"vertices": [{"x": 64.0, "y": 709.0}, {"x": 277.0, "y": 709.0}, {"x": 277.0, "y": 731.0}, {"x": 64.0, "y": 731.0}]}, "description": "Masala Kulcha x 4"}, {"boundingPoly": {"vertices": [{"x": 628.0, "y": 708.0}, {"x": 687.0, "y": 708.0}, {"x": 687.0, "y": 730.0}, {"x": 628.0, "y": 730.0}]}, "description": "\u5929280"}, {"boundingPoly": {"vertices": [{"x": 62.0, "y": 757.0}, {"x": 310.0, "y": 757.0}, {"x": 310.0, "y": 780.0}, {"x": 62.0, "y": 779.0}]}, "description": "Aloo Gobi Masala x 1"}, {"boundingPoly": {"vertices": [{"x": 70.0, "y": 790.0}, {"x": 109.0, "y": 790.0}, {"x": 109.0, "y": 810.0}, {"x": 70.0, "y": 809.0}]}, "description": "Full"}, {"boundingPoly": {"vertices": [{"x": 632.0, "y": 757.0}, {"x": 688.0, "y": 757.0}, {"x": 687.0, "y": 779.0}, {"x": 633.0, "y": 779.0}]}, "description": "\u5929190"}, {"boundingPoly": {"vertices": [{"x": 60.0, "y": 829.0}, {"x": 225.0, "y": 829.0}, {"x": 225.0, "y": 861.0}, {"x": 60.0, "y": 861.0}]}, "description": "Kadai Veg x 1"}, {"boundingPoly": {"vertices": [{"x": 624.0, "y": 833.0}, {"x": 688.0, "y": 833.0}, {"x": 688.0, "y": 854.0}, {"x": 624.0, "y": 855.0}]}, "description": "\u5929200"}, {"boundingPoly": {"vertices": [{"x": 29.0, "y": 921.0}, {"x": 135.0, "y": 921.0}, {"x": 135.0, "y": 942.0}, {"x": 29.0, "y": 942.0}]}, "description": "Item Total"}, {"boundingPoly": {"vertices": [{"x": 587.0, "y": 920.0}, {"x": 688.0, "y": 921.0}, {"x": 688.0, "y": 941.0}, {"x": 587.0, "y": 941.0}]}, "description": "\u59291460.00"}, {"boundingPoly": {"vertices": [{"x": 32.0, "y": 961.0}, {"x": 78.0, "y": 961.0}, {"x": 77.0, "y": 981.0}, {"x": 32.0, "y": 982.0}]}, "description": "GST"}, {"boundingPoly": {"vertices": [{"x": 618.0, "y": 961.0}, {"x": 688.0, "y": 961.0}, {"x": 688.0, "y": 981.0}, {"x": 618.0, "y": 981.0}]}, "description": "769.75"}, {"boundingPoly": {"vertices": [{"x": 30.0, "y": 1002.0}, {"x": 216.0, "y": 1002.0}, {"x": 216.0, "y": 1025.0}, {"x": 30.0, "y": 1024.0}]}, "description": "Delivery Charges"}, {"boundingPoly": {"vertices": [{"x": 32.0, "y": 1040.0}, {"x": 342.0, "y": 1038.0}, {"x": 342.0, "y": 1065.0}, {"x": 32.0, "y": 1066.0}]}, "description": "Discount Applied (SWIGGYIT)"}, {"boundingPoly": {"vertices": [{"x": 609.0, "y": 1000.0}, {"x": 688.0, "y": 1000.0}, {"x": 688.0, "y": 1021.0}, {"x": 609.0, "y": 1021.0}]}, "description": "25.00"}, {"boundingPoly": {"vertices": [{"x": 595.0, "y": 1041.0}, {"x": 688.0, "y": 1041.0}, {"x": 688.0, "y": 1062.0}, {"x": 595.0, "y": 1061.0}]}, "description": "\u2192100.00"}, {"boundingPoly": {"vertices": [{"x": 30.0, "y": 1122.0}, {"x": 250.0, "y": 1122.0}, {"x": 250.0, "y": 1145.0}, {"x": 30.0, "y": 1145.0}]}, "description": " Paid Via Credit/Debit"}, {"boundingPoly": {"vertices": [{"x": 254.0, "y": 1123.0}, {"x": 307.0, "y": 1123.0}, {"x": 307.0, "y": 1144.0}, {"x": 254.0, "y": 1144.0}]}, "description": " card"}, {"boundingPoly": {"vertices": [{"x": 502.0, "y": 1124.0}, {"x": 563.0, "y": 1123.0}, {"x": 563.0, "y": 1145.0}, {"x": 503.0, "y": 1144.0}]}, "description": "Total"}, {"boundingPoly": {"vertices": [{"x": 615.0, "y": 1123.0}, {"x": 689.0, "y": 1123.0}, {"x": 688.0, "y": 1144.0}, {"x": 615.0, "y": 1144.0}]}, "description": "\u59291455"}, {"boundingPoly": {"vertices": [{"x": 296.0, "y": 1217.0}, {"x": 424.0, "y": 1217.0}, {"x": 424.0, "y": 1241.0}, {"x": 296.0, "y": 1241.0}]}, "description": "REORDER"}]}