{"textAnnotations": [{"boundingPoly": {"vertices": [{"x": 17.0, "y": 100.0}, {"x": 68.0, "y": 103.0}, {"x": 67.0, "y": 119.0}, {"x": 17.0, "y": 116.0}]}, "description": "merchant name"}, {"boundingPoly": {"vertices": [{"x": 17.0, "y": 121.0}, {"x": 76.0, "y": 121.0}, {"x": 76.0, "y": 139.0}, {"x": 17.0, "y": 139.0}]}, "description": " GST NO:"}, {"boundingPoly": {"vertices": [{"x": 10.0, "y": 195.0}, {"x": 12.0, "y": 138.0}, {"x": 29.0, "y": 138.0}, {"x": 26.0, "y": 196.0}]}, "description": "Cards"}, {"boundingPoly": {"vertices": [{"x": 12.0, "y": 204.0}, {"x": 78.0, "y": 204.0}, {"x": 78.0, "y": 221.0}, {"x": 12.0, "y": 221.0}]}, "description": " invoice"}, {"boundingPoly": {"vertices": [{"x": 12.0, "y": 222.0}, {"x": 58.0, "y": 222.0}, {"x": 58.0, "y": 240.0}, {"x": 12.0, "y": 240.0}]}, "description": " Name:"}, {"boundingPoly": {"vertices": [{"x": 11.0, "y": 240.0}, {"x": 105.0, "y": 240.0}, {"x": 105.0, "y": 260.0}, {"x": 11.0, "y": 260.0}]}, "description": " Order Time:"}, {"boundingPoly": {"vertices": [{"x": 7.0, "y": 259.0}, {"x": 110.0, "y": 259.0}, {"x": 110.0, "y": 281.0}, {"x": 7.0, "y": 281.0}]}, "description": " LUrderStatus:"}, {"boundingPoly": {"vertices": [{"x": 11.0, "y": 284.0}, {"x": 112.0, "y": 284.0}, {"x": 112.0, "y": 306.0}, {"x": 11.0, "y": 306.0}]}, "description": " Corn & Peas"}, {"boundingPoly": {"vertices": [{"x": 13.0, "y": 307.0}, {"x": 136.0, "y": 307.0}, {"x": 136.0, "y": 328.0}, {"x": 13.0, "y": 328.0}]}, "description": " Choice of Bread"}, {"boundingPoly": {"vertices": [{"x": 12.0, "y": 330.0}, {"x": 129.0, "y": 330.0}, {"x": 129.0, "y": 350.0}, {"x": 12.0, "y": 350.0}]}, "description": " Hoice of Toast"}, {"boundingPoly": {"vertices": [{"x": 13.0, "y": 352.0}, {"x": 145.0, "y": 352.0}, {"x": 145.0, "y": 371.0}, {"x": 13.0, "y": 371.0}]}, "description": " Te of Vegetables"}, {"boundingPoly": {"vertices": [{"x": 24.0, "y": 373.0}, {"x": 91.0, "y": 373.0}, {"x": 91.0, "y": 393.0}, {"x": 24.0, "y": 393.0}]}, "description": " of Sauce"}, {"boundingPoly": {"vertices": [{"x": 16.0, "y": 395.0}, {"x": 92.0, "y": 395.0}, {"x": 92.0, "y": 414.0}, {"x": 16.0, "y": 414.0}]}, "description": " Seasoning"}, {"boundingPoly": {"vertices": [{"x": 79.0, "y": 117.0}, {"x": 202.0, "y": 117.0}, {"x": 202.0, "y": 139.0}, {"x": 79.0, "y": 139.0}]}, "description": " 06AFZPM5150M1ZQ"}, {"boundingPoly": {"vertices": [{"x": 134.0, "y": 141.0}, {"x": 154.0, "y": 141.0}, {"x": 154.0, "y": 159.0}, {"x": 134.0, "y": 159.0}]}, "description": " 93"}, {"boundingPoly": {"vertices": [{"x": 285.0, "y": 128.0}, {"x": 281.0, "y": 309.0}, {"x": 255.0, "y": 308.0}, {"x": 261.0, "y": 127.0}]}, "description": "American Express"}, {"boundingPoly": {"vertices": [{"x": 139.0, "y": 308.0}, {"x": 280.0, "y": 308.0}, {"x": 280.0, "y": 328.0}, {"x": 139.0, "y": 328.0}]}, "description": " : White Italiane"}, {"boundingPoly": {"vertices": [{"x": 133.0, "y": 330.0}, {"x": 281.0, "y": 330.0}, {"x": 281.0, "y": 349.0}, {"x": 133.0, "y": 349.0}]}, "description": " : Plain BreadCho ??"}, {"boundingPoly": {"vertices": [{"x": 88.0, "y": 142.0}, {"x": 116.0, "y": 142.0}, {"x": 116.0, "y": 161.0}, {"x": 88.0, "y": 161.0}]}, "description": " KOT"}, {"boundingPoly": {"vertices": [{"x": 119.0, "y": 142.0}, {"x": 131.0, "y": 142.0}, {"x": 131.0, "y": 159.0}, {"x": 119.0, "y": 159.0}]}, "description": " -"}, {"boundingPoly": {"vertices": [{"x": 87.0, "y": 201.0}, {"x": 183.0, "y": 201.0}, {"x": 183.0, "y": 221.0}, {"x": 87.0, "y": 221.0}]}, "description": " #SUBWHO12331"}, {"boundingPoly": {"vertices": [{"x": 109.0, "y": 238.0}, {"x": 242.0, "y": 238.0}, {"x": 242.0, "y": 259.0}, {"x": 109.0, "y": 259.0}]}, "description": " 21:19 15-10-2019"}, {"boundingPoly": {"vertices": [{"x": 114.0, "y": 261.0}, {"x": 191.0, "y": 261.0}, {"x": 191.0, "y": 281.0}, {"x": 114.0, "y": 281.0}]}, "description": " confirmed"}, {"boundingPoly": {"vertices": [{"x": 115.0, "y": 286.0}, {"x": 137.0, "y": 286.0}, {"x": 137.0, "y": 306.0}, {"x": 115.0, "y": 306.0}]}, "description": " 6\""}, {"boundingPoly": {"vertices": [{"x": 140.0, "y": 287.0}, {"x": 183.0, "y": 287.0}, {"x": 183.0, "y": 306.0}, {"x": 140.0, "y": 306.0}]}, "description": " Inch"}, {"boundingPoly": {"vertices": [{"x": 187.0, "y": 287.0}, {"x": 201.0, "y": 287.0}, {"x": 201.0, "y": 306.0}, {"x": 187.0, "y": 306.0}]}, "description": " 1"}, {"boundingPoly": {"vertices": [{"x": 204.0, "y": 286.0}, {"x": 280.0, "y": 286.0}, {"x": 280.0, "y": 306.0}, {"x": 204.0, "y": 306.0}]}, "description": " X 138. 163"}, {"boundingPoly": {"vertices": [{"x": 149.0, "y": 352.0}, {"x": 281.0, "y": 352.0}, {"x": 281.0, "y": 371.0}, {"x": 149.0, "y": 371.0}]}, "description": " : LettuceChoices"}, {"boundingPoly": {"vertices": [{"x": 94.0, "y": 373.0}, {"x": 264.0, "y": 373.0}, {"x": 264.0, "y": 393.0}, {"x": 94.0, "y": 393.0}]}, "description": " : Mayo SauceChoice of"}, {"boundingPoly": {"vertices": [{"x": 96.0, "y": 394.0}, {"x": 214.0, "y": 394.0}, {"x": 214.0, "y": 414.0}, {"x": 96.0, "y": 414.0}]}, "description": " : Salt & Pepper"}, {"boundingPoly": {"vertices": [{"x": 90.0, "y": 457.0}, {"x": 200.0, "y": 457.0}, {"x": 200.0, "y": 477.0}, {"x": 90.0, "y": 477.0}]}, "description": " CGST @ 2.50% ="}, {"boundingPoly": {"vertices": [{"x": 90.0, "y": 478.0}, {"x": 202.0, "y": 478.0}, {"x": 202.0, "y": 498.0}, {"x": 90.0, "y": 498.0}]}, "description": " SGST @ 2.50% ="}, {"boundingPoly": {"vertices": [{"x": 174.0, "y": 499.0}, {"x": 218.0, "y": 499.0}, {"x": 218.0, "y": 517.0}, {"x": 174.0, "y": 517.0}]}, "description": " 145.0"}, {"boundingPoly": {"vertices": [{"x": 203.0, "y": 456.0}, {"x": 241.0, "y": 456.0}, {"x": 241.0, "y": 475.0}, {"x": 203.0, "y": 475.0}]}, "description": " 3.45"}, {"boundingPoly": {"vertices": [{"x": 205.0, "y": 478.0}, {"x": 242.0, "y": 478.0}, {"x": 242.0, "y": 496.0}, {"x": 205.0, "y": 496.0}]}, "description": " 3.45"}, {"boundingPoly": {"vertices": [{"x": 115.0, "y": 500.0}, {"x": 154.0, "y": 500.0}, {"x": 154.0, "y": 518.0}, {"x": 115.0, "y": 518.0}]}, "description": " Total"}, {"boundingPoly": {"vertices": [{"x": 157.0, "y": 500.0}, {"x": 171.0, "y": 500.0}, {"x": 171.0, "y": 517.0}, {"x": 157.0, "y": 517.0}]}, "description": " ="}, {"boundingPoly": {"vertices": [{"x": 62.0, "y": 541.0}, {"x": 217.0, "y": 541.0}, {"x": 217.0, "y": 560.0}, {"x": 62.0, "y": 560.0}]}, "description": " -21:20:37 15-10-2019"}, {"boundingPoly": {"vertices": [{"x": 283.0, "y": 561.0}, {"x": 282.0, "y": 799.0}, {"x": 262.0, "y": 799.0}, {"x": 262.0, "y": 561.0}]}, "description": "American Express Cards"}, {"boundingPoly": {"vertices": [{"x": 206.0, "y": 816.0}, {"x": 273.0, "y": 816.0}, {"x": 273.0, "y": 833.0}, {"x": 206.0, "y": 833.0}]}, "description": " X 138. 10"}, {"boundingPoly": {"vertices": [{"x": 144.0, "y": 835.0}, {"x": 273.0, "y": 835.0}, {"x": 273.0, "y": 854.0}, {"x": 144.0, "y": 854.0}]}, "description": " : White ItalianC"}, {"boundingPoly": {"vertices": [{"x": 136.0, "y": 855.0}, {"x": 272.0, "y": 855.0}, {"x": 272.0, "y": 874.0}, {"x": 136.0, "y": 874.0}]}, "description": " : Plain BreadChoi"}, {"boundingPoly": {"vertices": [{"x": 24.0, "y": 875.0}, {"x": 149.0, "y": 875.0}, {"x": 149.0, "y": 893.0}, {"x": 24.0, "y": 893.0}]}, "description": " ce of Vegetables"}, {"boundingPoly": {"vertices": [{"x": 31.0, "y": 894.0}, {"x": 95.0, "y": 894.0}, {"x": 95.0, "y": 912.0}, {"x": 31.0, "y": 912.0}]}, "description": " of Sauce"}, {"boundingPoly": {"vertices": [{"x": 23.0, "y": 915.0}, {"x": 96.0, "y": 915.0}, {"x": 96.0, "y": 932.0}, {"x": 23.0, "y": 932.0}]}, "description": " Seasoning"}, {"boundingPoly": {"vertices": [{"x": 13.0, "y": 620.0}, {"x": 71.0, "y": 629.0}, {"x": 68.0, "y": 644.0}, {"x": 11.0, "y": 638.0}]}, "description": "\"subway"}, {"boundingPoly": {"vertices": [{"x": 13.0, "y": 647.0}, {"x": 77.0, "y": 647.0}, {"x": 77.0, "y": 664.0}, {"x": 13.0, "y": 664.0}]}, "description": " SST NO:"}, {"boundingPoly": {"vertices": [{"x": 79.0, "y": 647.0}, {"x": 201.0, "y": 647.0}, {"x": 201.0, "y": 665.0}, {"x": 79.0, "y": 665.0}]}, "description": " 06AFZPM5150M1ZQ"}, {"boundingPoly": {"vertices": [{"x": 88.0, "y": 668.0}, {"x": 115.0, "y": 668.0}, {"x": 115.0, "y": 686.0}, {"x": 88.0, "y": 686.0}]}, "description": " KOT"}, {"boundingPoly": {"vertices": [{"x": 118.0, "y": 668.0}, {"x": 131.0, "y": 668.0}, {"x": 131.0, "y": 686.0}, {"x": 118.0, "y": 686.0}]}, "description": " -"}, {"boundingPoly": {"vertices": [{"x": 134.0, "y": 668.0}, {"x": 154.0, "y": 668.0}, {"x": 154.0, "y": 685.0}, {"x": 134.0, "y": 685.0}]}, "description": " 93"}, {"boundingPoly": {"vertices": [{"x": 22.0, "y": 730.0}, {"x": 80.0, "y": 730.0}, {"x": 80.0, "y": 748.0}, {"x": 22.0, "y": 748.0}]}, "description": " Invoice"}, {"boundingPoly": {"vertices": [{"x": 19.0, "y": 751.0}, {"x": 62.0, "y": 751.0}, {"x": 62.0, "y": 768.0}, {"x": 19.0, "y": 768.0}]}, "description": " Name:"}, {"boundingPoly": {"vertices": [{"x": 19.0, "y": 770.0}, {"x": 110.0, "y": 770.0}, {"x": 110.0, "y": 789.0}, {"x": 19.0, "y": 789.0}]}, "description": " Order Time:"}, {"boundingPoly": {"vertices": [{"x": 21.0, "y": 790.0}, {"x": 117.0, "y": 790.0}, {"x": 117.0, "y": 809.0}, {"x": 21.0, "y": 809.0}]}, "description": " Order Status:"}, {"boundingPoly": {"vertices": [{"x": 22.0, "y": 814.0}, {"x": 114.0, "y": 814.0}, {"x": 114.0, "y": 832.0}, {"x": 22.0, "y": 832.0}]}, "description": " Corn & Peas"}, {"boundingPoly": {"vertices": [{"x": 22.0, "y": 834.0}, {"x": 141.0, "y": 834.0}, {"x": 141.0, "y": 853.0}, {"x": 22.0, "y": 853.0}]}, "description": " Choice of Bread"}, {"boundingPoly": {"vertices": [{"x": 23.0, "y": 854.0}, {"x": 133.0, "y": 854.0}, {"x": 133.0, "y": 873.0}, {"x": 23.0, "y": 873.0}]}, "description": " hoice of Toast"}, {"boundingPoly": {"vertices": [{"x": 89.0, "y": 731.0}, {"x": 183.0, "y": 731.0}, {"x": 183.0, "y": 749.0}, {"x": 89.0, "y": 749.0}]}, "description": " #SUBWHO12331"}, {"boundingPoly": {"vertices": [{"x": 113.0, "y": 770.0}, {"x": 242.0, "y": 770.0}, {"x": 242.0, "y": 789.0}, {"x": 113.0, "y": 789.0}]}, "description": " 21:19 15-10-2019"}, {"boundingPoly": {"vertices": [{"x": 17.0, "y": 789.0}, {"x": 12.0, "y": 561.0}, {"x": 30.0, "y": 561.0}, {"x": 35.0, "y": 788.0}]}, "description": "American Express Cards"}, {"boundingPoly": {"vertices": [{"x": 119.0, "y": 792.0}, {"x": 194.0, "y": 792.0}, {"x": 194.0, "y": 810.0}, {"x": 119.0, "y": 810.0}]}, "description": " delivered"}, {"boundingPoly": {"vertices": [{"x": 120.0, "y": 815.0}, {"x": 182.0, "y": 815.0}, {"x": 182.0, "y": 833.0}, {"x": 120.0, "y": 833.0}]}, "description": " 6\" Inch"}, {"boundingPoly": {"vertices": [{"x": 191.0, "y": 816.0}, {"x": 204.0, "y": 816.0}, {"x": 204.0, "y": 833.0}, {"x": 191.0, "y": 833.0}]}, "description": " 1"}, {"boundingPoly": {"vertices": [{"x": 152.0, "y": 875.0}, {"x": 273.0, "y": 875.0}, {"x": 273.0, "y": 894.0}, {"x": 152.0, "y": 894.0}]}, "description": " : LettuceChoice"}, {"boundingPoly": {"vertices": [{"x": 99.0, "y": 894.0}, {"x": 264.0, "y": 894.0}, {"x": 264.0, "y": 914.0}, {"x": 99.0, "y": 914.0}]}, "description": " : Mayo SauceChoice of"}, {"boundingPoly": {"vertices": [{"x": 99.0, "y": 915.0}, {"x": 216.0, "y": 915.0}, {"x": 216.0, "y": 934.0}, {"x": 99.0, "y": 934.0}]}, "description": " : Salt & Pepper"}, {"boundingPoly": {"vertices": [{"x": 281.0, "y": 959.0}, {"x": 280.0, "y": 1047.0}, {"x": 262.0, "y": 1047.0}, {"x": 263.0, "y": 959.0}]}, "description": "American"}, {"boundingPoly": {"vertices": [{"x": 93.0, "y": 975.0}, {"x": 188.0, "y": 975.0}, {"x": 188.0, "y": 993.0}, {"x": 93.0, "y": 993.0}]}, "description": " CGST @ 2.50%"}, {"boundingPoly": {"vertices": [{"x": 94.0, "y": 996.0}, {"x": 142.0, "y": 996.0}, {"x": 142.0, "y": 1013.0}, {"x": 94.0, "y": 1013.0}]}, "description": " SGST @"}, {"boundingPoly": {"vertices": [{"x": 116.0, "y": 1016.0}, {"x": 157.0, "y": 1016.0}, {"x": 157.0, "y": 1034.0}, {"x": 116.0, "y": 1034.0}]}, "description": " Total"}, {"boundingPoly": {"vertices": [{"x": 191.0, "y": 975.0}, {"x": 203.0, "y": 975.0}, {"x": 203.0, "y": 993.0}, {"x": 191.0, "y": 993.0}]}, "description": " ="}, {"boundingPoly": {"vertices": [{"x": 160.0, "y": 996.0}, {"x": 242.0, "y": 996.0}, {"x": 242.0, "y": 1015.0}, {"x": 160.0, "y": 1015.0}]}, "description": " 50% = 3.45"}, {"boundingPoly": {"vertices": [{"x": 160.0, "y": 1017.0}, {"x": 173.0, "y": 1017.0}, {"x": 173.0, "y": 1035.0}, {"x": 160.0, "y": 1035.0}]}, "description": " ="}, {"boundingPoly": {"vertices": [{"x": 207.0, "y": 975.0}, {"x": 241.0, "y": 975.0}, {"x": 241.0, "y": 994.0}, {"x": 207.0, "y": 994.0}]}, "description": " 3.45"}, {"boundingPoly": {"vertices": [{"x": 146.0, "y": 996.0}, {"x": 157.0, "y": 996.0}, {"x": 157.0, "y": 1014.0}, {"x": 146.0, "y": 1014.0}]}, "description": " 2."}, {"boundingPoly": {"vertices": [{"x": 177.0, "y": 1017.0}, {"x": 219.0, "y": 1017.0}, {"x": 219.0, "y": 1036.0}, {"x": 177.0, "y": 1036.0}]}, "description": " 145.0"}, {"boundingPoly": {"vertices": [{"x": 16.0, "y": 1049.0}, {"x": 16.0, "y": 958.0}, {"x": 34.0, "y": 958.0}, {"x": 33.0, "y": 1049.0}]}, "description": "ess Cards"}]}