{"textAnnotations": [{"boundingPoly": {"vertices": [{"x": 304.0, "y": 47.0}, {"x": 317.0, "y": 48.0}, {"x": 317.0, "y": 64.0}, {"x": 304.0, "y": 63.0}]}, "description": "18"}, {"boundingPoly": {"vertices": [{"x": 307.0, "y": 161.0}, {"x": 304.0, "y": 69.0}, {"x": 317.0, "y": 68.0}, {"x": 321.0, "y": 160.0}]}, "description": "FREE WHOPPER'?"}, {"boundingPoly": {"vertices": [{"x": 311.0, "y": 292.0}, {"x": 309.0, "y": 208.0}, {"x": 322.0, "y": 208.0}, {"x": 323.0, "y": 292.0}]}, "description": "E JUAN ME OVER"}, {"boundingPoly": {"vertices": [{"x": 311.0, "y": 420.0}, {"x": 312.0, "y": 330.0}, {"x": 324.0, "y": 330.0}, {"x": 322.0, "y": 420.0}]}, "description": "FREE WHOPPER'!"}, {"boundingPoly": {"vertices": [{"x": 310.0, "y": 563.0}, {"x": 310.0, "y": 459.0}, {"x": 322.0, "y": 459.0}, {"x": 322.0, "y": 563.0}]}, "description": "TURN ME OVER"}, {"boundingPoly": {"vertices": [{"x": 313.0, "y": 690.0}, {"x": 308.0, "y": 600.0}, {"x": 320.0, "y": 599.0}, {"x": 326.0, "y": 690.0}]}, "description": "FREE WHOPPER'!"}, {"boundingPoly": {"vertices": [{"x": 315.0, "y": 785.0}, {"x": 316.0, "y": 747.0}, {"x": 328.0, "y": 747.0}, {"x": 328.0, "y": 785.0}]}, "description": "E OVER"}, {"boundingPoly": {"vertices": [{"x": 111.0, "y": 80.0}, {"x": 224.0, "y": 82.0}, {"x": 223.0, "y": 107.0}, {"x": 111.0, "y": 103.0}]}, "description": "OPERATED BY"}, {"boundingPoly": {"vertices": [{"x": 103.0, "y": 113.0}, {"x": 214.0, "y": 114.0}, {"x": 213.0, "y": 148.0}, {"x": 102.0, "y": 146.0}]}, "description": "merchant name"}, {"boundingPoly": {"vertices": [{"x": 84.0, "y": 170.0}, {"x": 242.0, "y": 177.0}, {"x": 240.0, "y": 200.0}, {"x": 84.0, "y": 189.0}]}, "description": "merchant name"}, {"boundingPoly": {"vertices": [{"x": 106.0, "y": 143.0}, {"x": 206.0, "y": 145.0}, {"x": 206.0, "y": 162.0}, {"x": 106.0, "y": 158.0}]}, "description": "merchant name"}, {"boundingPoly": {"vertices": [{"x": 36.0, "y": 191.0}, {"x": 227.0, "y": 191.0}, {"x": 227.0, "y": 214.0}, {"x": 36.0, "y": 214.0}]}, "description": "merchant address"}, {"boundingPoly": {"vertices": [{"x": 9.0, "y": 230.0}, {"x": 143.0, "y": 227.0}, {"x": 144.0, "y": 244.0}, {"x": 9.0, "y": 247.0}]}, "description": "423309 Taiyana"}, {"boundingPoly": {"vertices": [{"x": 230.0, "y": 196.0}, {"x": 282.0, "y": 196.0}, {"x": 282.0, "y": 219.0}, {"x": 230.0, "y": 219.0}]}, "description": "merchant address"}, {"boundingPoly": {"vertices": [{"x": 10.0, "y": 269.0}, {"x": 86.0, "y": 266.0}, {"x": 86.0, "y": 282.0}, {"x": 11.0, "y": 285.0}]}, "description": "CHK 9595"}, {"boundingPoly": {"vertices": [{"x": 87.0, "y": 281.0}, {"x": 245.0, "y": 281.0}, {"x": 245.0, "y": 303.0}, {"x": 87.0, "y": 303.0}]}, "description": " DEC01'19 7:27PM"}, {"boundingPoly": {"vertices": [{"x": 273.0, "y": 272.0}, {"x": 305.0, "y": 274.0}, {"x": 304.0, "y": 287.0}, {"x": 272.0, "y": 287.0}]}, "description": "GST"}, {"boundingPoly": {"vertices": [{"x": 56.0, "y": 321.0}, {"x": 105.0, "y": 320.0}, {"x": 106.0, "y": 336.0}, {"x": 57.0, "y": 337.0}]}, "description": "TO GO"}, {"boundingPoly": {"vertices": [{"x": 33.0, "y": 361.0}, {"x": 46.0, "y": 361.0}, {"x": 46.0, "y": 378.0}, {"x": 33.0, "y": 378.0}]}, "description": " 1"}, {"boundingPoly": {"vertices": [{"x": 48.0, "y": 356.0}, {"x": 179.0, "y": 356.0}, {"x": 179.0, "y": 377.0}, {"x": 48.0, "y": 377.0}]}, "description": " GRN TEA LATTE"}, {"boundingPoly": {"vertices": [{"x": 50.0, "y": 376.0}, {"x": 264.0, "y": 378.0}, {"x": 264.0, "y": 397.0}, {"x": 50.0, "y": 394.0}]}, "description": "Matcha Green Tea Latte"}, {"boundingPoly": {"vertices": [{"x": 48.0, "y": 412.0}, {"x": 134.0, "y": 412.0}, {"x": 134.0, "y": 430.0}, {"x": 48.0, "y": 430.0}]}, "description": " AMERICANO"}, {"boundingPoly": {"vertices": [{"x": 193.0, "y": 357.0}, {"x": 207.0, "y": 357.0}, {"x": 207.0, "y": 375.0}, {"x": 193.0, "y": 375.0}]}, "description": " G"}, {"boundingPoly": {"vertices": [{"x": 253.0, "y": 362.0}, {"x": 291.0, "y": 363.0}, {"x": 291.0, "y": 380.0}, {"x": 252.0, "y": 379.0}]}, "description": "4.65"}, {"boundingPoly": {"vertices": [{"x": 69.0, "y": 394.0}, {"x": 128.0, "y": 394.0}, {"x": 128.0, "y": 411.0}, {"x": 69.0, "y": 411.0}]}, "description": " SUB NF"}, {"boundingPoly": {"vertices": [{"x": 133.0, "y": 394.0}, {"x": 176.0, "y": 394.0}, {"x": 176.0, "y": 411.0}, {"x": 133.0, "y": 411.0}]}, "description": " MILK"}, {"boundingPoly": {"vertices": [{"x": 32.0, "y": 414.0}, {"x": 45.0, "y": 414.0}, {"x": 45.0, "y": 430.0}, {"x": 32.0, "y": 430.0}]}, "description": " 1"}, {"boundingPoly": {"vertices": [{"x": 252.0, "y": 416.0}, {"x": 292.0, "y": 418.0}, {"x": 291.0, "y": 435.0}, {"x": 251.0, "y": 434.0}]}, "description": "3.75"}, {"boundingPoly": {"vertices": [{"x": 48.0, "y": 449.0}, {"x": 125.0, "y": 449.0}, {"x": 125.0, "y": 466.0}, {"x": 48.0, "y": 467.0}]}, "description": "SUBTOTAL"}, {"boundingPoly": {"vertices": [{"x": 48.0, "y": 469.0}, {"x": 78.0, "y": 469.0}, {"x": 78.0, "y": 484.0}, {"x": 48.0, "y": 484.0}]}, "description": "TAX"}, {"boundingPoly": {"vertices": [{"x": 48.0, "y": 488.0}, {"x": 155.0, "y": 487.0}, {"x": 155.0, "y": 504.0}, {"x": 48.0, "y": 504.0}]}, "description": "AMOUNT PAID"}, {"boundingPoly": {"vertices": [{"x": 50.0, "y": 507.0}, {"x": 205.0, "y": 508.0}, {"x": 205.0, "y": 524.0}, {"x": 50.0, "y": 523.0}]}, "description": "AT890312 XXX1006"}, {"boundingPoly": {"vertices": [{"x": 47.0, "y": 526.0}, {"x": 116.0, "y": 525.0}, {"x": 116.0, "y": 541.0}, {"x": 47.0, "y": 542.0}]}, "description": "AMEX CC"}, {"boundingPoly": {"vertices": [{"x": 18.0, "y": 544.0}, {"x": 311.0, "y": 544.0}, {"x": 311.0, "y": 562.0}, {"x": 18.0, "y": 562.0}]}, "description": " -- 423309 Closed DEC01 07:27PM --"}, {"boundingPoly": {"vertices": [{"x": 252.0, "y": 454.0}, {"x": 292.0, "y": 455.0}, {"x": 292.0, "y": 471.0}, {"x": 251.0, "y": 470.0}]}, "description": "8.40"}, {"boundingPoly": {"vertices": [{"x": 252.0, "y": 472.0}, {"x": 293.0, "y": 473.0}, {"x": 293.0, "y": 488.0}, {"x": 252.0, "y": 488.0}]}, "description": "0.56"}, {"boundingPoly": {"vertices": [{"x": 213.0, "y": 491.0}, {"x": 287.0, "y": 492.0}, {"x": 287.0, "y": 508.0}, {"x": 213.0, "y": 506.0}]}, "description": "8.96"}, {"boundingPoly": {"vertices": [{"x": 251.0, "y": 529.0}, {"x": 291.0, "y": 529.0}, {"x": 291.0, "y": 545.0}, {"x": 251.0, "y": 544.0}]}, "description": "8.96"}, {"boundingPoly": {"vertices": [{"x": 29.0, "y": 580.0}, {"x": 308.0, "y": 584.0}, {"x": 308.0, "y": 600.0}, {"x": 28.0, "y": 597.0}]}, "description": "WE WANT TO HEAR YOUR FEEDBACK!"}, {"boundingPoly": {"vertices": [{"x": 28.0, "y": 598.0}, {"x": 161.0, "y": 598.0}, {"x": 161.0, "y": 618.0}, {"x": 28.0, "y": 618.0}]}, "description": " PLEASE CONTACT"}, {"boundingPoly": {"vertices": [{"x": 25.0, "y": 616.0}, {"x": 311.0, "y": 619.0}, {"x": 311.0, "y": 638.0}, {"x": 25.0, "y": 635.0}]}, "description": "OR CUSTOMERSERVICE@HMSHOST.COM"}, {"boundingPoly": {"vertices": [{"x": 166.0, "y": 601.0}, {"x": 300.0, "y": 601.0}, {"x": 300.0, "y": 618.0}, {"x": 166.0, "y": 618.0}]}, "description": "merchant phone"}, {"boundingPoly": {"vertices": [{"x": 43.0, "y": 635.0}, {"x": 280.0, "y": 638.0}, {"x": 280.0, "y": 657.0}, {"x": 43.0, "y": 655.0}]}, "description": "TO SHARE YOUR EXPERIENCE."}, {"boundingPoly": {"vertices": [{"x": 80.0, "y": 676.0}, {"x": 161.0, "y": 676.0}, {"x": 161.0, "y": 695.0}, {"x": 80.0, "y": 695.0}]}, "description": " STOREID:"}, {"boundingPoly": {"vertices": [{"x": 164.0, "y": 678.0}, {"x": 246.0, "y": 678.0}, {"x": 246.0, "y": 695.0}, {"x": 164.0, "y": 695.0}]}, "description": " 4NJSTA39"}]}