{"textAnnotations": [{"boundingPoly": {"vertices": [{"x": 975.0, "y": 480.0}, {"x": 1062.0, "y": 479.0}, {"x": 1061.0, "y": 511.0}, {"x": 976.0, "y": 513.0}]}, "description": "#34"}, {"boundingPoly": {"vertices": [{"x": 1051.0, "y": 514.0}, {"x": 1131.0, "y": 517.0}, {"x": 1129.0, "y": 543.0}, {"x": 1051.0, "y": 542.0}]}, "description": "merchant name"}, {"boundingPoly": {"vertices": [{"x": 1001.0, "y": 544.0}, {"x": 1061.0, "y": 544.0}, {"x": 1061.0, "y": 577.0}, {"x": 1001.0, "y": 577.0}]}, "description": "merchant address"}, {"boundingPoly": {"vertices": [{"x": 1225.0, "y": 515.0}, {"x": 1257.0, "y": 515.0}, {"x": 1257.0, "y": 550.0}, {"x": 1225.0, "y": 550.0}]}, "description": "merchant name"}, {"boundingPoly": {"vertices": [{"x": 1263.0, "y": 515.0}, {"x": 1285.0, "y": 515.0}, {"x": 1285.0, "y": 549.0}, {"x": 1263.0, "y": 549.0}]}, "description": "merchant name"}, {"boundingPoly": {"vertices": [{"x": 1291.0, "y": 515.0}, {"x": 1438.0, "y": 515.0}, {"x": 1438.0, "y": 548.0}, {"x": 1291.0, "y": 548.0}]}, "description": "merchant name"}, {"boundingPoly": {"vertices": [{"x": 1105.0, "y": 546.0}, {"x": 1508.0, "y": 546.0}, {"x": 1508.0, "y": 580.0}, {"x": 1105.0, "y": 580.0}]}, "description": "merchant address"}, {"boundingPoly": {"vertices": [{"x": 1135.0, "y": 578.0}, {"x": 1376.0, "y": 580.0}, {"x": 1376.0, "y": 607.0}, {"x": 1135.0, "y": 605.0}]}, "description": "merchant address"}, {"boundingPoly": {"vertices": [{"x": 1123.0, "y": 609.0}, {"x": 1377.0, "y": 611.0}, {"x": 1377.0, "y": 640.0}, {"x": 1123.0, "y": 637.0}]}, "description": "merchant phone"}, {"boundingPoly": {"vertices": [{"x": 1127.0, "y": 649.0}, {"x": 1206.0, "y": 649.0}, {"x": 1206.0, "y": 657.0}, {"x": 1127.0, "y": 657.0}]}, "description": "-------"}, {"boundingPoly": {"vertices": [{"x": 1066.0, "y": 545.0}, {"x": 1099.0, "y": 545.0}, {"x": 1099.0, "y": 577.0}, {"x": 1066.0, "y": 577.0}]}, "description": "merchant address"}, {"boundingPoly": {"vertices": [{"x": 1292.0, "y": 652.0}, {"x": 1388.0, "y": 652.0}, {"x": 1388.0, "y": 659.0}, {"x": 1292.0, "y": 659.0}]}, "description": "--------"}, {"boundingPoly": {"vertices": [{"x": 1304.0, "y": 658.0}, {"x": 1533.0, "y": 660.0}, {"x": 1533.0, "y": 667.0}, {"x": 1304.0, "y": 664.0}]}, "description": "------------------"}, {"boundingPoly": {"vertices": [{"x": 1408.0, "y": 652.0}, {"x": 1533.0, "y": 653.0}, {"x": 1533.0, "y": 660.0}, {"x": 1408.0, "y": 659.0}]}, "description": "---------"}, {"boundingPoly": {"vertices": [{"x": 976.0, "y": 674.0}, {"x": 1047.0, "y": 674.0}, {"x": 1047.0, "y": 701.0}, {"x": 976.0, "y": 701.0}]}, "description": " Date:"}, {"boundingPoly": {"vertices": [{"x": 975.0, "y": 707.0}, {"x": 1076.0, "y": 707.0}, {"x": 1076.0, "y": 733.0}, {"x": 975.0, "y": 733.0}]}, "description": " Server:"}, {"boundingPoly": {"vertices": [{"x": 976.0, "y": 739.0}, {"x": 1047.0, "y": 739.0}, {"x": 1047.0, "y": 766.0}, {"x": 976.0, "y": 766.0}]}, "description": " B:11:"}, {"boundingPoly": {"vertices": [{"x": 1052.0, "y": 674.0}, {"x": 1218.0, "y": 674.0}, {"x": 1218.0, "y": 704.0}, {"x": 1052.0, "y": 704.0}]}, "description": " Nov 03, 2019"}, {"boundingPoly": {"vertices": [{"x": 1294.0, "y": 677.0}, {"x": 1364.0, "y": 677.0}, {"x": 1364.0, "y": 705.0}, {"x": 1294.0, "y": 705.0}]}, "description": " Time:"}, {"boundingPoly": {"vertices": [{"x": 1369.0, "y": 677.0}, {"x": 1470.0, "y": 677.0}, {"x": 1470.0, "y": 705.0}, {"x": 1369.0, "y": 705.0}]}, "description": " 02:40PM"}, {"boundingPoly": {"vertices": [{"x": 1080.0, "y": 707.0}, {"x": 1137.0, "y": 707.0}, {"x": 1137.0, "y": 733.0}, {"x": 1080.0, "y": 733.0}]}, "description": " ERIC"}, {"boundingPoly": {"vertices": [{"x": 1051.0, "y": 739.0}, {"x": 1126.0, "y": 739.0}, {"x": 1126.0, "y": 766.0}, {"x": 1051.0, "y": 766.0}]}, "description": " 51274"}, {"boundingPoly": {"vertices": [{"x": 1293.0, "y": 740.0}, {"x": 1371.0, "y": 740.0}, {"x": 1371.0, "y": 771.0}, {"x": 1293.0, "y": 771.0}]}, "description": " Table"}, {"boundingPoly": {"vertices": [{"x": 1386.0, "y": 742.0}, {"x": 1442.0, "y": 742.0}, {"x": 1442.0, "y": 771.0}, {"x": 1386.0, "y": 771.0}]}, "description": " : 34"}, {"boundingPoly": {"vertices": [{"x": 991.0, "y": 809.0}, {"x": 1002.0, "y": 807.0}, {"x": 1002.0, "y": 827.0}, {"x": 992.0, "y": 829.0}]}, "description": "7"}, {"boundingPoly": {"vertices": [{"x": 1038.0, "y": 803.0}, {"x": 1140.0, "y": 803.0}, {"x": 1140.0, "y": 833.0}, {"x": 1038.0, "y": 833.0}]}, "description": " B13 Lai"}, {"boundingPoly": {"vertices": [{"x": 1038.0, "y": 836.0}, {"x": 1135.0, "y": 836.0}, {"x": 1134.0, "y": 865.0}, {"x": 1038.0, "y": 864.0}]}, "description": "B13 \u8247"}, {"boundingPoly": {"vertices": [{"x": 1041.0, "y": 868.0}, {"x": 1372.0, "y": 869.0}, {"x": 1372.0, "y": 897.0}, {"x": 1041.0, "y": 896.0}]}, "description": "P9 Dough Fritter Rice Ndl"}, {"boundingPoly": {"vertices": [{"x": 1037.0, "y": 899.0}, {"x": 1094.0, "y": 898.0}, {"x": 1095.0, "y": 925.0}, {"x": 1038.0, "y": 926.0}]}, "description": "Roll"}, {"boundingPoly": {"vertices": [{"x": 1145.0, "y": 804.0}, {"x": 1194.0, "y": 804.0}, {"x": 1194.0, "y": 834.0}, {"x": 1145.0, "y": 834.0}]}, "description": " Wan"}, {"boundingPoly": {"vertices": [{"x": 1199.0, "y": 804.0}, {"x": 1364.0, "y": 804.0}, {"x": 1364.0, "y": 836.0}, {"x": 1199.0, "y": 836.0}]}, "description": " Style Congee"}, {"boundingPoly": {"vertices": [{"x": 1479.0, "y": 809.0}, {"x": 1533.0, "y": 807.0}, {"x": 1533.0, "y": 836.0}, {"x": 1478.0, "y": 836.0}]}, "description": "6.95"}, {"boundingPoly": {"vertices": [{"x": 990.0, "y": 868.0}, {"x": 1000.0, "y": 870.0}, {"x": 1000.0, "y": 892.0}, {"x": 990.0, "y": 890.0}]}, "description": "1"}, {"boundingPoly": {"vertices": [{"x": 1478.0, "y": 870.0}, {"x": 1537.0, "y": 870.0}, {"x": 1537.0, "y": 899.0}, {"x": 1478.0, "y": 899.0}]}, "description": "4.95"}, {"boundingPoly": {"vertices": [{"x": 1092.0, "y": 995.0}, {"x": 1203.0, "y": 995.0}, {"x": 1202.0, "y": 1025.0}, {"x": 1092.0, "y": 1024.0}]}, "description": "Subtotal"}, {"boundingPoly": {"vertices": [{"x": 1091.0, "y": 1029.0}, {"x": 1133.0, "y": 1028.0}, {"x": 1132.0, "y": 1058.0}, {"x": 1090.0, "y": 1058.0}]}, "description": "HST"}, {"boundingPoly": {"vertices": [{"x": 1468.0, "y": 1001.0}, {"x": 1533.0, "y": 1000.0}, {"x": 1532.0, "y": 1029.0}, {"x": 1468.0, "y": 1028.0}]}, "description": "11.90"}, {"boundingPoly": {"vertices": [{"x": 1481.0, "y": 1031.0}, {"x": 1535.0, "y": 1030.0}, {"x": 1535.0, "y": 1060.0}, {"x": 1480.0, "y": 1060.0}]}, "description": "1.55"}, {"boundingPoly": {"vertices": [{"x": 977.0, "y": 1090.0}, {"x": 1103.0, "y": 1094.0}, {"x": 1102.0, "y": 1126.0}, {"x": 976.0, "y": 1121.0}]}, "description": "Total"}, {"boundingPoly": {"vertices": [{"x": 1405.0, "y": 1095.0}, {"x": 1531.0, "y": 1095.0}, {"x": 1531.0, "y": 1127.0}, {"x": 1405.0, "y": 1127.0}]}, "description": "13.45"}, {"boundingPoly": {"vertices": [{"x": 970.0, "y": 1221.0}, {"x": 1095.0, "y": 1221.0}, {"x": 1095.0, "y": 1255.0}, {"x": 970.0, "y": 1255.0}]}, "description": " Open Time"}, {"boundingPoly": {"vertices": [{"x": 1101.0, "y": 1222.0}, {"x": 1404.0, "y": 1222.0}, {"x": 1404.0, "y": 1256.0}, {"x": 1101.0, "y": 1256.0}]}, "description": " : Nov , 20 9 02:14PM"}, {"boundingPoly": {"vertices": [{"x": 1115.0, "y": 1291.0}, {"x": 1374.0, "y": 1291.0}, {"x": 1374.0, "y": 1318.0}, {"x": 1115.0, "y": 1318.0}]}, "description": "www.congesquenl.com"}, {"boundingPoly": {"vertices": [{"x": 1188.0, "y": 1352.0}, {"x": 1295.0, "y": 1352.0}, {"x": 1294.0, "y": 1385.0}, {"x": 1188.0, "y": 1384.0}]}, "description": "\u591a\u8c22\u5149\u81e8"}, {"boundingPoly": {"vertices": [{"x": 1183.0, "y": 1385.0}, {"x": 1305.0, "y": 1385.0}, {"x": 1305.0, "y": 1415.0}, {"x": 1183.0, "y": 1415.0}]}, "description": "Thank You"}]}