{"textAnnotations": [{"boundingPoly": {"vertices": [{"x": 245.0, "y": 68.0}, {"x": 455.0, "y": 68.0}, {"x": 455.0, "y": 114.0}, {"x": 245.0, "y": 113.0}]}, "description": "merchant name"}, {"boundingPoly": {"vertices": [{"x": 275.0, "y": 113.0}, {"x": 285.0, "y": 113.0}, {"x": 285.0, "y": 158.0}, {"x": 275.0, "y": 158.0}]}, "description": "merchant address"}, {"boundingPoly": {"vertices": [{"x": 259.0, "y": 161.0}, {"x": 434.0, "y": 156.0}, {"x": 435.0, "y": 203.0}, {"x": 260.0, "y": 207.0}]}, "description": "merchant address"}, {"boundingPoly": {"vertices": [{"x": 293.0, "y": 111.0}, {"x": 412.0, "y": 111.0}, {"x": 412.0, "y": 158.0}, {"x": 293.0, "y": 158.0}]}, "description": "merchant address"}, {"boundingPoly": {"vertices": [{"x": 288.0, "y": 206.0}, {"x": 407.0, "y": 204.0}, {"x": 406.0, "y": 249.0}, {"x": 288.0, "y": 249.0}]}, "description": "merchant phone"}, {"boundingPoly": {"vertices": [{"x": 387.0, "y": 277.0}, {"x": 547.0, "y": 274.0}, {"x": 548.0, "y": 318.0}, {"x": 388.0, "y": 321.0}]}, "description": "Call Number# 155"}, {"boundingPoly": {"vertices": [{"x": 458.0, "y": 319.0}, {"x": 541.0, "y": 319.0}, {"x": 541.0, "y": 361.0}, {"x": 458.0, "y": 361.0}]}, "description": " Go Order"}, {"boundingPoly": {"vertices": [{"x": 470.0, "y": 360.0}, {"x": 550.0, "y": 360.0}, {"x": 550.0, "y": 405.0}, {"x": 470.0, "y": 405.0}]}, "description": " Sajib M"}, {"boundingPoly": {"vertices": [{"x": 381.0, "y": 403.0}, {"x": 549.0, "y": 403.0}, {"x": 549.0, "y": 454.0}, {"x": 381.0, "y": 454.0}]}, "description": " 12/1/19, 7:48 PM"}, {"boundingPoly": {"vertices": [{"x": 493.0, "y": 493.0}, {"x": 552.0, "y": 490.0}, {"x": 555.0, "y": 537.0}, {"x": 496.0, "y": 540.0}]}, "description": "$5.95"}, {"boundingPoly": {"vertices": [{"x": 437.0, "y": 320.0}, {"x": 451.0, "y": 320.0}, {"x": 451.0, "y": 361.0}, {"x": 437.0, "y": 361.0}]}, "description": " To"}, {"boundingPoly": {"vertices": [{"x": 401.0, "y": 364.0}, {"x": 463.0, "y": 364.0}, {"x": 463.0, "y": 405.0}, {"x": 401.0, "y": 405.0}]}, "description": " Server:"}, {"boundingPoly": {"vertices": [{"x": 334.0, "y": 406.0}, {"x": 373.0, "y": 406.0}, {"x": 373.0, "y": 454.0}, {"x": 334.0, "y": 454.0}]}, "description": " Date:"}, {"boundingPoly": {"vertices": [{"x": 144.0, "y": 494.0}, {"x": 273.0, "y": 494.0}, {"x": 273.0, "y": 537.0}, {"x": 144.0, "y": 538.0}]}, "description": "Chicken Tikka"}, {"boundingPoly": {"vertices": [{"x": 173.0, "y": 539.0}, {"x": 236.0, "y": 539.0}, {"x": 236.0, "y": 585.0}, {"x": 173.0, "y": 585.0}]}, "description": " Paratha"}, {"boundingPoly": {"vertices": [{"x": 148.0, "y": 584.0}, {"x": 181.0, "y": 584.0}, {"x": 181.0, "y": 625.0}, {"x": 148.0, "y": 625.0}]}, "description": " Coke"}, {"boundingPoly": {"vertices": [{"x": 144.0, "y": 626.0}, {"x": 325.0, "y": 625.0}, {"x": 326.0, "y": 674.0}, {"x": 144.0, "y": 677.0}]}, "description": "Spicy Potato Chips"}, {"boundingPoly": {"vertices": [{"x": 140.0, "y": 715.0}, {"x": 231.0, "y": 715.0}, {"x": 231.0, "y": 762.0}, {"x": 140.0, "y": 762.0}]}, "description": " Subtotal:"}, {"boundingPoly": {"vertices": [{"x": 245.0, "y": 539.0}, {"x": 340.0, "y": 539.0}, {"x": 340.0, "y": 586.0}, {"x": 245.0, "y": 586.0}]}, "description": " (Classic)"}, {"boundingPoly": {"vertices": [{"x": 188.0, "y": 585.0}, {"x": 230.0, "y": 585.0}, {"x": 230.0, "y": 627.0}, {"x": 188.0, "y": 627.0}]}, "description": " Can"}, {"boundingPoly": {"vertices": [{"x": 494.0, "y": 583.0}, {"x": 552.0, "y": 581.0}, {"x": 553.0, "y": 627.0}, {"x": 495.0, "y": 629.0}]}, "description": "$1.75"}, {"boundingPoly": {"vertices": [{"x": 493.0, "y": 623.0}, {"x": 551.0, "y": 622.0}, {"x": 551.0, "y": 668.0}, {"x": 493.0, "y": 669.0}]}, "description": "$2.00"}, {"boundingPoly": {"vertices": [{"x": 143.0, "y": 757.0}, {"x": 244.0, "y": 757.0}, {"x": 244.0, "y": 807.0}, {"x": 143.0, "y": 807.0}]}, "description": " Total Tax:"}, {"boundingPoly": {"vertices": [{"x": 493.0, "y": 713.0}, {"x": 553.0, "y": 711.0}, {"x": 556.0, "y": 761.0}, {"x": 496.0, "y": 763.0}]}, "description": "$9.70"}, {"boundingPoly": {"vertices": [{"x": 493.0, "y": 756.0}, {"x": 550.0, "y": 753.0}, {"x": 554.0, "y": 801.0}, {"x": 497.0, "y": 804.0}]}, "description": "$0.86"}, {"boundingPoly": {"vertices": [{"x": 144.0, "y": 850.0}, {"x": 200.0, "y": 850.0}, {"x": 200.0, "y": 894.0}, {"x": 144.0, "y": 894.0}]}, "description": " Total:"}, {"boundingPoly": {"vertices": [{"x": 487.0, "y": 847.0}, {"x": 554.0, "y": 846.0}, {"x": 555.0, "y": 893.0}, {"x": 488.0, "y": 895.0}]}, "description": "$10.56"}, {"boundingPoly": {"vertices": [{"x": 206.0, "y": 954.0}, {"x": 493.0, "y": 953.0}, {"x": 493.0, "y": 1001.0}, {"x": 207.0, "y": 1003.0}]}, "description": "Thank you for dining with us!"}, {"boundingPoly": {"vertices": [{"x": 159.0, "y": 997.0}, {"x": 169.0, "y": 997.0}, {"x": 169.0, "y": 1043.0}, {"x": 159.0, "y": 1043.0}]}, "description": "merchant address"}, {"boundingPoly": {"vertices": [{"x": 177.0, "y": 997.0}, {"x": 472.0, "y": 997.0}, {"x": 472.0, "y": 1044.0}, {"x": 177.0, "y": 1044.0}]}, "description": " West 39th Street, New York, NY"}, {"boundingPoly": {"vertices": [{"x": 481.0, "y": 996.0}, {"x": 545.0, "y": 996.0}, {"x": 545.0, "y": 1044.0}, {"x": 481.0, "y": 1044.0}]}, "description": " 10017"}, {"boundingPoly": {"vertices": [{"x": 186.0, "y": 1041.0}, {"x": 443.0, "y": 1041.0}, {"x": 443.0, "y": 1088.0}, {"x": 186.0, "y": 1088.0}]}, "description": " 128 2nd Avenue, New York, NY"}, {"boundingPoly": {"vertices": [{"x": 452.0, "y": 1041.0}, {"x": 516.0, "y": 1041.0}, {"x": 516.0, "y": 1088.0}, {"x": 452.0, "y": 1088.0}]}, "description": " 10003"}, {"boundingPoly": {"vertices": [{"x": 156.0, "y": 1081.0}, {"x": 163.0, "y": 1081.0}, {"x": 163.0, "y": 1127.0}, {"x": 156.0, "y": 1127.0}]}, "description": " 99"}, {"boundingPoly": {"vertices": [{"x": 171.0, "y": 1081.0}, {"x": 345.0, "y": 1081.0}, {"x": 345.0, "y": 1130.0}, {"x": 171.0, "y": 1130.0}]}, "description": " Macdougal Street,"}, {"boundingPoly": {"vertices": [{"x": 354.0, "y": 1084.0}, {"x": 442.0, "y": 1084.0}, {"x": 442.0, "y": 1130.0}, {"x": 354.0, "y": 1130.0}]}, "description": " New York,"}, {"boundingPoly": {"vertices": [{"x": 431.0, "y": 1128.0}, {"x": 453.0, "y": 1128.0}, {"x": 453.0, "y": 1172.0}, {"x": 431.0, "y": 1172.0}]}, "description": " NY"}, {"boundingPoly": {"vertices": [{"x": 207.0, "y": 1170.0}, {"x": 460.0, "y": 1170.0}, {"x": 460.0, "y": 1223.0}, {"x": 207.0, "y": 1223.0}]}, "description": " Poland St. London MIF BOL,"}, {"boundingPoly": {"vertices": [{"x": 451.0, "y": 1084.0}, {"x": 473.0, "y": 1084.0}, {"x": 473.0, "y": 1130.0}, {"x": 451.0, "y": 1130.0}]}, "description": " NY"}, {"boundingPoly": {"vertices": [{"x": 482.0, "y": 1082.0}, {"x": 546.0, "y": 1082.0}, {"x": 546.0, "y": 1130.0}, {"x": 482.0, "y": 1130.0}]}, "description": " 10012"}, {"boundingPoly": {"vertices": [{"x": 462.0, "y": 1128.0}, {"x": 525.0, "y": 1128.0}, {"x": 525.0, "y": 1173.0}, {"x": 462.0, "y": 1173.0}]}, "description": " 10022"}, {"boundingPoly": {"vertices": [{"x": 470.0, "y": 1171.0}, {"x": 508.0, "y": 1171.0}, {"x": 508.0, "y": 1223.0}, {"x": 470.0, "y": 1223.0}]}, "description": " UK"}, {"boundingPoly": {"vertices": [{"x": 170.0, "y": 1126.0}, {"x": 422.0, "y": 1126.0}, {"x": 422.0, "y": 1173.0}, {"x": 170.0, "y": 1173.0}]}, "description": " 229 E 53rd Street New York,"}, {"boundingPoly": {"vertices": [{"x": 186.0, "y": 1170.0}, {"x": 197.0, "y": 1170.0}, {"x": 197.0, "y": 1223.0}, {"x": 186.0, "y": 1223.0}]}, "description": " 24"}]}