{"textAnnotations": [{"boundingPoly": {"vertices": [{"x": 979.0, "y": 351.0}, {"x": 981.0, "y": 394.0}, {"x": 962.0, "y": 395.0}, {"x": 960.0, "y": 353.0}]}, "description": "---"}, {"boundingPoly": {"vertices": [{"x": 558.0, "y": 358.0}, {"x": 909.0, "y": 356.0}, {"x": 910.0, "y": 404.0}, {"x": 558.0, "y": 405.0}]}, "description": "OPERATED BY"}, {"boundingPoly": {"vertices": [{"x": 464.0, "y": 451.0}, {"x": 879.0, "y": 451.0}, {"x": 878.0, "y": 541.0}, {"x": 464.0, "y": 538.0}]}, "description": "merchant name"}, {"boundingPoly": {"vertices": [{"x": 579.0, "y": 543.0}, {"x": 869.0, "y": 543.0}, {"x": 869.0, "y": 584.0}, {"x": 579.0, "y": 583.0}]}, "description": "merchant name"}, {"boundingPoly": {"vertices": [{"x": 458.0, "y": 628.0}, {"x": 957.0, "y": 636.0}, {"x": 956.0, "y": 684.0}, {"x": 458.0, "y": 675.0}]}, "description": "merchant address"}, {"boundingPoly": {"vertices": [{"x": 290.0, "y": 677.0}, {"x": 1122.0, "y": 692.0}, {"x": 1121.0, "y": 741.0}, {"x": 290.0, "y": 726.0}]}, "description": "merchant address"}, {"boundingPoly": {"vertices": [{"x": 271.0, "y": 896.0}, {"x": 503.0, "y": 897.0}, {"x": 503.0, "y": 944.0}, {"x": 271.0, "y": 942.0}]}, "description": "CHK 3294"}, {"boundingPoly": {"vertices": [{"x": 1036.0, "y": 906.0}, {"x": 1134.0, "y": 908.0}, {"x": 1132.0, "y": 948.0}, {"x": 1035.0, "y": 949.0}]}, "description": "GST"}, {"boundingPoly": {"vertices": [{"x": 1142.0, "y": 911.0}, {"x": 1172.0, "y": 911.0}, {"x": 1172.0, "y": 943.0}, {"x": 1143.0, "y": 943.0}]}, "description": "1"}, {"boundingPoly": {"vertices": [{"x": 503.0, "y": 953.0}, {"x": 745.0, "y": 954.0}, {"x": 745.0, "y": 1000.0}, {"x": 503.0, "y": 998.0}]}, "description": "NOVO8 ' 19"}, {"boundingPoly": {"vertices": [{"x": 784.0, "y": 958.0}, {"x": 953.0, "y": 958.0}, {"x": 953.0, "y": 1002.0}, {"x": 784.0, "y": 1002.0}]}, "description": " 3:36PM"}, {"boundingPoly": {"vertices": [{"x": 421.0, "y": 1055.0}, {"x": 564.0, "y": 1056.0}, {"x": 564.0, "y": 1101.0}, {"x": 420.0, "y": 1099.0}]}, "description": "TO GO"}, {"boundingPoly": {"vertices": [{"x": 352.0, "y": 1157.0}, {"x": 786.0, "y": 1159.0}, {"x": 786.0, "y": 1205.0}, {"x": 352.0, "y": 1203.0}]}, "description": "PIZ ART CHEESE"}, {"boundingPoly": {"vertices": [{"x": 584.0, "y": 1209.0}, {"x": 618.0, "y": 1209.0}, {"x": 618.0, "y": 1256.0}, {"x": 584.0, "y": 1256.0}]}, "description": " M"}, {"boundingPoly": {"vertices": [{"x": 982.0, "y": 1163.0}, {"x": 1090.0, "y": 1164.0}, {"x": 1089.0, "y": 1205.0}, {"x": 983.0, "y": 1207.0}]}, "description": "9.29"}, {"boundingPoly": {"vertices": [{"x": 981.0, "y": 1212.0}, {"x": 1090.0, "y": 1210.0}, {"x": 1088.0, "y": 1252.0}, {"x": 981.0, "y": 1254.0}]}, "description": "2.55"}, {"boundingPoly": {"vertices": [{"x": 387.0, "y": 1210.0}, {"x": 573.0, "y": 1210.0}, {"x": 573.0, "y": 1255.0}, {"x": 387.0, "y": 1255.0}]}, "description": " COFFEE"}, {"boundingPoly": {"vertices": [{"x": 392.0, "y": 1312.0}, {"x": 615.0, "y": 1312.0}, {"x": 616.0, "y": 1357.0}, {"x": 392.0, "y": 1358.0}]}, "description": "SUBTOTAL"}, {"boundingPoly": {"vertices": [{"x": 394.0, "y": 1364.0}, {"x": 841.0, "y": 1360.0}, {"x": 842.0, "y": 1406.0}, {"x": 395.0, "y": 1409.0}]}, "description": "FOODTX ADD207001"}, {"boundingPoly": {"vertices": [{"x": 827.0, "y": 1407.0}, {"x": 1079.0, "y": 1408.0}, {"x": 1079.0, "y": 1458.0}, {"x": 827.0, "y": 1457.0}]}, "description": "13.20"}, {"boundingPoly": {"vertices": [{"x": 395.0, "y": 1467.0}, {"x": 844.0, "y": 1463.0}, {"x": 845.0, "y": 1507.0}, {"x": 396.0, "y": 1513.0}]}, "description": "AT885219 XXX1006"}, {"boundingPoly": {"vertices": [{"x": 395.0, "y": 1520.0}, {"x": 592.0, "y": 1519.0}, {"x": 592.0, "y": 1564.0}, {"x": 395.0, "y": 1566.0}]}, "description": "AMEX CC"}, {"boundingPoly": {"vertices": [{"x": 284.0, "y": 1568.0}, {"x": 1174.0, "y": 1568.0}, {"x": 1174.0, "y": 1618.0}, {"x": 284.0, "y": 1618.0}]}, "description": " -- 105452 Closed NOV08 03:36PM- - -"}, {"boundingPoly": {"vertices": [{"x": 955.0, "y": 1309.0}, {"x": 1093.0, "y": 1311.0}, {"x": 1091.0, "y": 1353.0}, {"x": 956.0, "y": 1355.0}]}, "description": "11.84"}, {"boundingPoly": {"vertices": [{"x": 982.0, "y": 1360.0}, {"x": 1090.0, "y": 1360.0}, {"x": 1090.0, "y": 1406.0}, {"x": 981.0, "y": 1405.0}]}, "description": "1.36"}, {"boundingPoly": {"vertices": [{"x": 393.0, "y": 1416.0}, {"x": 708.0, "y": 1414.0}, {"x": 709.0, "y": 1457.0}, {"x": 393.0, "y": 1461.0}]}, "description": "AMOUNT PAID"}, {"boundingPoly": {"vertices": [{"x": 957.0, "y": 1516.0}, {"x": 1093.0, "y": 1516.0}, {"x": 1093.0, "y": 1559.0}, {"x": 957.0, "y": 1559.0}]}, "description": "13.20"}, {"boundingPoly": {"vertices": [{"x": 310.0, "y": 1677.0}, {"x": 1148.0, "y": 1669.0}, {"x": 1149.0, "y": 1717.0}, {"x": 310.0, "y": 1724.0}]}, "description": "WE WANT TO HEAR YOUR FEEDBACK!"}, {"boundingPoly": {"vertices": [{"x": 309.0, "y": 1729.0}, {"x": 1134.0, "y": 1722.0}, {"x": 1134.0, "y": 1768.0}, {"x": 310.0, "y": 1776.0}]}, "description": "PLEASE CONTACT 1-877-672-7467"}, {"boundingPoly": {"vertices": [{"x": 311.0, "y": 1781.0}, {"x": 1154.0, "y": 1777.0}, {"x": 1155.0, "y": 1824.0}, {"x": 311.0, "y": 1828.0}]}, "description": "OR CUSTOMERSERVICE@HMSHOST.COM"}, {"boundingPoly": {"vertices": [{"x": 365.0, "y": 1831.0}, {"x": 1074.0, "y": 1829.0}, {"x": 1074.0, "y": 1874.0}, {"x": 366.0, "y": 1876.0}]}, "description": "TO SHARE YOUR EXPERIENCE."}, {"boundingPoly": {"vertices": [{"x": 486.0, "y": 1927.0}, {"x": 726.0, "y": 1927.0}, {"x": 726.0, "y": 1973.0}, {"x": 486.0, "y": 1973.0}]}, "description": " STOREID:"}, {"boundingPoly": {"vertices": [{"x": 733.0, "y": 1924.0}, {"x": 960.0, "y": 1924.0}, {"x": 960.0, "y": 1972.0}, {"x": 733.0, "y": 1972.0}]}, "description": " ORDBDC02"}, {"boundingPoly": {"vertices": [{"x": 325.0, "y": 2126.0}, {"x": 920.0, "y": 2126.0}, {"x": 920.0, "y": 2176.0}, {"x": 325.0, "y": 2176.0}]}, "description": " Your order number is:"}, {"boundingPoly": {"vertices": [{"x": 935.0, "y": 2120.0}, {"x": 1145.0, "y": 2120.0}, {"x": 1145.0, "y": 2169.0}, {"x": 935.0, "y": 2169.0}]}, "description": " 3294"}]}