{"textAnnotations": [{"boundingPoly": {"vertices": [{"x": 107.0, "y": 12.0}, {"x": 183.0, "y": 22.0}, {"x": 181.0, "y": 35.0}, {"x": 105.0, "y": 24.0}]}, "description": "merchant name"}, {"boundingPoly": {"vertices": [{"x": 82.0, "y": 49.0}, {"x": 120.0, "y": 49.0}, {"x": 120.0, "y": 65.0}, {"x": 82.0, "y": 65.0}]}, "description": " Tels:"}, {"boundingPoly": {"vertices": [{"x": 52.0, "y": 72.0}, {"x": 160.0, "y": 72.0}, {"x": 160.0, "y": 102.0}, {"x": 52.0, "y": 102.0}]}, "description": " Store#:"}, {"boundingPoly": {"vertices": [{"x": 137.0, "y": 100.0}, {"x": 274.0, "y": 100.0}, {"x": 274.0, "y": 137.0}, {"x": 137.0, "y": 137.0}]}, "description": " 1LNV4YJC5X"}, {"boundingPoly": {"vertices": [{"x": 75.0, "y": 21.0}, {"x": 215.0, "y": 34.0}, {"x": 214.0, "y": 49.0}, {"x": 74.0, "y": 36.0}]}, "description": "merchant address"}, {"boundingPoly": {"vertices": [{"x": 122.0, "y": 52.0}, {"x": 281.0, "y": 52.0}, {"x": 281.0, "y": 88.0}, {"x": 122.0, "y": 88.0}]}, "description": "merchant phone"}, {"boundingPoly": {"vertices": [{"x": 26.0, "y": 93.0}, {"x": 132.0, "y": 93.0}, {"x": 132.0, "y": 121.0}, {"x": 26.0, "y": 121.0}]}, "description": " TRANS#:"}, {"boundingPoly": {"vertices": [{"x": 74.0, "y": 130.0}, {"x": 223.0, "y": 138.0}, {"x": 222.0, "y": 154.0}, {"x": 73.0, "y": 144.0}]}, "description": "Walcome to McDonald's"}, {"boundingPoly": {"vertices": [{"x": 162.0, "y": 81.0}, {"x": 319.0, "y": 81.0}, {"x": 319.0, "y": 106.0}, {"x": 162.0, "y": 106.0}]}, "description": " 3211 Young"}, {"boundingPoly": {"vertices": [{"x": 107.0, "y": 177.0}, {"x": 221.0, "y": 177.0}, {"x": 218.0, "y": 269.0}, {"x": 105.0, "y": 271.0}]}, "description": "263"}, {"boundingPoly": {"vertices": [{"x": 133.0, "y": 313.0}, {"x": 287.0, "y": 313.0}, {"x": 287.0, "y": 333.0}, {"x": 133.0, "y": 333.0}]}, "description": " 12/05/2019 12:15:36 PM"}, {"boundingPoly": {"vertices": [{"x": 11.0, "y": 311.0}, {"x": 50.0, "y": 312.0}, {"x": 50.0, "y": 330.0}, {"x": 11.0, "y": 329.0}]}, "description": "KS# 2"}, {"boundingPoly": {"vertices": [{"x": 324.0, "y": 325.0}, {"x": 323.0, "y": 382.0}, {"x": 310.0, "y": 382.0}, {"x": 310.0, "y": 325.0}]}, "description": "PLEASE"}, {"boundingPoly": {"vertices": [{"x": 10.0, "y": 346.0}, {"x": 71.0, "y": 347.0}, {"x": 70.0, "y": 364.0}, {"x": 10.0, "y": 363.0}]}, "description": "QTY ITEM"}, {"boundingPoly": {"vertices": [{"x": 24.0, "y": 364.0}, {"x": 161.0, "y": 367.0}, {"x": 161.0, "y": 384.0}, {"x": 24.0, "y": 381.0}]}, "description": "2 Ranch Wrap Crispy"}, {"boundingPoly": {"vertices": [{"x": 37.0, "y": 382.0}, {"x": 140.0, "y": 382.0}, {"x": 140.0, "y": 400.0}, {"x": 37.0, "y": 400.0}]}, "description": " M French Fries"}, {"boundingPoly": {"vertices": [{"x": 250.0, "y": 350.0}, {"x": 288.0, "y": 351.0}, {"x": 287.0, "y": 367.0}, {"x": 250.0, "y": 367.0}]}, "description": "TOTAL"}, {"boundingPoly": {"vertices": [{"x": 254.0, "y": 367.0}, {"x": 288.0, "y": 368.0}, {"x": 287.0, "y": 383.0}, {"x": 254.0, "y": 384.0}]}, "description": "5.38"}, {"boundingPoly": {"vertices": [{"x": 254.0, "y": 383.0}, {"x": 287.0, "y": 385.0}, {"x": 286.0, "y": 400.0}, {"x": 254.0, "y": 399.0}]}, "description": "3.29"}, {"boundingPoly": {"vertices": [{"x": 25.0, "y": 381.0}, {"x": 34.0, "y": 381.0}, {"x": 34.0, "y": 398.0}, {"x": 25.0, "y": 398.0}]}, "description": " 1"}, {"boundingPoly": {"vertices": [{"x": 11.0, "y": 415.0}, {"x": 69.0, "y": 416.0}, {"x": 68.0, "y": 432.0}, {"x": 11.0, "y": 431.0}]}, "description": "Subtotal"}, {"boundingPoly": {"vertices": [{"x": 13.0, "y": 432.0}, {"x": 31.0, "y": 432.0}, {"x": 30.0, "y": 448.0}, {"x": 12.0, "y": 448.0}]}, "description": "HST"}, {"boundingPoly": {"vertices": [{"x": 11.0, "y": 450.0}, {"x": 111.0, "y": 450.0}, {"x": 111.0, "y": 468.0}, {"x": 11.0, "y": 466.0}]}, "description": "Take-Out Total"}, {"boundingPoly": {"vertices": [{"x": 256.0, "y": 417.0}, {"x": 287.0, "y": 418.0}, {"x": 286.0, "y": 434.0}, {"x": 256.0, "y": 434.0}]}, "description": "8.67"}, {"boundingPoly": {"vertices": [{"x": 255.0, "y": 435.0}, {"x": 287.0, "y": 436.0}, {"x": 287.0, "y": 452.0}, {"x": 256.0, "y": 452.0}]}, "description": "1.13"}, {"boundingPoly": {"vertices": [{"x": 255.0, "y": 452.0}, {"x": 288.0, "y": 453.0}, {"x": 287.0, "y": 469.0}, {"x": 254.0, "y": 469.0}]}, "description": "9.80"}, {"boundingPoly": {"vertices": [{"x": 10.0, "y": 484.0}, {"x": 91.0, "y": 484.0}, {"x": 90.0, "y": 501.0}, {"x": 10.0, "y": 500.0}]}, "description": "CREDIT CARD"}, {"boundingPoly": {"vertices": [{"x": 10.0, "y": 502.0}, {"x": 56.0, "y": 504.0}, {"x": 56.0, "y": 519.0}, {"x": 9.0, "y": 517.0}]}, "description": "Change"}, {"boundingPoly": {"vertices": [{"x": 254.0, "y": 487.0}, {"x": 288.0, "y": 487.0}, {"x": 286.0, "y": 504.0}, {"x": 254.0, "y": 504.0}]}, "description": "9.80"}, {"boundingPoly": {"vertices": [{"x": 255.0, "y": 504.0}, {"x": 288.0, "y": 505.0}, {"x": 287.0, "y": 521.0}, {"x": 255.0, "y": 520.0}]}, "description": "0.00"}, {"boundingPoly": {"vertices": [{"x": 324.0, "y": 531.0}, {"x": 322.0, "y": 630.0}, {"x": 310.0, "y": 630.0}, {"x": 311.0, "y": 531.0}]}, "description": "PLEASE TURN I"}, {"boundingPoly": {"vertices": [{"x": 96.0, "y": 554.0}, {"x": 204.0, "y": 555.0}, {"x": 204.0, "y": 572.0}, {"x": 96.0, "y": 571.0}]}, "description": "GST # 120907092"}, {"boundingPoly": {"vertices": [{"x": 11.0, "y": 589.0}, {"x": 287.0, "y": 591.0}, {"x": 287.0, "y": 607.0}, {"x": 11.0, "y": 604.0}]}, "description": "========= TRANSACTION RECORD =========="}, {"boundingPoly": {"vertices": [{"x": 15.0, "y": 622.0}, {"x": 50.0, "y": 622.0}, {"x": 50.0, "y": 640.0}, {"x": 15.0, "y": 640.0}]}, "description": " TYPE:"}, {"boundingPoly": {"vertices": [{"x": 53.0, "y": 622.0}, {"x": 113.0, "y": 622.0}, {"x": 113.0, "y": 640.0}, {"x": 53.0, "y": 640.0}]}, "description": " PURCHASE"}, {"boundingPoly": {"vertices": [{"x": 15.0, "y": 657.0}, {"x": 51.0, "y": 657.0}, {"x": 51.0, "y": 673.0}, {"x": 15.0, "y": 673.0}]}, "description": " ACCT:"}, {"boundingPoly": {"vertices": [{"x": 54.0, "y": 657.0}, {"x": 87.0, "y": 657.0}, {"x": 87.0, "y": 674.0}, {"x": 54.0, "y": 674.0}]}, "description": " AMEX"}, {"boundingPoly": {"vertices": [{"x": 240.0, "y": 658.0}, {"x": 271.0, "y": 660.0}, {"x": 270.0, "y": 674.0}, {"x": 240.0, "y": 674.0}]}, "description": "9.80"}, {"boundingPoly": {"vertices": [{"x": 16.0, "y": 708.0}, {"x": 101.0, "y": 708.0}, {"x": 101.0, "y": 724.0}, {"x": 16.0, "y": 724.0}]}, "description": " CARD NUMBER:"}, {"boundingPoly": {"vertices": [{"x": 16.0, "y": 725.0}, {"x": 93.0, "y": 725.0}, {"x": 93.0, "y": 741.0}, {"x": 16.0, "y": 741.0}]}, "description": " DATE/TIME:"}, {"boundingPoly": {"vertices": [{"x": 16.0, "y": 742.0}, {"x": 101.0, "y": 742.0}, {"x": 101.0, "y": 759.0}, {"x": 16.0, "y": 759.0}]}, "description": " REFERENCE #:"}, {"boundingPoly": {"vertices": [{"x": 14.0, "y": 759.0}, {"x": 89.0, "y": 759.0}, {"x": 89.0, "y": 776.0}, {"x": 14.0, "y": 776.0}]}, "description": " AUTHOR. #:"}, {"boundingPoly": {"vertices": [{"x": 17.0, "y": 775.0}, {"x": 74.0, "y": 775.0}, {"x": 74.0, "y": 793.0}, {"x": 17.0, "y": 793.0}]}, "description": " TRANS #:"}, {"boundingPoly": {"vertices": [{"x": 104.0, "y": 708.0}, {"x": 210.0, "y": 708.0}, {"x": 210.0, "y": 725.0}, {"x": 104.0, "y": 725.0}]}, "description": " *********** 4007"}, {"boundingPoly": {"vertices": [{"x": 103.0, "y": 726.0}, {"x": 244.0, "y": 726.0}, {"x": 244.0, "y": 743.0}, {"x": 103.0, "y": 743.0}]}, "description": " 05-Dec-2019 12:15:54"}, {"boundingPoly": {"vertices": [{"x": 104.0, "y": 742.0}, {"x": 251.0, "y": 742.0}, {"x": 251.0, "y": 760.0}, {"x": 104.0, "y": 760.0}]}, "description": " 66164220 0010640640 C"}, {"boundingPoly": {"vertices": [{"x": 105.0, "y": 759.0}, {"x": 149.0, "y": 759.0}, {"x": 149.0, "y": 775.0}, {"x": 105.0, "y": 775.0}]}, "description": "886265"}, {"boundingPoly": {"vertices": [{"x": 106.0, "y": 776.0}, {"x": 175.0, "y": 776.0}, {"x": 176.0, "y": 792.0}, {"x": 106.0, "y": 792.0}]}, "description": "1LNV4YJC5X"}, {"boundingPoly": {"vertices": [{"x": 321.0, "y": 734.0}, {"x": 320.0, "y": 896.0}, {"x": 307.0, "y": 896.0}, {"x": 307.0, "y": 734.0}]}, "description": "PLEASE TURN THIS OVERT"}, {"boundingPoly": {"vertices": [{"x": 320.0, "y": 937.0}, {"x": 321.0, "y": 1104.0}, {"x": 308.0, "y": 1104.0}, {"x": 308.0, "y": 937.0}]}, "description": "PLEASE TURN TIES SWINE"}, {"boundingPoly": {"vertices": [{"x": 15.0, "y": 810.0}, {"x": 35.0, "y": 810.0}, {"x": 35.0, "y": 825.0}, {"x": 15.0, "y": 825.0}]}, "description": " APP"}, {"boundingPoly": {"vertices": [{"x": 16.0, "y": 827.0}, {"x": 45.0, "y": 827.0}, {"x": 45.0, "y": 843.0}, {"x": 16.0, "y": 843.0}]}, "description": " AID:"}, {"boundingPoly": {"vertices": [{"x": 17.0, "y": 844.0}, {"x": 78.0, "y": 844.0}, {"x": 78.0, "y": 860.0}, {"x": 17.0, "y": 860.0}]}, "description": " ARQC TVR:"}, {"boundingPoly": {"vertices": [{"x": 17.0, "y": 861.0}, {"x": 54.0, "y": 861.0}, {"x": 54.0, "y": 876.0}, {"x": 17.0, "y": 876.0}]}, "description": " ARQC:"}, {"boundingPoly": {"vertices": [{"x": 14.0, "y": 878.0}, {"x": 64.0, "y": 878.0}, {"x": 64.0, "y": 893.0}, {"x": 14.0, "y": 893.0}]}, "description": " TC/AAC:"}, {"boundingPoly": {"vertices": [{"x": 16.0, "y": 894.0}, {"x": 121.0, "y": 894.0}, {"x": 121.0, "y": 911.0}, {"x": 16.0, "y": 911.0}]}, "description": "VERIFIED BY PIN"}, {"boundingPoly": {"vertices": [{"x": 38.0, "y": 810.0}, {"x": 43.0, "y": 810.0}, {"x": 43.0, "y": 825.0}, {"x": 38.0, "y": 825.0}]}, "description": " :"}, {"boundingPoly": {"vertices": [{"x": 126.0, "y": 810.0}, {"x": 237.0, "y": 810.0}, {"x": 237.0, "y": 827.0}, {"x": 125.0, "y": 826.0}]}, "description": "AMERICAN EXPRESS"}, {"boundingPoly": {"vertices": [{"x": 126.0, "y": 827.0}, {"x": 235.0, "y": 828.0}, {"x": 234.0, "y": 844.0}, {"x": 125.0, "y": 843.0}]}, "description": "A000000025010801"}, {"boundingPoly": {"vertices": [{"x": 125.0, "y": 844.0}, {"x": 222.0, "y": 845.0}, {"x": 222.0, "y": 861.0}, {"x": 125.0, "y": 860.0}]}, "description": "0000008000F800"}, {"boundingPoly": {"vertices": [{"x": 127.0, "y": 861.0}, {"x": 237.0, "y": 861.0}, {"x": 236.0, "y": 878.0}, {"x": 127.0, "y": 877.0}]}, "description": "118483FA781602E3"}, {"boundingPoly": {"vertices": [{"x": 127.0, "y": 878.0}, {"x": 236.0, "y": 879.0}, {"x": 236.0, "y": 896.0}, {"x": 127.0, "y": 894.0}]}, "description": "70939F4FC8607200"}, {"boundingPoly": {"vertices": [{"x": 55.0, "y": 928.0}, {"x": 244.0, "y": 929.0}, {"x": 243.0, "y": 946.0}, {"x": 55.0, "y": 945.0}]}, "description": "00 APPROVED - THANK YOU 025"}, {"boundingPoly": {"vertices": [{"x": 13.0, "y": 961.0}, {"x": 237.0, "y": 965.0}, {"x": 236.0, "y": 981.0}, {"x": 13.0, "y": 977.0}]}, "description": "IMPORTANT - retain this copy for"}, {"boundingPoly": {"vertices": [{"x": 95.0, "y": 982.0}, {"x": 180.0, "y": 982.0}, {"x": 181.0, "y": 996.0}, {"x": 95.0, "y": 997.0}]}, "description": "your records"}, {"boundingPoly": {"vertices": [{"x": 12.0, "y": 1031.0}, {"x": 200.0, "y": 1032.0}, {"x": 200.0, "y": 1048.0}, {"x": 11.0, "y": 1047.0}]}, "description": "***** CARDHOLDER COPY *****"}]}