{"textAnnotations": [{"boundingPoly": {"vertices": [{"x": 106.0, "y": 63.0}, {"x": 375.0, "y": 66.0}, {"x": 375.0, "y": 84.0}, {"x": 105.0, "y": 80.0}]}, "description": "Thank You For Visiting the"}, {"boundingPoly": {"vertices": [{"x": 107.0, "y": 82.0}, {"x": 371.0, "y": 86.0}, {"x": 371.0, "y": 107.0}, {"x": 107.0, "y": 104.0}]}, "description": "merchant name"}, {"boundingPoly": {"vertices": [{"x": 153.0, "y": 106.0}, {"x": 324.0, "y": 111.0}, {"x": 323.0, "y": 134.0}, {"x": 153.0, "y": 129.0}]}, "description": "Matthew Fraysier"}, {"boundingPoly": {"vertices": [{"x": 160.0, "y": 133.0}, {"x": 318.0, "y": 137.0}, {"x": 317.0, "y": 159.0}, {"x": 159.0, "y": 155.0}]}, "description": "General Manager"}, {"boundingPoly": {"vertices": [{"x": 176.0, "y": 160.0}, {"x": 311.0, "y": 162.0}, {"x": 311.0, "y": 187.0}, {"x": 175.0, "y": 185.0}]}, "description": "merchant phone"}, {"boundingPoly": {"vertices": [{"x": 124.0, "y": 187.0}, {"x": 354.0, "y": 191.0}, {"x": 354.0, "y": 214.0}, {"x": 123.0, "y": 210.0}]}, "description": "We Love Your Feedback!"}, {"boundingPoly": {"vertices": [{"x": 118.0, "y": 214.0}, {"x": 361.0, "y": 219.0}, {"x": 361.0, "y": 242.0}, {"x": 118.0, "y": 237.0}]}, "description": "Text @LTF11479 to 73940"}, {"boundingPoly": {"vertices": [{"x": 423.0, "y": 279.0}, {"x": 457.0, "y": 280.0}, {"x": 456.0, "y": 300.0}, {"x": 422.0, "y": 299.0}]}, "description": "USD"}, {"boundingPoly": {"vertices": [{"x": 413.0, "y": 305.0}, {"x": 457.0, "y": 306.0}, {"x": 457.0, "y": 329.0}, {"x": 413.0, "y": 329.0}]}, "description": "2.85"}, {"boundingPoly": {"vertices": [{"x": 27.0, "y": 300.0}, {"x": 76.0, "y": 300.0}, {"x": 76.0, "y": 326.0}, {"x": 27.0, "y": 326.0}]}, "description": " Soup"}, {"boundingPoly": {"vertices": [{"x": 80.0, "y": 300.0}, {"x": 98.0, "y": 300.0}, {"x": 98.0, "y": 326.0}, {"x": 80.0, "y": 326.0}]}, "description": " -"}, {"boundingPoly": {"vertices": [{"x": 102.0, "y": 301.0}, {"x": 150.0, "y": 301.0}, {"x": 150.0, "y": 326.0}, {"x": 102.0, "y": 326.0}]}, "description": " 12oz"}, {"boundingPoly": {"vertices": [{"x": 271.0, "y": 360.0}, {"x": 365.0, "y": 362.0}, {"x": 365.0, "y": 386.0}, {"x": 271.0, "y": 385.0}]}, "description": "Sub Total"}, {"boundingPoly": {"vertices": [{"x": 270.0, "y": 391.0}, {"x": 376.0, "y": 392.0}, {"x": 376.0, "y": 414.0}, {"x": 270.0, "y": 413.0}]}, "description": "Tax Amount"}, {"boundingPoly": {"vertices": [{"x": 412.0, "y": 363.0}, {"x": 456.0, "y": 364.0}, {"x": 456.0, "y": 387.0}, {"x": 411.0, "y": 387.0}]}, "description": "2.85"}, {"boundingPoly": {"vertices": [{"x": 410.0, "y": 391.0}, {"x": 457.0, "y": 392.0}, {"x": 457.0, "y": 415.0}, {"x": 410.0, "y": 415.0}]}, "description": "0.25"}, {"boundingPoly": {"vertices": [{"x": 17.0, "y": 469.0}, {"x": 212.0, "y": 469.0}, {"x": 212.0, "y": 510.0}, {"x": 17.0, "y": 510.0}]}, "description": "Total USD"}, {"boundingPoly": {"vertices": [{"x": 372.0, "y": 476.0}, {"x": 456.0, "y": 474.0}, {"x": 457.0, "y": 511.0}, {"x": 372.0, "y": 511.0}]}, "description": "3.10"}, {"boundingPoly": {"vertices": [{"x": 13.0, "y": 595.0}, {"x": 244.0, "y": 595.0}, {"x": 244.0, "y": 618.0}, {"x": 13.0, "y": 619.0}]}, "description": "5009 AMERICAN EXPRESS"}, {"boundingPoly": {"vertices": [{"x": 418.0, "y": 597.0}, {"x": 462.0, "y": 598.0}, {"x": 462.0, "y": 621.0}, {"x": 417.0, "y": 621.0}]}, "description": "3.10"}, {"boundingPoly": {"vertices": [{"x": 13.0, "y": 683.0}, {"x": 50.0, "y": 683.0}, {"x": 50.0, "y": 707.0}, {"x": 13.0, "y": 707.0}]}, "description": "Tax"}, {"boundingPoly": {"vertices": [{"x": 15.0, "y": 712.0}, {"x": 104.0, "y": 710.0}, {"x": 105.0, "y": 735.0}, {"x": 16.0, "y": 737.0}]}, "description": "() 8.875"}, {"boundingPoly": {"vertices": [{"x": 187.0, "y": 682.0}, {"x": 348.0, "y": 682.0}, {"x": 348.0, "y": 708.0}, {"x": 187.0, "y": 708.0}]}, "description": " Taxable Amount"}, {"boundingPoly": {"vertices": [{"x": 290.0, "y": 711.0}, {"x": 337.0, "y": 711.0}, {"x": 337.0, "y": 734.0}, {"x": 290.0, "y": 735.0}]}, "description": "2.85"}, {"boundingPoly": {"vertices": [{"x": 355.0, "y": 682.0}, {"x": 462.0, "y": 682.0}, {"x": 462.0, "y": 707.0}, {"x": 355.0, "y": 707.0}]}, "description": " Tax Amount"}, {"boundingPoly": {"vertices": [{"x": 415.0, "y": 711.0}, {"x": 460.0, "y": 711.0}, {"x": 460.0, "y": 732.0}, {"x": 415.0, "y": 733.0}]}, "description": "0.25"}, {"boundingPoly": {"vertices": [{"x": 21.0, "y": 792.0}, {"x": 456.0, "y": 792.0}, {"x": 456.0, "y": 816.0}, {"x": 21.0, "y": 816.0}]}, "description": " 11/25/2019 11:53 AM #:27235 Op:119 C:1111"}, {"boundingPoly": {"vertices": [{"x": 24.0, "y": 818.0}, {"x": 74.0, "y": 818.0}, {"x": 74.0, "y": 837.0}, {"x": 24.0, "y": 837.0}]}, "description": " 13 S:"}, {"boundingPoly": {"vertices": [{"x": 26.0, "y": 840.0}, {"x": 133.0, "y": 840.0}, {"x": 133.0, "y": 858.0}, {"x": 26.0, "y": 858.0}]}, "description": " Served you"}, {"boundingPoly": {"vertices": [{"x": 77.0, "y": 818.0}, {"x": 118.0, "y": 818.0}, {"x": 118.0, "y": 838.0}, {"x": 77.0, "y": 838.0}]}, "description": " 1111"}, {"boundingPoly": {"vertices": [{"x": 140.0, "y": 840.0}, {"x": 384.0, "y": 840.0}, {"x": 384.0, "y": 860.0}, {"x": 140.0, "y": 860.0}]}, "description": " : AENY Self Checkout - 3"}]}