{"textAnnotations": [{"boundingPoly": {"vertices": [{"x": 518.0, "y": 576.0}, {"x": 712.0, "y": 560.0}, {"x": 716.0, "y": 610.0}, {"x": 522.0, "y": 625.0}]}, "description": "merchant name"}, {"boundingPoly": {"vertices": [{"x": 539.0, "y": 720.0}, {"x": 726.0, "y": 711.0}, {"x": 728.0, "y": 748.0}, {"x": 541.0, "y": 758.0}]}, "description": "PURE GOODNESS"}, {"boundingPoly": {"vertices": [{"x": 512.0, "y": 798.0}, {"x": 743.0, "y": 789.0}, {"x": 744.0, "y": 817.0}, {"x": 514.0, "y": 826.0}]}, "description": "merchant address"}, {"boundingPoly": {"vertices": [{"x": 549.0, "y": 859.0}, {"x": 723.0, "y": 853.0}, {"x": 724.0, "y": 880.0}, {"x": 549.0, "y": 887.0}]}, "description": "merchant phone"}, {"boundingPoly": {"vertices": [{"x": 509.0, "y": 892.0}, {"x": 752.0, "y": 888.0}, {"x": 753.0, "y": 912.0}, {"x": 510.0, "y": 918.0}]}, "description": "www.skinnypizza.com"}, {"boundingPoly": {"vertices": [{"x": 553.0, "y": 827.0}, {"x": 706.0, "y": 822.0}, {"x": 707.0, "y": 850.0}, {"x": 554.0, "y": 855.0}]}, "description": "merchant address"}, {"boundingPoly": {"vertices": [{"x": 514.0, "y": 920.0}, {"x": 767.0, "y": 915.0}, {"x": 768.0, "y": 943.0}, {"x": 515.0, "y": 950.0}]}, "description": "ORDER # 26"}, {"boundingPoly": {"vertices": [{"x": 400.0, "y": 1046.0}, {"x": 498.0, "y": 1045.0}, {"x": 498.0, "y": 1072.0}, {"x": 400.0, "y": 1073.0}]}, "description": "Chk 2426"}, {"boundingPoly": {"vertices": [{"x": 608.0, "y": 1043.0}, {"x": 911.0, "y": 1043.0}, {"x": 911.0, "y": 1073.0}, {"x": 608.0, "y": 1073.0}]}, "description": " Nov01'19 07:19P Gst 0"}, {"boundingPoly": {"vertices": [{"x": 444.0, "y": 1108.0}, {"x": 620.0, "y": 1108.0}, {"x": 620.0, "y": 1135.0}, {"x": 444.0, "y": 1137.0}]}, "description": "TO STAY"}, {"boundingPoly": {"vertices": [{"x": 441.0, "y": 1143.0}, {"x": 599.0, "y": 1143.0}, {"x": 599.0, "y": 1173.0}, {"x": 441.0, "y": 1173.0}]}, "description": " Veggie Slice"}, {"boundingPoly": {"vertices": [{"x": 437.0, "y": 1174.0}, {"x": 560.0, "y": 1174.0}, {"x": 560.0, "y": 1205.0}, {"x": 437.0, "y": 1205.0}]}, "description": " PEPPERONI"}, {"boundingPoly": {"vertices": [{"x": 428.0, "y": 1209.0}, {"x": 623.0, "y": 1209.0}, {"x": 623.0, "y": 1238.0}, {"x": 428.0, "y": 1237.0}]}, "description": "XXXXXXXXXXX1000"}, {"boundingPoly": {"vertices": [{"x": 439.0, "y": 1245.0}, {"x": 495.0, "y": 1246.0}, {"x": 493.0, "y": 1270.0}, {"x": 438.0, "y": 1269.0}]}, "description": "Amex"}, {"boundingPoly": {"vertices": [{"x": 420.0, "y": 1143.0}, {"x": 435.0, "y": 1143.0}, {"x": 435.0, "y": 1173.0}, {"x": 420.0, "y": 1173.0}]}, "description": " 1"}, {"boundingPoly": {"vertices": [{"x": 420.0, "y": 1174.0}, {"x": 432.0, "y": 1174.0}, {"x": 432.0, "y": 1204.0}, {"x": 420.0, "y": 1204.0}]}, "description": " 1"}, {"boundingPoly": {"vertices": [{"x": 818.0, "y": 1144.0}, {"x": 875.0, "y": 1144.0}, {"x": 873.0, "y": 1173.0}, {"x": 816.0, "y": 1173.0}]}, "description": "4.80"}, {"boundingPoly": {"vertices": [{"x": 820.0, "y": 1176.0}, {"x": 877.0, "y": 1178.0}, {"x": 878.0, "y": 1207.0}, {"x": 818.0, "y": 1205.0}]}, "description": "4.00"}, {"boundingPoly": {"vertices": [{"x": 819.0, "y": 1244.0}, {"x": 876.0, "y": 1245.0}, {"x": 876.0, "y": 1274.0}, {"x": 819.0, "y": 1274.0}]}, "description": "9.58"}, {"boundingPoly": {"vertices": [{"x": 437.0, "y": 1308.0}, {"x": 542.0, "y": 1310.0}, {"x": 541.0, "y": 1342.0}, {"x": 437.0, "y": 1340.0}]}, "description": "Subtotal"}, {"boundingPoly": {"vertices": [{"x": 438.0, "y": 1345.0}, {"x": 484.0, "y": 1348.0}, {"x": 483.0, "y": 1375.0}, {"x": 437.0, "y": 1373.0}]}, "description": "Tax"}, {"boundingPoly": {"vertices": [{"x": 435.0, "y": 1381.0}, {"x": 529.0, "y": 1384.0}, {"x": 527.0, "y": 1414.0}, {"x": 433.0, "y": 1413.0}]}, "description": "Payment"}, {"boundingPoly": {"vertices": [{"x": 824.0, "y": 1315.0}, {"x": 882.0, "y": 1316.0}, {"x": 881.0, "y": 1344.0}, {"x": 824.0, "y": 1345.0}]}, "description": "8.80"}, {"boundingPoly": {"vertices": [{"x": 822.0, "y": 1352.0}, {"x": 882.0, "y": 1352.0}, {"x": 881.0, "y": 1379.0}, {"x": 822.0, "y": 1379.0}]}, "description": "0.78"}, {"boundingPoly": {"vertices": [{"x": 770.0, "y": 1383.0}, {"x": 881.0, "y": 1386.0}, {"x": 881.0, "y": 1419.0}, {"x": 769.0, "y": 1417.0}]}, "description": "9.58"}]}