{"textAnnotations": [{"boundingPoly": {"vertices": [{"x": 215.0, "y": 142.0}, {"x": 334.0, "y": 141.0}, {"x": 334.0, "y": 167.0}, {"x": 215.0, "y": 168.0}]}, "description": "merchant name"}, {"boundingPoly": {"vertices": [{"x": 136.0, "y": 174.0}, {"x": 415.0, "y": 171.0}, {"x": 415.0, "y": 199.0}, {"x": 136.0, "y": 202.0}]}, "description": "merchant address"}, {"boundingPoly": {"vertices": [{"x": 252.0, "y": 206.0}, {"x": 356.0, "y": 206.0}, {"x": 356.0, "y": 232.0}, {"x": 252.0, "y": 232.0}]}, "description": " 795871659"}, {"boundingPoly": {"vertices": [{"x": 195.0, "y": 207.0}, {"x": 247.0, "y": 207.0}, {"x": 247.0, "y": 233.0}, {"x": 195.0, "y": 233.0}]}, "description": " VAT:"}, {"boundingPoly": {"vertices": [{"x": 50.0, "y": 268.0}, {"x": 199.0, "y": 268.0}, {"x": 199.0, "y": 292.0}, {"x": 50.0, "y": 293.0}]}, "description": "24565 FroialF"}, {"boundingPoly": {"vertices": [{"x": 219.0, "y": 325.0}, {"x": 325.0, "y": 325.0}, {"x": 325.0, "y": 348.0}, {"x": 219.0, "y": 348.0}]}, "description": "CHK 12775"}, {"boundingPoly": {"vertices": [{"x": 102.0, "y": 381.0}, {"x": 212.0, "y": 382.0}, {"x": 212.0, "y": 409.0}, {"x": 102.0, "y": 407.0}]}, "description": "Take Away"}, {"boundingPoly": {"vertices": [{"x": 75.0, "y": 412.0}, {"x": 278.0, "y": 412.0}, {"x": 278.0, "y": 438.0}, {"x": 75.0, "y": 438.0}]}, "description": " Americano Regular"}, {"boundingPoly": {"vertices": [{"x": 73.0, "y": 440.0}, {"x": 306.0, "y": 440.0}, {"x": 306.0, "y": 468.0}, {"x": 73.0, "y": 468.0}]}, "description": " Vegan Club Sandwich"}, {"boundingPoly": {"vertices": [{"x": 72.0, "y": 470.0}, {"x": 362.0, "y": 470.0}, {"x": 362.0, "y": 500.0}, {"x": 72.0, "y": 500.0}]}, "description": " Tuna Red Pepper & Rocket"}, {"boundingPoly": {"vertices": [{"x": 71.0, "y": 501.0}, {"x": 172.0, "y": 501.0}, {"x": 173.0, "y": 527.0}, {"x": 71.0, "y": 528.0}]}, "description": "Sandwich"}, {"boundingPoly": {"vertices": [{"x": 69.0, "y": 531.0}, {"x": 257.0, "y": 534.0}, {"x": 257.0, "y": 559.0}, {"x": 69.0, "y": 556.0}]}, "description": "Credit Card MPG"}, {"boundingPoly": {"vertices": [{"x": 71.0, "y": 564.0}, {"x": 305.0, "y": 564.0}, {"x": 305.0, "y": 589.0}, {"x": 71.0, "y": 588.0}]}, "description": "2692015104450898400"}, {"boundingPoly": {"vertices": [{"x": 55.0, "y": 412.0}, {"x": 70.0, "y": 412.0}, {"x": 70.0, "y": 437.0}, {"x": 55.0, "y": 437.0}]}, "description": " 1"}, {"boundingPoly": {"vertices": [{"x": 53.0, "y": 441.0}, {"x": 68.0, "y": 441.0}, {"x": 68.0, "y": 468.0}, {"x": 53.0, "y": 468.0}]}, "description": " 1"}, {"boundingPoly": {"vertices": [{"x": 51.0, "y": 470.0}, {"x": 67.0, "y": 470.0}, {"x": 67.0, "y": 497.0}, {"x": 51.0, "y": 497.0}]}, "description": " 1"}, {"boundingPoly": {"vertices": [{"x": 463.0, "y": 409.0}, {"x": 514.0, "y": 410.0}, {"x": 514.0, "y": 436.0}, {"x": 463.0, "y": 436.0}]}, "description": "2.45"}, {"boundingPoly": {"vertices": [{"x": 465.0, "y": 440.0}, {"x": 516.0, "y": 439.0}, {"x": 516.0, "y": 465.0}, {"x": 465.0, "y": 466.0}]}, "description": "3.65"}, {"boundingPoly": {"vertices": [{"x": 468.0, "y": 503.0}, {"x": 518.0, "y": 503.0}, {"x": 519.0, "y": 529.0}, {"x": 468.0, "y": 529.0}]}, "description": "3.35"}, {"boundingPoly": {"vertices": [{"x": 422.0, "y": 534.0}, {"x": 520.0, "y": 534.0}, {"x": 520.0, "y": 560.0}, {"x": 422.0, "y": 561.0}]}, "description": "GBP 9.45"}, {"boundingPoly": {"vertices": [{"x": 113.0, "y": 622.0}, {"x": 269.0, "y": 622.0}, {"x": 269.0, "y": 646.0}, {"x": 113.0, "y": 647.0}]}, "description": "1.58 VAT 20 %"}, {"boundingPoly": {"vertices": [{"x": 75.0, "y": 650.0}, {"x": 193.0, "y": 650.0}, {"x": 193.0, "y": 680.0}, {"x": 75.0, "y": 680.0}]}, "description": " Net Total:"}, {"boundingPoly": {"vertices": [{"x": 79.0, "y": 684.0}, {"x": 175.0, "y": 679.0}, {"x": 176.0, "y": 704.0}, {"x": 80.0, "y": 709.0}]}, "description": "Subtotal"}, {"boundingPoly": {"vertices": [{"x": 79.0, "y": 715.0}, {"x": 164.0, "y": 711.0}, {"x": 166.0, "y": 736.0}, {"x": 81.0, "y": 741.0}]}, "description": "Payment"}, {"boundingPoly": {"vertices": [{"x": 43.0, "y": 739.0}, {"x": 178.0, "y": 739.0}, {"x": 178.0, "y": 778.0}, {"x": 43.0, "y": 778.0}]}, "description": " Change Due"}, {"boundingPoly": {"vertices": [{"x": 466.0, "y": 625.0}, {"x": 515.0, "y": 626.0}, {"x": 514.0, "y": 650.0}, {"x": 464.0, "y": 649.0}]}, "description": "9.45"}, {"boundingPoly": {"vertices": [{"x": 418.0, "y": 652.0}, {"x": 516.0, "y": 653.0}, {"x": 515.0, "y": 680.0}, {"x": 417.0, "y": 678.0}]}, "description": "GBP 7.87"}, {"boundingPoly": {"vertices": [{"x": 418.0, "y": 680.0}, {"x": 513.0, "y": 683.0}, {"x": 512.0, "y": 709.0}, {"x": 417.0, "y": 705.0}]}, "description": "GBP 9.45"}, {"boundingPoly": {"vertices": [{"x": 417.0, "y": 709.0}, {"x": 512.0, "y": 714.0}, {"x": 511.0, "y": 738.0}, {"x": 416.0, "y": 733.0}]}, "description": "GBP 9.45"}, {"boundingPoly": {"vertices": [{"x": 183.0, "y": 733.0}, {"x": 280.0, "y": 733.0}, {"x": 280.0, "y": 766.0}, {"x": 183.0, "y": 766.0}]}, "description": " GBP 0.00"}, {"boundingPoly": {"vertices": [{"x": 208.0, "y": 792.0}, {"x": 349.0, "y": 787.0}, {"x": 351.0, "y": 814.0}, {"x": 209.0, "y": 821.0}]}, "description": "Check Closed"}, {"boundingPoly": {"vertices": [{"x": 176.0, "y": 818.0}, {"x": 374.0, "y": 818.0}, {"x": 374.0, "y": 849.0}, {"x": 176.0, "y": 849.0}]}, "description": " 28 Oct'19 9:21 AM"}, {"boundingPoly": {"vertices": [{"x": 134.0, "y": 876.0}, {"x": 413.0, "y": 875.0}, {"x": 413.0, "y": 905.0}, {"x": 134.0, "y": 905.0}]}, "description": "Tell us how we did today."}, {"boundingPoly": {"vertices": [{"x": 130.0, "y": 905.0}, {"x": 416.0, "y": 905.0}, {"x": 416.0, "y": 933.0}, {"x": 130.0, "y": 934.0}]}, "description": "Visit www.mynerovisit.com"}]}