{"textAnnotations": [{"boundingPoly": {"vertices": [{"x": 107.0, "y": 84.0}, {"x": 141.0, "y": 84.0}, {"x": 141.0, "y": 114.0}, {"x": 107.0, "y": 114.0}]}, "description": " Thank"}, {"boundingPoly": {"vertices": [{"x": 106.0, "y": 114.0}, {"x": 252.0, "y": 114.0}, {"x": 252.0, "y": 133.0}, {"x": 106.0, "y": 133.0}]}, "description": "merchant name"}, {"boundingPoly": {"vertices": [{"x": 118.0, "y": 133.0}, {"x": 288.0, "y": 133.0}, {"x": 288.0, "y": 151.0}, {"x": 118.0, "y": 150.0}]}, "description": "We Love Your Feedback!"}, {"boundingPoly": {"vertices": [{"x": 118.0, "y": 152.0}, {"x": 291.0, "y": 153.0}, {"x": 291.0, "y": 170.0}, {"x": 118.0, "y": 169.0}]}, "description": "Text @LTF11606 to 73940"}, {"boundingPoly": {"vertices": [{"x": 146.0, "y": 84.0}, {"x": 172.0, "y": 84.0}, {"x": 172.0, "y": 115.0}, {"x": 146.0, "y": 115.0}]}, "description": " You"}, {"boundingPoly": {"vertices": [{"x": 177.0, "y": 84.0}, {"x": 203.0, "y": 84.0}, {"x": 203.0, "y": 115.0}, {"x": 177.0, "y": 115.0}]}, "description": " For"}, {"boundingPoly": {"vertices": [{"x": 208.0, "y": 84.0}, {"x": 268.0, "y": 84.0}, {"x": 268.0, "y": 116.0}, {"x": 208.0, "y": 116.0}]}, "description": " Visiting"}, {"boundingPoly": {"vertices": [{"x": 274.0, "y": 85.0}, {"x": 305.0, "y": 85.0}, {"x": 305.0, "y": 117.0}, {"x": 274.0, "y": 117.0}]}, "description": " the"}, {"boundingPoly": {"vertices": [{"x": 256.0, "y": 115.0}, {"x": 304.0, "y": 115.0}, {"x": 304.0, "y": 133.0}, {"x": 256.0, "y": 133.0}]}, "description": " - AEDR"}, {"boundingPoly": {"vertices": [{"x": 53.0, "y": 208.0}, {"x": 108.0, "y": 208.0}, {"x": 108.0, "y": 226.0}, {"x": 53.0, "y": 225.0}]}, "description": "Pancake"}, {"boundingPoly": {"vertices": [{"x": 54.0, "y": 228.0}, {"x": 204.0, "y": 229.0}, {"x": 204.0, "y": 246.0}, {"x": 54.0, "y": 245.0}]}, "description": "Starbucks Frappuccin"}, {"boundingPoly": {"vertices": [{"x": 55.0, "y": 246.0}, {"x": 110.0, "y": 246.0}, {"x": 110.0, "y": 264.0}, {"x": 55.0, "y": 264.0}]}, "description": " 0.54 lb"}, {"boundingPoly": {"vertices": [{"x": 54.0, "y": 264.0}, {"x": 202.0, "y": 265.0}, {"x": 202.0, "y": 281.0}, {"x": 54.0, "y": 280.0}]}, "description": "PHX Breakfast Weighe"}, {"boundingPoly": {"vertices": [{"x": 55.0, "y": 283.0}, {"x": 194.0, "y": 282.0}, {"x": 194.0, "y": 298.0}, {"x": 55.0, "y": 298.0}]}, "description": "Water Dasani 16.9oz"}, {"boundingPoly": {"vertices": [{"x": 56.0, "y": 299.0}, {"x": 195.0, "y": 299.0}, {"x": 194.0, "y": 315.0}, {"x": 56.0, "y": 314.0}]}, "description": "0.15 lb \u00d7 $ 7.20/1b"}, {"boundingPoly": {"vertices": [{"x": 55.0, "y": 316.0}, {"x": 150.0, "y": 317.0}, {"x": 149.0, "y": 333.0}, {"x": 55.0, "y": 332.0}]}, "description": "Weighed Candy"}, {"boundingPoly": {"vertices": [{"x": 332.0, "y": 192.0}, {"x": 356.0, "y": 192.0}, {"x": 356.0, "y": 208.0}, {"x": 332.0, "y": 208.0}]}, "description": "USD"}, {"boundingPoly": {"vertices": [{"x": 324.0, "y": 211.0}, {"x": 356.0, "y": 210.0}, {"x": 355.0, "y": 226.0}, {"x": 324.0, "y": 226.0}]}, "description": "0.37"}, {"boundingPoly": {"vertices": [{"x": 322.0, "y": 228.0}, {"x": 354.0, "y": 229.0}, {"x": 353.0, "y": 245.0}, {"x": 322.0, "y": 245.0}]}, "description": "2.43"}, {"boundingPoly": {"vertices": [{"x": 113.0, "y": 246.0}, {"x": 123.0, "y": 246.0}, {"x": 123.0, "y": 264.0}, {"x": 113.0, "y": 264.0}]}, "description": " \u00d7"}, {"boundingPoly": {"vertices": [{"x": 126.0, "y": 247.0}, {"x": 197.0, "y": 247.0}, {"x": 197.0, "y": 264.0}, {"x": 126.0, "y": 264.0}]}, "description": " $ 6.88/lb"}, {"boundingPoly": {"vertices": [{"x": 320.0, "y": 265.0}, {"x": 353.0, "y": 265.0}, {"x": 351.0, "y": 280.0}, {"x": 320.0, "y": 281.0}]}, "description": "3.72"}, {"boundingPoly": {"vertices": [{"x": 321.0, "y": 283.0}, {"x": 350.0, "y": 283.0}, {"x": 350.0, "y": 298.0}, {"x": 321.0, "y": 298.0}]}, "description": "1.30"}, {"boundingPoly": {"vertices": [{"x": 321.0, "y": 317.0}, {"x": 349.0, "y": 316.0}, {"x": 349.0, "y": 332.0}, {"x": 321.0, "y": 332.0}]}, "description": "1,08"}, {"boundingPoly": {"vertices": [{"x": 46.0, "y": 351.0}, {"x": 178.0, "y": 351.0}, {"x": 178.0, "y": 378.0}, {"x": 46.0, "y": 377.0}]}, "description": "Total USD"}, {"boundingPoly": {"vertices": [{"x": 290.0, "y": 350.0}, {"x": 347.0, "y": 351.0}, {"x": 348.0, "y": 378.0}, {"x": 290.0, "y": 377.0}]}, "description": "9,67"}, {"boundingPoly": {"vertices": [{"x": 41.0, "y": 427.0}, {"x": 198.0, "y": 428.0}, {"x": 198.0, "y": 445.0}, {"x": 41.0, "y": 443.0}]}, "description": "5009 AMERICAN EXPRESS"}, {"boundingPoly": {"vertices": [{"x": 318.0, "y": 427.0}, {"x": 348.0, "y": 427.0}, {"x": 348.0, "y": 442.0}, {"x": 318.0, "y": 443.0}]}, "description": "9.67"}, {"boundingPoly": {"vertices": [{"x": 38.0, "y": 479.0}, {"x": 122.0, "y": 480.0}, {"x": 122.0, "y": 497.0}, {"x": 38.0, "y": 495.0}]}, "description": "Vat percent"}, {"boundingPoly": {"vertices": [{"x": 150.0, "y": 479.0}, {"x": 176.0, "y": 479.0}, {"x": 175.0, "y": 495.0}, {"x": 149.0, "y": 495.0}]}, "description": "Net"}, {"boundingPoly": {"vertices": [{"x": 216.0, "y": 479.0}, {"x": 256.0, "y": 479.0}, {"x": 256.0, "y": 494.0}, {"x": 216.0, "y": 494.0}]}, "description": "Gross"}, {"boundingPoly": {"vertices": [{"x": 297.0, "y": 477.0}, {"x": 321.0, "y": 477.0}, {"x": 321.0, "y": 493.0}, {"x": 297.0, "y": 493.0}]}, "description": "VAT"}, {"boundingPoly": {"vertices": [{"x": 36.0, "y": 530.0}, {"x": 350.0, "y": 530.0}, {"x": 350.0, "y": 550.0}, {"x": 36.0, "y": 550.0}]}, "description": " 11/12/2019 09:15 AM #:60443 Op:1917 C:112"}, {"boundingPoly": {"vertices": [{"x": 34.0, "y": 550.0}, {"x": 113.0, "y": 550.0}, {"x": 113.0, "y": 565.0}, {"x": 34.0, "y": 565.0}]}, "description": " 202 S:1122"}, {"boundingPoly": {"vertices": [{"x": 34.0, "y": 565.0}, {"x": 114.0, "y": 565.0}, {"x": 114.0, "y": 580.0}, {"x": 34.0, "y": 580.0}]}, "description": " Served you"}, {"boundingPoly": {"vertices": [{"x": 118.0, "y": 562.0}, {"x": 238.0, "y": 562.0}, {"x": 238.0, "y": 579.0}, {"x": 118.0, "y": 579.0}]}, "description": " : Rubby Blascruz"}, {"boundingPoly": {"vertices": [{"x": 100.0, "y": 628.0}, {"x": 254.0, "y": 625.0}, {"x": 255.0, "y": 642.0}, {"x": 100.0, "y": 644.0}]}, "description": "*** Customer copy ***"}, {"boundingPoly": {"vertices": [{"x": 129.0, "y": 661.0}, {"x": 223.0, "y": 660.0}, {"x": 224.0, "y": 677.0}, {"x": 129.0, "y": 678.0}]}, "description": "AMEX AEDR (4)"}, {"boundingPoly": {"vertices": [{"x": 52.0, "y": 678.0}, {"x": 311.0, "y": 678.0}, {"x": 311.0, "y": 698.0}, {"x": 52.0, "y": 698.0}]}, "description": " agree to pay the above total amount"}, {"boundingPoly": {"vertices": [{"x": 89.0, "y": 699.0}, {"x": 266.0, "y": 697.0}, {"x": 266.0, "y": 713.0}, {"x": 89.0, "y": 715.0}]}, "description": "according to card issuer"}, {"boundingPoly": {"vertices": [{"x": 29.0, "y": 715.0}, {"x": 247.0, "y": 715.0}, {"x": 247.0, "y": 735.0}, {"x": 29.0, "y": 735.0}]}, "description": " agreement. (Merchant agreement"}, {"boundingPoly": {"vertices": [{"x": 53.0, "y": 734.0}, {"x": 230.0, "y": 734.0}, {"x": 230.0, "y": 753.0}, {"x": 53.0, "y": 753.0}]}, "description": " Voucher )Retain this copy"}, {"boundingPoly": {"vertices": [{"x": 147.0, "y": 754.0}, {"x": 206.0, "y": 753.0}, {"x": 206.0, "y": 769.0}, {"x": 147.0, "y": 769.0}]}, "description": "records."}, {"boundingPoly": {"vertices": [{"x": 40.0, "y": 680.0}, {"x": 49.0, "y": 680.0}, {"x": 49.0, "y": 699.0}, {"x": 40.0, "y": 699.0}]}, "description": " I"}, {"boundingPoly": {"vertices": [{"x": 250.0, "y": 715.0}, {"x": 267.0, "y": 715.0}, {"x": 267.0, "y": 732.0}, {"x": 250.0, "y": 732.0}]}, "description": " if"}, {"boundingPoly": {"vertices": [{"x": 233.0, "y": 734.0}, {"x": 259.0, "y": 734.0}, {"x": 259.0, "y": 751.0}, {"x": 233.0, "y": 751.0}]}, "description": " for"}, {"boundingPoly": {"vertices": [{"x": 270.0, "y": 714.0}, {"x": 316.0, "y": 714.0}, {"x": 316.0, "y": 732.0}, {"x": 270.0, "y": 732.0}]}, "description": " Credit"}, {"boundingPoly": {"vertices": [{"x": 262.0, "y": 734.0}, {"x": 295.0, "y": 734.0}, {"x": 295.0, "y": 751.0}, {"x": 262.0, "y": 751.0}]}, "description": " your"}, {"boundingPoly": {"vertices": [{"x": 23.0, "y": 790.0}, {"x": 169.0, "y": 788.0}, {"x": 169.0, "y": 805.0}, {"x": 23.0, "y": 807.0}]}, "description": "PURCHASE / APPROVED"}, {"boundingPoly": {"vertices": [{"x": 25.0, "y": 810.0}, {"x": 147.0, "y": 806.0}, {"x": 147.0, "y": 822.0}, {"x": 26.0, "y": 826.0}]}, "description": "AMERICAN EXPRESS"}, {"boundingPoly": {"vertices": [{"x": 24.0, "y": 827.0}, {"x": 138.0, "y": 824.0}, {"x": 139.0, "y": 839.0}, {"x": 25.0, "y": 843.0}]}, "description": "*********** 5002"}, {"boundingPoly": {"vertices": [{"x": 24.0, "y": 845.0}, {"x": 109.0, "y": 843.0}, {"x": 109.0, "y": 858.0}, {"x": 25.0, "y": 861.0}]}, "description": "CHIP READ /"}, {"boundingPoly": {"vertices": [{"x": 22.0, "y": 875.0}, {"x": 167.0, "y": 875.0}, {"x": 167.0, "y": 899.0}, {"x": 22.0, "y": 899.0}]}, "description": " 2019/11/12 09:16:02"}, {"boundingPoly": {"vertices": [{"x": 22.0, "y": 900.0}, {"x": 47.0, "y": 899.0}, {"x": 48.0, "y": 915.0}, {"x": 23.0, "y": 916.0}]}, "description": "TID"}, {"boundingPoly": {"vertices": [{"x": 21.0, "y": 921.0}, {"x": 45.0, "y": 919.0}, {"x": 46.0, "y": 933.0}, {"x": 22.0, "y": 934.0}]}, "description": "MID"}, {"boundingPoly": {"vertices": [{"x": 16.0, "y": 936.0}, {"x": 90.0, "y": 933.0}, {"x": 91.0, "y": 948.0}, {"x": 17.0, "y": 952.0}]}, "description": "REFERENCE"}, {"boundingPoly": {"vertices": [{"x": 21.0, "y": 953.0}, {"x": 90.0, "y": 951.0}, {"x": 90.0, "y": 967.0}, {"x": 21.0, "y": 969.0}]}, "description": "AUTH CODE"}, {"boundingPoly": {"vertices": [{"x": 256.0, "y": 895.0}, {"x": 319.0, "y": 896.0}, {"x": 319.0, "y": 913.0}, {"x": 256.0, "y": 911.0}]}, "description": "**** 6037"}, {"boundingPoly": {"vertices": [{"x": 262.0, "y": 914.0}, {"x": 317.0, "y": 914.0}, {"x": 317.0, "y": 929.0}, {"x": 262.0, "y": 928.0}]}, "description": "6634460"}, {"boundingPoly": {"vertices": [{"x": 132.0, "y": 931.0}, {"x": 318.0, "y": 930.0}, {"x": 318.0, "y": 946.0}, {"x": 132.0, "y": 948.0}]}, "description": "S1122T112202#604430033935"}, {"boundingPoly": {"vertices": [{"x": 271.0, "y": 947.0}, {"x": 317.0, "y": 947.0}, {"x": 317.0, "y": 962.0}, {"x": 271.0, "y": 962.0}]}, "description": "844827"}, {"boundingPoly": {"vertices": [{"x": 18.0, "y": 992.0}, {"x": 57.0, "y": 992.0}, {"x": 57.0, "y": 1009.0}, {"x": 18.0, "y": 1010.0}]}, "description": "TOTAL"}, {"boundingPoly": {"vertices": [{"x": 262.0, "y": 981.0}, {"x": 314.0, "y": 980.0}, {"x": 314.0, "y": 996.0}, {"x": 262.0, "y": 997.0}]}, "description": "USD9.67"}, {"boundingPoly": {"vertices": [{"x": 13.0, "y": 1034.0}, {"x": 48.0, "y": 1034.0}, {"x": 48.0, "y": 1054.0}, {"x": 13.0, "y": 1054.0}]}, "description": " ARC:"}, {"boundingPoly": {"vertices": [{"x": 13.0, "y": 1056.0}, {"x": 45.0, "y": 1056.0}, {"x": 45.0, "y": 1076.0}, {"x": 13.0, "y": 1076.0}]}, "description": " TSI:"}, {"boundingPoly": {"vertices": [{"x": 51.0, "y": 1033.0}, {"x": 71.0, "y": 1033.0}, {"x": 71.0, "y": 1052.0}, {"x": 51.0, "y": 1052.0}]}, "description": " 00"}, {"boundingPoly": {"vertices": [{"x": 48.0, "y": 1053.0}, {"x": 86.0, "y": 1053.0}, {"x": 86.0, "y": 1074.0}, {"x": 48.0, "y": 1074.0}]}, "description": " F800"}, {"boundingPoly": {"vertices": [{"x": 52.0, "y": 1071.0}, {"x": 161.0, "y": 1071.0}, {"x": 161.0, "y": 1087.0}, {"x": 52.0, "y": 1087.0}]}, "description": " 02:00103602002"}]}