{"textAnnotations": [{"boundingPoly": {"vertices": [{"x": 65.0, "y": 33.0}, {"x": 215.0, "y": 30.0}, {"x": 215.0, "y": 46.0}, {"x": 65.0, "y": 49.0}]}, "description": "merchant name"}, {"boundingPoly": {"vertices": [{"x": 32.0, "y": 48.0}, {"x": 249.0, "y": 42.0}, {"x": 249.0, "y": 67.0}, {"x": 33.0, "y": 71.0}]}, "description": "on Eurostar Real"}, {"boundingPoly": {"vertices": [{"x": 125.0, "y": 75.0}, {"x": 156.0, "y": 75.0}, {"x": 156.0, "y": 91.0}, {"x": 125.0, "y": 91.0}]}, "description": "SALE"}, {"boundingPoly": {"vertices": [{"x": 24.0, "y": 118.0}, {"x": 98.0, "y": 118.0}, {"x": 98.0, "y": 135.0}, {"x": 24.0, "y": 135.0}]}, "description": " TRAIN No:"}, {"boundingPoly": {"vertices": [{"x": 24.0, "y": 140.0}, {"x": 76.0, "y": 140.0}, {"x": 76.0, "y": 156.0}, {"x": 24.0, "y": 156.0}]}, "description": " Route:"}, {"boundingPoly": {"vertices": [{"x": 24.0, "y": 161.0}, {"x": 87.0, "y": 161.0}, {"x": 87.0, "y": 177.0}, {"x": 24.0, "y": 177.0}]}, "description": " Crew ID:"}, {"boundingPoly": {"vertices": [{"x": 23.0, "y": 182.0}, {"x": 108.0, "y": 182.0}, {"x": 108.0, "y": 199.0}, {"x": 23.0, "y": 199.0}]}, "description": " Train Date:"}, {"boundingPoly": {"vertices": [{"x": 25.0, "y": 203.0}, {"x": 65.0, "y": 203.0}, {"x": 65.0, "y": 219.0}, {"x": 25.0, "y": 219.0}]}, "description": " Sale:"}, {"boundingPoly": {"vertices": [{"x": 102.0, "y": 118.0}, {"x": 156.0, "y": 118.0}, {"x": 156.0, "y": 134.0}, {"x": 102.0, "y": 134.0}]}, "description": " 9046 R1"}, {"boundingPoly": {"vertices": [{"x": 82.0, "y": 140.0}, {"x": 151.0, "y": 140.0}, {"x": 151.0, "y": 156.0}, {"x": 82.0, "y": 156.0}]}, "description": " SPI - PNO"}, {"boundingPoly": {"vertices": [{"x": 90.0, "y": 162.0}, {"x": 137.0, "y": 162.0}, {"x": 137.0, "y": 178.0}, {"x": 90.0, "y": 178.0}]}, "description": " 601359"}, {"boundingPoly": {"vertices": [{"x": 111.0, "y": 182.0}, {"x": 190.0, "y": 182.0}, {"x": 190.0, "y": 199.0}, {"x": 111.0, "y": 199.0}]}, "description": " 25/11/2019"}, {"boundingPoly": {"vertices": [{"x": 69.0, "y": 203.0}, {"x": 118.0, "y": 203.0}, {"x": 118.0, "y": 220.0}, {"x": 69.0, "y": 220.0}]}, "description": " 869216"}, {"boundingPoly": {"vertices": [{"x": 27.0, "y": 266.0}, {"x": 50.0, "y": 267.0}, {"x": 49.0, "y": 283.0}, {"x": 26.0, "y": 282.0}]}, "description": "Qty"}, {"boundingPoly": {"vertices": [{"x": 27.0, "y": 289.0}, {"x": 38.0, "y": 290.0}, {"x": 37.0, "y": 301.0}, {"x": 27.0, "y": 301.0}]}, "description": "1"}, {"boundingPoly": {"vertices": [{"x": 24.0, "y": 308.0}, {"x": 103.0, "y": 307.0}, {"x": 103.0, "y": 323.0}, {"x": 24.0, "y": 324.0}]}, "description": "H BAGUETTE"}, {"boundingPoly": {"vertices": [{"x": 94.0, "y": 326.0}, {"x": 139.0, "y": 326.0}, {"x": 139.0, "y": 342.0}, {"x": 94.0, "y": 342.0}]}, "description": " VITTEL"}, {"boundingPoly": {"vertices": [{"x": 92.0, "y": 265.0}, {"x": 145.0, "y": 264.0}, {"x": 145.0, "y": 282.0}, {"x": 92.0, "y": 282.0}]}, "description": "Product"}, {"boundingPoly": {"vertices": [{"x": 93.0, "y": 287.0}, {"x": 261.0, "y": 286.0}, {"x": 261.0, "y": 302.0}, {"x": 93.0, "y": 303.0}]}, "description": "HAM AND CHEESE SOURDOUG"}, {"boundingPoly": {"vertices": [{"x": 191.0, "y": 265.0}, {"x": 260.0, "y": 264.0}, {"x": 260.0, "y": 280.0}, {"x": 191.0, "y": 282.0}]}, "description": "Price GBP"}, {"boundingPoly": {"vertices": [{"x": 229.0, "y": 307.0}, {"x": 261.0, "y": 307.0}, {"x": 261.0, "y": 321.0}, {"x": 229.0, "y": 322.0}]}, "description": "4,95"}, {"boundingPoly": {"vertices": [{"x": 229.0, "y": 325.0}, {"x": 261.0, "y": 325.0}, {"x": 261.0, "y": 340.0}, {"x": 229.0, "y": 340.0}]}, "description": "2.10"}, {"boundingPoly": {"vertices": [{"x": 142.0, "y": 326.0}, {"x": 173.0, "y": 326.0}, {"x": 173.0, "y": 341.0}, {"x": 142.0, "y": 341.0}]}, "description": " 50CL"}, {"boundingPoly": {"vertices": [{"x": 26.0, "y": 386.0}, {"x": 71.0, "y": 386.0}, {"x": 71.0, "y": 402.0}, {"x": 26.0, "y": 402.0}]}, "description": " TOTAL:"}, {"boundingPoly": {"vertices": [{"x": 229.0, "y": 383.0}, {"x": 261.0, "y": 382.0}, {"x": 262.0, "y": 398.0}, {"x": 229.0, "y": 399.0}]}, "description": "7.05"}, {"boundingPoly": {"vertices": [{"x": 109.0, "y": 447.0}, {"x": 176.0, "y": 447.0}, {"x": 176.0, "y": 463.0}, {"x": 109.0, "y": 463.0}]}, "description": " PAYMENTS:"}, {"boundingPoly": {"vertices": [{"x": 143.0, "y": 467.0}, {"x": 167.0, "y": 467.0}, {"x": 168.0, "y": 481.0}, {"x": 143.0, "y": 482.0}]}, "description": "GBP"}, {"boundingPoly": {"vertices": [{"x": 24.0, "y": 469.0}, {"x": 56.0, "y": 468.0}, {"x": 56.0, "y": 484.0}, {"x": 25.0, "y": 484.0}]}, "description": "Card"}, {"boundingPoly": {"vertices": [{"x": 231.0, "y": 465.0}, {"x": 261.0, "y": 465.0}, {"x": 261.0, "y": 482.0}, {"x": 231.0, "y": 482.0}]}, "description": "7.05"}, {"boundingPoly": {"vertices": [{"x": 23.0, "y": 510.0}, {"x": 159.0, "y": 509.0}, {"x": 159.0, "y": 526.0}, {"x": 23.0, "y": 527.0}]}, "description": "All taxes Included"}, {"boundingPoly": {"vertices": [{"x": 110.0, "y": 551.0}, {"x": 177.0, "y": 550.0}, {"x": 177.0, "y": 566.0}, {"x": 110.0, "y": 567.0}]}, "description": "THANK YOU"}, {"boundingPoly": {"vertices": [{"x": 86.0, "y": 573.0}, {"x": 230.0, "y": 573.0}, {"x": 230.0, "y": 590.0}, {"x": 86.0, "y": 590.0}]}, "description": " shopping with us we"}, {"boundingPoly": {"vertices": [{"x": 42.0, "y": 594.0}, {"x": 243.0, "y": 593.0}, {"x": 243.0, "y": 611.0}, {"x": 42.0, "y": 611.0}]}, "description": "hope you enjoy your journey"}, {"boundingPoly": {"vertices": [{"x": 59.0, "y": 573.0}, {"x": 82.0, "y": 573.0}, {"x": 82.0, "y": 590.0}, {"x": 59.0, "y": 590.0}]}, "description": " for"}, {"boundingPoly": {"vertices": [{"x": 23.0, "y": 655.0}, {"x": 145.0, "y": 655.0}, {"x": 145.0, "y": 675.0}, {"x": 23.0, "y": 675.0}]}, "description": " 25/11/2019 20:01"}, {"boundingPoly": {"vertices": [{"x": 67.0, "y": 736.0}, {"x": 219.0, "y": 735.0}, {"x": 219.0, "y": 753.0}, {"x": 67.0, "y": 754.0}]}, "description": "MOMENTUM SERVICE LID"}, {"boundingPoly": {"vertices": [{"x": 85.0, "y": 779.0}, {"x": 199.0, "y": 778.0}, {"x": 199.0, "y": 795.0}, {"x": 85.0, "y": 796.0}]}, "description": "CARDHOLDER COPY"}, {"boundingPoly": {"vertices": [{"x": 24.0, "y": 823.0}, {"x": 99.0, "y": 823.0}, {"x": 99.0, "y": 841.0}, {"x": 24.0, "y": 841.0}]}, "description": " TRAIN No:"}, {"boundingPoly": {"vertices": [{"x": 82.0, "y": 844.0}, {"x": 153.0, "y": 844.0}, {"x": 153.0, "y": 861.0}, {"x": 82.0, "y": 861.0}]}, "description": " SPI - PNO"}, {"boundingPoly": {"vertices": [{"x": 89.0, "y": 865.0}, {"x": 137.0, "y": 865.0}, {"x": 137.0, "y": 883.0}, {"x": 89.0, "y": 883.0}]}, "description": " 601359"}, {"boundingPoly": {"vertices": [{"x": 111.0, "y": 887.0}, {"x": 191.0, "y": 887.0}, {"x": 191.0, "y": 906.0}, {"x": 111.0, "y": 906.0}]}, "description": " 25/11/2019"}, {"boundingPoly": {"vertices": [{"x": 104.0, "y": 822.0}, {"x": 160.0, "y": 822.0}, {"x": 160.0, "y": 839.0}, {"x": 104.0, "y": 839.0}]}, "description": " 9046 R1"}, {"boundingPoly": {"vertices": [{"x": 22.0, "y": 845.0}, {"x": 75.0, "y": 845.0}, {"x": 75.0, "y": 863.0}, {"x": 22.0, "y": 863.0}]}, "description": " Route:"}, {"boundingPoly": {"vertices": [{"x": 22.0, "y": 867.0}, {"x": 86.0, "y": 867.0}, {"x": 86.0, "y": 884.0}, {"x": 22.0, "y": 884.0}]}, "description": " Crew ID:"}, {"boundingPoly": {"vertices": [{"x": 24.0, "y": 889.0}, {"x": 108.0, "y": 889.0}, {"x": 108.0, "y": 907.0}, {"x": 24.0, "y": 907.0}]}, "description": " Train Date:"}, {"boundingPoly": {"vertices": [{"x": 21.0, "y": 934.0}, {"x": 47.0, "y": 934.0}, {"x": 46.0, "y": 950.0}, {"x": 21.0, "y": 950.0}]}, "description": "MID"}, {"boundingPoly": {"vertices": [{"x": 21.0, "y": 956.0}, {"x": 46.0, "y": 955.0}, {"x": 46.0, "y": 974.0}, {"x": 22.0, "y": 975.0}]}, "description": "TID"}, {"boundingPoly": {"vertices": [{"x": 142.0, "y": 933.0}, {"x": 220.0, "y": 933.0}, {"x": 220.0, "y": 949.0}, {"x": 142.0, "y": 948.0}]}, "description": "***** 12539"}, {"boundingPoly": {"vertices": [{"x": 143.0, "y": 958.0}, {"x": 205.0, "y": 956.0}, {"x": 205.0, "y": 969.0}, {"x": 143.0, "y": 971.0}]}, "description": "**** 3812"}]}