{"textAnnotations": [{"boundingPoly": {"vertices": [{"x": 156.0, "y": 125.0}, {"x": 281.0, "y": 124.0}, {"x": 281.0, "y": 150.0}, {"x": 156.0, "y": 152.0}]}, "description": "merchant name"}, {"boundingPoly": {"vertices": [{"x": 136.0, "y": 154.0}, {"x": 304.0, "y": 152.0}, {"x": 304.0, "y": 180.0}, {"x": 136.0, "y": 181.0}]}, "description": "merchant address"}, {"boundingPoly": {"vertices": [{"x": 141.0, "y": 184.0}, {"x": 315.0, "y": 184.0}, {"x": 315.0, "y": 206.0}, {"x": 141.0, "y": 206.0}]}, "description": "merchant address"}, {"boundingPoly": {"vertices": [{"x": 186.0, "y": 238.0}, {"x": 274.0, "y": 238.0}, {"x": 274.0, "y": 261.0}, {"x": 186.0, "y": 261.0}]}, "description": "SW1V 1JZ"}, {"boundingPoly": {"vertices": [{"x": 23.0, "y": 289.0}, {"x": 193.0, "y": 289.0}, {"x": 193.0, "y": 313.0}, {"x": 23.0, "y": 313.0}]}, "description": "9232 Alejandro C"}, {"boundingPoly": {"vertices": [{"x": 381.0, "y": 321.0}, {"x": 433.0, "y": 321.0}, {"x": 433.0, "y": 345.0}, {"x": 381.0, "y": 345.0}]}, "description": " WS#:"}, {"boundingPoly": {"vertices": [{"x": 436.0, "y": 323.0}, {"x": 452.0, "y": 323.0}, {"x": 452.0, "y": 346.0}, {"x": 436.0, "y": 346.0}]}, "description": " 3"}, {"boundingPoly": {"vertices": [{"x": 185.0, "y": 368.0}, {"x": 291.0, "y": 368.0}, {"x": 291.0, "y": 389.0}, {"x": 185.0, "y": 388.0}]}, "description": "CHK 148374"}, {"boundingPoly": {"vertices": [{"x": 148.0, "y": 392.0}, {"x": 334.0, "y": 392.0}, {"x": 334.0, "y": 416.0}, {"x": 148.0, "y": 416.0}]}, "description": " 10 Nov'19 19:50 PM"}, {"boundingPoly": {"vertices": [{"x": 54.0, "y": 439.0}, {"x": 67.0, "y": 439.0}, {"x": 67.0, "y": 460.0}, {"x": 54.0, "y": 460.0}]}, "description": " 1"}, {"boundingPoly": {"vertices": [{"x": 54.0, "y": 463.0}, {"x": 69.0, "y": 463.0}, {"x": 69.0, "y": 484.0}, {"x": 54.0, "y": 484.0}]}, "description": " 1"}, {"boundingPoly": {"vertices": [{"x": 70.0, "y": 439.0}, {"x": 272.0, "y": 439.0}, {"x": 272.0, "y": 463.0}, {"x": 70.0, "y": 463.0}]}, "description": " TA SB Chef's Italian"}, {"boundingPoly": {"vertices": [{"x": 72.0, "y": 463.0}, {"x": 244.0, "y": 463.0}, {"x": 244.0, "y": 486.0}, {"x": 72.0, "y": 486.0}]}, "description": " TA Peppermint Tea"}, {"boundingPoly": {"vertices": [{"x": 74.0, "y": 487.0}, {"x": 118.0, "y": 488.0}, {"x": 118.0, "y": 508.0}, {"x": 74.0, "y": 507.0}]}, "description": "AmEx"}, {"boundingPoly": {"vertices": [{"x": 73.0, "y": 511.0}, {"x": 226.0, "y": 512.0}, {"x": 226.0, "y": 534.0}, {"x": 73.0, "y": 533.0}]}, "description": "XXXXXXXXXXX1002"}, {"boundingPoly": {"vertices": [{"x": 343.0, "y": 444.0}, {"x": 387.0, "y": 445.0}, {"x": 386.0, "y": 465.0}, {"x": 343.0, "y": 464.0}]}, "description": "4.79"}, {"boundingPoly": {"vertices": [{"x": 343.0, "y": 469.0}, {"x": 385.0, "y": 469.0}, {"x": 385.0, "y": 487.0}, {"x": 344.0, "y": 487.0}]}, "description": "1.90"}, {"boundingPoly": {"vertices": [{"x": 333.0, "y": 491.0}, {"x": 387.0, "y": 492.0}, {"x": 387.0, "y": 511.0}, {"x": 332.0, "y": 511.0}]}, "description": "\u00a36.69"}, {"boundingPoly": {"vertices": [{"x": 103.0, "y": 562.0}, {"x": 227.0, "y": 563.0}, {"x": 227.0, "y": 586.0}, {"x": 103.0, "y": 585.0}]}, "description": "0.32 VAT 20%"}, {"boundingPoly": {"vertices": [{"x": 73.0, "y": 586.0}, {"x": 175.0, "y": 586.0}, {"x": 175.0, "y": 612.0}, {"x": 73.0, "y": 612.0}]}, "description": " Net Total:"}, {"boundingPoly": {"vertices": [{"x": 74.0, "y": 615.0}, {"x": 219.0, "y": 616.0}, {"x": 218.0, "y": 637.0}, {"x": 74.0, "y": 636.0}]}, "description": "Non-Sandwiches"}, {"boundingPoly": {"vertices": [{"x": 71.0, "y": 640.0}, {"x": 178.0, "y": 641.0}, {"x": 178.0, "y": 663.0}, {"x": 71.0, "y": 662.0}]}, "description": "Hot Drinks"}, {"boundingPoly": {"vertices": [{"x": 72.0, "y": 666.0}, {"x": 149.0, "y": 668.0}, {"x": 148.0, "y": 690.0}, {"x": 72.0, "y": 689.0}]}, "description": "Payment"}, {"boundingPoly": {"vertices": [{"x": 41.0, "y": 693.0}, {"x": 249.0, "y": 695.0}, {"x": 249.0, "y": 718.0}, {"x": 41.0, "y": 715.0}]}, "description": "Change Due"}, {"boundingPoly": {"vertices": [{"x": 349.0, "y": 563.0}, {"x": 388.0, "y": 564.0}, {"x": 388.0, "y": 589.0}, {"x": 349.0, "y": 588.0}]}, "description": "1.90"}, {"boundingPoly": {"vertices": [{"x": 336.0, "y": 589.0}, {"x": 389.0, "y": 589.0}, {"x": 389.0, "y": 615.0}, {"x": 335.0, "y": 614.0}]}, "description": "\u00a31.58"}, {"boundingPoly": {"vertices": [{"x": 338.0, "y": 617.0}, {"x": 390.0, "y": 617.0}, {"x": 390.0, "y": 638.0}, {"x": 338.0, "y": 637.0}]}, "description": "\u00a34.79"}, {"boundingPoly": {"vertices": [{"x": 338.0, "y": 642.0}, {"x": 390.0, "y": 642.0}, {"x": 390.0, "y": 667.0}, {"x": 338.0, "y": 667.0}]}, "description": "\u00a31.90"}, {"boundingPoly": {"vertices": [{"x": 340.0, "y": 668.0}, {"x": 392.0, "y": 668.0}, {"x": 393.0, "y": 693.0}, {"x": 340.0, "y": 693.0}]}, "description": "$6.69"}, {"boundingPoly": {"vertices": [{"x": 351.0, "y": 697.0}, {"x": 457.0, "y": 697.0}, {"x": 457.0, "y": 719.0}, {"x": 351.0, "y": 719.0}]}, "description": "\u00a30.00"}, {"boundingPoly": {"vertices": [{"x": 181.0, "y": 748.0}, {"x": 316.0, "y": 748.0}, {"x": 316.0, "y": 774.0}, {"x": 181.0, "y": 775.0}]}, "description": "Check Closed"}, {"boundingPoly": {"vertices": [{"x": 157.0, "y": 777.0}, {"x": 350.0, "y": 777.0}, {"x": 350.0, "y": 804.0}, {"x": 157.0, "y": 804.0}]}, "description": " 10 Nov'19 19:51 PM"}, {"boundingPoly": {"vertices": [{"x": 189.0, "y": 838.0}, {"x": 319.0, "y": 838.0}, {"x": 319.0, "y": 860.0}, {"x": 189.0, "y": 860.0}]}, "description": "www.pret.com"}, {"boundingPoly": {"vertices": [{"x": 189.0, "y": 863.0}, {"x": 322.0, "y": 863.0}, {"x": 322.0, "y": 890.0}, {"x": 189.0, "y": 890.0}]}, "description": "TALK TO PRET"}, {"boundingPoly": {"vertices": [{"x": 37.0, "y": 894.0}, {"x": 465.0, "y": 894.0}, {"x": 465.0, "y": 924.0}, {"x": 37.0, "y": 925.0}]}, "description": "We love to hear your feedback (the good"}, {"boundingPoly": {"vertices": [{"x": 134.0, "y": 924.0}, {"x": 376.0, "y": 924.0}, {"x": 376.0, "y": 952.0}, {"x": 134.0, "y": 952.0}]}, "description": "the bad and the ugly)."}, {"boundingPoly": {"vertices": [{"x": 112.0, "y": 956.0}, {"x": 402.0, "y": 955.0}, {"x": 402.0, "y": 981.0}, {"x": 112.0, "y": 983.0}]}, "description": "Pret A Manger (Europe) Ltd"}, {"boundingPoly": {"vertices": [{"x": 159.0, "y": 987.0}, {"x": 348.0, "y": 985.0}, {"x": 349.0, "y": 1012.0}, {"x": 159.0, "y": 1014.0}]}, "description": "VAT No. 927137420"}, {"boundingPoly": {"vertices": [{"x": 304.0, "y": 1017.0}, {"x": 352.0, "y": 1017.0}, {"x": 352.0, "y": 1044.0}, {"x": 304.0, "y": 1044.0}]}, "description": " 1478"}, {"boundingPoly": {"vertices": [{"x": 159.0, "y": 1018.0}, {"x": 300.0, "y": 1018.0}, {"x": 300.0, "y": 1046.0}, {"x": 159.0, "y": 1046.0}]}, "description": " Toilet Code:"}]}