{"textAnnotations": [{"boundingPoly": {"vertices": [{"x": 185.0, "y": 49.0}, {"x": 376.0, "y": 29.0}, {"x": 382.0, "y": 81.0}, {"x": 191.0, "y": 102.0}]}, "description": "merchant name"}, {"boundingPoly": {"vertices": [{"x": 103.0, "y": 165.0}, {"x": 503.0, "y": 146.0}, {"x": 505.0, "y": 176.0}, {"x": 104.0, "y": 190.0}]}, "description": "merchant address"}, {"boundingPoly": {"vertices": [{"x": 104.0, "y": 193.0}, {"x": 505.0, "y": 177.0}, {"x": 506.0, "y": 205.0}, {"x": 105.0, "y": 218.0}]}, "description": "merchant address"}, {"boundingPoly": {"vertices": [{"x": 105.0, "y": 249.0}, {"x": 493.0, "y": 237.0}, {"x": 494.0, "y": 268.0}, {"x": 105.0, "y": 280.0}]}, "description": "merchant phone"}, {"boundingPoly": {"vertices": [{"x": 115.0, "y": 274.0}, {"x": 484.0, "y": 274.0}, {"x": 484.0, "y": 304.0}, {"x": 115.0, "y": 304.0}]}, "description": " 11/16/19 03:57pm S139 R2 T280 C305"}, {"boundingPoly": {"vertices": [{"x": 93.0, "y": 340.0}, {"x": 507.0, "y": 336.0}, {"x": 507.0, "y": 351.0}, {"x": 93.0, "y": 355.0}]}, "description": "**************************************"}, {"boundingPoly": {"vertices": [{"x": 217.0, "y": 365.0}, {"x": 365.0, "y": 364.0}, {"x": 365.0, "y": 385.0}, {"x": 217.0, "y": 386.0}]}, "description": "Regular Items"}, {"boundingPoly": {"vertices": [{"x": 91.0, "y": 397.0}, {"x": 507.0, "y": 396.0}, {"x": 507.0, "y": 411.0}, {"x": 91.0, "y": 412.0}]}, "description": "**************************************"}, {"boundingPoly": {"vertices": [{"x": 442.0, "y": 424.0}, {"x": 508.0, "y": 422.0}, {"x": 509.0, "y": 441.0}, {"x": 442.0, "y": 443.0}]}, "description": "1.59 F"}, {"boundingPoly": {"vertices": [{"x": 441.0, "y": 453.0}, {"x": 509.0, "y": 451.0}, {"x": 509.0, "y": 471.0}, {"x": 442.0, "y": 473.0}]}, "description": "4.29 F"}, {"boundingPoly": {"vertices": [{"x": 441.0, "y": 481.0}, {"x": 509.0, "y": 480.0}, {"x": 509.0, "y": 501.0}, {"x": 441.0, "y": 502.0}]}, "description": "3.49 F"}, {"boundingPoly": {"vertices": [{"x": 91.0, "y": 368.0}, {"x": 102.0, "y": 369.0}, {"x": 102.0, "y": 383.0}, {"x": 90.0, "y": 382.0}]}, "description": "*"}, {"boundingPoly": {"vertices": [{"x": 494.0, "y": 365.0}, {"x": 508.0, "y": 366.0}, {"x": 507.0, "y": 380.0}, {"x": 493.0, "y": 379.0}]}, "description": "*"}, {"boundingPoly": {"vertices": [{"x": 178.0, "y": 423.0}, {"x": 378.0, "y": 423.0}, {"x": 378.0, "y": 444.0}, {"x": 178.0, "y": 444.0}]}, "description": "KRAFT MAC/CHEESE S"}, {"boundingPoly": {"vertices": [{"x": 179.0, "y": 453.0}, {"x": 380.0, "y": 453.0}, {"x": 380.0, "y": 474.0}, {"x": 179.0, "y": 474.0}]}, "description": "PEPROGE 7 GRN LT S"}, {"boundingPoly": {"vertices": [{"x": 181.0, "y": 482.0}, {"x": 401.0, "y": 482.0}, {"x": 401.0, "y": 503.0}, {"x": 181.0, "y": 503.0}]}, "description": "SR SLT QTR BUTTER PC"}, {"boundingPoly": {"vertices": [{"x": 95.0, "y": 511.0}, {"x": 282.0, "y": 511.0}, {"x": 282.0, "y": 533.0}, {"x": 95.0, "y": 533.0}]}, "description": "On Sale You Saved"}, {"boundingPoly": {"vertices": [{"x": 183.0, "y": 541.0}, {"x": 383.0, "y": 541.0}, {"x": 383.0, "y": 562.0}, {"x": 183.0, "y": 563.0}]}, "description": "SR 6PK G-A LARGE E"}, {"boundingPoly": {"vertices": [{"x": 183.0, "y": 571.0}, {"x": 219.0, "y": 571.0}, {"x": 219.0, "y": 591.0}, {"x": 183.0, "y": 590.0}]}, "description": "TAX"}, {"boundingPoly": {"vertices": [{"x": 131.0, "y": 599.0}, {"x": 263.0, "y": 599.0}, {"x": 263.0, "y": 620.0}, {"x": 131.0, "y": 619.0}]}, "description": "**** BALANCE"}, {"boundingPoly": {"vertices": [{"x": 99.0, "y": 628.0}, {"x": 511.0, "y": 629.0}, {"x": 511.0, "y": 649.0}, {"x": 99.0, "y": 649.0}]}, "description": "*********** Transaction Record *******"}, {"boundingPoly": {"vertices": [{"x": 99.0, "y": 655.0}, {"x": 394.0, "y": 656.0}, {"x": 394.0, "y": 678.0}, {"x": 99.0, "y": 677.0}]}, "description": "merchant address"}, {"boundingPoly": {"vertices": [{"x": 99.0, "y": 684.0}, {"x": 219.0, "y": 684.0}, {"x": 219.0, "y": 705.0}, {"x": 99.0, "y": 705.0}]}, "description": "Store # 139"}, {"boundingPoly": {"vertices": [{"x": 355.0, "y": 512.0}, {"x": 400.0, "y": 511.0}, {"x": 400.0, "y": 532.0}, {"x": 355.0, "y": 533.0}]}, "description": "1.50"}, {"boundingPoly": {"vertices": [{"x": 442.0, "y": 540.0}, {"x": 511.0, "y": 538.0}, {"x": 512.0, "y": 559.0}, {"x": 442.0, "y": 561.0}]}, "description": "0.79 F"}, {"boundingPoly": {"vertices": [{"x": 442.0, "y": 570.0}, {"x": 488.0, "y": 570.0}, {"x": 489.0, "y": 590.0}, {"x": 443.0, "y": 590.0}]}, "description": "0.00"}, {"boundingPoly": {"vertices": [{"x": 433.0, "y": 599.0}, {"x": 489.0, "y": 599.0}, {"x": 489.0, "y": 619.0}, {"x": 434.0, "y": 620.0}]}, "description": "10.16"}, {"boundingPoly": {"vertices": [{"x": 98.0, "y": 742.0}, {"x": 199.0, "y": 742.0}, {"x": 199.0, "y": 765.0}, {"x": 98.0, "y": 765.0}]}, "description": " Terminal:"}, {"boundingPoly": {"vertices": [{"x": 139.0, "y": 773.0}, {"x": 317.0, "y": 773.0}, {"x": 317.0, "y": 795.0}, {"x": 139.0, "y": 795.0}]}, "description": " 11/16/19 03:57pm"}, {"boundingPoly": {"vertices": [{"x": 93.0, "y": 801.0}, {"x": 165.0, "y": 801.0}, {"x": 165.0, "y": 821.0}, {"x": 93.0, "y": 821.0}]}, "description": " Acct#:"}, {"boundingPoly": {"vertices": [{"x": 203.0, "y": 743.0}, {"x": 220.0, "y": 743.0}, {"x": 220.0, "y": 765.0}, {"x": 203.0, "y": 765.0}]}, "description": " 2"}, {"boundingPoly": {"vertices": [{"x": 256.0, "y": 744.0}, {"x": 364.0, "y": 744.0}, {"x": 364.0, "y": 765.0}, {"x": 256.0, "y": 765.0}]}, "description": " Operator:"}, {"boundingPoly": {"vertices": [{"x": 368.0, "y": 743.0}, {"x": 403.0, "y": 743.0}, {"x": 403.0, "y": 765.0}, {"x": 368.0, "y": 765.0}]}, "description": " 305"}, {"boundingPoly": {"vertices": [{"x": 343.0, "y": 774.0}, {"x": 381.0, "y": 774.0}, {"x": 381.0, "y": 794.0}, {"x": 343.0, "y": 794.0}]}, "description": "280"}, {"boundingPoly": {"vertices": [{"x": 365.0, "y": 803.0}, {"x": 491.0, "y": 804.0}, {"x": 491.0, "y": 824.0}, {"x": 365.0, "y": 823.0}]}, "description": "CONTACTLESS"}, {"boundingPoly": {"vertices": [{"x": 168.0, "y": 802.0}, {"x": 338.0, "y": 802.0}, {"x": 338.0, "y": 823.0}, {"x": 168.0, "y": 823.0}]}, "description": " *********** 1009"}, {"boundingPoly": {"vertices": [{"x": 93.0, "y": 853.0}, {"x": 209.0, "y": 853.0}, {"x": 209.0, "y": 886.0}, {"x": 93.0, "y": 886.0}]}, "description": " Purchase:"}, {"boundingPoly": {"vertices": [{"x": 214.0, "y": 856.0}, {"x": 310.0, "y": 856.0}, {"x": 310.0, "y": 889.0}, {"x": 214.0, "y": 889.0}]}, "description": " $ 10.16"}, {"boundingPoly": {"vertices": [{"x": 100.0, "y": 916.0}, {"x": 251.0, "y": 916.0}, {"x": 251.0, "y": 944.0}, {"x": 100.0, "y": 944.0}]}, "description": " RESPONSE CODE:"}, {"boundingPoly": {"vertices": [{"x": 101.0, "y": 945.0}, {"x": 253.0, "y": 945.0}, {"x": 253.0, "y": 973.0}, {"x": 101.0, "y": 973.0}]}, "description": " APPROVAL CODE:"}, {"boundingPoly": {"vertices": [{"x": 102.0, "y": 974.0}, {"x": 326.0, "y": 974.0}, {"x": 326.0, "y": 1003.0}, {"x": 102.0, "y": 1003.0}]}, "description": " PREPAID CARD BALANCE:"}, {"boundingPoly": {"vertices": [{"x": 255.0, "y": 923.0}, {"x": 349.0, "y": 923.0}, {"x": 349.0, "y": 948.0}, {"x": 255.0, "y": 948.0}]}, "description": " Approved"}, {"boundingPoly": {"vertices": [{"x": 256.0, "y": 952.0}, {"x": 327.0, "y": 952.0}, {"x": 327.0, "y": 976.0}, {"x": 256.0, "y": 976.0}]}, "description": " 531176"}, {"boundingPoly": {"vertices": [{"x": 111.0, "y": 1030.0}, {"x": 518.0, "y": 1049.0}, {"x": 517.0, "y": 1063.0}, {"x": 111.0, "y": 1044.0}]}, "description": "**************************************"}, {"boundingPoly": {"vertices": [{"x": 444.0, "y": 1069.0}, {"x": 499.0, "y": 1070.0}, {"x": 498.0, "y": 1088.0}, {"x": 443.0, "y": 1086.0}]}, "description": "10.16"}, {"boundingPoly": {"vertices": [{"x": 455.0, "y": 1093.0}, {"x": 501.0, "y": 1093.0}, {"x": 500.0, "y": 1109.0}, {"x": 455.0, "y": 1109.0}]}, "description": "0.00"}, {"boundingPoly": {"vertices": [{"x": 458.0, "y": 1114.0}, {"x": 467.0, "y": 1117.0}, {"x": 466.0, "y": 1129.0}, {"x": 457.0, "y": 1126.0}]}, "description": "4"}, {"boundingPoly": {"vertices": [{"x": 196.0, "y": 1057.0}, {"x": 240.0, "y": 1059.0}, {"x": 240.0, "y": 1074.0}, {"x": 196.0, "y": 1073.0}]}, "description": "AMEX"}, {"boundingPoly": {"vertices": [{"x": 202.0, "y": 1079.0}, {"x": 267.0, "y": 1082.0}, {"x": 266.0, "y": 1099.0}, {"x": 201.0, "y": 1096.0}]}, "description": "CHANGE"}, {"boundingPoly": {"vertices": [{"x": 126.0, "y": 1095.0}, {"x": 415.0, "y": 1110.0}, {"x": 414.0, "y": 1127.0}, {"x": 125.0, "y": 1112.0}]}, "description": "TOTAL NUMBER OF ITEMS SOLD ="}, {"boundingPoly": {"vertices": [{"x": 220.0, "y": 1137.0}, {"x": 390.0, "y": 1148.0}, {"x": 389.0, "y": 1162.0}, {"x": 219.0, "y": 1151.0}]}, "description": "ShopRite Savings"}, {"boundingPoly": {"vertices": [{"x": 148.0, "y": 1168.0}, {"x": 364.0, "y": 1185.0}, {"x": 363.0, "y": 1205.0}, {"x": 147.0, "y": 1189.0}]}, "description": "Total Savings today is"}, {"boundingPoly": {"vertices": [{"x": 144.0, "y": 1225.0}, {"x": 447.0, "y": 1225.0}, {"x": 447.0, "y": 1264.0}, {"x": 144.0, "y": 1264.0}]}, "description": " 11/16/19 03:57pm 139 2 280 305"}, {"boundingPoly": {"vertices": [{"x": 144.0, "y": 1146.0}, {"x": 354.0, "y": 1163.0}, {"x": 353.0, "y": 1180.0}, {"x": 143.0, "y": 1163.0}]}, "description": "Total On Sale Savings"}, {"boundingPoly": {"vertices": [{"x": 421.0, "y": 1169.0}, {"x": 465.0, "y": 1170.0}, {"x": 464.0, "y": 1186.0}, {"x": 421.0, "y": 1184.0}]}, "description": "1.50"}, {"boundingPoly": {"vertices": [{"x": 423.0, "y": 1190.0}, {"x": 465.0, "y": 1190.0}, {"x": 464.0, "y": 1209.0}, {"x": 423.0, "y": 1208.0}]}, "description": "1.50"}]}