{"textAnnotations": [{"boundingPoly": {"vertices": [{"x": 442.0, "y": 85.0}, {"x": 472.0, "y": 86.0}, {"x": 472.0, "y": 103.0}, {"x": 442.0, "y": 102.0}]}, "description": "USD"}, {"boundingPoly": {"vertices": [{"x": 435.0, "y": 107.0}, {"x": 472.0, "y": 106.0}, {"x": 473.0, "y": 125.0}, {"x": 436.0, "y": 126.0}]}, "description": "1.30"}, {"boundingPoly": {"vertices": [{"x": 78.0, "y": 107.0}, {"x": 236.0, "y": 107.0}, {"x": 236.0, "y": 127.0}, {"x": 78.0, "y": 127.0}]}, "description": "Mt Dew Diet 20oz"}, {"boundingPoly": {"vertices": [{"x": 77.0, "y": 129.0}, {"x": 264.0, "y": 126.0}, {"x": 264.0, "y": 146.0}, {"x": 77.0, "y": 149.0}]}, "description": "0.90 lb \u00d7 $ 6.88/1b"}, {"boundingPoly": {"vertices": [{"x": 75.0, "y": 150.0}, {"x": 272.0, "y": 148.0}, {"x": 272.0, "y": 168.0}, {"x": 75.0, "y": 171.0}]}, "description": "PHX Salad Bar Weighe"}, {"boundingPoly": {"vertices": [{"x": 434.0, "y": 147.0}, {"x": 474.0, "y": 148.0}, {"x": 474.0, "y": 167.0}, {"x": 434.0, "y": 166.0}]}, "description": "6.19"}, {"boundingPoly": {"vertices": [{"x": 434.0, "y": 168.0}, {"x": 474.0, "y": 170.0}, {"x": 473.0, "y": 189.0}, {"x": 433.0, "y": 187.0}]}, "description": "0.50"}, {"boundingPoly": {"vertices": [{"x": 433.0, "y": 189.0}, {"x": 474.0, "y": 190.0}, {"x": 473.0, "y": 208.0}, {"x": 433.0, "y": 207.0}]}, "description": "0.50"}, {"boundingPoly": {"vertices": [{"x": 74.0, "y": 173.0}, {"x": 182.0, "y": 168.0}, {"x": 183.0, "y": 190.0}, {"x": 75.0, "y": 194.0}]}, "description": "Dinner Roll"}, {"boundingPoly": {"vertices": [{"x": 72.0, "y": 197.0}, {"x": 179.0, "y": 192.0}, {"x": 180.0, "y": 212.0}, {"x": 73.0, "y": 217.0}]}, "description": "Dinner Roll"}, {"boundingPoly": {"vertices": [{"x": 60.0, "y": 240.0}, {"x": 236.0, "y": 236.0}, {"x": 237.0, "y": 271.0}, {"x": 61.0, "y": 276.0}]}, "description": "Total USD"}, {"boundingPoly": {"vertices": [{"x": 394.0, "y": 232.0}, {"x": 474.0, "y": 233.0}, {"x": 474.0, "y": 268.0}, {"x": 393.0, "y": 267.0}]}, "description": "9.22"}, {"boundingPoly": {"vertices": [{"x": 51.0, "y": 344.0}, {"x": 266.0, "y": 341.0}, {"x": 266.0, "y": 362.0}, {"x": 51.0, "y": 365.0}]}, "description": "5009 AMERICAN EXPRESS"}, {"boundingPoly": {"vertices": [{"x": 433.0, "y": 336.0}, {"x": 477.0, "y": 337.0}, {"x": 477.0, "y": 358.0}, {"x": 433.0, "y": 357.0}]}, "description": "9.22"}, {"boundingPoly": {"vertices": [{"x": 45.0, "y": 415.0}, {"x": 162.0, "y": 416.0}, {"x": 162.0, "y": 439.0}, {"x": 45.0, "y": 439.0}]}, "description": "Vat percent"}, {"boundingPoly": {"vertices": [{"x": 199.0, "y": 417.0}, {"x": 232.0, "y": 417.0}, {"x": 232.0, "y": 438.0}, {"x": 199.0, "y": 438.0}]}, "description": "Net"}, {"boundingPoly": {"vertices": [{"x": 290.0, "y": 417.0}, {"x": 344.0, "y": 418.0}, {"x": 343.0, "y": 438.0}, {"x": 290.0, "y": 438.0}]}, "description": "Gross"}, {"boundingPoly": {"vertices": [{"x": 400.0, "y": 415.0}, {"x": 432.0, "y": 415.0}, {"x": 432.0, "y": 438.0}, {"x": 400.0, "y": 438.0}]}, "description": "VAT"}, {"boundingPoly": {"vertices": [{"x": 49.0, "y": 493.0}, {"x": 469.0, "y": 493.0}, {"x": 469.0, "y": 518.0}, {"x": 49.0, "y": 518.0}]}, "description": " 10/14/2019 12:56 PM #:54095 Op:8991 C:112"}, {"boundingPoly": {"vertices": [{"x": 50.0, "y": 520.0}, {"x": 154.0, "y": 520.0}, {"x": 154.0, "y": 543.0}, {"x": 50.0, "y": 543.0}]}, "description": " 202 S:1122"}, {"boundingPoly": {"vertices": [{"x": 49.0, "y": 547.0}, {"x": 156.0, "y": 547.0}, {"x": 156.0, "y": 569.0}, {"x": 49.0, "y": 569.0}]}, "description": " Served you"}, {"boundingPoly": {"vertices": [{"x": 160.0, "y": 545.0}, {"x": 330.0, "y": 545.0}, {"x": 330.0, "y": 569.0}, {"x": 160.0, "y": 569.0}]}, "description": " : Cassandra Monje"}, {"boundingPoly": {"vertices": [{"x": 139.0, "y": 645.0}, {"x": 346.0, "y": 645.0}, {"x": 346.0, "y": 665.0}, {"x": 139.0, "y": 665.0}]}, "description": "*** Customer copy ***"}, {"boundingPoly": {"vertices": [{"x": 175.0, "y": 688.0}, {"x": 303.0, "y": 688.0}, {"x": 303.0, "y": 710.0}, {"x": 175.0, "y": 710.0}]}, "description": "AMEX AEDR (3)"}, {"boundingPoly": {"vertices": [{"x": 39.0, "y": 737.0}, {"x": 234.0, "y": 736.0}, {"x": 234.0, "y": 758.0}, {"x": 39.0, "y": 759.0}]}, "description": "PURCHASE / APPROVED"}, {"boundingPoly": {"vertices": [{"x": 40.0, "y": 763.0}, {"x": 204.0, "y": 761.0}, {"x": 204.0, "y": 782.0}, {"x": 40.0, "y": 785.0}]}, "description": "AMERICAN EXPRESS"}, {"boundingPoly": {"vertices": [{"x": 39.0, "y": 789.0}, {"x": 191.0, "y": 787.0}, {"x": 192.0, "y": 808.0}, {"x": 39.0, "y": 809.0}]}, "description": "*********** 1007"}, {"boundingPoly": {"vertices": [{"x": 157.0, "y": 811.0}, {"x": 312.0, "y": 811.0}, {"x": 312.0, "y": 836.0}, {"x": 157.0, "y": 836.0}]}, "description": " VERIFIED BY PIN"}, {"boundingPoly": {"vertices": [{"x": 39.0, "y": 813.0}, {"x": 133.0, "y": 813.0}, {"x": 133.0, "y": 836.0}, {"x": 39.0, "y": 836.0}]}, "description": " CHIP READ"}, {"boundingPoly": {"vertices": [{"x": 137.0, "y": 813.0}, {"x": 153.0, "y": 813.0}, {"x": 153.0, "y": 836.0}, {"x": 137.0, "y": 836.0}]}, "description": " /"}, {"boundingPoly": {"vertices": [{"x": 40.0, "y": 862.0}, {"x": 230.0, "y": 862.0}, {"x": 230.0, "y": 885.0}, {"x": 40.0, "y": 885.0}]}, "description": " 2019/10/14 13:56:38"}, {"boundingPoly": {"vertices": [{"x": 41.0, "y": 886.0}, {"x": 73.0, "y": 886.0}, {"x": 72.0, "y": 906.0}, {"x": 42.0, "y": 906.0}]}, "description": "TID"}, {"boundingPoly": {"vertices": [{"x": 37.0, "y": 911.0}, {"x": 70.0, "y": 910.0}, {"x": 70.0, "y": 932.0}, {"x": 37.0, "y": 931.0}]}, "description": "MID"}, {"boundingPoly": {"vertices": [{"x": 35.0, "y": 936.0}, {"x": 128.0, "y": 935.0}, {"x": 129.0, "y": 957.0}, {"x": 35.0, "y": 958.0}]}, "description": "REFERENCE"}, {"boundingPoly": {"vertices": [{"x": 35.0, "y": 962.0}, {"x": 126.0, "y": 962.0}, {"x": 126.0, "y": 983.0}, {"x": 35.0, "y": 984.0}]}, "description": "AUTH CODE"}, {"boundingPoly": {"vertices": [{"x": 356.0, "y": 888.0}, {"x": 440.0, "y": 888.0}, {"x": 439.0, "y": 908.0}, {"x": 356.0, "y": 907.0}]}, "description": "**** 6040"}, {"boundingPoly": {"vertices": [{"x": 365.0, "y": 911.0}, {"x": 438.0, "y": 911.0}, {"x": 438.0, "y": 930.0}, {"x": 365.0, "y": 930.0}]}, "description": "6634460"}, {"boundingPoly": {"vertices": [{"x": 185.0, "y": 934.0}, {"x": 438.0, "y": 933.0}, {"x": 438.0, "y": 955.0}, {"x": 185.0, "y": 958.0}]}, "description": "S1122T112202#54095@906642"}, {"boundingPoly": {"vertices": [{"x": 375.0, "y": 960.0}, {"x": 437.0, "y": 960.0}, {"x": 438.0, "y": 980.0}, {"x": 375.0, "y": 980.0}]}, "description": "806302"}, {"boundingPoly": {"vertices": [{"x": 33.0, "y": 1014.0}, {"x": 82.0, "y": 1014.0}, {"x": 82.0, "y": 1036.0}, {"x": 32.0, "y": 1036.0}]}, "description": "TOTAL"}, {"boundingPoly": {"vertices": [{"x": 362.0, "y": 1011.0}, {"x": 437.0, "y": 1011.0}, {"x": 437.0, "y": 1033.0}, {"x": 362.0, "y": 1034.0}]}, "description": "USD9.22"}, {"boundingPoly": {"vertices": [{"x": 26.0, "y": 1067.0}, {"x": 71.0, "y": 1067.0}, {"x": 71.0, "y": 1090.0}, {"x": 26.0, "y": 1090.0}]}, "description": " ARC:"}, {"boundingPoly": {"vertices": [{"x": 25.0, "y": 1094.0}, {"x": 67.0, "y": 1094.0}, {"x": 67.0, "y": 1118.0}, {"x": 25.0, "y": 1118.0}]}, "description": " TSI:"}, {"boundingPoly": {"vertices": [{"x": 23.0, "y": 1121.0}, {"x": 66.0, "y": 1121.0}, {"x": 66.0, "y": 1144.0}, {"x": 23.0, "y": 1144.0}]}, "description": " IAD:"}, {"boundingPoly": {"vertices": [{"x": 20.0, "y": 1145.0}, {"x": 63.0, "y": 1145.0}, {"x": 63.0, "y": 1175.0}, {"x": 20.0, "y": 1175.0}]}, "description": " TVR:"}, {"boundingPoly": {"vertices": [{"x": 16.0, "y": 1176.0}, {"x": 62.0, "y": 1176.0}, {"x": 62.0, "y": 1201.0}, {"x": 16.0, "y": 1201.0}]}, "description": " AID:"}, {"boundingPoly": {"vertices": [{"x": 14.0, "y": 1203.0}, {"x": 133.0, "y": 1203.0}, {"x": 133.0, "y": 1230.0}, {"x": 14.0, "y": 1230.0}]}, "description": " PAN Seq No:"}, {"boundingPoly": {"vertices": [{"x": 75.0, "y": 1067.0}, {"x": 101.0, "y": 1067.0}, {"x": 101.0, "y": 1090.0}, {"x": 75.0, "y": 1090.0}]}, "description": " 00"}, {"boundingPoly": {"vertices": [{"x": 72.0, "y": 1092.0}, {"x": 120.0, "y": 1092.0}, {"x": 120.0, "y": 1117.0}, {"x": 72.0, "y": 1117.0}]}, "description": " F800"}, {"boundingPoly": {"vertices": [{"x": 71.0, "y": 1118.0}, {"x": 221.0, "y": 1118.0}, {"x": 221.0, "y": 1144.0}, {"x": 71.0, "y": 1144.0}]}, "description": " 066D010364A002"}, {"boundingPoly": {"vertices": [{"x": 69.0, "y": 1143.0}, {"x": 179.0, "y": 1143.0}, {"x": 179.0, "y": 1174.0}, {"x": 69.0, "y": 1174.0}]}, "description": " 0000008000"}, {"boundingPoly": {"vertices": [{"x": 66.0, "y": 1173.0}, {"x": 236.0, "y": 1173.0}, {"x": 236.0, "y": 1200.0}, {"x": 66.0, "y": 1200.0}]}, "description": " A000000025010801"}, {"boundingPoly": {"vertices": [{"x": 138.0, "y": 1202.0}, {"x": 163.0, "y": 1202.0}, {"x": 163.0, "y": 1227.0}, {"x": 138.0, "y": 1227.0}]}, "description": " 00"}]}