{"textAnnotations": [{"boundingPoly": {"vertices": [{"x": 87.0, "y": 26.0}, {"x": 148.0, "y": 26.0}, {"x": 148.0, "y": 62.0}, {"x": 87.0, "y": 62.0}]}, "description": " PQ"}, {"boundingPoly": {"vertices": [{"x": 109.0, "y": 86.0}, {"x": 140.0, "y": 86.0}, {"x": 140.0, "y": 98.0}, {"x": 109.0, "y": 98.0}]}, "description": "merchant name"}, {"boundingPoly": {"vertices": [{"x": 70.0, "y": 98.0}, {"x": 211.0, "y": 98.0}, {"x": 211.0, "y": 113.0}, {"x": 70.0, "y": 113.0}]}, "description": "merchant address"}, {"boundingPoly": {"vertices": [{"x": 78.0, "y": 113.0}, {"x": 110.0, "y": 113.0}, {"x": 110.0, "y": 126.0}, {"x": 78.0, "y": 126.0}]}, "description": "merchant address"}, {"boundingPoly": {"vertices": [{"x": 87.0, "y": 127.0}, {"x": 159.0, "y": 127.0}, {"x": 159.0, "y": 140.0}, {"x": 87.0, "y": 140.0}]}, "description": "merchant address"}, {"boundingPoly": {"vertices": [{"x": 107.0, "y": 141.0}, {"x": 225.0, "y": 140.0}, {"x": 226.0, "y": 153.0}, {"x": 107.0, "y": 154.0}]}, "description": "merchant phone"}, {"boundingPoly": {"vertices": [{"x": 169.0, "y": 25.0}, {"x": 251.0, "y": 25.0}, {"x": 251.0, "y": 60.0}, {"x": 169.0, "y": 60.0}]}, "description": " meal"}, {"boundingPoly": {"vertices": [{"x": 148.0, "y": 85.0}, {"x": 216.0, "y": 85.0}, {"x": 216.0, "y": 98.0}, {"x": 148.0, "y": 98.0}]}, "description": "merchant name"}, {"boundingPoly": {"vertices": [{"x": 67.0, "y": 55.0}, {"x": 214.0, "y": 55.0}, {"x": 214.0, "y": 71.0}, {"x": 67.0, "y": 71.0}]}, "description": " ***** DUPLICATE"}, {"boundingPoly": {"vertices": [{"x": 217.0, "y": 54.0}, {"x": 285.0, "y": 54.0}, {"x": 285.0, "y": 70.0}, {"x": 217.0, "y": 70.0}]}, "description": " *******"}, {"boundingPoly": {"vertices": [{"x": 216.0, "y": 98.0}, {"x": 266.0, "y": 98.0}, {"x": 266.0, "y": 112.0}, {"x": 216.0, "y": 112.0}]}, "description": "merchant address"}, {"boundingPoly": {"vertices": [{"x": 186.0, "y": 113.0}, {"x": 253.0, "y": 113.0}, {"x": 253.0, "y": 126.0}, {"x": 186.0, "y": 126.0}]}, "description": "merchant address"}, {"boundingPoly": {"vertices": [{"x": 196.0, "y": 126.0}, {"x": 244.0, "y": 126.0}, {"x": 244.0, "y": 139.0}, {"x": 196.0, "y": 139.0}]}, "description": "merchant address"}, {"boundingPoly": {"vertices": [{"x": 119.0, "y": 113.0}, {"x": 151.0, "y": 113.0}, {"x": 151.0, "y": 126.0}, {"x": 119.0, "y": 126.0}]}, "description": "merchant address"}, {"boundingPoly": {"vertices": [{"x": 158.0, "y": 113.0}, {"x": 181.0, "y": 113.0}, {"x": 181.0, "y": 126.0}, {"x": 158.0, "y": 126.0}]}, "description": "merchant address"}, {"boundingPoly": {"vertices": [{"x": 166.0, "y": 127.0}, {"x": 189.0, "y": 127.0}, {"x": 189.0, "y": 140.0}, {"x": 166.0, "y": 140.0}]}, "description": "merchant address"}, {"boundingPoly": {"vertices": [{"x": 46.0, "y": 169.0}, {"x": 70.0, "y": 169.0}, {"x": 70.0, "y": 182.0}, {"x": 46.0, "y": 182.0}]}, "description": " **"}, {"boundingPoly": {"vertices": [{"x": 46.0, "y": 183.0}, {"x": 128.0, "y": 183.0}, {"x": 128.0, "y": 196.0}, {"x": 46.0, "y": 196.0}]}, "description": " Tran. #:"}, {"boundingPoly": {"vertices": [{"x": 45.0, "y": 197.0}, {"x": 136.0, "y": 197.0}, {"x": 136.0, "y": 210.0}, {"x": 45.0, "y": 210.0}]}, "description": " Lookup #:"}, {"boundingPoly": {"vertices": [{"x": 44.0, "y": 211.0}, {"x": 86.0, "y": 211.0}, {"x": 86.0, "y": 224.0}, {"x": 44.0, "y": 224.0}]}, "description": " RUC:"}, {"boundingPoly": {"vertices": [{"x": 44.0, "y": 226.0}, {"x": 111.0, "y": 226.0}, {"x": 111.0, "y": 239.0}, {"x": 44.0, "y": 239.0}]}, "description": " Table #"}, {"boundingPoly": {"vertices": [{"x": 44.0, "y": 240.0}, {"x": 125.0, "y": 240.0}, {"x": 125.0, "y": 253.0}, {"x": 44.0, "y": 253.0}]}, "description": " Check #:"}, {"boundingPoly": {"vertices": [{"x": 43.0, "y": 254.0}, {"x": 124.0, "y": 254.0}, {"x": 124.0, "y": 266.0}, {"x": 43.0, "y": 266.0}]}, "description": " Group #:"}, {"boundingPoly": {"vertices": [{"x": 42.0, "y": 268.0}, {"x": 154.0, "y": 268.0}, {"x": 154.0, "y": 281.0}, {"x": 42.0, "y": 281.0}]}, "description": " Employee #:"}, {"boundingPoly": {"vertices": [{"x": 138.0, "y": 281.0}, {"x": 217.0, "y": 281.0}, {"x": 217.0, "y": 295.0}, {"x": 138.0, "y": 295.0}]}, "description": " Meschell"}, {"boundingPoly": {"vertices": [{"x": 76.0, "y": 168.0}, {"x": 255.0, "y": 168.0}, {"x": 255.0, "y": 182.0}, {"x": 76.0, "y": 182.0}]}, "description": " TRANSACTION RECORD"}, {"boundingPoly": {"vertices": [{"x": 262.0, "y": 167.0}, {"x": 282.0, "y": 167.0}, {"x": 282.0, "y": 181.0}, {"x": 262.0, "y": 181.0}]}, "description": " **"}, {"boundingPoly": {"vertices": [{"x": 136.0, "y": 183.0}, {"x": 186.0, "y": 183.0}, {"x": 186.0, "y": 196.0}, {"x": 136.0, "y": 196.0}]}, "description": " 13793"}, {"boundingPoly": {"vertices": [{"x": 145.0, "y": 196.0}, {"x": 271.0, "y": 196.0}, {"x": 271.0, "y": 210.0}, {"x": 145.0, "y": 210.0}]}, "description": " 1379320062467"}, {"boundingPoly": {"vertices": [{"x": 93.0, "y": 211.0}, {"x": 232.0, "y": 211.0}, {"x": 232.0, "y": 224.0}, {"x": 93.0, "y": 224.0}]}, "description": " PHX FOUR PEAKS"}, {"boundingPoly": {"vertices": [{"x": 132.0, "y": 225.0}, {"x": 161.0, "y": 225.0}, {"x": 161.0, "y": 237.0}, {"x": 132.0, "y": 238.0}]}, "description": "111"}, {"boundingPoly": {"vertices": [{"x": 126.0, "y": 239.0}, {"x": 172.0, "y": 238.0}, {"x": 172.0, "y": 250.0}, {"x": 126.0, "y": 252.0}]}, "description": "3385"}, {"boundingPoly": {"vertices": [{"x": 114.0, "y": 226.0}, {"x": 125.0, "y": 226.0}, {"x": 125.0, "y": 238.0}, {"x": 114.0, "y": 238.0}]}, "description": " :"}, {"boundingPoly": {"vertices": [{"x": 161.0, "y": 265.0}, {"x": 210.0, "y": 265.0}, {"x": 210.0, "y": 280.0}, {"x": 161.0, "y": 280.0}]}, "description": " 13077"}, {"boundingPoly": {"vertices": [{"x": 41.0, "y": 282.0}, {"x": 133.0, "y": 282.0}, {"x": 133.0, "y": 296.0}, {"x": 41.0, "y": 296.0}]}, "description": " Employee:"}, {"boundingPoly": {"vertices": [{"x": 39.0, "y": 311.0}, {"x": 197.0, "y": 310.0}, {"x": 197.0, "y": 322.0}, {"x": 39.0, "y": 323.0}]}, "description": "American Express"}, {"boundingPoly": {"vertices": [{"x": 39.0, "y": 325.0}, {"x": 119.0, "y": 325.0}, {"x": 119.0, "y": 337.0}, {"x": 39.0, "y": 337.0}]}, "description": "Purchase"}, {"boundingPoly": {"vertices": [{"x": 39.0, "y": 337.0}, {"x": 188.0, "y": 337.0}, {"x": 188.0, "y": 353.0}, {"x": 39.0, "y": 353.0}]}, "description": " xxxxxxxxxxx2006"}, {"boundingPoly": {"vertices": [{"x": 85.0, "y": 351.0}, {"x": 244.0, "y": 351.0}, {"x": 244.0, "y": 366.0}, {"x": 85.0, "y": 366.0}]}, "description": " A000000025010801"}, {"boundingPoly": {"vertices": [{"x": 37.0, "y": 368.0}, {"x": 115.0, "y": 368.0}, {"x": 115.0, "y": 381.0}, {"x": 37.0, "y": 381.0}]}, "description": " APP Name"}, {"boundingPoly": {"vertices": [{"x": 44.0, "y": 382.0}, {"x": 204.0, "y": 380.0}, {"x": 204.0, "y": 393.0}, {"x": 44.0, "y": 395.0}]}, "description": "AMERICAN EXPRESS"}, {"boundingPoly": {"vertices": [{"x": 196.0, "y": 337.0}, {"x": 206.0, "y": 337.0}, {"x": 206.0, "y": 350.0}, {"x": 196.0, "y": 350.0}]}, "description": " C"}, {"boundingPoly": {"vertices": [{"x": 37.0, "y": 353.0}, {"x": 80.0, "y": 353.0}, {"x": 80.0, "y": 366.0}, {"x": 37.0, "y": 366.0}]}, "description": " AID:"}, {"boundingPoly": {"vertices": [{"x": 117.0, "y": 368.0}, {"x": 126.0, "y": 368.0}, {"x": 126.0, "y": 380.0}, {"x": 117.0, "y": 380.0}]}, "description": " :"}, {"boundingPoly": {"vertices": [{"x": 111.0, "y": 411.0}, {"x": 174.0, "y": 410.0}, {"x": 174.0, "y": 433.0}, {"x": 111.0, "y": 434.0}]}, "description": "Amount"}, {"boundingPoly": {"vertices": [{"x": 142.0, "y": 438.0}, {"x": 173.0, "y": 437.0}, {"x": 173.0, "y": 460.0}, {"x": 142.0, "y": 461.0}]}, "description": "Tip"}, {"boundingPoly": {"vertices": [{"x": 214.0, "y": 410.0}, {"x": 272.0, "y": 410.0}, {"x": 271.0, "y": 433.0}, {"x": 213.0, "y": 431.0}]}, "description": "$20.83"}, {"boundingPoly": {"vertices": [{"x": 222.0, "y": 439.0}, {"x": 271.0, "y": 440.0}, {"x": 271.0, "y": 461.0}, {"x": 221.0, "y": 460.0}]}, "description": "$3.84"}, {"boundingPoly": {"vertices": [{"x": 119.0, "y": 481.0}, {"x": 272.0, "y": 481.0}, {"x": 272.0, "y": 505.0}, {"x": 119.0, "y": 505.0}]}, "description": "TOTAL USD$24.67"}, {"boundingPoly": {"vertices": [{"x": 31.0, "y": 522.0}, {"x": 178.0, "y": 523.0}, {"x": 177.0, "y": 535.0}, {"x": 31.0, "y": 535.0}]}, "description": "APPROVED 801935"}, {"boundingPoly": {"vertices": [{"x": 30.0, "y": 537.0}, {"x": 218.0, "y": 538.0}, {"x": 217.0, "y": 550.0}, {"x": 30.0, "y": 549.0}]}, "description": "00-000 (000) 801935"}, {"boundingPoly": {"vertices": [{"x": 28.0, "y": 551.0}, {"x": 238.0, "y": 552.0}, {"x": 238.0, "y": 566.0}, {"x": 28.0, "y": 563.0}]}, "description": "EPHXFPUS07/EPHXFPWC07"}, {"boundingPoly": {"vertices": [{"x": 28.0, "y": 565.0}, {"x": 149.0, "y": 565.0}, {"x": 149.0, "y": 578.0}, {"x": 28.0, "y": 578.0}]}, "description": "000091223097"}, {"boundingPoly": {"vertices": [{"x": 30.0, "y": 578.0}, {"x": 126.0, "y": 580.0}, {"x": 126.0, "y": 593.0}, {"x": 30.0, "y": 592.0}]}, "description": "11/14/2019"}, {"boundingPoly": {"vertices": [{"x": 167.0, "y": 581.0}, {"x": 267.0, "y": 581.0}, {"x": 267.0, "y": 596.0}, {"x": 167.0, "y": 596.0}]}, "description": " 8:35:48 AM"}, {"boundingPoly": {"vertices": [{"x": 28.0, "y": 607.0}, {"x": 71.0, "y": 607.0}, {"x": 71.0, "y": 621.0}, {"x": 28.0, "y": 621.0}]}, "description": " TVR:"}, {"boundingPoly": {"vertices": [{"x": 28.0, "y": 621.0}, {"x": 71.0, "y": 621.0}, {"x": 71.0, "y": 635.0}, {"x": 28.0, "y": 635.0}]}, "description": " TSI:"}, {"boundingPoly": {"vertices": [{"x": 76.0, "y": 608.0}, {"x": 176.0, "y": 608.0}, {"x": 176.0, "y": 622.0}, {"x": 76.0, "y": 622.0}]}, "description": " 0000008000"}, {"boundingPoly": {"vertices": [{"x": 75.0, "y": 623.0}, {"x": 115.0, "y": 623.0}, {"x": 115.0, "y": 636.0}, {"x": 75.0, "y": 636.0}]}, "description": " F800"}, {"boundingPoly": {"vertices": [{"x": 35.0, "y": 650.0}, {"x": 243.0, "y": 654.0}, {"x": 243.0, "y": 667.0}, {"x": 35.0, "y": 664.0}]}, "description": "No signature required"}, {"boundingPoly": {"vertices": [{"x": 73.0, "y": 679.0}, {"x": 202.0, "y": 680.0}, {"x": 202.0, "y": 695.0}, {"x": 73.0, "y": 693.0}]}, "description": "Customer Copy"}, {"boundingPoly": {"vertices": [{"x": 93.0, "y": 709.0}, {"x": 145.0, "y": 710.0}, {"x": 145.0, "y": 722.0}, {"x": 93.0, "y": 721.0}]}, "description": "THANK"}, {"boundingPoly": {"vertices": [{"x": 149.0, "y": 710.0}, {"x": 183.0, "y": 710.0}, {"x": 183.0, "y": 722.0}, {"x": 149.0, "y": 722.0}]}, "description": "YOU"}]}