{"textAnnotations": [{"boundingPoly": {"vertices": [{"x": 972.0, "y": 149.0}, {"x": 1293.0, "y": 145.0}, {"x": 1293.0, "y": 171.0}, {"x": 972.0, "y": 176.0}]}, "description": "merchant name"}, {"boundingPoly": {"vertices": [{"x": 1049.0, "y": 180.0}, {"x": 1218.0, "y": 175.0}, {"x": 1218.0, "y": 199.0}, {"x": 1049.0, "y": 203.0}]}, "description": "merchant address"}, {"boundingPoly": {"vertices": [{"x": 1021.0, "y": 204.0}, {"x": 1359.0, "y": 204.0}, {"x": 1359.0, "y": 233.0}, {"x": 1021.0, "y": 233.0}]}, "description": "merchant address"}, {"boundingPoly": {"vertices": [{"x": 889.0, "y": 235.0}, {"x": 1156.0, "y": 235.0}, {"x": 1156.0, "y": 266.0}, {"x": 889.0, "y": 266.0}]}, "description": " 10/31/2019 7:12:32 AM"}, {"boundingPoly": {"vertices": [{"x": 884.0, "y": 268.0}, {"x": 1040.0, "y": 267.0}, {"x": 1041.0, "y": 312.0}, {"x": 884.0, "y": 314.0}]}, "description": "Eat In"}, {"boundingPoly": {"vertices": [{"x": 886.0, "y": 313.0}, {"x": 1057.0, "y": 313.0}, {"x": 1057.0, "y": 361.0}, {"x": 886.0, "y": 361.0}]}, "description": " Order:"}, {"boundingPoly": {"vertices": [{"x": 990.0, "y": 388.0}, {"x": 1017.0, "y": 388.0}, {"x": 1017.0, "y": 413.0}, {"x": 990.0, "y": 413.0}]}, "description": " :1"}, {"boundingPoly": {"vertices": [{"x": 888.0, "y": 416.0}, {"x": 1105.0, "y": 416.0}, {"x": 1105.0, "y": 442.0}, {"x": 888.0, "y": 442.0}]}, "description": " Cashier:FATEMA B."}, {"boundingPoly": {"vertices": [{"x": 1056.0, "y": 445.0}, {"x": 1237.0, "y": 442.0}, {"x": 1237.0, "y": 463.0}, {"x": 1056.0, "y": 466.0}]}, "description": "***** SALE *****"}, {"boundingPoly": {"vertices": [{"x": 910.0, "y": 208.0}, {"x": 1018.0, "y": 208.0}, {"x": 1018.0, "y": 234.0}, {"x": 910.0, "y": 234.0}]}, "description": "merchant address"}, {"boundingPoly": {"vertices": [{"x": 1072.0, "y": 308.0}, {"x": 1151.0, "y": 308.0}, {"x": 1151.0, "y": 360.0}, {"x": 1072.0, "y": 360.0}]}, "description": " 815"}, {"boundingPoly": {"vertices": [{"x": 1145.0, "y": 381.0}, {"x": 1300.0, "y": 381.0}, {"x": 1300.0, "y": 412.0}, {"x": 1145.0, "y": 412.0}]}, "description": " Tran Seq No:"}, {"boundingPoly": {"vertices": [{"x": 887.0, "y": 389.0}, {"x": 985.0, "y": 389.0}, {"x": 985.0, "y": 416.0}, {"x": 887.0, "y": 416.0}]}, "description": " Register"}, {"boundingPoly": {"vertices": [{"x": 1306.0, "y": 377.0}, {"x": 1402.0, "y": 377.0}, {"x": 1402.0, "y": 411.0}, {"x": 1306.0, "y": 411.0}]}, "description": " 3425815"}, {"boundingPoly": {"vertices": [{"x": 930.0, "y": 501.0}, {"x": 1087.0, "y": 499.0}, {"x": 1087.0, "y": 525.0}, {"x": 930.0, "y": 528.0}]}, "description": "25 Munchkins"}, {"boundingPoly": {"vertices": [{"x": 927.0, "y": 530.0}, {"x": 1135.0, "y": 528.0}, {"x": 1135.0, "y": 554.0}, {"x": 927.0, "y": 556.0}]}, "description": "Cooler Coca-Cola"}, {"boundingPoly": {"vertices": [{"x": 1346.0, "y": 497.0}, {"x": 1405.0, "y": 496.0}, {"x": 1404.0, "y": 522.0}, {"x": 1347.0, "y": 523.0}]}, "description": "6.59"}, {"boundingPoly": {"vertices": [{"x": 1355.0, "y": 524.0}, {"x": 1402.0, "y": 522.0}, {"x": 1402.0, "y": 548.0}, {"x": 1355.0, "y": 550.0}]}, "description": "1.99"}, {"boundingPoly": {"vertices": [{"x": 892.0, "y": 529.0}, {"x": 910.0, "y": 531.0}, {"x": 909.0, "y": 552.0}, {"x": 891.0, "y": 550.0}]}, "description": "1"}, {"boundingPoly": {"vertices": [{"x": 928.0, "y": 587.0}, {"x": 1072.0, "y": 587.0}, {"x": 1072.0, "y": 615.0}, {"x": 928.0, "y": 615.0}]}, "description": " Sub. Total:"}, {"boundingPoly": {"vertices": [{"x": 932.0, "y": 619.0}, {"x": 980.0, "y": 619.0}, {"x": 980.0, "y": 641.0}, {"x": 932.0, "y": 641.0}]}, "description": " Tax:"}, {"boundingPoly": {"vertices": [{"x": 931.0, "y": 646.0}, {"x": 1007.0, "y": 646.0}, {"x": 1007.0, "y": 672.0}, {"x": 931.0, "y": 672.0}]}, "description": " Total:"}, {"boundingPoly": {"vertices": [{"x": 931.0, "y": 673.0}, {"x": 1124.0, "y": 673.0}, {"x": 1124.0, "y": 701.0}, {"x": 931.0, "y": 701.0}]}, "description": " Discount Total:"}, {"boundingPoly": {"vertices": [{"x": 1338.0, "y": 582.0}, {"x": 1410.0, "y": 582.0}, {"x": 1409.0, "y": 608.0}, {"x": 1340.0, "y": 608.0}]}, "description": "$8.58"}, {"boundingPoly": {"vertices": [{"x": 1337.0, "y": 611.0}, {"x": 1403.0, "y": 610.0}, {"x": 1403.0, "y": 635.0}, {"x": 1338.0, "y": 636.0}]}, "description": "$0.51"}, {"boundingPoly": {"vertices": [{"x": 1339.0, "y": 641.0}, {"x": 1408.0, "y": 639.0}, {"x": 1408.0, "y": 664.0}, {"x": 1340.0, "y": 666.0}]}, "description": "$9.09"}, {"boundingPoly": {"vertices": [{"x": 1336.0, "y": 669.0}, {"x": 1401.0, "y": 668.0}, {"x": 1402.0, "y": 693.0}, {"x": 1337.0, "y": 694.0}]}, "description": "$0.00"}, {"boundingPoly": {"vertices": [{"x": 936.0, "y": 732.0}, {"x": 1010.0, "y": 734.0}, {"x": 1008.0, "y": 760.0}, {"x": 935.0, "y": 758.0}]}, "description": "Change"}, {"boundingPoly": {"vertices": [{"x": 932.0, "y": 764.0}, {"x": 982.0, "y": 764.0}, {"x": 982.0, "y": 787.0}, {"x": 932.0, "y": 787.0}]}, "description": " Amex"}, {"boundingPoly": {"vertices": [{"x": 1341.0, "y": 728.0}, {"x": 1406.0, "y": 727.0}, {"x": 1405.0, "y": 749.0}, {"x": 1341.0, "y": 750.0}]}, "description": "$0.00"}, {"boundingPoly": {"vertices": [{"x": 1339.0, "y": 754.0}, {"x": 1403.0, "y": 753.0}, {"x": 1403.0, "y": 779.0}, {"x": 1339.0, "y": 781.0}]}, "description": "$9.09"}, {"boundingPoly": {"vertices": [{"x": 986.0, "y": 764.0}, {"x": 1000.0, "y": 764.0}, {"x": 1000.0, "y": 787.0}, {"x": 986.0, "y": 787.0}]}, "description": " :"}, {"boundingPoly": {"vertices": [{"x": 897.0, "y": 850.0}, {"x": 951.0, "y": 849.0}, {"x": 951.0, "y": 872.0}, {"x": 897.0, "y": 873.0}]}, "description": "AMEX"}, {"boundingPoly": {"vertices": [{"x": 897.0, "y": 877.0}, {"x": 1007.0, "y": 877.0}, {"x": 1007.0, "y": 904.0}, {"x": 897.0, "y": 904.0}]}, "description": " Card Num"}, {"boundingPoly": {"vertices": [{"x": 900.0, "y": 907.0}, {"x": 1002.0, "y": 906.0}, {"x": 1002.0, "y": 929.0}, {"x": 900.0, "y": 931.0}]}, "description": "Terminal"}, {"boundingPoly": {"vertices": [{"x": 900.0, "y": 935.0}, {"x": 1010.0, "y": 935.0}, {"x": 1010.0, "y": 962.0}, {"x": 900.0, "y": 962.0}]}, "description": " Approval"}, {"boundingPoly": {"vertices": [{"x": 951.0, "y": 960.0}, {"x": 1181.0, "y": 960.0}, {"x": 1181.0, "y": 986.0}, {"x": 951.0, "y": 986.0}]}, "description": " : A000000025010801"}, {"boundingPoly": {"vertices": [{"x": 950.0, "y": 990.0}, {"x": 1106.0, "y": 990.0}, {"x": 1106.0, "y": 1015.0}, {"x": 950.0, "y": 1015.0}]}, "description": " : 0000001000"}, {"boundingPoly": {"vertices": [{"x": 951.0, "y": 1017.0}, {"x": 1157.0, "y": 1017.0}, {"x": 1157.0, "y": 1045.0}, {"x": 951.0, "y": 1045.0}]}, "description": " : 06480103A02002"}, {"boundingPoly": {"vertices": [{"x": 952.0, "y": 1047.0}, {"x": 1032.0, "y": 1047.0}, {"x": 1032.0, "y": 1074.0}, {"x": 952.0, "y": 1074.0}]}, "description": " : E800"}, {"boundingPoly": {"vertices": [{"x": 940.0, "y": 1078.0}, {"x": 994.0, "y": 1078.0}, {"x": 994.0, "y": 1102.0}, {"x": 940.0, "y": 1102.0}]}, "description": " : Y3"}, {"boundingPoly": {"vertices": [{"x": 940.0, "y": 1106.0}, {"x": 1045.0, "y": 1106.0}, {"x": 1045.0, "y": 1131.0}, {"x": 940.0, "y": 1131.0}]}, "description": " : E028C8"}, {"boundingPoly": {"vertices": [{"x": 1012.0, "y": 873.0}, {"x": 1232.0, "y": 873.0}, {"x": 1232.0, "y": 901.0}, {"x": 1012.0, "y": 901.0}]}, "description": " : *********** 1003"}, {"boundingPoly": {"vertices": [{"x": 1013.0, "y": 904.0}, {"x": 1050.0, "y": 904.0}, {"x": 1050.0, "y": 930.0}, {"x": 1013.0, "y": 930.0}]}, "description": " : 1"}, {"boundingPoly": {"vertices": [{"x": 1014.0, "y": 933.0}, {"x": 1117.0, "y": 933.0}, {"x": 1117.0, "y": 958.0}, {"x": 1014.0, "y": 958.0}]}, "description": " : 843291"}, {"boundingPoly": {"vertices": [{"x": 901.0, "y": 964.0}, {"x": 944.0, "y": 964.0}, {"x": 944.0, "y": 987.0}, {"x": 901.0, "y": 987.0}]}, "description": " AID"}, {"boundingPoly": {"vertices": [{"x": 900.0, "y": 992.0}, {"x": 946.0, "y": 992.0}, {"x": 946.0, "y": 1017.0}, {"x": 900.0, "y": 1017.0}]}, "description": " TVR"}, {"boundingPoly": {"vertices": [{"x": 900.0, "y": 1020.0}, {"x": 947.0, "y": 1020.0}, {"x": 947.0, "y": 1045.0}, {"x": 900.0, "y": 1045.0}]}, "description": " IAD"}, {"boundingPoly": {"vertices": [{"x": 900.0, "y": 1049.0}, {"x": 948.0, "y": 1049.0}, {"x": 948.0, "y": 1075.0}, {"x": 900.0, "y": 1075.0}]}, "description": " TSI"}, {"boundingPoly": {"vertices": [{"x": 902.0, "y": 1079.0}, {"x": 936.0, "y": 1079.0}, {"x": 936.0, "y": 1103.0}, {"x": 902.0, "y": 1103.0}]}, "description": " AR"}, {"boundingPoly": {"vertices": [{"x": 904.0, "y": 1107.0}, {"x": 936.0, "y": 1107.0}, {"x": 936.0, "y": 1132.0}, {"x": 904.0, "y": 1132.0}]}, "description": " TC"}, {"boundingPoly": {"vertices": [{"x": 901.0, "y": 1162.0}, {"x": 1018.0, "y": 1162.0}, {"x": 1018.0, "y": 1191.0}, {"x": 901.0, "y": 1190.0}]}, "description": "USD$ 9.09"}, {"boundingPoly": {"vertices": [{"x": 906.0, "y": 1254.0}, {"x": 1420.0, "y": 1245.0}, {"x": 1420.0, "y": 1264.0}, {"x": 906.0, "y": 1273.0}]}, "description": "****************************************"}, {"boundingPoly": {"vertices": [{"x": 970.0, "y": 1278.0}, {"x": 1355.0, "y": 1273.0}, {"x": 1355.0, "y": 1298.0}, {"x": 970.0, "y": 1303.0}]}, "description": "Tell us about today's visit at"}, {"boundingPoly": {"vertices": [{"x": 959.0, "y": 1308.0}, {"x": 1370.0, "y": 1302.0}, {"x": 1370.0, "y": 1327.0}, {"x": 959.0, "y": 1334.0}]}, "description": "www.telldunkin.com within 3 days"}, {"boundingPoly": {"vertices": [{"x": 1066.0, "y": 1336.0}, {"x": 1084.0, "y": 1336.0}, {"x": 1084.0, "y": 1382.0}, {"x": 1066.0, "y": 1382.0}]}, "description": " A"}, {"boundingPoly": {"vertices": [{"x": 932.0, "y": 1412.0}, {"x": 1397.0, "y": 1407.0}, {"x": 1397.0, "y": 1430.0}, {"x": 933.0, "y": 1437.0}]}, "description": "purchase a Medium or Larger Beverage"}, {"boundingPoly": {"vertices": [{"x": 923.0, "y": 1439.0}, {"x": 1077.0, "y": 1439.0}, {"x": 1077.0, "y": 1467.0}, {"x": 923.0, "y": 1467.0}]}, "description": " Survey Code:"}, {"boundingPoly": {"vertices": [{"x": 970.0, "y": 1337.0}, {"x": 1059.0, "y": 1337.0}, {"x": 1059.0, "y": 1382.0}, {"x": 970.0, "y": 1382.0}]}, "description": " RECEIVE"}, {"boundingPoly": {"vertices": [{"x": 1091.0, "y": 1330.0}, {"x": 1329.0, "y": 1330.0}, {"x": 1329.0, "y": 1382.0}, {"x": 1091.0, "y": 1382.0}]}, "description": " FREE CLASSIC DONUT"}, {"boundingPoly": {"vertices": [{"x": 987.0, "y": 1385.0}, {"x": 1333.0, "y": 1379.0}, {"x": 1333.0, "y": 1404.0}, {"x": 987.0, "y": 1408.0}]}, "description": "on your next visit when you"}, {"boundingPoly": {"vertices": [{"x": 1126.0, "y": 1438.0}, {"x": 1397.0, "y": 1434.0}, {"x": 1398.0, "y": 1458.0}, {"x": 1127.0, "y": 1462.0}]}, "description": "81501-42056-0710-3199"}, {"boundingPoly": {"vertices": [{"x": 911.0, "y": 1493.0}, {"x": 1195.0, "y": 1493.0}, {"x": 1195.0, "y": 1525.0}, {"x": 911.0, "y": 1525.0}]}, "description": " Enter Validation Code:"}, {"boundingPoly": {"vertices": [{"x": 937.0, "y": 1527.0}, {"x": 1399.0, "y": 1522.0}, {"x": 1400.0, "y": 1545.0}, {"x": 937.0, "y": 1551.0}]}, "description": "See restrictions on dunkindonuts.com"}, {"boundingPoly": {"vertices": [{"x": 912.0, "y": 1558.0}, {"x": 1426.0, "y": 1551.0}, {"x": 1427.0, "y": 1570.0}, {"x": 913.0, "y": 1577.0}]}, "description": "****************************************"}, {"boundingPoly": {"vertices": [{"x": 1286.0, "y": 1579.0}, {"x": 1389.0, "y": 1579.0}, {"x": 1389.0, "y": 1630.0}, {"x": 1286.0, "y": 1630.0}]}, "description": " product"}, {"boundingPoly": {"vertices": [{"x": 910.0, "y": 1658.0}, {"x": 1427.0, "y": 1653.0}, {"x": 1427.0, "y": 1679.0}, {"x": 910.0, "y": 1683.0}]}, "description": "****************************************"}, {"boundingPoly": {"vertices": [{"x": 946.0, "y": 1583.0}, {"x": 1008.0, "y": 1583.0}, {"x": 1008.0, "y": 1631.0}, {"x": 946.0, "y": 1631.0}]}, "description": " Visit"}, {"boundingPoly": {"vertices": [{"x": 1017.0, "y": 1582.0}, {"x": 1277.0, "y": 1582.0}, {"x": 1277.0, "y": 1631.0}, {"x": 1017.0, "y": 1631.0}]}, "description": " Dunkinllation.com for"}, {"boundingPoly": {"vertices": [{"x": 952.0, "y": 1630.0}, {"x": 1391.0, "y": 1624.0}, {"x": 1391.0, "y": 1652.0}, {"x": 952.0, "y": 1657.0}]}, "description": "offers and news. Enter Code DD2957"}]}