{"textAnnotations": [{"boundingPoly": {"vertices": [{"x": 412.0, "y": 405.0}, {"x": 623.0, "y": 405.0}, {"x": 623.0, "y": 442.0}, {"x": 411.0, "y": 441.0}]}, "description": "merchant name"}, {"boundingPoly": {"vertices": [{"x": 391.0, "y": 474.0}, {"x": 641.0, "y": 470.0}, {"x": 642.0, "y": 503.0}, {"x": 392.0, "y": 507.0}]}, "description": "merchant address"}, {"boundingPoly": {"vertices": [{"x": 412.0, "y": 524.0}, {"x": 621.0, "y": 520.0}, {"x": 621.0, "y": 551.0}, {"x": 413.0, "y": 555.0}]}, "description": "merchant address"}, {"boundingPoly": {"vertices": [{"x": 359.0, "y": 559.0}, {"x": 669.0, "y": 555.0}, {"x": 669.0, "y": 585.0}, {"x": 359.0, "y": 589.0}]}, "description": "merchant address"}, {"boundingPoly": {"vertices": [{"x": 399.0, "y": 594.0}, {"x": 632.0, "y": 590.0}, {"x": 632.0, "y": 622.0}, {"x": 400.0, "y": 627.0}]}, "description": "merchant phone"}, {"boundingPoly": {"vertices": [{"x": 320.0, "y": 701.0}, {"x": 396.0, "y": 702.0}, {"x": 394.0, "y": 731.0}, {"x": 320.0, "y": 730.0}]}, "description": "Date"}, {"boundingPoly": {"vertices": [{"x": 285.0, "y": 737.0}, {"x": 397.0, "y": 739.0}, {"x": 396.0, "y": 768.0}, {"x": 285.0, "y": 766.0}]}, "description": "Server"}, {"boundingPoly": {"vertices": [{"x": 260.0, "y": 774.0}, {"x": 407.0, "y": 775.0}, {"x": 406.0, "y": 806.0}, {"x": 260.0, "y": 804.0}]}, "description": "Check #"}, {"boundingPoly": {"vertices": [{"x": 300.0, "y": 812.0}, {"x": 408.0, "y": 812.0}, {"x": 408.0, "y": 843.0}, {"x": 300.0, "y": 843.0}]}, "description": " Label"}, {"boundingPoly": {"vertices": [{"x": 262.0, "y": 849.0}, {"x": 409.0, "y": 849.0}, {"x": 409.0, "y": 883.0}, {"x": 262.0, "y": 883.0}]}, "description": " # Guest"}, {"boundingPoly": {"vertices": [{"x": 208.0, "y": 885.0}, {"x": 401.0, "y": 885.0}, {"x": 401.0, "y": 922.0}, {"x": 208.0, "y": 922.0}]}, "description": " Order Type"}, {"boundingPoly": {"vertices": [{"x": 425.0, "y": 697.0}, {"x": 701.0, "y": 697.0}, {"x": 701.0, "y": 732.0}, {"x": 425.0, "y": 732.0}]}, "description": " 11/12/19, 1:43 PM"}, {"boundingPoly": {"vertices": [{"x": 417.0, "y": 738.0}, {"x": 605.0, "y": 737.0}, {"x": 605.0, "y": 768.0}, {"x": 417.0, "y": 769.0}]}, "description": "Devantae E"}, {"boundingPoly": {"vertices": [{"x": 417.0, "y": 776.0}, {"x": 503.0, "y": 776.0}, {"x": 502.0, "y": 805.0}, {"x": 417.0, "y": 805.0}]}, "description": "2208"}, {"boundingPoly": {"vertices": [{"x": 426.0, "y": 852.0}, {"x": 441.0, "y": 852.0}, {"x": 441.0, "y": 884.0}, {"x": 426.0, "y": 884.0}]}, "description": " 1"}, {"boundingPoly": {"vertices": [{"x": 423.0, "y": 888.0}, {"x": 544.0, "y": 888.0}, {"x": 544.0, "y": 921.0}, {"x": 423.0, "y": 921.0}]}, "description": " Takeout"}, {"boundingPoly": {"vertices": [{"x": 140.0, "y": 961.0}, {"x": 249.0, "y": 962.0}, {"x": 249.0, "y": 994.0}, {"x": 139.0, "y": 993.0}]}, "description": "ITEMS"}, {"boundingPoly": {"vertices": [{"x": 138.0, "y": 1007.0}, {"x": 491.0, "y": 1009.0}, {"x": 491.0, "y": 1045.0}, {"x": 138.0, "y": 1043.0}]}, "description": "Grilled Vegetable Bowl"}, {"boundingPoly": {"vertices": [{"x": 168.0, "y": 1046.0}, {"x": 269.0, "y": 1048.0}, {"x": 269.0, "y": 1080.0}, {"x": 167.0, "y": 1078.0}]}, "description": "Brown"}, {"boundingPoly": {"vertices": [{"x": 134.0, "y": 1085.0}, {"x": 511.0, "y": 1088.0}, {"x": 511.0, "y": 1123.0}, {"x": 134.0, "y": 1119.0}]}, "description": "Extra Seasonal Veggies"}, {"boundingPoly": {"vertices": [{"x": 570.0, "y": 965.0}, {"x": 645.0, "y": 961.0}, {"x": 644.0, "y": 991.0}, {"x": 571.0, "y": 996.0}]}, "description": "QTY"}, {"boundingPoly": {"vertices": [{"x": 621.0, "y": 1013.0}, {"x": 639.0, "y": 1015.0}, {"x": 638.0, "y": 1036.0}, {"x": 620.0, "y": 1034.0}]}, "description": "1"}, {"boundingPoly": {"vertices": [{"x": 783.0, "y": 960.0}, {"x": 893.0, "y": 959.0}, {"x": 894.0, "y": 989.0}, {"x": 783.0, "y": 991.0}]}, "description": "PRICE"}, {"boundingPoly": {"vertices": [{"x": 802.0, "y": 1006.0}, {"x": 897.0, "y": 1004.0}, {"x": 898.0, "y": 1036.0}, {"x": 803.0, "y": 1039.0}]}, "description": "$9.95"}, {"boundingPoly": {"vertices": [{"x": 805.0, "y": 1082.0}, {"x": 900.0, "y": 1081.0}, {"x": 901.0, "y": 1113.0}, {"x": 805.0, "y": 1115.0}]}, "description": "$2.25"}, {"boundingPoly": {"vertices": [{"x": 502.0, "y": 1205.0}, {"x": 637.0, "y": 1205.0}, {"x": 637.0, "y": 1236.0}, {"x": 502.0, "y": 1237.0}]}, "description": "Subtotal"}, {"boundingPoly": {"vertices": [{"x": 575.0, "y": 1245.0}, {"x": 638.0, "y": 1246.0}, {"x": 637.0, "y": 1277.0}, {"x": 576.0, "y": 1276.0}]}, "description": "Tax"}, {"boundingPoly": {"vertices": [{"x": 559.0, "y": 1285.0}, {"x": 638.0, "y": 1286.0}, {"x": 638.0, "y": 1318.0}, {"x": 559.0, "y": 1317.0}]}, "description": "Total"}, {"boundingPoly": {"vertices": [{"x": 787.0, "y": 1203.0}, {"x": 903.0, "y": 1203.0}, {"x": 904.0, "y": 1237.0}, {"x": 788.0, "y": 1239.0}]}, "description": "$12.20"}, {"boundingPoly": {"vertices": [{"x": 804.0, "y": 1246.0}, {"x": 903.0, "y": 1245.0}, {"x": 903.0, "y": 1277.0}, {"x": 805.0, "y": 1278.0}]}, "description": "$1.08"}, {"boundingPoly": {"vertices": [{"x": 788.0, "y": 1286.0}, {"x": 907.0, "y": 1285.0}, {"x": 907.0, "y": 1319.0}, {"x": 788.0, "y": 1320.0}]}, "description": "$13.28"}, {"boundingPoly": {"vertices": [{"x": 415.0, "y": 1368.0}, {"x": 638.0, "y": 1369.0}, {"x": 638.0, "y": 1402.0}, {"x": 415.0, "y": 1402.0}]}, "description": "Balance Due"}, {"boundingPoly": {"vertices": [{"x": 813.0, "y": 1370.0}, {"x": 909.0, "y": 1369.0}, {"x": 910.0, "y": 1401.0}, {"x": 813.0, "y": 1404.0}]}, "description": "$0.00"}, {"boundingPoly": {"vertices": [{"x": 122.0, "y": 1449.0}, {"x": 320.0, "y": 1449.0}, {"x": 320.0, "y": 1485.0}, {"x": 121.0, "y": 1484.0}]}, "description": "PAYMENTS"}, {"boundingPoly": {"vertices": [{"x": 120.0, "y": 1502.0}, {"x": 307.0, "y": 1502.0}, {"x": 307.0, "y": 1535.0}, {"x": 120.0, "y": 1534.0}]}, "description": "Amex-1009"}, {"boundingPoly": {"vertices": [{"x": 580.0, "y": 1452.0}, {"x": 641.0, "y": 1451.0}, {"x": 642.0, "y": 1484.0}, {"x": 581.0, "y": 1485.0}]}, "description": "TIP"}, {"boundingPoly": {"vertices": [{"x": 789.0, "y": 1452.0}, {"x": 912.0, "y": 1450.0}, {"x": 913.0, "y": 1485.0}, {"x": 789.0, "y": 1487.0}]}, "description": "TOTAL"}, {"boundingPoly": {"vertices": [{"x": 794.0, "y": 1504.0}, {"x": 918.0, "y": 1504.0}, {"x": 918.0, "y": 1539.0}, {"x": 794.0, "y": 1539.0}]}, "description": "$13.28"}]}