{"textAnnotations": [{"boundingPoly": {"vertices": [{"x": 103.0, "y": 159.0}, {"x": 879.0, "y": 97.0}, {"x": 890.0, "y": 305.0}, {"x": 113.0, "y": 374.0}]}, "description": "merchant name"}, {"boundingPoly": {"vertices": [{"x": 357.0, "y": 489.0}, {"x": 622.0, "y": 476.0}, {"x": 624.0, "y": 517.0}, {"x": 359.0, "y": 530.0}]}, "description": "merchant address"}, {"boundingPoly": {"vertices": [{"x": 385.0, "y": 581.0}, {"x": 601.0, "y": 569.0}, {"x": 604.0, "y": 608.0}, {"x": 387.0, "y": 620.0}]}, "description": "merchant phone"}, {"boundingPoly": {"vertices": [{"x": 468.0, "y": 330.0}, {"x": 818.0, "y": 292.0}, {"x": 823.0, "y": 354.0}, {"x": 472.0, "y": 390.0}]}, "description": "merchant name"}, {"boundingPoly": {"vertices": [{"x": 271.0, "y": 544.0}, {"x": 695.0, "y": 515.0}, {"x": 698.0, "y": 557.0}, {"x": 273.0, "y": 582.0}]}, "description": "merchant address"}, {"boundingPoly": {"vertices": [{"x": 867.0, "y": 746.0}, {"x": 865.0, "y": 783.0}, {"x": 843.0, "y": 783.0}, {"x": 845.0, "y": 746.0}]}, "description": "O"}, {"boundingPoly": {"vertices": [{"x": 135.0, "y": 765.0}, {"x": 290.0, "y": 766.0}, {"x": 290.0, "y": 802.0}, {"x": 135.0, "y": 801.0}]}, "description": "Chk 4109"}, {"boundingPoly": {"vertices": [{"x": 443.0, "y": 739.0}, {"x": 825.0, "y": 739.0}, {"x": 825.0, "y": 796.0}, {"x": 443.0, "y": 796.0}]}, "description": " Oct31'19 06:02P Gst"}, {"boundingPoly": {"vertices": [{"x": 205.0, "y": 842.0}, {"x": 398.0, "y": 847.0}, {"x": 397.0, "y": 882.0}, {"x": 205.0, "y": 879.0}]}, "description": "To Go"}, {"boundingPoly": {"vertices": [{"x": 198.0, "y": 886.0}, {"x": 344.0, "y": 886.0}, {"x": 344.0, "y": 926.0}, {"x": 198.0, "y": 926.0}]}, "description": " PB CHOC"}, {"boundingPoly": {"vertices": [{"x": 180.0, "y": 934.0}, {"x": 536.0, "y": 934.0}, {"x": 536.0, "y": 972.0}, {"x": 180.0, "y": 972.0}]}, "description": "2100015746731100108"}, {"boundingPoly": {"vertices": [{"x": 201.0, "y": 981.0}, {"x": 284.0, "y": 980.0}, {"x": 283.0, "y": 1018.0}, {"x": 201.0, "y": 1018.0}]}, "description": "AMEX"}, {"boundingPoly": {"vertices": [{"x": 166.0, "y": 886.0}, {"x": 190.0, "y": 886.0}, {"x": 190.0, "y": 926.0}, {"x": 166.0, "y": 926.0}]}, "description": " 1"}, {"boundingPoly": {"vertices": [{"x": 726.0, "y": 884.0}, {"x": 808.0, "y": 884.0}, {"x": 807.0, "y": 923.0}, {"x": 727.0, "y": 924.0}]}, "description": "3.95"}, {"boundingPoly": {"vertices": [{"x": 728.0, "y": 975.0}, {"x": 810.0, "y": 972.0}, {"x": 812.0, "y": 1010.0}, {"x": 731.0, "y": 1015.0}]}, "description": "3.95"}, {"boundingPoly": {"vertices": [{"x": 195.0, "y": 1074.0}, {"x": 276.0, "y": 1074.0}, {"x": 277.0, "y": 1114.0}, {"x": 196.0, "y": 1113.0}]}, "description": "FOOD"}, {"boundingPoly": {"vertices": [{"x": 194.0, "y": 1122.0}, {"x": 334.0, "y": 1122.0}, {"x": 334.0, "y": 1159.0}, {"x": 194.0, "y": 1160.0}]}, "description": "PAYMENT"}, {"boundingPoly": {"vertices": [{"x": 731.0, "y": 1068.0}, {"x": 815.0, "y": 1067.0}, {"x": 814.0, "y": 1107.0}, {"x": 732.0, "y": 1109.0}]}, "description": "3.95"}, {"boundingPoly": {"vertices": [{"x": 737.0, "y": 1116.0}, {"x": 817.0, "y": 1115.0}, {"x": 817.0, "y": 1155.0}, {"x": 737.0, "y": 1154.0}]}, "description": "3.95"}, {"boundingPoly": {"vertices": [{"x": 195.0, "y": 1215.0}, {"x": 561.0, "y": 1213.0}, {"x": 562.0, "y": 1257.0}, {"x": 195.0, "y": 1260.0}]}, "description": "follow sprinkles on"}, {"boundingPoly": {"vertices": [{"x": 194.0, "y": 1264.0}, {"x": 786.0, "y": 1259.0}, {"x": 786.0, "y": 1304.0}, {"x": 194.0, "y": 1307.0}]}, "description": "facebook and twitter to get the"}, {"boundingPoly": {"vertices": [{"x": 192.0, "y": 1313.0}, {"x": 447.0, "y": 1315.0}, {"x": 446.0, "y": 1355.0}, {"x": 192.0, "y": 1351.0}]}, "description": "inside scoop!"}, {"boundingPoly": {"vertices": [{"x": 197.0, "y": 1397.0}, {"x": 622.0, "y": 1407.0}, {"x": 621.0, "y": 1448.0}, {"x": 196.0, "y": 1437.0}]}, "description": "facebook.com/sprinkles"}, {"boundingPoly": {"vertices": [{"x": 194.0, "y": 1441.0}, {"x": 598.0, "y": 1453.0}, {"x": 596.0, "y": 1500.0}, {"x": 192.0, "y": 1488.0}]}, "description": "twitter.com/sprinkles"}, {"boundingPoly": {"vertices": [{"x": 167.0, "y": 1547.0}, {"x": 437.0, "y": 1556.0}, {"x": 435.0, "y": 1603.0}, {"x": 165.0, "y": 1593.0}]}, "description": "sprinkles.com"}]}