{"textAnnotations": [{"boundingPoly": {"vertices": [{"x": 826.0, "y": 850.0}, {"x": 1047.0, "y": 854.0}, {"x": 1047.0, "y": 886.0}, {"x": 826.0, "y": 882.0}]}, "description": "merchant name"}, {"boundingPoly": {"vertices": [{"x": 809.0, "y": 884.0}, {"x": 1080.0, "y": 887.0}, {"x": 1080.0, "y": 919.0}, {"x": 808.0, "y": 915.0}]}, "description": "merchant address"}, {"boundingPoly": {"vertices": [{"x": 815.0, "y": 920.0}, {"x": 866.0, "y": 920.0}, {"x": 866.0, "y": 949.0}, {"x": 815.0, "y": 949.0}]}, "description": "merchant address"}, {"boundingPoly": {"vertices": [{"x": 862.0, "y": 952.0}, {"x": 1027.0, "y": 953.0}, {"x": 1027.0, "y": 983.0}, {"x": 862.0, "y": 982.0}]}, "description": "merchant phone"}, {"boundingPoly": {"vertices": [{"x": 870.0, "y": 921.0}, {"x": 1068.0, "y": 921.0}, {"x": 1068.0, "y": 953.0}, {"x": 870.0, "y": 953.0}]}, "description": "merchant address"}, {"boundingPoly": {"vertices": [{"x": 671.0, "y": 1016.0}, {"x": 831.0, "y": 1016.0}, {"x": 831.0, "y": 1047.0}, {"x": 671.0, "y": 1047.0}]}, "description": "Check 293/2"}, {"boundingPoly": {"vertices": [{"x": 872.0, "y": 1016.0}, {"x": 1021.0, "y": 1017.0}, {"x": 1021.0, "y": 1050.0}, {"x": 871.0, "y": 1049.0}]}, "description": "11/19/19-A"}, {"boundingPoly": {"vertices": [{"x": 1046.0, "y": 1019.0}, {"x": 1208.0, "y": 1019.0}, {"x": 1208.0, "y": 1053.0}, {"x": 1046.0, "y": 1053.0}]}, "description": " 5:59pm"}, {"boundingPoly": {"vertices": [{"x": 1072.0, "y": 1054.0}, {"x": 1204.0, "y": 1054.0}, {"x": 1204.0, "y": 1082.0}, {"x": 1072.0, "y": 1081.0}]}, "description": "Table 43"}, {"boundingPoly": {"vertices": [{"x": 677.0, "y": 1117.0}, {"x": 682.0, "y": 1117.0}, {"x": 682.0, "y": 1145.0}, {"x": 677.0, "y": 1145.0}]}, "description": " 1"}, {"boundingPoly": {"vertices": [{"x": 672.0, "y": 1150.0}, {"x": 680.0, "y": 1150.0}, {"x": 680.0, "y": 1179.0}, {"x": 672.0, "y": 1179.0}]}, "description": " 1"}, {"boundingPoly": {"vertices": [{"x": 686.0, "y": 1117.0}, {"x": 706.0, "y": 1117.0}, {"x": 706.0, "y": 1145.0}, {"x": 686.0, "y": 1145.0}]}, "description": " .."}, {"boundingPoly": {"vertices": [{"x": 686.0, "y": 1150.0}, {"x": 703.0, "y": 1150.0}, {"x": 703.0, "y": 1180.0}, {"x": 686.0, "y": 1180.0}]}, "description": " .."}, {"boundingPoly": {"vertices": [{"x": 686.0, "y": 1183.0}, {"x": 704.0, "y": 1183.0}, {"x": 704.0, "y": 1212.0}, {"x": 686.0, "y": 1212.0}]}, "description": " .."}, {"boundingPoly": {"vertices": [{"x": 678.0, "y": 1214.0}, {"x": 856.0, "y": 1214.0}, {"x": 856.0, "y": 1246.0}, {"x": 678.0, "y": 1247.0}]}, "description": "1 .. Dragon Fly"}, {"boundingPoly": {"vertices": [{"x": 676.0, "y": 1249.0}, {"x": 680.0, "y": 1249.0}, {"x": 680.0, "y": 1279.0}, {"x": 676.0, "y": 1279.0}]}, "description": " 1"}, {"boundingPoly": {"vertices": [{"x": 678.0, "y": 1280.0}, {"x": 908.0, "y": 1282.0}, {"x": 907.0, "y": 1311.0}, {"x": 678.0, "y": 1309.0}]}, "description": "2 .. Prosecco Glass"}, {"boundingPoly": {"vertices": [{"x": 673.0, "y": 1314.0}, {"x": 680.0, "y": 1314.0}, {"x": 680.0, "y": 1345.0}, {"x": 673.0, "y": 1345.0}]}, "description": " 1"}, {"boundingPoly": {"vertices": [{"x": 710.0, "y": 1117.0}, {"x": 813.0, "y": 1117.0}, {"x": 813.0, "y": 1145.0}, {"x": 710.0, "y": 1145.0}]}, "description": " Edamame"}, {"boundingPoly": {"vertices": [{"x": 709.0, "y": 1149.0}, {"x": 957.0, "y": 1149.0}, {"x": 957.0, "y": 1182.0}, {"x": 709.0, "y": 1182.0}]}, "description": " CR Spicy Tuna Roll"}, {"boundingPoly": {"vertices": [{"x": 709.0, "y": 1183.0}, {"x": 885.0, "y": 1183.0}, {"x": 885.0, "y": 1214.0}, {"x": 709.0, "y": 1214.0}]}, "description": " Hamachi Lover"}, {"boundingPoly": {"vertices": [{"x": 1154.0, "y": 1118.0}, {"x": 1205.0, "y": 1122.0}, {"x": 1204.0, "y": 1146.0}, {"x": 1152.0, "y": 1143.0}]}, "description": "6.00"}, {"boundingPoly": {"vertices": [{"x": 1152.0, "y": 1153.0}, {"x": 1206.0, "y": 1155.0}, {"x": 1205.0, "y": 1181.0}, {"x": 1150.0, "y": 1179.0}]}, "description": "8.00"}, {"boundingPoly": {"vertices": [{"x": 1149.0, "y": 1187.0}, {"x": 1213.0, "y": 1186.0}, {"x": 1212.0, "y": 1213.0}, {"x": 1148.0, "y": 1213.0}]}, "description": "18.95"}, {"boundingPoly": {"vertices": [{"x": 1150.0, "y": 1219.0}, {"x": 1213.0, "y": 1220.0}, {"x": 1211.0, "y": 1246.0}, {"x": 1149.0, "y": 1246.0}]}, "description": "18.95"}, {"boundingPoly": {"vertices": [{"x": 1150.0, "y": 1252.0}, {"x": 1211.0, "y": 1253.0}, {"x": 1209.0, "y": 1281.0}, {"x": 1148.0, "y": 1280.0}]}, "description": "18.95"}, {"boundingPoly": {"vertices": [{"x": 1142.0, "y": 1285.0}, {"x": 1212.0, "y": 1285.0}, {"x": 1212.0, "y": 1312.0}, {"x": 1141.0, "y": 1312.0}]}, "description": "22.00"}, {"boundingPoly": {"vertices": [{"x": 1148.0, "y": 1317.0}, {"x": 1211.0, "y": 1317.0}, {"x": 1210.0, "y": 1347.0}, {"x": 1146.0, "y": 1347.0}]}, "description": "12.00"}, {"boundingPoly": {"vertices": [{"x": 680.0, "y": 1183.0}, {"x": 683.0, "y": 1183.0}, {"x": 683.0, "y": 1212.0}, {"x": 680.0, "y": 1212.0}]}, "description": " 1"}, {"boundingPoly": {"vertices": [{"x": 686.0, "y": 1249.0}, {"x": 705.0, "y": 1249.0}, {"x": 705.0, "y": 1279.0}, {"x": 686.0, "y": 1279.0}]}, "description": " .."}, {"boundingPoly": {"vertices": [{"x": 710.0, "y": 1249.0}, {"x": 877.0, "y": 1249.0}, {"x": 877.0, "y": 1279.0}, {"x": 710.0, "y": 1279.0}]}, "description": " Goldman Roll"}, {"boundingPoly": {"vertices": [{"x": 686.0, "y": 1315.0}, {"x": 704.0, "y": 1315.0}, {"x": 704.0, "y": 1346.0}, {"x": 686.0, "y": 1346.0}]}, "description": " .."}, {"boundingPoly": {"vertices": [{"x": 710.0, "y": 1315.0}, {"x": 917.0, "y": 1315.0}, {"x": 917.0, "y": 1347.0}, {"x": 710.0, "y": 1347.0}]}, "description": " Hana Fuga Peach"}, {"boundingPoly": {"vertices": [{"x": 934.0, "y": 1380.0}, {"x": 1000.0, "y": 1384.0}, {"x": 997.0, "y": 1411.0}, {"x": 931.0, "y": 1406.0}]}, "description": "Items"}, {"boundingPoly": {"vertices": [{"x": 952.0, "y": 1415.0}, {"x": 1000.0, "y": 1417.0}, {"x": 998.0, "y": 1443.0}, {"x": 950.0, "y": 1442.0}]}, "description": "Tax"}, {"boundingPoly": {"vertices": [{"x": 880.0, "y": 1447.0}, {"x": 995.0, "y": 1450.0}, {"x": 994.0, "y": 1478.0}, {"x": 879.0, "y": 1475.0}]}, "description": "Subtotal"}, {"boundingPoly": {"vertices": [{"x": 1133.0, "y": 1382.0}, {"x": 1215.0, "y": 1383.0}, {"x": 1214.0, "y": 1411.0}, {"x": 1130.0, "y": 1411.0}]}, "description": "104.85"}, {"boundingPoly": {"vertices": [{"x": 1152.0, "y": 1416.0}, {"x": 1206.0, "y": 1417.0}, {"x": 1204.0, "y": 1442.0}, {"x": 1151.0, "y": 1442.0}]}, "description": "9.31"}, {"boundingPoly": {"vertices": [{"x": 1133.0, "y": 1448.0}, {"x": 1213.0, "y": 1451.0}, {"x": 1213.0, "y": 1479.0}, {"x": 1132.0, "y": 1476.0}]}, "description": "114.16"}, {"boundingPoly": {"vertices": [{"x": 779.0, "y": 1512.0}, {"x": 1001.0, "y": 1513.0}, {"x": 1001.0, "y": 1542.0}, {"x": 779.0, "y": 1541.0}]}, "description": "AMERICAN EXPRESS"}, {"boundingPoly": {"vertices": [{"x": 1075.0, "y": 1513.0}, {"x": 1216.0, "y": 1515.0}, {"x": 1215.0, "y": 1546.0}, {"x": 1074.0, "y": 1543.0}]}, "description": "57.08"}, {"boundingPoly": {"vertices": [{"x": 956.0, "y": 1611.0}, {"x": 1002.0, "y": 1613.0}, {"x": 1000.0, "y": 1643.0}, {"x": 954.0, "y": 1640.0}]}, "description": "Tip"}, {"boundingPoly": {"vertices": [{"x": 1086.0, "y": 1603.0}, {"x": 1182.0, "y": 1591.0}, {"x": 1186.0, "y": 1635.0}, {"x": 1093.0, "y": 1651.0}]}, "description": "1 2 . 20"}, {"boundingPoly": {"vertices": [{"x": 1015.0, "y": 1702.0}, {"x": 1207.0, "y": 1684.0}, {"x": 1213.0, "y": 1744.0}, {"x": 1020.0, "y": 1761.0}]}, "description": "49. 08"}, {"boundingPoly": {"vertices": [{"x": 678.0, "y": 1773.0}, {"x": 1024.0, "y": 1773.0}, {"x": 1024.0, "y": 1807.0}, {"x": 678.0, "y": 1807.0}]}, "description": " 02.66122742 AMEX*3007 Chp"}, {"boundingPoly": {"vertices": [{"x": 703.0, "y": 1809.0}, {"x": 1015.0, "y": 1809.0}, {"x": 1015.0, "y": 1840.0}, {"x": 703.0, "y": 1840.0}]}, "description": " 11-19-2019 18:51:40 SIG"}, {"boundingPoly": {"vertices": [{"x": 702.0, "y": 1841.0}, {"x": 917.0, "y": 1842.0}, {"x": 916.0, "y": 1872.0}, {"x": 702.0, "y": 1871.0}]}, "description": "AMERICAN EXPRESS"}, {"boundingPoly": {"vertices": [{"x": 705.0, "y": 1874.0}, {"x": 919.0, "y": 1874.0}, {"x": 919.0, "y": 1907.0}, {"x": 705.0, "y": 1907.0}]}, "description": " 0000008000/F800"}, {"boundingPoly": {"vertices": [{"x": 930.0, "y": 1710.0}, {"x": 989.0, "y": 1711.0}, {"x": 988.0, "y": 1741.0}, {"x": 929.0, "y": 1740.0}]}, "description": "TOTA"}, {"boundingPoly": {"vertices": [{"x": 1148.0, "y": 1813.0}, {"x": 1216.0, "y": 1812.0}, {"x": 1215.0, "y": 1839.0}, {"x": 1146.0, "y": 1839.0}]}, "description": "57.08"}, {"boundingPoly": {"vertices": [{"x": 998.0, "y": 1844.0}, {"x": 1217.0, "y": 1845.0}, {"x": 1217.0, "y": 1873.0}, {"x": 998.0, "y": 1872.0}]}, "description": "A000000025010801"}, {"boundingPoly": {"vertices": [{"x": 928.0, "y": 1876.0}, {"x": 1214.0, "y": 1876.0}, {"x": 1214.0, "y": 1908.0}, {"x": 928.0, "y": 1908.0}]}, "description": " 0658010360A002/879/14"}, {"boundingPoly": {"vertices": [{"x": 774.0, "y": 1939.0}, {"x": 1117.0, "y": 1941.0}, {"x": 1117.0, "y": 1976.0}, {"x": 773.0, "y": 1972.0}]}, "description": "Customer Copy"}, {"boundingPoly": {"vertices": [{"x": 676.0, "y": 2004.0}, {"x": 1217.0, "y": 2005.0}, {"x": 1217.0, "y": 2038.0}, {"x": 676.0, "y": 2037.0}]}, "description": "Cardholder agrees to pay the above TOTAL"}, {"boundingPoly": {"vertices": [{"x": 704.0, "y": 2039.0}, {"x": 1200.0, "y": 2042.0}, {"x": 1200.0, "y": 2070.0}, {"x": 704.0, "y": 2068.0}]}, "description": "amount according to issuer agreement."}, {"boundingPoly": {"vertices": [{"x": 895.0, "y": 2103.0}, {"x": 1017.0, "y": 2105.0}, {"x": 1017.0, "y": 2137.0}, {"x": 895.0, "y": 2135.0}]}, "description": "Thank You"}, {"boundingPoly": {"vertices": [{"x": 825.0, "y": 2136.0}, {"x": 1069.0, "y": 2138.0}, {"x": 1068.0, "y": 2170.0}, {"x": 825.0, "y": 2168.0}]}, "description": "Please Come Again."}]}