{"textAnnotations": [{"boundingPoly": {"vertices": [{"x": 519.0, "y": 15.0}, {"x": 743.0, "y": 14.0}, {"x": 744.0, "y": 48.0}, {"x": 519.0, "y": 51.0}]}, "description": "Thank You For"}, {"boundingPoly": {"vertices": [{"x": 588.0, "y": 82.0}, {"x": 868.0, "y": 74.0}, {"x": 869.0, "y": 115.0}, {"x": 588.0, "y": 124.0}]}, "description": "Matthew Fraysier"}, {"boundingPoly": {"vertices": [{"x": 613.0, "y": 153.0}, {"x": 845.0, "y": 147.0}, {"x": 846.0, "y": 189.0}, {"x": 614.0, "y": 194.0}]}, "description": "merchant phone"}, {"boundingPoly": {"vertices": [{"x": 522.0, "y": 232.0}, {"x": 930.0, "y": 219.0}, {"x": 932.0, "y": 260.0}, {"x": 522.0, "y": 274.0}]}, "description": "Text @LTF11479 to 73940"}, {"boundingPoly": {"vertices": [{"x": 514.0, "y": 51.0}, {"x": 943.0, "y": 30.0}, {"x": 944.0, "y": 70.0}, {"x": 514.0, "y": 89.0}]}, "description": "merchant name"}, {"boundingPoly": {"vertices": [{"x": 601.0, "y": 119.0}, {"x": 857.0, "y": 112.0}, {"x": 858.0, "y": 154.0}, {"x": 601.0, "y": 162.0}]}, "description": "General Manager"}, {"boundingPoly": {"vertices": [{"x": 533.0, "y": 196.0}, {"x": 915.0, "y": 183.0}, {"x": 916.0, "y": 223.0}, {"x": 533.0, "y": 234.0}]}, "description": "We Love Your Feedback!"}, {"boundingPoly": {"vertices": [{"x": 1037.0, "y": 299.0}, {"x": 1091.0, "y": 300.0}, {"x": 1089.0, "y": 332.0}, {"x": 1035.0, "y": 330.0}]}, "description": "USD"}, {"boundingPoly": {"vertices": [{"x": 370.0, "y": 353.0}, {"x": 705.0, "y": 341.0}, {"x": 706.0, "y": 382.0}, {"x": 371.0, "y": 391.0}]}, "description": "0.99 lb x $ 7.68/lb"}, {"boundingPoly": {"vertices": [{"x": 365.0, "y": 434.0}, {"x": 722.0, "y": 422.0}, {"x": 723.0, "y": 460.0}, {"x": 365.0, "y": 472.0}]}, "description": "Chobani Non Fat Peac"}, {"boundingPoly": {"vertices": [{"x": 360.0, "y": 512.0}, {"x": 646.0, "y": 505.0}, {"x": 647.0, "y": 542.0}, {"x": 360.0, "y": 552.0}]}, "description": "Breakfast Pastry"}, {"boundingPoly": {"vertices": [{"x": 365.0, "y": 395.0}, {"x": 645.0, "y": 385.0}, {"x": 647.0, "y": 422.0}, {"x": 365.0, "y": 433.0}]}, "description": "Small Clamshell"}, {"boundingPoly": {"vertices": [{"x": 361.0, "y": 473.0}, {"x": 646.0, "y": 465.0}, {"x": 647.0, "y": 500.0}, {"x": 362.0, "y": 510.0}]}, "description": "Breakfast Pastry"}, {"boundingPoly": {"vertices": [{"x": 359.0, "y": 552.0}, {"x": 716.0, "y": 542.0}, {"x": 717.0, "y": 582.0}, {"x": 359.0, "y": 592.0}]}, "description": "Tropicana Apple Orch"}, {"boundingPoly": {"vertices": [{"x": 1023.0, "y": 376.0}, {"x": 1089.0, "y": 376.0}, {"x": 1087.0, "y": 411.0}, {"x": 1021.0, "y": 412.0}]}, "description": "7.60"}, {"boundingPoly": {"vertices": [{"x": 1019.0, "y": 419.0}, {"x": 1085.0, "y": 417.0}, {"x": 1087.0, "y": 448.0}, {"x": 1020.0, "y": 450.0}]}, "description": "2.70"}, {"boundingPoly": {"vertices": [{"x": 1022.0, "y": 457.0}, {"x": 1090.0, "y": 455.0}, {"x": 1090.0, "y": 488.0}, {"x": 1022.0, "y": 490.0}]}, "description": "1.89"}, {"boundingPoly": {"vertices": [{"x": 1019.0, "y": 497.0}, {"x": 1092.0, "y": 496.0}, {"x": 1090.0, "y": 528.0}, {"x": 1017.0, "y": 530.0}]}, "description": "1.89"}, {"boundingPoly": {"vertices": [{"x": 1016.0, "y": 537.0}, {"x": 1086.0, "y": 535.0}, {"x": 1085.0, "y": 567.0}, {"x": 1015.0, "y": 569.0}]}, "description": "2.05"}, {"boundingPoly": {"vertices": [{"x": 758.0, "y": 618.0}, {"x": 921.0, "y": 618.0}, {"x": 922.0, "y": 657.0}, {"x": 758.0, "y": 659.0}]}, "description": "Sub Total"}, {"boundingPoly": {"vertices": [{"x": 760.0, "y": 663.0}, {"x": 944.0, "y": 659.0}, {"x": 944.0, "y": 695.0}, {"x": 760.0, "y": 699.0}]}, "description": "Tax Amount"}, {"boundingPoly": {"vertices": [{"x": 995.0, "y": 615.0}, {"x": 1088.0, "y": 616.0}, {"x": 1086.0, "y": 653.0}, {"x": 997.0, "y": 652.0}]}, "description": "16.13"}, {"boundingPoly": {"vertices": [{"x": 1011.0, "y": 656.0}, {"x": 1090.0, "y": 653.0}, {"x": 1090.0, "y": 690.0}, {"x": 1011.0, "y": 692.0}]}, "description": "1.43"}, {"boundingPoly": {"vertices": [{"x": 325.0, "y": 794.0}, {"x": 648.0, "y": 790.0}, {"x": 649.0, "y": 859.0}, {"x": 326.0, "y": 863.0}]}, "description": "Total USD"}, {"boundingPoly": {"vertices": [{"x": 904.0, "y": 783.0}, {"x": 1082.0, "y": 778.0}, {"x": 1082.0, "y": 848.0}, {"x": 905.0, "y": 853.0}]}, "description": "17.56"}, {"boundingPoly": {"vertices": [{"x": 302.0, "y": 982.0}, {"x": 700.0, "y": 980.0}, {"x": 701.0, "y": 1022.0}, {"x": 302.0, "y": 1025.0}]}, "description": "5009 AMERICAN EXPRESS"}, {"boundingPoly": {"vertices": [{"x": 990.0, "y": 974.0}, {"x": 1085.0, "y": 973.0}, {"x": 1086.0, "y": 1011.0}, {"x": 991.0, "y": 1013.0}]}, "description": "17.56"}, {"boundingPoly": {"vertices": [{"x": 303.0, "y": 1115.0}, {"x": 363.0, "y": 1118.0}, {"x": 360.0, "y": 1154.0}, {"x": 300.0, "y": 1152.0}]}, "description": "Tax"}, {"boundingPoly": {"vertices": [{"x": 295.0, "y": 1158.0}, {"x": 449.0, "y": 1159.0}, {"x": 449.0, "y": 1200.0}, {"x": 295.0, "y": 1199.0}]}, "description": "() 8.875"}, {"boundingPoly": {"vertices": [{"x": 594.0, "y": 1111.0}, {"x": 878.0, "y": 1111.0}, {"x": 878.0, "y": 1155.0}, {"x": 594.0, "y": 1155.0}]}, "description": " Taxable Amount"}, {"boundingPoly": {"vertices": [{"x": 768.0, "y": 1157.0}, {"x": 856.0, "y": 1155.0}, {"x": 858.0, "y": 1193.0}, {"x": 766.0, "y": 1195.0}]}, "description": "16.13"}, {"boundingPoly": {"vertices": [{"x": 892.0, "y": 1109.0}, {"x": 1081.0, "y": 1109.0}, {"x": 1081.0, "y": 1151.0}, {"x": 892.0, "y": 1151.0}]}, "description": " Tax Amount"}, {"boundingPoly": {"vertices": [{"x": 1010.0, "y": 1155.0}, {"x": 1080.0, "y": 1154.0}, {"x": 1079.0, "y": 1192.0}, {"x": 1009.0, "y": 1193.0}]}, "description": "1.43"}, {"boundingPoly": {"vertices": [{"x": 288.0, "y": 1286.0}, {"x": 1081.0, "y": 1286.0}, {"x": 1081.0, "y": 1333.0}, {"x": 288.0, "y": 1333.0}]}, "description": " 11/27/2019 09:26 AM #:43395 Op:4024 C:111"}, {"boundingPoly": {"vertices": [{"x": 286.0, "y": 1334.0}, {"x": 479.0, "y": 1334.0}, {"x": 479.0, "y": 1377.0}, {"x": 286.0, "y": 1377.0}]}, "description": " 103 S:1111"}, {"boundingPoly": {"vertices": [{"x": 274.0, "y": 1382.0}, {"x": 481.0, "y": 1382.0}, {"x": 481.0, "y": 1425.0}, {"x": 274.0, "y": 1425.0}]}, "description": " Served you"}, {"boundingPoly": {"vertices": [{"x": 488.0, "y": 1378.0}, {"x": 891.0, "y": 1378.0}, {"x": 891.0, "y": 1424.0}, {"x": 488.0, "y": 1424.0}]}, "description": " : Winifred Wellington"}, {"boundingPoly": {"vertices": [{"x": 440.0, "y": 1567.0}, {"x": 850.0, "y": 1567.0}, {"x": 850.0, "y": 1606.0}, {"x": 440.0, "y": 1607.0}]}, "description": "*** Customer copy ***"}, {"boundingPoly": {"vertices": [{"x": 515.0, "y": 1658.0}, {"x": 781.0, "y": 1658.0}, {"x": 781.0, "y": 1703.0}, {"x": 515.0, "y": 1703.0}]}, "description": "AMEX NY937 (3)"}, {"boundingPoly": {"vertices": [{"x": 277.0, "y": 1708.0}, {"x": 1000.0, "y": 1705.0}, {"x": 1000.0, "y": 1750.0}, {"x": 277.0, "y": 1755.0}]}, "description": "I agree to pay the above total amount"}, {"boundingPoly": {"vertices": [{"x": 408.0, "y": 1757.0}, {"x": 886.0, "y": 1754.0}, {"x": 886.0, "y": 1796.0}, {"x": 408.0, "y": 1799.0}]}, "description": "according to card issuer"}, {"boundingPoly": {"vertices": [{"x": 250.0, "y": 1807.0}, {"x": 1016.0, "y": 1798.0}, {"x": 1016.0, "y": 1844.0}, {"x": 250.0, "y": 1852.0}]}, "description": "agreement. (Merchant agreement if Credit"}, {"boundingPoly": {"vertices": [{"x": 309.0, "y": 1853.0}, {"x": 963.0, "y": 1851.0}, {"x": 963.0, "y": 1896.0}, {"x": 309.0, "y": 1898.0}]}, "description": "Voucher)Retain this copy for your"}, {"boundingPoly": {"vertices": [{"x": 560.0, "y": 1905.0}, {"x": 717.0, "y": 1904.0}, {"x": 718.0, "y": 1944.0}, {"x": 560.0, "y": 1945.0}]}, "description": "records."}, {"boundingPoly": {"vertices": [{"x": 238.0, "y": 1999.0}, {"x": 620.0, "y": 2000.0}, {"x": 620.0, "y": 2046.0}, {"x": 238.0, "y": 2045.0}]}, "description": "PURCHASE / APPROVED"}, {"boundingPoly": {"vertices": [{"x": 235.0, "y": 2051.0}, {"x": 560.0, "y": 2052.0}, {"x": 560.0, "y": 2097.0}, {"x": 235.0, "y": 2096.0}]}, "description": "AMERICAN EXPRESS"}, {"boundingPoly": {"vertices": [{"x": 233.0, "y": 2104.0}, {"x": 536.0, "y": 2105.0}, {"x": 535.0, "y": 2145.0}, {"x": 233.0, "y": 2143.0}]}, "description": "*********** 1006"}, {"boundingPoly": {"vertices": [{"x": 229.0, "y": 2150.0}, {"x": 454.0, "y": 2152.0}, {"x": 453.0, "y": 2198.0}, {"x": 229.0, "y": 2196.0}]}, "description": "CHIP READ /"}, {"boundingPoly": {"vertices": [{"x": 222.0, "y": 2250.0}, {"x": 612.0, "y": 2250.0}, {"x": 612.0, "y": 2304.0}, {"x": 222.0, "y": 2304.0}]}, "description": " 2019/11/27 09:26:56"}, {"boundingPoly": {"vertices": [{"x": 224.0, "y": 2305.0}, {"x": 288.0, "y": 2304.0}, {"x": 286.0, "y": 2350.0}, {"x": 223.0, "y": 2351.0}]}, "description": "TID"}, {"boundingPoly": {"vertices": [{"x": 218.0, "y": 2358.0}, {"x": 283.0, "y": 2358.0}, {"x": 278.0, "y": 2404.0}, {"x": 213.0, "y": 2404.0}]}, "description": "MID"}, {"boundingPoly": {"vertices": [{"x": 209.0, "y": 2408.0}, {"x": 398.0, "y": 2413.0}, {"x": 396.0, "y": 2462.0}, {"x": 208.0, "y": 2456.0}]}, "description": "REFERENCE"}, {"boundingPoly": {"vertices": [{"x": 213.0, "y": 2464.0}, {"x": 394.0, "y": 2466.0}, {"x": 393.0, "y": 2513.0}, {"x": 212.0, "y": 2511.0}]}, "description": "AUTH CODE"}, {"boundingPoly": {"vertices": [{"x": 871.0, "y": 2309.0}, {"x": 1031.0, "y": 2313.0}, {"x": 1030.0, "y": 2357.0}, {"x": 870.0, "y": 2352.0}]}, "description": "**** 6038"}, {"boundingPoly": {"vertices": [{"x": 886.0, "y": 2361.0}, {"x": 1036.0, "y": 2362.0}, {"x": 1035.0, "y": 2409.0}, {"x": 886.0, "y": 2408.0}]}, "description": "6634459"}, {"boundingPoly": {"vertices": [{"x": 515.0, "y": 2412.0}, {"x": 1031.0, "y": 2416.0}, {"x": 1031.0, "y": 2465.0}, {"x": 515.0, "y": 2461.0}]}, "description": "S1111T111103#43395@676631"}, {"boundingPoly": {"vertices": [{"x": 906.0, "y": 2470.0}, {"x": 1032.0, "y": 2470.0}, {"x": 1032.0, "y": 2516.0}, {"x": 905.0, "y": 2514.0}]}, "description": "871415"}, {"boundingPoly": {"vertices": [{"x": 208.0, "y": 2570.0}, {"x": 310.0, "y": 2574.0}, {"x": 308.0, "y": 2621.0}, {"x": 206.0, "y": 2617.0}]}, "description": "TOTAL"}, {"boundingPoly": {"vertices": [{"x": 856.0, "y": 2574.0}, {"x": 1035.0, "y": 2574.0}, {"x": 1035.0, "y": 2624.0}, {"x": 856.0, "y": 2623.0}]}, "description": "USD17.56"}, {"boundingPoly": {"vertices": [{"x": 193.0, "y": 2682.0}, {"x": 283.0, "y": 2682.0}, {"x": 283.0, "y": 2727.0}, {"x": 193.0, "y": 2727.0}]}, "description": " ARC:"}, {"boundingPoly": {"vertices": [{"x": 291.0, "y": 2681.0}, {"x": 344.0, "y": 2681.0}, {"x": 344.0, "y": 2728.0}, {"x": 291.0, "y": 2728.0}]}, "description": " 00"}, {"boundingPoly": {"vertices": [{"x": 283.0, "y": 2730.0}, {"x": 862.0, "y": 2746.0}, {"x": 861.0, "y": 2805.0}, {"x": 283.0, "y": 2789.0}]}, "description": "580REDMI NOTE 5 PRO"}, {"boundingPoly": {"vertices": [{"x": 279.0, "y": 2848.0}, {"x": 510.0, "y": 2848.0}, {"x": 510.0, "y": 2902.0}, {"x": 279.0, "y": 2902.0}]}, "description": " 0000008000"}, {"boundingPoly": {"vertices": [{"x": 279.0, "y": 2905.0}, {"x": 624.0, "y": 2905.0}, {"x": 624.0, "y": 2957.0}, {"x": 279.0, "y": 2957.0}]}, "description": " 4000000025010801"}, {"boundingPoly": {"vertices": [{"x": 292.0, "y": 2791.0}, {"x": 816.0, "y": 2815.0}, {"x": 814.0, "y": 2874.0}, {"x": 290.0, "y": 2850.0}]}, "description": "066MI DUAL CAMERA"}, {"boundingPoly": {"vertices": [{"x": 184.0, "y": 2845.0}, {"x": 269.0, "y": 2845.0}, {"x": 269.0, "y": 2897.0}, {"x": 184.0, "y": 2897.0}]}, "description": " TVR:"}, {"boundingPoly": {"vertices": [{"x": 183.0, "y": 2903.0}, {"x": 272.0, "y": 2903.0}, {"x": 272.0, "y": 2947.0}, {"x": 183.0, "y": 2947.0}]}, "description": " AID:"}]}