{"textAnnotations": [{"boundingPoly": {"vertices": [{"x": 334.0, "y": 352.0}, {"x": 597.0, "y": 361.0}, {"x": 596.0, "y": 379.0}, {"x": 333.0, "y": 368.0}]}, "description": "merchant name"}, {"boundingPoly": {"vertices": [{"x": 311.0, "y": 394.0}, {"x": 585.0, "y": 392.0}, {"x": 585.0, "y": 411.0}, {"x": 311.0, "y": 413.0}]}, "description": "merchant address"}, {"boundingPoly": {"vertices": [{"x": 347.0, "y": 416.0}, {"x": 531.0, "y": 414.0}, {"x": 531.0, "y": 433.0}, {"x": 347.0, "y": 436.0}]}, "description": "merchant phone"}, {"boundingPoly": {"vertices": [{"x": 380.0, "y": 371.0}, {"x": 529.0, "y": 373.0}, {"x": 529.0, "y": 392.0}, {"x": 380.0, "y": 390.0}]}, "description": "merchant address"}, {"boundingPoly": {"vertices": [{"x": 1013.0, "y": 441.0}, {"x": 1293.0, "y": 434.0}, {"x": 1294.0, "y": 459.0}, {"x": 1013.0, "y": 464.0}]}, "description": "merchant name"}, {"boundingPoly": {"vertices": [{"x": 1225.0, "y": 482.0}, {"x": 1307.0, "y": 482.0}, {"x": 1307.0, "y": 514.0}, {"x": 1225.0, "y": 514.0}]}, "description": "merchant address"}, {"boundingPoly": {"vertices": [{"x": 1069.0, "y": 516.0}, {"x": 1262.0, "y": 514.0}, {"x": 1262.0, "y": 551.0}, {"x": 1069.0, "y": 552.0}]}, "description": "merchant phone"}, {"boundingPoly": {"vertices": [{"x": 104.0, "y": 461.0}, {"x": 189.0, "y": 461.0}, {"x": 189.0, "y": 483.0}, {"x": 104.0, "y": 483.0}]}, "description": " Server"}, {"boundingPoly": {"vertices": [{"x": 91.0, "y": 485.0}, {"x": 217.0, "y": 485.0}, {"x": 217.0, "y": 517.0}, {"x": 91.0, "y": 517.0}]}, "description": " 10:03 PM"}, {"boundingPoly": {"vertices": [{"x": 94.0, "y": 519.0}, {"x": 251.0, "y": 523.0}, {"x": 250.0, "y": 559.0}, {"x": 93.0, "y": 555.0}]}, "description": "Table 11/1"}, {"boundingPoly": {"vertices": [{"x": 193.0, "y": 461.0}, {"x": 284.0, "y": 461.0}, {"x": 284.0, "y": 483.0}, {"x": 193.0, "y": 483.0}]}, "description": " : Khan"}, {"boundingPoly": {"vertices": [{"x": 514.0, "y": 457.0}, {"x": 560.0, "y": 457.0}, {"x": 560.0, "y": 480.0}, {"x": 514.0, "y": 480.0}]}, "description": " DOB"}, {"boundingPoly": {"vertices": [{"x": 564.0, "y": 459.0}, {"x": 585.0, "y": 459.0}, {"x": 585.0, "y": 481.0}, {"x": 564.0, "y": 481.0}]}, "description": " :"}, {"boundingPoly": {"vertices": [{"x": 588.0, "y": 456.0}, {"x": 760.0, "y": 458.0}, {"x": 759.0, "y": 484.0}, {"x": 588.0, "y": 483.0}]}, "description": "11/18/2019"}, {"boundingPoly": {"vertices": [{"x": 599.0, "y": 490.0}, {"x": 757.0, "y": 492.0}, {"x": 757.0, "y": 527.0}, {"x": 599.0, "y": 525.0}]}, "description": "11/18/2019"}, {"boundingPoly": {"vertices": [{"x": 645.0, "y": 532.0}, {"x": 760.0, "y": 532.0}, {"x": 760.0, "y": 568.0}, {"x": 645.0, "y": 567.0}]}, "description": "2/20257"}, {"boundingPoly": {"vertices": [{"x": 1080.0, "y": 463.0}, {"x": 1240.0, "y": 461.0}, {"x": 1241.0, "y": 485.0}, {"x": 1080.0, "y": 487.0}]}, "description": "merchant address"}, {"boundingPoly": {"vertices": [{"x": 1025.0, "y": 485.0}, {"x": 1220.0, "y": 485.0}, {"x": 1220.0, "y": 515.0}, {"x": 1025.0, "y": 515.0}]}, "description": "merchant address"}, {"boundingPoly": {"vertices": [{"x": 395.0, "y": 604.0}, {"x": 463.0, "y": 606.0}, {"x": 462.0, "y": 640.0}, {"x": 394.0, "y": 637.0}]}, "description": "SALE"}, {"boundingPoly": {"vertices": [{"x": 827.0, "y": 603.0}, {"x": 917.0, "y": 603.0}, {"x": 917.0, "y": 638.0}, {"x": 827.0, "y": 638.0}]}, "description": " Server"}, {"boundingPoly": {"vertices": [{"x": 831.0, "y": 641.0}, {"x": 986.0, "y": 638.0}, {"x": 987.0, "y": 674.0}, {"x": 832.0, "y": 676.0}]}, "description": "Table 11/1"}, {"boundingPoly": {"vertices": [{"x": 954.0, "y": 679.0}, {"x": 976.0, "y": 679.0}, {"x": 976.0, "y": 714.0}, {"x": 954.0, "y": 714.0}]}, "description": " 2"}, {"boundingPoly": {"vertices": [{"x": 923.0, "y": 601.0}, {"x": 1025.0, "y": 601.0}, {"x": 1025.0, "y": 635.0}, {"x": 923.0, "y": 635.0}]}, "description": " : Khan"}, {"boundingPoly": {"vertices": [{"x": 1329.0, "y": 593.0}, {"x": 1484.0, "y": 593.0}, {"x": 1485.0, "y": 628.0}, {"x": 1329.0, "y": 628.0}]}, "description": "11/18/2019"}, {"boundingPoly": {"vertices": [{"x": 1357.0, "y": 634.0}, {"x": 1484.0, "y": 634.0}, {"x": 1484.0, "y": 667.0}, {"x": 1357.0, "y": 667.0}]}, "description": " 10:00 PM"}, {"boundingPoly": {"vertices": [{"x": 1401.0, "y": 672.0}, {"x": 1478.0, "y": 673.0}, {"x": 1478.0, "y": 703.0}, {"x": 1399.0, "y": 703.0}]}, "description": "20257"}, {"boundingPoly": {"vertices": [{"x": 111.0, "y": 681.0}, {"x": 179.0, "y": 683.0}, {"x": 177.0, "y": 710.0}, {"x": 112.0, "y": 709.0}]}, "description": "Amex"}, {"boundingPoly": {"vertices": [{"x": 113.0, "y": 716.0}, {"x": 434.0, "y": 719.0}, {"x": 434.0, "y": 752.0}, {"x": 113.0, "y": 748.0}]}, "description": "Card #XXXXXXXXXXX3001"}, {"boundingPoly": {"vertices": [{"x": 120.0, "y": 753.0}, {"x": 454.0, "y": 753.0}, {"x": 454.0, "y": 794.0}, {"x": 120.0, "y": 794.0}]}, "description": " Magnetic card present:"}, {"boundingPoly": {"vertices": [{"x": 129.0, "y": 824.0}, {"x": 398.0, "y": 824.0}, {"x": 398.0, "y": 859.0}, {"x": 129.0, "y": 859.0}]}, "description": " Card Entry Method:"}, {"boundingPoly": {"vertices": [{"x": 833.0, "y": 680.0}, {"x": 948.0, "y": 680.0}, {"x": 948.0, "y": 717.0}, {"x": 833.0, "y": 717.0}]}, "description": " Guests:"}, {"boundingPoly": {"vertices": [{"x": 642.0, "y": 694.0}, {"x": 757.0, "y": 698.0}, {"x": 756.0, "y": 728.0}, {"x": 640.0, "y": 724.0}]}, "description": "2097210"}, {"boundingPoly": {"vertices": [{"x": 832.0, "y": 758.0}, {"x": 1183.0, "y": 749.0}, {"x": 1184.0, "y": 785.0}, {"x": 832.0, "y": 793.0}]}, "description": "Stella Artois (3 @9.00)"}, {"boundingPoly": {"vertices": [{"x": 831.0, "y": 796.0}, {"x": 927.0, "y": 796.0}, {"x": 927.0, "y": 827.0}, {"x": 831.0, "y": 827.0}]}, "description": "APP SP"}, {"boundingPoly": {"vertices": [{"x": 832.0, "y": 833.0}, {"x": 1034.0, "y": 831.0}, {"x": 1034.0, "y": 863.0}, {"x": 832.0, "y": 866.0}]}, "description": "Shepherds Pie"}, {"boundingPoly": {"vertices": [{"x": 1394.0, "y": 746.0}, {"x": 1476.0, "y": 747.0}, {"x": 1476.0, "y": 779.0}, {"x": 1393.0, "y": 778.0}]}, "description": "27. 00"}, {"boundingPoly": {"vertices": [{"x": 1395.0, "y": 784.0}, {"x": 1470.0, "y": 785.0}, {"x": 1469.0, "y": 816.0}, {"x": 1393.0, "y": 815.0}]}, "description": "12. 00"}, {"boundingPoly": {"vertices": [{"x": 1390.0, "y": 820.0}, {"x": 1468.0, "y": 821.0}, {"x": 1469.0, "y": 852.0}, {"x": 1389.0, "y": 852.0}]}, "description": "21. 00"}, {"boundingPoly": {"vertices": [{"x": 441.0, "y": 830.0}, {"x": 446.0, "y": 858.0}, {"x": 424.0, "y": 860.0}, {"x": 420.0, "y": 832.0}]}, "description": "co"}, {"boundingPoly": {"vertices": [{"x": 126.0, "y": 893.0}, {"x": 266.0, "y": 893.0}, {"x": 266.0, "y": 927.0}, {"x": 126.0, "y": 927.0}]}, "description": " Approval:"}, {"boundingPoly": {"vertices": [{"x": 271.0, "y": 895.0}, {"x": 369.0, "y": 895.0}, {"x": 369.0, "y": 929.0}, {"x": 271.0, "y": 929.0}]}, "description": " 561036"}, {"boundingPoly": {"vertices": [{"x": 832.0, "y": 901.0}, {"x": 1089.0, "y": 900.0}, {"x": 1089.0, "y": 928.0}, {"x": 832.0, "y": 929.0}]}, "description": "Complete Subtotal"}, {"boundingPoly": {"vertices": [{"x": 1384.0, "y": 895.0}, {"x": 1460.0, "y": 896.0}, {"x": 1460.0, "y": 924.0}, {"x": 1383.0, "y": 923.0}]}, "description": "60.00"}, {"boundingPoly": {"vertices": [{"x": 839.0, "y": 955.0}, {"x": 963.0, "y": 956.0}, {"x": 963.0, "y": 984.0}, {"x": 839.0, "y": 983.0}]}, "description": "Subtotal"}, {"boundingPoly": {"vertices": [{"x": 843.0, "y": 988.0}, {"x": 893.0, "y": 989.0}, {"x": 893.0, "y": 1015.0}, {"x": 842.0, "y": 1014.0}]}, "description": "Tax"}, {"boundingPoly": {"vertices": [{"x": 1399.0, "y": 955.0}, {"x": 1474.0, "y": 954.0}, {"x": 1475.0, "y": 982.0}, {"x": 1400.0, "y": 982.0}]}, "description": "60.00"}, {"boundingPoly": {"vertices": [{"x": 1417.0, "y": 986.0}, {"x": 1484.0, "y": 985.0}, {"x": 1485.0, "y": 1015.0}, {"x": 1419.0, "y": 1016.0}]}, "description": "5.33"}, {"boundingPoly": {"vertices": [{"x": 416.0, "y": 974.0}, {"x": 502.0, "y": 974.0}, {"x": 502.0, "y": 1007.0}, {"x": 416.0, "y": 1007.0}]}, "description": " Amount"}, {"boundingPoly": {"vertices": [{"x": 507.0, "y": 976.0}, {"x": 522.0, "y": 976.0}, {"x": 522.0, "y": 1007.0}, {"x": 507.0, "y": 1007.0}]}, "description": " :"}, {"boundingPoly": {"vertices": [{"x": 660.0, "y": 980.0}, {"x": 753.0, "y": 981.0}, {"x": 752.0, "y": 1015.0}, {"x": 660.0, "y": 1012.0}]}, "description": "$65. 33"}, {"boundingPoly": {"vertices": [{"x": 559.0, "y": 1022.0}, {"x": 754.0, "y": 1025.0}, {"x": 753.0, "y": 1082.0}, {"x": 559.0, "y": 1081.0}]}, "description": "$ 12.00"}, {"boundingPoly": {"vertices": [{"x": 541.0, "y": 1094.0}, {"x": 742.0, "y": 1100.0}, {"x": 740.0, "y": 1161.0}, {"x": 539.0, "y": 1154.0}]}, "description": "$77.33"}, {"boundingPoly": {"vertices": [{"x": 431.0, "y": 1047.0}, {"x": 521.0, "y": 1047.0}, {"x": 521.0, "y": 1077.0}, {"x": 431.0, "y": 1077.0}]}, "description": " + Tip:"}, {"boundingPoly": {"vertices": [{"x": 847.0, "y": 1054.0}, {"x": 924.0, "y": 1054.0}, {"x": 924.0, "y": 1087.0}, {"x": 847.0, "y": 1087.0}]}, "description": "Total"}, {"boundingPoly": {"vertices": [{"x": 1420.0, "y": 1055.0}, {"x": 1499.0, "y": 1054.0}, {"x": 1500.0, "y": 1085.0}, {"x": 1422.0, "y": 1084.0}]}, "description": "65.33"}, {"boundingPoly": {"vertices": [{"x": 391.0, "y": 1116.0}, {"x": 493.0, "y": 1116.0}, {"x": 493.0, "y": 1152.0}, {"x": 391.0, "y": 1152.0}]}, "description": " = Total"}, {"boundingPoly": {"vertices": [{"x": 498.0, "y": 1120.0}, {"x": 525.0, "y": 1120.0}, {"x": 525.0, "y": 1152.0}, {"x": 498.0, "y": 1152.0}]}, "description": " :"}, {"boundingPoly": {"vertices": [{"x": 847.0, "y": 1127.0}, {"x": 1209.0, "y": 1127.0}, {"x": 1209.0, "y": 1162.0}, {"x": 847.0, "y": 1161.0}]}, "description": "Balance Due"}, {"boundingPoly": {"vertices": [{"x": 1358.0, "y": 1126.0}, {"x": 1515.0, "y": 1125.0}, {"x": 1515.0, "y": 1159.0}, {"x": 1358.0, "y": 1160.0}]}, "description": "65.33"}, {"boundingPoly": {"vertices": [{"x": 228.0, "y": 1222.0}, {"x": 248.0, "y": 1222.0}, {"x": 248.0, "y": 1257.0}, {"x": 228.0, "y": 1257.0}]}, "description": " I"}, {"boundingPoly": {"vertices": [{"x": 182.0, "y": 1258.0}, {"x": 635.0, "y": 1272.0}, {"x": 634.0, "y": 1308.0}, {"x": 181.0, "y": 1293.0}]}, "description": "total amount according to the"}, {"boundingPoly": {"vertices": [{"x": 420.0, "y": 1307.0}, {"x": 574.0, "y": 1307.0}, {"x": 574.0, "y": 1346.0}, {"x": 420.0, "y": 1346.0}]}, "description": " agreement."}, {"boundingPoly": {"vertices": [{"x": 356.0, "y": 1355.0}, {"x": 592.0, "y": 1361.0}, {"x": 591.0, "y": 1421.0}, {"x": 355.0, "y": 1415.0}]}, "description": "J. Wesses"}, {"boundingPoly": {"vertices": [{"x": 246.0, "y": 1450.0}, {"x": 548.0, "y": 1466.0}, {"x": 546.0, "y": 1501.0}, {"x": 244.0, "y": 1486.0}]}, "description": "If You Have Enjoyed"}, {"boundingPoly": {"vertices": [{"x": 407.0, "y": 1499.0}, {"x": 530.0, "y": 1499.0}, {"x": 530.0, "y": 1539.0}, {"x": 407.0, "y": 1539.0}]}, "description": " With Us"}, {"boundingPoly": {"vertices": [{"x": 253.0, "y": 1224.0}, {"x": 606.0, "y": 1224.0}, {"x": 606.0, "y": 1269.0}, {"x": 253.0, "y": 1269.0}]}, "description": " agree to pay the above"}, {"boundingPoly": {"vertices": [{"x": 233.0, "y": 1300.0}, {"x": 413.0, "y": 1300.0}, {"x": 413.0, "y": 1341.0}, {"x": 233.0, "y": 1341.0}]}, "description": " card issuer"}, {"boundingPoly": {"vertices": [{"x": 1034.0, "y": 1205.0}, {"x": 1069.0, "y": 1205.0}, {"x": 1069.0, "y": 1242.0}, {"x": 1034.0, "y": 1242.0}]}, "description": " If"}, {"boundingPoly": {"vertices": [{"x": 1048.0, "y": 1246.0}, {"x": 1126.0, "y": 1246.0}, {"x": 1126.0, "y": 1279.0}, {"x": 1048.0, "y": 1279.0}]}, "description": " Your"}, {"boundingPoly": {"vertices": [{"x": 1075.0, "y": 1205.0}, {"x": 1345.0, "y": 1205.0}, {"x": 1345.0, "y": 1241.0}, {"x": 1075.0, "y": 1241.0}]}, "description": " You Have Enjoyed"}, {"boundingPoly": {"vertices": [{"x": 1132.0, "y": 1245.0}, {"x": 1330.0, "y": 1245.0}, {"x": 1330.0, "y": 1280.0}, {"x": 1132.0, "y": 1280.0}]}, "description": " Time With Us"}, {"boundingPoly": {"vertices": [{"x": 1305.0, "y": 1280.0}, {"x": 1380.0, "y": 1280.0}, {"x": 1380.0, "y": 1312.0}, {"x": 1305.0, "y": 1312.0}]}, "description": " YELP."}, {"boundingPoly": {"vertices": [{"x": 979.0, "y": 1272.0}, {"x": 1300.0, "y": 1272.0}, {"x": 1300.0, "y": 1311.0}, {"x": 979.0, "y": 1311.0}]}, "description": " Please Review Us On"}, {"boundingPoly": {"vertices": [{"x": 1384.0, "y": 1278.0}, {"x": 1436.0, "y": 1278.0}, {"x": 1436.0, "y": 1313.0}, {"x": 1384.0, "y": 1313.0}]}, "description": " COM"}, {"boundingPoly": {"vertices": [{"x": 88.0, "y": 1370.0}, {"x": 106.0, "y": 1371.0}, {"x": 104.0, "y": 1393.0}, {"x": 86.0, "y": 1393.0}]}, "description": "X"}, {"boundingPoly": {"vertices": [{"x": 254.0, "y": 1493.0}, {"x": 327.0, "y": 1493.0}, {"x": 327.0, "y": 1530.0}, {"x": 254.0, "y": 1530.0}]}, "description": " Your"}, {"boundingPoly": {"vertices": [{"x": 332.0, "y": 1496.0}, {"x": 403.0, "y": 1496.0}, {"x": 403.0, "y": 1534.0}, {"x": 332.0, "y": 1534.0}]}, "description": " Time"}, {"boundingPoly": {"vertices": [{"x": 177.0, "y": 1526.0}, {"x": 623.0, "y": 1542.0}, {"x": 622.0, "y": 1580.0}, {"x": 176.0, "y": 1563.0}]}, "description": "Please Review Us On YELP. COM"}, {"boundingPoly": {"vertices": [{"x": 962.0, "y": 1613.0}, {"x": 1195.0, "y": 1532.0}, {"x": 1210.0, "y": 1605.0}, {"x": 983.0, "y": 1683.0}]}, "description": "\u949f\u949f"}, {"boundingPoly": {"vertices": [{"x": 248.0, "y": 1648.0}, {"x": 524.0, "y": 1659.0}, {"x": 523.0, "y": 1697.0}, {"x": 247.0, "y": 1685.0}]}, "description": ">>Customer Copy<<"}]}