{"textAnnotations": [{"boundingPoly": {"vertices": [{"x": 343.0, "y": 215.0}, {"x": 573.0, "y": 222.0}, {"x": 572.0, "y": 246.0}, {"x": 342.0, "y": 238.0}]}, "description": "merchant name"}, {"boundingPoly": {"vertices": [{"x": 360.0, "y": 263.0}, {"x": 564.0, "y": 270.0}, {"x": 564.0, "y": 290.0}, {"x": 359.0, "y": 283.0}]}, "description": "merchant address"}, {"boundingPoly": {"vertices": [{"x": 545.0, "y": 302.0}, {"x": 582.0, "y": 298.0}, {"x": 584.0, "y": 326.0}, {"x": 548.0, "y": 328.0}]}, "description": "43"}, {"boundingPoly": {"vertices": [{"x": 387.0, "y": 242.0}, {"x": 532.0, "y": 247.0}, {"x": 532.0, "y": 266.0}, {"x": 386.0, "y": 261.0}]}, "description": "merchant address"}, {"boundingPoly": {"vertices": [{"x": 404.0, "y": 287.0}, {"x": 519.0, "y": 291.0}, {"x": 518.0, "y": 310.0}, {"x": 403.0, "y": 306.0}]}, "description": "merchant phone"}, {"boundingPoly": {"vertices": [{"x": 375.0, "y": 320.0}, {"x": 463.0, "y": 320.0}, {"x": 463.0, "y": 345.0}, {"x": 375.0, "y": 345.0}]}, "description": " HUNEEN"}, {"boundingPoly": {"vertices": [{"x": 293.0, "y": 344.0}, {"x": 507.0, "y": 344.0}, {"x": 507.0, "y": 371.0}, {"x": 293.0, "y": 371.0}]}, "description": " 03-Nov-2019 9:05:35A"}, {"boundingPoly": {"vertices": [{"x": 292.0, "y": 382.0}, {"x": 487.0, "y": 384.0}, {"x": 487.0, "y": 408.0}, {"x": 292.0, "y": 406.0}]}, "description": "Transaction 001512"}, {"boundingPoly": {"vertices": [{"x": 294.0, "y": 318.0}, {"x": 371.0, "y": 318.0}, {"x": 371.0, "y": 343.0}, {"x": 294.0, "y": 343.0}]}, "description": " Cashier:"}, {"boundingPoly": {"vertices": [{"x": 290.0, "y": 436.0}, {"x": 312.0, "y": 436.0}, {"x": 312.0, "y": 461.0}, {"x": 290.0, "y": 461.0}]}, "description": " 1"}, {"boundingPoly": {"vertices": [{"x": 316.0, "y": 436.0}, {"x": 531.0, "y": 436.0}, {"x": 531.0, "y": 466.0}, {"x": 316.0, "y": 466.0}]}, "description": " Chicken Tikka Platter"}, {"boundingPoly": {"vertices": [{"x": 574.0, "y": 443.0}, {"x": 632.0, "y": 445.0}, {"x": 631.0, "y": 469.0}, {"x": 574.0, "y": 466.0}]}, "description": "$7.00"}, {"boundingPoly": {"vertices": [{"x": 286.0, "y": 493.0}, {"x": 381.0, "y": 493.0}, {"x": 381.0, "y": 518.0}, {"x": 286.0, "y": 516.0}]}, "description": "Subtotal"}, {"boundingPoly": {"vertices": [{"x": 288.0, "y": 522.0}, {"x": 327.0, "y": 523.0}, {"x": 326.0, "y": 545.0}, {"x": 288.0, "y": 544.0}]}, "description": "Tax"}, {"boundingPoly": {"vertices": [{"x": 577.0, "y": 499.0}, {"x": 637.0, "y": 501.0}, {"x": 636.0, "y": 524.0}, {"x": 576.0, "y": 523.0}]}, "description": "$7.00"}, {"boundingPoly": {"vertices": [{"x": 578.0, "y": 529.0}, {"x": 637.0, "y": 529.0}, {"x": 636.0, "y": 551.0}, {"x": 578.0, "y": 550.0}]}, "description": "$0.62"}, {"boundingPoly": {"vertices": [{"x": 287.0, "y": 581.0}, {"x": 345.0, "y": 582.0}, {"x": 344.0, "y": 607.0}, {"x": 286.0, "y": 606.0}]}, "description": "Total"}, {"boundingPoly": {"vertices": [{"x": 284.0, "y": 625.0}, {"x": 487.0, "y": 625.0}, {"x": 487.0, "y": 649.0}, {"x": 284.0, "y": 648.0}]}, "description": "CREDIT CARD SALE"}, {"boundingPoly": {"vertices": [{"x": 285.0, "y": 652.0}, {"x": 407.0, "y": 652.0}, {"x": 407.0, "y": 675.0}, {"x": 285.0, "y": 675.0}]}, "description": "AMEX 1004"}, {"boundingPoly": {"vertices": [{"x": 579.0, "y": 584.0}, {"x": 639.0, "y": 585.0}, {"x": 639.0, "y": 609.0}, {"x": 578.0, "y": 608.0}]}, "description": "$7.62"}, {"boundingPoly": {"vertices": [{"x": 584.0, "y": 625.0}, {"x": 641.0, "y": 626.0}, {"x": 641.0, "y": 649.0}, {"x": 584.0, "y": 647.0}]}, "description": "$7.62"}, {"boundingPoly": {"vertices": [{"x": 283.0, "y": 693.0}, {"x": 516.0, "y": 693.0}, {"x": 516.0, "y": 721.0}, {"x": 283.0, "y": 721.0}]}, "description": " 03-Nov-2019 9:06:11A"}, {"boundingPoly": {"vertices": [{"x": 282.0, "y": 723.0}, {"x": 444.0, "y": 723.0}, {"x": 444.0, "y": 752.0}, {"x": 282.0, "y": 752.0}]}, "description": " $7.62 | Method:"}, {"boundingPoly": {"vertices": [{"x": 281.0, "y": 756.0}, {"x": 506.0, "y": 753.0}, {"x": 507.0, "y": 778.0}, {"x": 281.0, "y": 782.0}]}, "description": "AMERICAN EXPRESS"}, {"boundingPoly": {"vertices": [{"x": 277.0, "y": 789.0}, {"x": 517.0, "y": 785.0}, {"x": 518.0, "y": 810.0}, {"x": 277.0, "y": 815.0}]}, "description": "XXXXXXXXXXXX1004"}, {"boundingPoly": {"vertices": [{"x": 332.0, "y": 819.0}, {"x": 441.0, "y": 819.0}, {"x": 441.0, "y": 846.0}, {"x": 332.0, "y": 846.0}]}, "description": " **** 4242"}, {"boundingPoly": {"vertices": [{"x": 328.0, "y": 849.0}, {"x": 555.0, "y": 849.0}, {"x": 555.0, "y": 882.0}, {"x": 328.0, "y": 882.0}]}, "description": " A000000025010801"}, {"boundingPoly": {"vertices": [{"x": 275.0, "y": 889.0}, {"x": 425.0, "y": 887.0}, {"x": 425.0, "y": 913.0}, {"x": 276.0, "y": 917.0}]}, "description": "PIN VERIFIED"}, {"boundingPoly": {"vertices": [{"x": 449.0, "y": 723.0}, {"x": 503.0, "y": 723.0}, {"x": 503.0, "y": 748.0}, {"x": 449.0, "y": 748.0}]}, "description": " EMV"}, {"boundingPoly": {"vertices": [{"x": 278.0, "y": 820.0}, {"x": 327.0, "y": 820.0}, {"x": 327.0, "y": 850.0}, {"x": 278.0, "y": 850.0}]}, "description": " MID:"}, {"boundingPoly": {"vertices": [{"x": 277.0, "y": 855.0}, {"x": 323.0, "y": 855.0}, {"x": 323.0, "y": 883.0}, {"x": 277.0, "y": 883.0}]}, "description": " AID:"}, {"boundingPoly": {"vertices": [{"x": 323.0, "y": 955.0}, {"x": 402.0, "y": 955.0}, {"x": 402.0, "y": 988.0}, {"x": 323.0, "y": 988.0}]}, "description": " Online:"}, {"boundingPoly": {"vertices": [{"x": 407.0, "y": 947.0}, {"x": 625.0, "y": 947.0}, {"x": 625.0, "y": 986.0}, {"x": 407.0, "y": 986.0}]}, "description": " https://clover.com/"}, {"boundingPoly": {"vertices": [{"x": 359.0, "y": 992.0}, {"x": 593.0, "y": 982.0}, {"x": 595.0, "y": 1012.0}, {"x": 361.0, "y": 1024.0}]}, "description": "p/9J1BDBW9Q8KPP"}, {"boundingPoly": {"vertices": [{"x": 268.0, "y": 1086.0}, {"x": 552.0, "y": 1074.0}, {"x": 553.0, "y": 1105.0}, {"x": 269.0, "y": 1117.0}]}, "description": "Order E6BAJKHFEAZYR"}]}