{"textAnnotations": [{"boundingPoly": {"vertices": [{"x": 82.0, "y": 50.0}, {"x": 153.0, "y": 51.0}, {"x": 153.0, "y": 67.0}, {"x": 82.0, "y": 66.0}]}, "description": "** PURCHASE **"}, {"boundingPoly": {"vertices": [{"x": 68.0, "y": 78.0}, {"x": 166.0, "y": 80.0}, {"x": 165.0, "y": 97.0}, {"x": 68.0, "y": 95.0}]}, "description": "merchant name"}, {"boundingPoly": {"vertices": [{"x": 81.0, "y": 95.0}, {"x": 157.0, "y": 96.0}, {"x": 156.0, "y": 107.0}, {"x": 81.0, "y": 105.0}]}, "description": "merchant address"}, {"boundingPoly": {"vertices": [{"x": 86.0, "y": 106.0}, {"x": 153.0, "y": 108.0}, {"x": 152.0, "y": 119.0}, {"x": 86.0, "y": 117.0}]}, "description": "merchant phone"}, {"boundingPoly": {"vertices": [{"x": 8.0, "y": 130.0}, {"x": 114.0, "y": 130.0}, {"x": 114.0, "y": 142.0}, {"x": 8.0, "y": 142.0}]}, "description": " 12/15/2019 2:35:18 PM"}, {"boundingPoly": {"vertices": [{"x": 7.0, "y": 142.0}, {"x": 40.0, "y": 142.0}, {"x": 40.0, "y": 153.0}, {"x": 7.0, "y": 153.0}]}, "description": " Order:"}, {"boundingPoly": {"vertices": [{"x": 42.0, "y": 143.0}, {"x": 75.0, "y": 143.0}, {"x": 75.0, "y": 154.0}, {"x": 42.0, "y": 154.0}]}, "description": " 240003"}, {"boundingPoly": {"vertices": [{"x": 176.0, "y": 134.0}, {"x": 205.0, "y": 135.0}, {"x": 204.0, "y": 145.0}, {"x": 176.0, "y": 144.0}]}, "description": "-HERE"}, {"boundingPoly": {"vertices": [{"x": 165.0, "y": 147.0}, {"x": 208.0, "y": 147.0}, {"x": 208.0, "y": 159.0}, {"x": 165.0, "y": 159.0}]}, "description": " Kamara D"}, {"boundingPoly": {"vertices": [{"x": 127.0, "y": 145.0}, {"x": 163.0, "y": 145.0}, {"x": 163.0, "y": 157.0}, {"x": 127.0, "y": 157.0}]}, "description": " Server:"}, {"boundingPoly": {"vertices": [{"x": 24.0, "y": 168.0}, {"x": 95.0, "y": 169.0}, {"x": 94.0, "y": 181.0}, {"x": 24.0, "y": 180.0}]}, "description": "1 Bigger Plate"}, {"boundingPoly": {"vertices": [{"x": 47.0, "y": 181.0}, {"x": 113.0, "y": 183.0}, {"x": 113.0, "y": 194.0}, {"x": 47.0, "y": 192.0}]}, "description": "CHOW MEIN-1/2"}, {"boundingPoly": {"vertices": [{"x": 48.0, "y": 194.0}, {"x": 114.0, "y": 196.0}, {"x": 113.0, "y": 207.0}, {"x": 48.0, "y": 205.0}]}, "description": "CHOW MEIN-1/2"}, {"boundingPoly": {"vertices": [{"x": 49.0, "y": 207.0}, {"x": 107.0, "y": 208.0}, {"x": 107.0, "y": 219.0}, {"x": 49.0, "y": 218.0}]}, "description": "BLK PPR CKN"}, {"boundingPoly": {"vertices": [{"x": 49.0, "y": 220.0}, {"x": 109.0, "y": 221.0}, {"x": 109.0, "y": 232.0}, {"x": 49.0, "y": 231.0}]}, "description": "SUPER GREENS"}, {"boundingPoly": {"vertices": [{"x": 49.0, "y": 233.0}, {"x": 110.0, "y": 235.0}, {"x": 110.0, "y": 245.0}, {"x": 49.0, "y": 244.0}]}, "description": "MUSHROOM CKN"}, {"boundingPoly": {"vertices": [{"x": 25.0, "y": 245.0}, {"x": 89.0, "y": 246.0}, {"x": 89.0, "y": 258.0}, {"x": 25.0, "y": 257.0}]}, "description": "1 SMALL DRINK"}, {"boundingPoly": {"vertices": [{"x": 184.0, "y": 173.0}, {"x": 206.0, "y": 174.0}, {"x": 206.0, "y": 184.0}, {"x": 184.0, "y": 183.0}]}, "description": "9.70"}, {"boundingPoly": {"vertices": [{"x": 184.0, "y": 249.0}, {"x": 205.0, "y": 250.0}, {"x": 205.0, "y": 261.0}, {"x": 184.0, "y": 260.0}]}, "description": "1.90"}, {"boundingPoly": {"vertices": [{"x": 88.0, "y": 272.0}, {"x": 127.0, "y": 273.0}, {"x": 127.0, "y": 283.0}, {"x": 88.0, "y": 282.0}]}, "description": "SubTotal"}, {"boundingPoly": {"vertices": [{"x": 89.0, "y": 285.0}, {"x": 103.0, "y": 285.0}, {"x": 103.0, "y": 294.0}, {"x": 89.0, "y": 294.0}]}, "description": "TAX"}, {"boundingPoly": {"vertices": [{"x": 89.0, "y": 299.0}, {"x": 112.0, "y": 299.0}, {"x": 111.0, "y": 315.0}, {"x": 88.0, "y": 314.0}]}, "description": "Total"}, {"boundingPoly": {"vertices": [{"x": 179.0, "y": 274.0}, {"x": 205.0, "y": 274.0}, {"x": 205.0, "y": 285.0}, {"x": 179.0, "y": 285.0}]}, "description": "11.60"}, {"boundingPoly": {"vertices": [{"x": 183.0, "y": 287.0}, {"x": 205.0, "y": 287.0}, {"x": 204.0, "y": 297.0}, {"x": 183.0, "y": 297.0}]}, "description": "0.77"}, {"boundingPoly": {"vertices": [{"x": 179.0, "y": 300.0}, {"x": 204.0, "y": 300.0}, {"x": 203.0, "y": 317.0}, {"x": 179.0, "y": 317.0}]}, "description": "12.37"}, {"boundingPoly": {"vertices": [{"x": 88.0, "y": 329.0}, {"x": 205.0, "y": 330.0}, {"x": 205.0, "y": 348.0}, {"x": 88.0, "y": 346.0}]}, "description": "American Express 12.37"}, {"boundingPoly": {"vertices": [{"x": 88.0, "y": 346.0}, {"x": 110.0, "y": 346.0}, {"x": 110.0, "y": 356.0}, {"x": 88.0, "y": 356.0}]}, "description": " Acct:"}, {"boundingPoly": {"vertices": [{"x": 88.0, "y": 358.0}, {"x": 129.0, "y": 358.0}, {"x": 129.0, "y": 369.0}, {"x": 88.0, "y": 369.0}]}, "description": " AuthCode:"}, {"boundingPoly": {"vertices": [{"x": 88.0, "y": 370.0}, {"x": 182.0, "y": 372.0}, {"x": 182.0, "y": 383.0}, {"x": 88.0, "y": 380.0}]}, "description": "*Card details below"}, {"boundingPoly": {"vertices": [{"x": 111.0, "y": 346.0}, {"x": 171.0, "y": 346.0}, {"x": 171.0, "y": 357.0}, {"x": 111.0, "y": 357.0}]}, "description": " XXXXXXXX1001"}, {"boundingPoly": {"vertices": [{"x": 131.0, "y": 359.0}, {"x": 161.0, "y": 359.0}, {"x": 161.0, "y": 370.0}, {"x": 131.0, "y": 370.0}]}, "description": " 848481"}, {"boundingPoly": {"vertices": [{"x": 10.0, "y": 395.0}, {"x": 32.0, "y": 395.0}, {"x": 32.0, "y": 405.0}, {"x": 10.0, "y": 405.0}]}, "description": " EMV:"}, {"boundingPoly": {"vertices": [{"x": 11.0, "y": 407.0}, {"x": 32.0, "y": 407.0}, {"x": 32.0, "y": 418.0}, {"x": 11.0, "y": 418.0}]}, "description": " APL:"}, {"boundingPoly": {"vertices": [{"x": 10.0, "y": 420.0}, {"x": 33.0, "y": 420.0}, {"x": 33.0, "y": 431.0}, {"x": 10.0, "y": 431.0}]}, "description": " AID:"}, {"boundingPoly": {"vertices": [{"x": 34.0, "y": 395.0}, {"x": 81.0, "y": 395.0}, {"x": 81.0, "y": 406.0}, {"x": 34.0, "y": 406.0}]}, "description": " Chip Read"}, {"boundingPoly": {"vertices": [{"x": 34.0, "y": 407.0}, {"x": 114.0, "y": 407.0}, {"x": 114.0, "y": 419.0}, {"x": 34.0, "y": 419.0}]}, "description": " AMERICAN EXPRESS"}, {"boundingPoly": {"vertices": [{"x": 34.0, "y": 420.0}, {"x": 114.0, "y": 420.0}, {"x": 114.0, "y": 432.0}, {"x": 34.0, "y": 432.0}]}, "description": " A000000025010801"}, {"boundingPoly": {"vertices": [{"x": 75.0, "y": 472.0}, {"x": 159.0, "y": 472.0}, {"x": 159.0, "y": 490.0}, {"x": 75.0, "y": 489.0}]}, "description": "FREE ENTREE ITEM!"}, {"boundingPoly": {"vertices": [{"x": 52.0, "y": 489.0}, {"x": 192.0, "y": 490.0}, {"x": 192.0, "y": 502.0}, {"x": 52.0, "y": 500.0}]}, "description": "Tell us about your visit and"}, {"boundingPoly": {"vertices": [{"x": 28.0, "y": 502.0}, {"x": 196.0, "y": 503.0}, {"x": 196.0, "y": 514.0}, {"x": 28.0, "y": 513.0}]}, "description": "\u00b7 receive a free entree item on us."}, {"boundingPoly": {"vertices": [{"x": 66.0, "y": 515.0}, {"x": 170.0, "y": 515.0}, {"x": 170.0, "y": 526.0}, {"x": 66.0, "y": 525.0}]}, "description": "See back for details."}, {"boundingPoly": {"vertices": [{"x": 86.0, "y": 540.0}, {"x": 145.0, "y": 540.0}, {"x": 145.0, "y": 551.0}, {"x": 86.0, "y": 551.0}]}, "description": " Survey Code:"}, {"boundingPoly": {"vertices": [{"x": 52.0, "y": 552.0}, {"x": 184.0, "y": 553.0}, {"x": 184.0, "y": 564.0}, {"x": 52.0, "y": 562.0}]}, "description": "1519-4000-2103-0012-1411-03"}, {"boundingPoly": {"vertices": [{"x": 63.0, "y": 589.0}, {"x": 172.0, "y": 590.0}, {"x": 172.0, "y": 601.0}, {"x": 63.0, "y": 600.0}]}, "description": "Questions or Comments?"}, {"boundingPoly": {"vertices": [{"x": 58.0, "y": 603.0}, {"x": 176.0, "y": 604.0}, {"x": 176.0, "y": 615.0}, {"x": 58.0, "y": 613.0}]}, "description": "pandaexpress.com/connect"}]}