{"textAnnotations": [{"boundingPoly": {"vertices": [{"x": 302.0, "y": 248.0}, {"x": 673.0, "y": 250.0}, {"x": 673.0, "y": 280.0}, {"x": 302.0, "y": 279.0}]}, "description": "Thank You For Visiting the"}, {"boundingPoly": {"vertices": [{"x": 300.0, "y": 283.0}, {"x": 661.0, "y": 282.0}, {"x": 662.0, "y": 310.0}, {"x": 300.0, "y": 312.0}]}, "description": "merchant name"}, {"boundingPoly": {"vertices": [{"x": 368.0, "y": 315.0}, {"x": 606.0, "y": 315.0}, {"x": 606.0, "y": 342.0}, {"x": 368.0, "y": 342.0}]}, "description": "Matthew Fraysier"}, {"boundingPoly": {"vertices": [{"x": 380.0, "y": 348.0}, {"x": 596.0, "y": 347.0}, {"x": 596.0, "y": 375.0}, {"x": 380.0, "y": 377.0}]}, "description": "General Manager"}, {"boundingPoly": {"vertices": [{"x": 387.0, "y": 380.0}, {"x": 576.0, "y": 379.0}, {"x": 576.0, "y": 406.0}, {"x": 387.0, "y": 409.0}]}, "description": "merchant phone"}, {"boundingPoly": {"vertices": [{"x": 322.0, "y": 416.0}, {"x": 641.0, "y": 411.0}, {"x": 642.0, "y": 440.0}, {"x": 322.0, "y": 445.0}]}, "description": "We Love Your Feedback!"}, {"boundingPoly": {"vertices": [{"x": 353.0, "y": 449.0}, {"x": 615.0, "y": 447.0}, {"x": 615.0, "y": 476.0}, {"x": 353.0, "y": 479.0}]}, "description": "Text ITIE to 99299"}, {"boundingPoly": {"vertices": [{"x": 741.0, "y": 515.0}, {"x": 791.0, "y": 515.0}, {"x": 790.0, "y": 539.0}, {"x": 741.0, "y": 538.0}]}, "description": "USD"}, {"boundingPoly": {"vertices": [{"x": 184.0, "y": 551.0}, {"x": 468.0, "y": 550.0}, {"x": 468.0, "y": 580.0}, {"x": 184.0, "y": 580.0}]}, "description": "0.83 lb \u00d7 $ 7.68/1b"}, {"boundingPoly": {"vertices": [{"x": 181.0, "y": 586.0}, {"x": 406.0, "y": 584.0}, {"x": 406.0, "y": 612.0}, {"x": 181.0, "y": 615.0}]}, "description": "Large Clamshell"}, {"boundingPoly": {"vertices": [{"x": 179.0, "y": 619.0}, {"x": 481.0, "y": 619.0}, {"x": 481.0, "y": 648.0}, {"x": 179.0, "y": 648.0}]}, "description": "Strwbry Parf Vanilla"}, {"boundingPoly": {"vertices": [{"x": 725.0, "y": 579.0}, {"x": 790.0, "y": 579.0}, {"x": 789.0, "y": 608.0}, {"x": 726.0, "y": 611.0}]}, "description": "6.37"}, {"boundingPoly": {"vertices": [{"x": 724.0, "y": 616.0}, {"x": 789.0, "y": 615.0}, {"x": 789.0, "y": 644.0}, {"x": 724.0, "y": 644.0}]}, "description": "2.99"}, {"boundingPoly": {"vertices": [{"x": 520.0, "y": 690.0}, {"x": 654.0, "y": 693.0}, {"x": 653.0, "y": 723.0}, {"x": 520.0, "y": 721.0}]}, "description": "Sub Total"}, {"boundingPoly": {"vertices": [{"x": 521.0, "y": 729.0}, {"x": 672.0, "y": 730.0}, {"x": 672.0, "y": 761.0}, {"x": 521.0, "y": 759.0}]}, "description": "Tax Amount"}, {"boundingPoly": {"vertices": [{"x": 724.0, "y": 691.0}, {"x": 792.0, "y": 692.0}, {"x": 792.0, "y": 722.0}, {"x": 724.0, "y": 722.0}]}, "description": "9.36"}, {"boundingPoly": {"vertices": [{"x": 725.0, "y": 729.0}, {"x": 790.0, "y": 729.0}, {"x": 791.0, "y": 759.0}, {"x": 725.0, "y": 759.0}]}, "description": "0.83"}, {"boundingPoly": {"vertices": [{"x": 149.0, "y": 836.0}, {"x": 433.0, "y": 837.0}, {"x": 433.0, "y": 897.0}, {"x": 149.0, "y": 896.0}]}, "description": "Total USD"}, {"boundingPoly": {"vertices": [{"x": 639.0, "y": 841.0}, {"x": 790.0, "y": 840.0}, {"x": 790.0, "y": 897.0}, {"x": 640.0, "y": 898.0}]}, "description": "10.19"}, {"boundingPoly": {"vertices": [{"x": 142.0, "y": 1011.0}, {"x": 289.0, "y": 1010.0}, {"x": 289.0, "y": 1041.0}, {"x": 143.0, "y": 1042.0}]}, "description": "5008 AMEX"}, {"boundingPoly": {"vertices": [{"x": 714.0, "y": 1008.0}, {"x": 790.0, "y": 1010.0}, {"x": 790.0, "y": 1041.0}, {"x": 713.0, "y": 1039.0}]}, "description": "10.19"}, {"boundingPoly": {"vertices": [{"x": 136.0, "y": 1124.0}, {"x": 187.0, "y": 1125.0}, {"x": 185.0, "y": 1151.0}, {"x": 136.0, "y": 1151.0}]}, "description": "Tax"}, {"boundingPoly": {"vertices": [{"x": 140.0, "y": 1158.0}, {"x": 268.0, "y": 1157.0}, {"x": 269.0, "y": 1188.0}, {"x": 140.0, "y": 1190.0}]}, "description": "0 8.875"}, {"boundingPoly": {"vertices": [{"x": 393.0, "y": 1121.0}, {"x": 619.0, "y": 1121.0}, {"x": 619.0, "y": 1154.0}, {"x": 393.0, "y": 1154.0}]}, "description": " Taxable Amount"}, {"boundingPoly": {"vertices": [{"x": 543.0, "y": 1159.0}, {"x": 607.0, "y": 1161.0}, {"x": 607.0, "y": 1191.0}, {"x": 543.0, "y": 1189.0}]}, "description": "9.36"}, {"boundingPoly": {"vertices": [{"x": 634.0, "y": 1123.0}, {"x": 787.0, "y": 1123.0}, {"x": 787.0, "y": 1160.0}, {"x": 634.0, "y": 1160.0}]}, "description": " Tax Amount"}, {"boundingPoly": {"vertices": [{"x": 725.0, "y": 1165.0}, {"x": 789.0, "y": 1167.0}, {"x": 788.0, "y": 1197.0}, {"x": 725.0, "y": 1195.0}]}, "description": "0.83"}, {"boundingPoly": {"vertices": [{"x": 131.0, "y": 1276.0}, {"x": 608.0, "y": 1276.0}, {"x": 608.0, "y": 1315.0}, {"x": 131.0, "y": 1315.0}]}, "description": " 10/31/2019 01:59 PM #:29028 Op:"}, {"boundingPoly": {"vertices": [{"x": 124.0, "y": 1316.0}, {"x": 198.0, "y": 1316.0}, {"x": 198.0, "y": 1351.0}, {"x": 124.0, "y": 1351.0}]}, "description": " 14 S:"}, {"boundingPoly": {"vertices": [{"x": 119.0, "y": 1356.0}, {"x": 293.0, "y": 1356.0}, {"x": 293.0, "y": 1395.0}, {"x": 119.0, "y": 1395.0}]}, "description": " Served you"}, {"boundingPoly": {"vertices": [{"x": 613.0, "y": 1280.0}, {"x": 788.0, "y": 1280.0}, {"x": 788.0, "y": 1320.0}, {"x": 613.0, "y": 1320.0}]}, "description": " 120 C:1111"}, {"boundingPoly": {"vertices": [{"x": 204.0, "y": 1316.0}, {"x": 274.0, "y": 1316.0}, {"x": 274.0, "y": 1350.0}, {"x": 204.0, "y": 1350.0}]}, "description": " 1111"}, {"boundingPoly": {"vertices": [{"x": 299.0, "y": 1356.0}, {"x": 682.0, "y": 1356.0}, {"x": 682.0, "y": 1398.0}, {"x": 299.0, "y": 1398.0}]}, "description": " : AENY Self Checkout - 4"}, {"boundingPoly": {"vertices": [{"x": 256.0, "y": 1525.0}, {"x": 600.0, "y": 1521.0}, {"x": 600.0, "y": 1552.0}, {"x": 256.0, "y": 1556.0}]}, "description": "*** Customer copy ***"}, {"boundingPoly": {"vertices": [{"x": 299.0, "y": 1609.0}, {"x": 543.0, "y": 1599.0}, {"x": 544.0, "y": 1632.0}, {"x": 300.0, "y": 1642.0}]}, "description": "AMEX NY937 (12)"}]}