{"textAnnotations": [{"boundingPoly": {"vertices": [{"x": 59.0, "y": 113.0}, {"x": 518.0, "y": 112.0}, {"x": 519.0, "y": 242.0}, {"x": 59.0, "y": 253.0}]}, "description": "merchant name"}, {"boundingPoly": {"vertices": [{"x": 210.0, "y": 316.0}, {"x": 377.0, "y": 315.0}, {"x": 377.0, "y": 338.0}, {"x": 210.0, "y": 339.0}]}, "description": "merchant address"}, {"boundingPoly": {"vertices": [{"x": 154.0, "y": 345.0}, {"x": 422.0, "y": 340.0}, {"x": 423.0, "y": 365.0}, {"x": 154.0, "y": 369.0}]}, "description": "merchant address"}, {"boundingPoly": {"vertices": [{"x": 223.0, "y": 371.0}, {"x": 361.0, "y": 370.0}, {"x": 362.0, "y": 393.0}, {"x": 223.0, "y": 394.0}]}, "description": "merchant phone"}, {"boundingPoly": {"vertices": [{"x": 291.0, "y": 231.0}, {"x": 502.0, "y": 226.0}, {"x": 502.0, "y": 257.0}, {"x": 291.0, "y": 261.0}]}, "description": "merchant name"}, {"boundingPoly": {"vertices": [{"x": 82.0, "y": 423.0}, {"x": 229.0, "y": 423.0}, {"x": 229.0, "y": 450.0}, {"x": 82.0, "y": 450.0}]}, "description": "10509 Carolyn"}, {"boundingPoly": {"vertices": [{"x": 65.0, "y": 477.0}, {"x": 107.0, "y": 477.0}, {"x": 107.0, "y": 503.0}, {"x": 65.0, "y": 503.0}]}, "description": " Chk"}, {"boundingPoly": {"vertices": [{"x": 112.0, "y": 476.0}, {"x": 158.0, "y": 476.0}, {"x": 158.0, "y": 503.0}, {"x": 112.0, "y": 503.0}]}, "description": " 1141"}, {"boundingPoly": {"vertices": [{"x": 259.0, "y": 479.0}, {"x": 433.0, "y": 479.0}, {"x": 433.0, "y": 500.0}, {"x": 259.0, "y": 500.0}]}, "description": " Nov07'19 02:15P"}, {"boundingPoly": {"vertices": [{"x": 453.0, "y": 476.0}, {"x": 493.0, "y": 476.0}, {"x": 492.0, "y": 501.0}, {"x": 453.0, "y": 501.0}]}, "description": "Gst"}, {"boundingPoly": {"vertices": [{"x": 506.0, "y": 479.0}, {"x": 525.0, "y": 479.0}, {"x": 525.0, "y": 498.0}, {"x": 506.0, "y": 497.0}]}, "description": "0"}, {"boundingPoly": {"vertices": [{"x": 108.0, "y": 529.0}, {"x": 223.0, "y": 529.0}, {"x": 223.0, "y": 552.0}, {"x": 108.0, "y": 552.0}]}, "description": "To Go"}, {"boundingPoly": {"vertices": [{"x": 105.0, "y": 557.0}, {"x": 296.0, "y": 557.0}, {"x": 296.0, "y": 581.0}, {"x": 105.0, "y": 581.0}]}, "description": " BOX GRATITUDE 3M"}, {"boundingPoly": {"vertices": [{"x": 129.0, "y": 585.0}, {"x": 273.0, "y": 585.0}, {"x": 273.0, "y": 608.0}, {"x": 129.0, "y": 608.0}]}, "description": "RED VELVET M"}, {"boundingPoly": {"vertices": [{"x": 129.0, "y": 613.0}, {"x": 264.0, "y": 613.0}, {"x": 264.0, "y": 636.0}, {"x": 129.0, "y": 636.0}]}, "description": "DARK CHOC M"}, {"boundingPoly": {"vertices": [{"x": 129.0, "y": 642.0}, {"x": 240.0, "y": 642.0}, {"x": 240.0, "y": 665.0}, {"x": 129.0, "y": 665.0}]}, "description": "PUMPKIN M"}, {"boundingPoly": {"vertices": [{"x": 96.0, "y": 668.0}, {"x": 319.0, "y": 668.0}, {"x": 319.0, "y": 696.0}, {"x": 96.0, "y": 696.0}]}, "description": "2500215746607110042"}, {"boundingPoly": {"vertices": [{"x": 106.0, "y": 700.0}, {"x": 156.0, "y": 700.0}, {"x": 156.0, "y": 722.0}, {"x": 105.0, "y": 723.0}]}, "description": "AMEX"}, {"boundingPoly": {"vertices": [{"x": 85.0, "y": 558.0}, {"x": 101.0, "y": 558.0}, {"x": 101.0, "y": 581.0}, {"x": 85.0, "y": 581.0}]}, "description": " 1"}, {"boundingPoly": {"vertices": [{"x": 445.0, "y": 555.0}, {"x": 495.0, "y": 554.0}, {"x": 495.0, "y": 577.0}, {"x": 446.0, "y": 577.0}]}, "description": "6.00"}, {"boundingPoly": {"vertices": [{"x": 446.0, "y": 700.0}, {"x": 497.0, "y": 700.0}, {"x": 497.0, "y": 722.0}, {"x": 447.0, "y": 722.0}]}, "description": "6.00"}, {"boundingPoly": {"vertices": [{"x": 105.0, "y": 759.0}, {"x": 152.0, "y": 759.0}, {"x": 152.0, "y": 781.0}, {"x": 105.0, "y": 781.0}]}, "description": "FOOD"}, {"boundingPoly": {"vertices": [{"x": 100.0, "y": 788.0}, {"x": 187.0, "y": 788.0}, {"x": 187.0, "y": 812.0}, {"x": 100.0, "y": 812.0}]}, "description": "PAYMENT"}, {"boundingPoly": {"vertices": [{"x": 450.0, "y": 759.0}, {"x": 501.0, "y": 760.0}, {"x": 501.0, "y": 783.0}, {"x": 450.0, "y": 783.0}]}, "description": "6.00"}, {"boundingPoly": {"vertices": [{"x": 450.0, "y": 789.0}, {"x": 501.0, "y": 789.0}, {"x": 500.0, "y": 815.0}, {"x": 450.0, "y": 815.0}]}, "description": "6.00"}, {"boundingPoly": {"vertices": [{"x": 99.0, "y": 847.0}, {"x": 333.0, "y": 850.0}, {"x": 333.0, "y": 877.0}, {"x": 99.0, "y": 874.0}]}, "description": "follow sprinkles on"}, {"boundingPoly": {"vertices": [{"x": 96.0, "y": 879.0}, {"x": 480.0, "y": 883.0}, {"x": 480.0, "y": 910.0}, {"x": 96.0, "y": 905.0}]}, "description": "facebook and twitter to get the"}, {"boundingPoly": {"vertices": [{"x": 98.0, "y": 909.0}, {"x": 257.0, "y": 911.0}, {"x": 256.0, "y": 938.0}, {"x": 98.0, "y": 936.0}]}, "description": "inside scoop!"}, {"boundingPoly": {"vertices": [{"x": 95.0, "y": 968.0}, {"x": 369.0, "y": 971.0}, {"x": 368.0, "y": 999.0}, {"x": 95.0, "y": 995.0}]}, "description": "facebook.com/sprinkles"}, {"boundingPoly": {"vertices": [{"x": 98.0, "y": 999.0}, {"x": 358.0, "y": 1002.0}, {"x": 357.0, "y": 1030.0}, {"x": 97.0, "y": 1027.0}]}, "description": "twitter.com/sprinkles"}, {"boundingPoly": {"vertices": [{"x": 96.0, "y": 1063.0}, {"x": 258.0, "y": 1064.0}, {"x": 257.0, "y": 1090.0}, {"x": 96.0, "y": 1088.0}]}, "description": "sprinkles.com"}]}