{"textAnnotations": [{"boundingPoly": {"vertices": [{"x": 1134.0, "y": 45.0}, {"x": 1174.0, "y": 57.0}, {"x": 1164.0, "y": 102.0}, {"x": 1125.0, "y": 90.0}]}, "description": "A"}, {"boundingPoly": {"vertices": [{"x": 676.0, "y": 124.0}, {"x": 775.0, "y": 146.0}, {"x": 766.0, "y": 181.0}, {"x": 665.0, "y": 159.0}]}, "description": "Shift"}, {"boundingPoly": {"vertices": [{"x": 668.0, "y": 207.0}, {"x": 893.0, "y": 221.0}, {"x": 891.0, "y": 255.0}, {"x": 665.0, "y": 239.0}]}, "description": "Guest Copy"}, {"boundingPoly": {"vertices": [{"x": 1360.0, "y": 104.0}, {"x": 1404.0, "y": 115.0}, {"x": 1397.0, "y": 163.0}, {"x": 1353.0, "y": 153.0}]}, "description": "S"}, {"boundingPoly": {"vertices": [{"x": 537.0, "y": 326.0}, {"x": 1183.0, "y": 349.0}, {"x": 1182.0, "y": 391.0}, {"x": 535.0, "y": 367.0}]}, "description": "merchant name"}, {"boundingPoly": {"vertices": [{"x": 578.0, "y": 423.0}, {"x": 640.0, "y": 423.0}, {"x": 640.0, "y": 479.0}, {"x": 578.0, "y": 479.0}]}, "description": "merchant address"}, {"boundingPoly": {"vertices": [{"x": 559.0, "y": 484.0}, {"x": 870.0, "y": 484.0}, {"x": 870.0, "y": 547.0}, {"x": 559.0, "y": 547.0}]}, "description": "merchant address"}, {"boundingPoly": {"vertices": [{"x": 578.0, "y": 546.0}, {"x": 734.0, "y": 546.0}, {"x": 734.0, "y": 601.0}, {"x": 578.0, "y": 601.0}]}, "description": " GST NO"}, {"boundingPoly": {"vertices": [{"x": 1431.0, "y": 339.0}, {"x": 1488.0, "y": 348.0}, {"x": 1478.0, "y": 402.0}, {"x": 1421.0, "y": 393.0}]}, "description": "X"}, {"boundingPoly": {"vertices": [{"x": 649.0, "y": 426.0}, {"x": 682.0, "y": 426.0}, {"x": 682.0, "y": 480.0}, {"x": 649.0, "y": 480.0}]}, "description": "merchant address"}, {"boundingPoly": {"vertices": [{"x": 691.0, "y": 427.0}, {"x": 982.0, "y": 427.0}, {"x": 982.0, "y": 490.0}, {"x": 691.0, "y": 490.0}]}, "description": "merchant address"}, {"boundingPoly": {"vertices": [{"x": 879.0, "y": 494.0}, {"x": 911.0, "y": 494.0}, {"x": 911.0, "y": 548.0}, {"x": 879.0, "y": 548.0}]}, "description": " ("}, {"boundingPoly": {"vertices": [{"x": 743.0, "y": 550.0}, {"x": 1138.0, "y": 550.0}, {"x": 1138.0, "y": 612.0}, {"x": 743.0, "y": 612.0}]}, "description": " : 09AADCC2835P1Z9"}, {"boundingPoly": {"vertices": [{"x": 990.0, "y": 439.0}, {"x": 1163.0, "y": 439.0}, {"x": 1163.0, "y": 495.0}, {"x": 990.0, "y": 495.0}]}, "description": "merchant address"}, {"boundingPoly": {"vertices": [{"x": 920.0, "y": 496.0}, {"x": 1006.0, "y": 496.0}, {"x": 1006.0, "y": 551.0}, {"x": 920.0, "y": 551.0}]}, "description": "merchant address"}, {"boundingPoly": {"vertices": [{"x": 1015.0, "y": 499.0}, {"x": 1051.0, "y": 499.0}, {"x": 1051.0, "y": 552.0}, {"x": 1015.0, "y": 552.0}]}, "description": " )"}, {"boundingPoly": {"vertices": [{"x": 1059.0, "y": 500.0}, {"x": 1184.0, "y": 500.0}, {"x": 1184.0, "y": 556.0}, {"x": 1059.0, "y": 556.0}]}, "description": "merchant address"}, {"boundingPoly": {"vertices": [{"x": 1400.0, "y": 554.0}, {"x": 1458.0, "y": 571.0}, {"x": 1448.0, "y": 603.0}, {"x": 1389.0, "y": 586.0}]}, "description": "Alt"}, {"boundingPoly": {"vertices": [{"x": 313.0, "y": 716.0}, {"x": 554.0, "y": 719.0}, {"x": 553.0, "y": 768.0}, {"x": 313.0, "y": 765.0}]}, "description": "RESTAURANT"}, {"boundingPoly": {"vertices": [{"x": 313.0, "y": 773.0}, {"x": 427.0, "y": 773.0}, {"x": 427.0, "y": 824.0}, {"x": 313.0, "y": 824.0}]}, "description": " Bill"}, {"boundingPoly": {"vertices": [{"x": 319.0, "y": 832.0}, {"x": 423.0, "y": 834.0}, {"x": 421.0, "y": 876.0}, {"x": 318.0, "y": 875.0}]}, "description": "Date"}, {"boundingPoly": {"vertices": [{"x": 335.0, "y": 885.0}, {"x": 524.0, "y": 886.0}, {"x": 523.0, "y": 934.0}, {"x": 335.0, "y": 931.0}]}, "description": "01/12/19"}, {"boundingPoly": {"vertices": [{"x": 435.0, "y": 776.0}, {"x": 645.0, "y": 776.0}, {"x": 645.0, "y": 827.0}, {"x": 435.0, "y": 827.0}]}, "description": " : R001107"}, {"boundingPoly": {"vertices": [{"x": 598.0, "y": 835.0}, {"x": 818.0, "y": 835.0}, {"x": 818.0, "y": 886.0}, {"x": 598.0, "y": 886.0}]}, "description": " Table Cvr"}, {"boundingPoly": {"vertices": [{"x": 673.0, "y": 888.0}, {"x": 768.0, "y": 891.0}, {"x": 768.0, "y": 939.0}, {"x": 672.0, "y": 936.0}]}, "description": "21 0"}, {"boundingPoly": {"vertices": [{"x": 833.0, "y": 841.0}, {"x": 912.0, "y": 841.0}, {"x": 912.0, "y": 887.0}, {"x": 833.0, "y": 887.0}]}, "description": " Stw"}, {"boundingPoly": {"vertices": [{"x": 953.0, "y": 788.0}, {"x": 1050.0, "y": 788.0}, {"x": 1050.0, "y": 837.0}, {"x": 953.0, "y": 837.0}]}, "description": " Time"}, {"boundingPoly": {"vertices": [{"x": 1059.0, "y": 789.0}, {"x": 1221.0, "y": 789.0}, {"x": 1221.0, "y": 838.0}, {"x": 1059.0, "y": 838.0}]}, "description": " : 17:28"}, {"boundingPoly": {"vertices": [{"x": 1143.0, "y": 844.0}, {"x": 1213.0, "y": 844.0}, {"x": 1211.0, "y": 888.0}, {"x": 1142.0, "y": 887.0}]}, "description": "UID"}, {"boundingPoly": {"vertices": [{"x": 1105.0, "y": 899.0}, {"x": 1199.0, "y": 897.0}, {"x": 1198.0, "y": 941.0}, {"x": 1104.0, "y": 939.0}]}, "description": "abid"}, {"boundingPoly": {"vertices": [{"x": 329.0, "y": 990.0}, {"x": 536.0, "y": 991.0}, {"x": 536.0, "y": 1032.0}, {"x": 328.0, "y": 1031.0}]}, "description": "Item Name"}, {"boundingPoly": {"vertices": [{"x": 833.0, "y": 994.0}, {"x": 1042.0, "y": 994.0}, {"x": 1042.0, "y": 1036.0}, {"x": 833.0, "y": 1036.0}]}, "description": " Qty. Rate"}, {"boundingPoly": {"vertices": [{"x": 1063.0, "y": 996.0}, {"x": 1199.0, "y": 996.0}, {"x": 1199.0, "y": 1034.0}, {"x": 1063.0, "y": 1034.0}]}, "description": " Amount"}, {"boundingPoly": {"vertices": [{"x": 323.0, "y": 1085.0}, {"x": 388.0, "y": 1085.0}, {"x": 389.0, "y": 1129.0}, {"x": 323.0, "y": 1130.0}]}, "description": "TEA"}, {"boundingPoly": {"vertices": [{"x": 313.0, "y": 1137.0}, {"x": 510.0, "y": 1137.0}, {"x": 510.0, "y": 1186.0}, {"x": 313.0, "y": 1186.0}]}, "description": " ASSORTED"}, {"boundingPoly": {"vertices": [{"x": 470.0, "y": 1191.0}, {"x": 597.0, "y": 1191.0}, {"x": 597.0, "y": 1241.0}, {"x": 470.0, "y": 1241.0}]}, "description": " FRIES"}, {"boundingPoly": {"vertices": [{"x": 838.0, "y": 1088.0}, {"x": 875.0, "y": 1088.0}, {"x": 875.0, "y": 1129.0}, {"x": 838.0, "y": 1129.0}]}, "description": " 2"}, {"boundingPoly": {"vertices": [{"x": 844.0, "y": 1138.0}, {"x": 1020.0, "y": 1135.0}, {"x": 1021.0, "y": 1179.0}, {"x": 844.0, "y": 1181.0}]}, "description": "1 135.00"}, {"boundingPoly": {"vertices": [{"x": 908.0, "y": 1187.0}, {"x": 1024.0, "y": 1188.0}, {"x": 1023.0, "y": 1234.0}, {"x": 909.0, "y": 1234.0}]}, "description": "80.00"}, {"boundingPoly": {"vertices": [{"x": 903.0, "y": 1086.0}, {"x": 1015.0, "y": 1086.0}, {"x": 1015.0, "y": 1129.0}, {"x": 903.0, "y": 1129.0}]}, "description": " 28.00"}, {"boundingPoly": {"vertices": [{"x": 1097.0, "y": 1085.0}, {"x": 1209.0, "y": 1085.0}, {"x": 1211.0, "y": 1125.0}, {"x": 1098.0, "y": 1126.0}]}, "description": "56.00"}, {"boundingPoly": {"vertices": [{"x": 1085.0, "y": 1134.0}, {"x": 1213.0, "y": 1134.0}, {"x": 1214.0, "y": 1177.0}, {"x": 1085.0, "y": 1178.0}]}, "description": "135.00"}, {"boundingPoly": {"vertices": [{"x": 1108.0, "y": 1187.0}, {"x": 1223.0, "y": 1186.0}, {"x": 1223.0, "y": 1231.0}, {"x": 1110.0, "y": 1234.0}]}, "description": "80.00"}, {"boundingPoly": {"vertices": [{"x": 519.0, "y": 1136.0}, {"x": 664.0, "y": 1136.0}, {"x": 664.0, "y": 1184.0}, {"x": 519.0, "y": 1184.0}]}, "description": " PAKORA"}, {"boundingPoly": {"vertices": [{"x": 305.0, "y": 1192.0}, {"x": 460.0, "y": 1192.0}, {"x": 460.0, "y": 1243.0}, {"x": 305.0, "y": 1243.0}]}, "description": " FRENCH"}, {"boundingPoly": {"vertices": [{"x": 304.0, "y": 1368.0}, {"x": 523.0, "y": 1364.0}, {"x": 524.0, "y": 1414.0}, {"x": 304.0, "y": 1418.0}]}, "description": "Sub Total"}, {"boundingPoly": {"vertices": [{"x": 301.0, "y": 1425.0}, {"x": 500.0, "y": 1422.0}, {"x": 501.0, "y": 1473.0}, {"x": 301.0, "y": 1476.0}]}, "description": "CGST2.5%"}, {"boundingPoly": {"vertices": [{"x": 303.0, "y": 1484.0}, {"x": 500.0, "y": 1482.0}, {"x": 501.0, "y": 1529.0}, {"x": 303.0, "y": 1532.0}]}, "description": "SGST2.5%"}, {"boundingPoly": {"vertices": [{"x": 825.0, "y": 1364.0}, {"x": 856.0, "y": 1369.0}, {"x": 853.0, "y": 1406.0}, {"x": 822.0, "y": 1401.0}]}, "description": "4"}, {"boundingPoly": {"vertices": [{"x": 1091.0, "y": 1355.0}, {"x": 1234.0, "y": 1353.0}, {"x": 1234.0, "y": 1400.0}, {"x": 1091.0, "y": 1404.0}]}, "description": "271.00"}, {"boundingPoly": {"vertices": [{"x": 1141.0, "y": 1413.0}, {"x": 1238.0, "y": 1411.0}, {"x": 1236.0, "y": 1456.0}, {"x": 1142.0, "y": 1459.0}]}, "description": "6.78"}, {"boundingPoly": {"vertices": [{"x": 1144.0, "y": 1470.0}, {"x": 1236.0, "y": 1470.0}, {"x": 1235.0, "y": 1515.0}, {"x": 1145.0, "y": 1517.0}]}, "description": "6.78"}, {"boundingPoly": {"vertices": [{"x": 295.0, "y": 1603.0}, {"x": 600.0, "y": 1596.0}, {"x": 602.0, "y": 1688.0}, {"x": 298.0, "y": 1695.0}]}, "description": "Gross Amount"}, {"boundingPoly": {"vertices": [{"x": 474.0, "y": 1752.0}, {"x": 657.0, "y": 1752.0}, {"x": 657.0, "y": 1810.0}, {"x": 474.0, "y": 1810.0}]}, "description": " KOT No."}, {"boundingPoly": {"vertices": [{"x": 421.0, "y": 1879.0}, {"x": 1204.0, "y": 1842.0}, {"x": 1206.0, "y": 1893.0}, {"x": 423.0, "y": 1930.0}]}, "description": "WISH YOU A HAPPY AND SAFE JOURNEY"}, {"boundingPoly": {"vertices": [{"x": 1093.0, "y": 1591.0}, {"x": 1238.0, "y": 1586.0}, {"x": 1238.0, "y": 1670.0}, {"x": 1096.0, "y": 1674.0}]}, "description": "285.00"}, {"boundingPoly": {"vertices": [{"x": 1168.0, "y": 1694.0}, {"x": 1232.0, "y": 1690.0}, {"x": 1233.0, "y": 1710.0}, {"x": 1169.0, "y": 1713.0}]}, "description": "---"}, {"boundingPoly": {"vertices": [{"x": 665.0, "y": 1733.0}, {"x": 1065.0, "y": 1733.0}, {"x": 1065.0, "y": 1804.0}, {"x": 665.0, "y": 1804.0}]}, "description": " : G002230\\G002245"}]}