{"textAnnotations": [{"boundingPoly": {"vertices": [{"x": 281.0, "y": 192.0}, {"x": 390.0, "y": 192.0}, {"x": 390.0, "y": 213.0}, {"x": 281.0, "y": 213.0}]}, "description": " OPERATED"}, {"boundingPoly": {"vertices": [{"x": 239.0, "y": 228.0}, {"x": 414.0, "y": 228.0}, {"x": 414.0, "y": 266.0}, {"x": 239.0, "y": 266.0}]}, "description": "merchant name"}, {"boundingPoly": {"vertices": [{"x": 395.0, "y": 192.0}, {"x": 423.0, "y": 192.0}, {"x": 423.0, "y": 212.0}, {"x": 395.0, "y": 212.0}]}, "description": " BY"}, {"boundingPoly": {"vertices": [{"x": 206.0, "y": 298.0}, {"x": 483.0, "y": 299.0}, {"x": 483.0, "y": 320.0}, {"x": 206.0, "y": 319.0}]}, "description": "merchant name"}, {"boundingPoly": {"vertices": [{"x": 149.0, "y": 324.0}, {"x": 524.0, "y": 322.0}, {"x": 524.0, "y": 343.0}, {"x": 150.0, "y": 344.0}]}, "description": "merchant address"}, {"boundingPoly": {"vertices": [{"x": 149.0, "y": 364.0}, {"x": 309.0, "y": 368.0}, {"x": 308.0, "y": 389.0}, {"x": 148.0, "y": 384.0}]}, "description": "360450 Ashley"}, {"boundingPoly": {"vertices": [{"x": 148.0, "y": 409.0}, {"x": 248.0, "y": 409.0}, {"x": 248.0, "y": 430.0}, {"x": 148.0, "y": 429.0}]}, "description": "CHK 7481"}, {"boundingPoly": {"vertices": [{"x": 246.0, "y": 432.0}, {"x": 447.0, "y": 432.0}, {"x": 447.0, "y": 456.0}, {"x": 246.0, "y": 456.0}]}, "description": " NOV08 19 5:38AM"}, {"boundingPoly": {"vertices": [{"x": 479.0, "y": 412.0}, {"x": 523.0, "y": 412.0}, {"x": 523.0, "y": 433.0}, {"x": 479.0, "y": 433.0}]}, "description": " GST"}, {"boundingPoly": {"vertices": [{"x": 528.0, "y": 413.0}, {"x": 541.0, "y": 413.0}, {"x": 541.0, "y": 433.0}, {"x": 528.0, "y": 433.0}]}, "description": " 1"}, {"boundingPoly": {"vertices": [{"x": 212.0, "y": 476.0}, {"x": 275.0, "y": 477.0}, {"x": 275.0, "y": 497.0}, {"x": 212.0, "y": 496.0}]}, "description": "TO GO"}, {"boundingPoly": {"vertices": [{"x": 175.0, "y": 521.0}, {"x": 195.0, "y": 521.0}, {"x": 195.0, "y": 542.0}, {"x": 175.0, "y": 542.0}]}, "description": " 1"}, {"boundingPoly": {"vertices": [{"x": 198.0, "y": 521.0}, {"x": 365.0, "y": 521.0}, {"x": 365.0, "y": 543.0}, {"x": 198.0, "y": 543.0}]}, "description": " VAN LATT SKNY"}, {"boundingPoly": {"vertices": [{"x": 222.0, "y": 542.0}, {"x": 370.0, "y": 543.0}, {"x": 370.0, "y": 563.0}, {"x": 222.0, "y": 563.0}]}, "description": "W/ EXTRA HOT"}, {"boundingPoly": {"vertices": [{"x": 224.0, "y": 564.0}, {"x": 311.0, "y": 564.0}, {"x": 311.0, "y": 584.0}, {"x": 224.0, "y": 584.0}]}, "description": "NO FOAM"}, {"boundingPoly": {"vertices": [{"x": 198.0, "y": 585.0}, {"x": 382.0, "y": 584.0}, {"x": 382.0, "y": 605.0}, {"x": 198.0, "y": 606.0}]}, "description": "BB OATMEAL STBK"}, {"boundingPoly": {"vertices": [{"x": 199.0, "y": 608.0}, {"x": 489.0, "y": 608.0}, {"x": 489.0, "y": 627.0}, {"x": 199.0, "y": 627.0}]}, "description": "Hearty Blueberry Oatmeal"}, {"boundingPoly": {"vertices": [{"x": 196.0, "y": 629.0}, {"x": 379.0, "y": 629.0}, {"x": 379.0, "y": 649.0}, {"x": 196.0, "y": 650.0}]}, "description": "LBE SCNE BLUBRY"}, {"boundingPoly": {"vertices": [{"x": 197.0, "y": 651.0}, {"x": 513.0, "y": 652.0}, {"x": 513.0, "y": 673.0}, {"x": 197.0, "y": 672.0}]}, "description": "LaBoulange Scone Blueberry"}, {"boundingPoly": {"vertices": [{"x": 175.0, "y": 672.0}, {"x": 392.0, "y": 672.0}, {"x": 392.0, "y": 694.0}, {"x": 175.0, "y": 694.0}]}, "description": "LBE LOAF LEM VAN"}, {"boundingPoly": {"vertices": [{"x": 197.0, "y": 695.0}, {"x": 453.0, "y": 696.0}, {"x": 453.0, "y": 717.0}, {"x": 197.0, "y": 716.0}]}, "description": "LaBoulange Loaf Lemon"}, {"boundingPoly": {"vertices": [{"x": 196.0, "y": 716.0}, {"x": 282.0, "y": 717.0}, {"x": 281.0, "y": 739.0}, {"x": 196.0, "y": 738.0}]}, "description": "Vanilla"}, {"boundingPoly": {"vertices": [{"x": 369.0, "y": 522.0}, {"x": 383.0, "y": 522.0}, {"x": 383.0, "y": 543.0}, {"x": 369.0, "y": 543.0}]}, "description": " V"}, {"boundingPoly": {"vertices": [{"x": 453.0, "y": 520.0}, {"x": 503.0, "y": 522.0}, {"x": 502.0, "y": 542.0}, {"x": 453.0, "y": 542.0}]}, "description": "5.80"}, {"boundingPoly": {"vertices": [{"x": 454.0, "y": 585.0}, {"x": 501.0, "y": 585.0}, {"x": 500.0, "y": 605.0}, {"x": 454.0, "y": 605.0}]}, "description": "4.15"}, {"boundingPoly": {"vertices": [{"x": 456.0, "y": 630.0}, {"x": 501.0, "y": 629.0}, {"x": 501.0, "y": 649.0}, {"x": 456.0, "y": 649.0}]}, "description": "3.25"}, {"boundingPoly": {"vertices": [{"x": 455.0, "y": 673.0}, {"x": 502.0, "y": 674.0}, {"x": 502.0, "y": 695.0}, {"x": 455.0, "y": 694.0}]}, "description": "3.40"}, {"boundingPoly": {"vertices": [{"x": 196.0, "y": 762.0}, {"x": 293.0, "y": 762.0}, {"x": 293.0, "y": 783.0}, {"x": 196.0, "y": 783.0}]}, "description": "SUBTOTAL"}, {"boundingPoly": {"vertices": [{"x": 200.0, "y": 785.0}, {"x": 234.0, "y": 786.0}, {"x": 234.0, "y": 803.0}, {"x": 199.0, "y": 802.0}]}, "description": "TAX"}, {"boundingPoly": {"vertices": [{"x": 196.0, "y": 807.0}, {"x": 330.0, "y": 806.0}, {"x": 330.0, "y": 824.0}, {"x": 196.0, "y": 825.0}]}, "description": "AMOUNT PAID"}, {"boundingPoly": {"vertices": [{"x": 197.0, "y": 828.0}, {"x": 391.0, "y": 828.0}, {"x": 391.0, "y": 849.0}, {"x": 197.0, "y": 849.0}]}, "description": "AT027442 XXX2783"}, {"boundingPoly": {"vertices": [{"x": 195.0, "y": 849.0}, {"x": 306.0, "y": 850.0}, {"x": 305.0, "y": 871.0}, {"x": 195.0, "y": 870.0}]}, "description": "MSTROD CC"}, {"boundingPoly": {"vertices": [{"x": 145.0, "y": 873.0}, {"x": 537.0, "y": 873.0}, {"x": 537.0, "y": 895.0}, {"x": 145.0, "y": 895.0}]}, "description": " -- 360450 Closed NOV08 05:38AM ---"}, {"boundingPoly": {"vertices": [{"x": 443.0, "y": 763.0}, {"x": 501.0, "y": 762.0}, {"x": 501.0, "y": 781.0}, {"x": 443.0, "y": 783.0}]}, "description": "16.60"}, {"boundingPoly": {"vertices": [{"x": 454.0, "y": 783.0}, {"x": 500.0, "y": 784.0}, {"x": 500.0, "y": 802.0}, {"x": 455.0, "y": 803.0}]}, "description": "1.37"}, {"boundingPoly": {"vertices": [{"x": 444.0, "y": 806.0}, {"x": 497.0, "y": 806.0}, {"x": 497.0, "y": 824.0}, {"x": 443.0, "y": 825.0}]}, "description": "97"}, {"boundingPoly": {"vertices": [{"x": 441.0, "y": 850.0}, {"x": 501.0, "y": 850.0}, {"x": 501.0, "y": 870.0}, {"x": 441.0, "y": 871.0}]}, "description": "17.97"}, {"boundingPoly": {"vertices": [{"x": 153.0, "y": 917.0}, {"x": 524.0, "y": 919.0}, {"x": 524.0, "y": 940.0}, {"x": 153.0, "y": 939.0}]}, "description": "WE WANT TO HEAR YOUR FEEDBACK!"}, {"boundingPoly": {"vertices": [{"x": 156.0, "y": 939.0}, {"x": 513.0, "y": 941.0}, {"x": 513.0, "y": 963.0}, {"x": 156.0, "y": 961.0}]}, "description": "merchant phone"}, {"boundingPoly": {"vertices": [{"x": 157.0, "y": 962.0}, {"x": 529.0, "y": 964.0}, {"x": 528.0, "y": 987.0}, {"x": 157.0, "y": 984.0}]}, "description": "OR CUSTOMERSERVICE@HMSHOST.COM"}, {"boundingPoly": {"vertices": [{"x": 178.0, "y": 985.0}, {"x": 488.0, "y": 987.0}, {"x": 488.0, "y": 1010.0}, {"x": 178.0, "y": 1007.0}]}, "description": "TO SHARE YOUR EXPERIENCE."}, {"boundingPoly": {"vertices": [{"x": 228.0, "y": 1032.0}, {"x": 333.0, "y": 1032.0}, {"x": 333.0, "y": 1055.0}, {"x": 228.0, "y": 1055.0}]}, "description": " STOREID:"}, {"boundingPoly": {"vertices": [{"x": 336.0, "y": 1032.0}, {"x": 441.0, "y": 1032.0}, {"x": 441.0, "y": 1055.0}, {"x": 336.0, "y": 1055.0}]}, "description": " CLTSTA03"}]}