{"textAnnotations": [{"boundingPoly": {"vertices": [{"x": 46.0, "y": 38.0}, {"x": 180.0, "y": 38.0}, {"x": 180.0, "y": 63.0}, {"x": 46.0, "y": 64.0}]}, "description": "merchant name"}, {"boundingPoly": {"vertices": [{"x": 265.0, "y": 38.0}, {"x": 325.0, "y": 38.0}, {"x": 325.0, "y": 51.0}, {"x": 265.0, "y": 51.0}]}, "description": " Final Total:"}, {"boundingPoly": {"vertices": [{"x": 261.0, "y": 55.0}, {"x": 369.0, "y": 55.0}, {"x": 369.0, "y": 68.0}, {"x": 261.0, "y": 68.0}]}, "description": "Mon, Nov 25, 2019"}, {"boundingPoly": {"vertices": [{"x": 328.0, "y": 38.0}, {"x": 370.0, "y": 38.0}, {"x": 370.0, "y": 51.0}, {"x": 328.0, "y": 51.0}]}, "description": " $43.85"}, {"boundingPoly": {"vertices": [{"x": 47.0, "y": 116.0}, {"x": 354.0, "y": 120.0}, {"x": 354.0, "y": 151.0}, {"x": 47.0, "y": 145.0}]}, "description": "Thanks for tipping,"}, {"boundingPoly": {"vertices": [{"x": 45.0, "y": 205.0}, {"x": 339.0, "y": 205.0}, {"x": 339.0, "y": 229.0}, {"x": 45.0, "y": 229.0}]}, "description": "Here's your updated receipt for"}, {"boundingPoly": {"vertices": [{"x": 47.0, "y": 232.0}, {"x": 307.0, "y": 233.0}, {"x": 307.0, "y": 253.0}, {"x": 47.0, "y": 252.0}]}, "description": "Chennai Chettinaad Palace."}, {"boundingPoly": {"vertices": [{"x": 49.0, "y": 498.0}, {"x": 175.0, "y": 498.0}, {"x": 175.0, "y": 522.0}, {"x": 49.0, "y": 523.0}]}, "description": "Final Total"}, {"boundingPoly": {"vertices": [{"x": 284.0, "y": 497.0}, {"x": 369.0, "y": 498.0}, {"x": 369.0, "y": 523.0}, {"x": 284.0, "y": 522.0}]}, "description": "$43.85"}, {"boundingPoly": {"vertices": [{"x": 59.0, "y": 594.0}, {"x": 67.0, "y": 594.0}, {"x": 67.0, "y": 606.0}, {"x": 59.0, "y": 605.0}]}, "description": "1"}, {"boundingPoly": {"vertices": [{"x": 85.0, "y": 592.0}, {"x": 251.0, "y": 593.0}, {"x": 251.0, "y": 609.0}, {"x": 85.0, "y": 609.0}]}, "description": "Chicken Tikka Masala"}, {"boundingPoly": {"vertices": [{"x": 59.0, "y": 632.0}, {"x": 66.0, "y": 633.0}, {"x": 66.0, "y": 645.0}, {"x": 59.0, "y": 644.0}]}, "description": "1"}, {"boundingPoly": {"vertices": [{"x": 85.0, "y": 632.0}, {"x": 195.0, "y": 631.0}, {"x": 196.0, "y": 649.0}, {"x": 85.0, "y": 650.0}]}, "description": "Egg Fried Rice"}, {"boundingPoly": {"vertices": [{"x": 48.0, "y": 726.0}, {"x": 224.0, "y": 725.0}, {"x": 224.0, "y": 741.0}, {"x": 48.0, "y": 742.0}]}, "description": "Final Subtotal + Tax @"}, {"boundingPoly": {"vertices": [{"x": 316.0, "y": 726.0}, {"x": 370.0, "y": 726.0}, {"x": 370.0, "y": 741.0}, {"x": 316.0, "y": 741.0}]}, "description": "$27.13"}, {"boundingPoly": {"vertices": [{"x": 48.0, "y": 766.0}, {"x": 138.0, "y": 766.0}, {"x": 138.0, "y": 780.0}, {"x": 48.0, "y": 780.0}]}, "description": "Service fee"}, {"boundingPoly": {"vertices": [{"x": 326.0, "y": 765.0}, {"x": 369.0, "y": 766.0}, {"x": 369.0, "y": 781.0}, {"x": 326.0, "y": 781.0}]}, "description": "$3.75"}, {"boundingPoly": {"vertices": [{"x": 48.0, "y": 804.0}, {"x": 137.0, "y": 805.0}, {"x": 137.0, "y": 821.0}, {"x": 48.0, "y": 821.0}]}, "description": "Delivery fee"}, {"boundingPoly": {"vertices": [{"x": 326.0, "y": 804.0}, {"x": 368.0, "y": 805.0}, {"x": 368.0, "y": 820.0}, {"x": 325.0, "y": 820.0}]}, "description": "$8.99"}, {"boundingPoly": {"vertices": [{"x": 48.0, "y": 843.0}, {"x": 74.0, "y": 844.0}, {"x": 73.0, "y": 861.0}, {"x": 47.0, "y": 859.0}]}, "description": "Tip"}, {"boundingPoly": {"vertices": [{"x": 325.0, "y": 843.0}, {"x": 369.0, "y": 843.0}, {"x": 369.0, "y": 859.0}, {"x": 325.0, "y": 859.0}]}, "description": "$3.98"}, {"boundingPoly": {"vertices": [{"x": 48.0, "y": 937.0}, {"x": 181.0, "y": 937.0}, {"x": 181.0, "y": 955.0}, {"x": 48.0, "y": 955.0}]}, "description": "Amount Charged"}, {"boundingPoly": {"vertices": [{"x": 61.0, "y": 975.0}, {"x": 83.0, "y": 974.0}, {"x": 84.0, "y": 988.0}, {"x": 62.0, "y": 988.0}]}, "description": "AM"}, {"boundingPoly": {"vertices": [{"x": 92.0, "y": 978.0}, {"x": 218.0, "y": 979.0}, {"x": 218.0, "y": 995.0}, {"x": 92.0, "y": 994.0}]}, "description": ".... 1006 Switch"}, {"boundingPoly": {"vertices": [{"x": 316.0, "y": 982.0}, {"x": 369.0, "y": 982.0}, {"x": 370.0, "y": 997.0}, {"x": 316.0, "y": 998.0}]}, "description": "$43.85"}]}