{"textAnnotations": [{"boundingPoly": {"vertices": [{"x": 690.0, "y": 437.0}, {"x": 976.0, "y": 431.0}, {"x": 977.0, "y": 476.0}, {"x": 691.0, "y": 482.0}]}, "description": "merchant name"}, {"boundingPoly": {"vertices": [{"x": 666.0, "y": 487.0}, {"x": 1032.0, "y": 484.0}, {"x": 1032.0, "y": 530.0}, {"x": 666.0, "y": 533.0}]}, "description": "merchant address"}, {"boundingPoly": {"vertices": [{"x": 615.0, "y": 544.0}, {"x": 1081.0, "y": 534.0}, {"x": 1082.0, "y": 580.0}, {"x": 615.0, "y": 591.0}]}, "description": "merchant address"}, {"boundingPoly": {"vertices": [{"x": 673.0, "y": 594.0}, {"x": 1005.0, "y": 589.0}, {"x": 1005.0, "y": 643.0}, {"x": 674.0, "y": 647.0}]}, "description": "merchant phone"}, {"boundingPoly": {"vertices": [{"x": 714.0, "y": 653.0}, {"x": 1403.0, "y": 648.0}, {"x": 1403.0, "y": 701.0}, {"x": 715.0, "y": 709.0}]}, "description": "rt of asserl 11/15/2019"}, {"boundingPoly": {"vertices": [{"x": 1212.0, "y": 712.0}, {"x": 1406.0, "y": 712.0}, {"x": 1406.0, "y": 766.0}, {"x": 1212.0, "y": 766.0}]}, "description": " 2:14 PM"}, {"boundingPoly": {"vertices": [{"x": 1275.0, "y": 778.0}, {"x": 1409.0, "y": 775.0}, {"x": 1410.0, "y": 825.0}, {"x": 1275.0, "y": 828.0}]}, "description": "40046"}, {"boundingPoly": {"vertices": [{"x": 1046.0, "y": 491.0}, {"x": 1226.0, "y": 489.0}, {"x": 1227.0, "y": 536.0}, {"x": 1046.0, "y": 538.0}]}, "description": "noteu?"}, {"boundingPoly": {"vertices": [{"x": 294.0, "y": 665.0}, {"x": 438.0, "y": 665.0}, {"x": 438.0, "y": 720.0}, {"x": 294.0, "y": 720.0}]}, "description": " Host:"}, {"boundingPoly": {"vertices": [{"x": 298.0, "y": 728.0}, {"x": 460.0, "y": 725.0}, {"x": 461.0, "y": 777.0}, {"x": 299.0, "y": 779.0}]}, "description": "70 BIN"}, {"boundingPoly": {"vertices": [{"x": 447.0, "y": 661.0}, {"x": 696.0, "y": 661.0}, {"x": 696.0, "y": 719.0}, {"x": 447.0, "y": 719.0}]}, "description": " Stephanie"}, {"boundingPoly": {"vertices": [{"x": 292.0, "y": 920.0}, {"x": 640.0, "y": 919.0}, {"x": 641.0, "y": 974.0}, {"x": 292.0, "y": 977.0}]}, "description": "Shroom Burger"}, {"boundingPoly": {"vertices": [{"x": 1301.0, "y": 901.0}, {"x": 1418.0, "y": 901.0}, {"x": 1418.0, "y": 957.0}, {"x": 1302.0, "y": 958.0}]}, "description": "7.49"}, {"boundingPoly": {"vertices": [{"x": 278.0, "y": 1043.0}, {"x": 499.0, "y": 1042.0}, {"x": 499.0, "y": 1096.0}, {"x": 278.0, "y": 1097.0}]}, "description": "Subtotal"}, {"boundingPoly": {"vertices": [{"x": 275.0, "y": 1108.0}, {"x": 363.0, "y": 1110.0}, {"x": 361.0, "y": 1160.0}, {"x": 274.0, "y": 1158.0}]}, "description": "Tax"}, {"boundingPoly": {"vertices": [{"x": 1309.0, "y": 1034.0}, {"x": 1424.0, "y": 1034.0}, {"x": 1425.0, "y": 1087.0}, {"x": 1310.0, "y": 1088.0}]}, "description": "7.49"}, {"boundingPoly": {"vertices": [{"x": 1313.0, "y": 1096.0}, {"x": 1430.0, "y": 1093.0}, {"x": 1433.0, "y": 1148.0}, {"x": 1313.0, "y": 1148.0}]}, "description": "0.66"}, {"boundingPoly": {"vertices": [{"x": 265.0, "y": 1237.0}, {"x": 871.0, "y": 1229.0}, {"x": 872.0, "y": 1290.0}, {"x": 265.0, "y": 1297.0}]}, "description": "To Go Total"}, {"boundingPoly": {"vertices": [{"x": 1210.0, "y": 1223.0}, {"x": 1441.0, "y": 1219.0}, {"x": 1442.0, "y": 1284.0}, {"x": 1211.0, "y": 1286.0}]}, "description": "8.15"}, {"boundingPoly": {"vertices": [{"x": 242.0, "y": 1375.0}, {"x": 1339.0, "y": 1350.0}, {"x": 1341.0, "y": 1409.0}, {"x": 243.0, "y": 1432.0}]}, "description": "Amex #XXXXXXXXXXX1002"}, {"boundingPoly": {"vertices": [{"x": 648.0, "y": 1447.0}, {"x": 1134.0, "y": 1433.0}, {"x": 1136.0, "y": 1507.0}, {"x": 650.0, "y": 1519.0}]}, "description": "rolq lwol ol/"}, {"boundingPoly": {"vertices": [{"x": 1332.0, "y": 1366.0}, {"x": 1458.0, "y": 1364.0}, {"x": 1459.0, "y": 1424.0}, {"x": 1335.0, "y": 1425.0}]}, "description": "8.15"}, {"boundingPoly": {"vertices": [{"x": 295.0, "y": 1439.0}, {"x": 622.0, "y": 1439.0}, {"x": 622.0, "y": 1502.0}, {"x": 295.0, "y": 1502.0}]}, "description": " Auth:555127"}, {"boundingPoly": {"vertices": [{"x": 662.0, "y": 1655.0}, {"x": 1038.0, "y": 1653.0}, {"x": 1039.0, "y": 1717.0}, {"x": 662.0, "y": 1720.0}]}, "description": "How'd We Do?"}, {"boundingPoly": {"vertices": [{"x": 473.0, "y": 1735.0}, {"x": 1200.0, "y": 1732.0}, {"x": 1200.0, "y": 1805.0}, {"x": 474.0, "y": 1807.0}]}, "description": "shakeshack.com/feedback"}, {"boundingPoly": {"vertices": [{"x": 536.0, "y": 1900.0}, {"x": 1175.0, "y": 1900.0}, {"x": 1175.0, "y": 1971.0}, {"x": 536.0, "y": 1973.0}]}, "description": "--- Check Closed ---"}, {"boundingPoly": {"vertices": [{"x": 376.0, "y": 1939.0}, {"x": 801.0, "y": 1947.0}, {"x": 800.0, "y": 2050.0}, {"x": 375.0, "y": 2043.0}]}, "description": "NOAHE"}, {"boundingPoly": {"vertices": [{"x": 1040.0, "y": 1956.0}, {"x": 1406.0, "y": 1943.0}, {"x": 1411.0, "y": 2044.0}, {"x": 1042.0, "y": 2055.0}]}, "description": "UNAHZ"}]}