{"textAnnotations": [{"boundingPoly": {"vertices": [{"x": 166.0, "y": 92.0}, {"x": 390.0, "y": 98.0}, {"x": 389.0, "y": 119.0}, {"x": 165.0, "y": 113.0}]}, "description": "merchant name"}, {"boundingPoly": {"vertices": [{"x": 216.0, "y": 118.0}, {"x": 345.0, "y": 122.0}, {"x": 344.0, "y": 143.0}, {"x": 216.0, "y": 139.0}]}, "description": "merchant address"}, {"boundingPoly": {"vertices": [{"x": 298.0, "y": 144.0}, {"x": 453.0, "y": 144.0}, {"x": 453.0, "y": 167.0}, {"x": 298.0, "y": 167.0}]}, "description": "merchant phone"}, {"boundingPoly": {"vertices": [{"x": 100.0, "y": 140.0}, {"x": 288.0, "y": 140.0}, {"x": 288.0, "y": 167.0}, {"x": 100.0, "y": 167.0}]}, "description": "merchant address"}, {"boundingPoly": {"vertices": [{"x": 221.0, "y": 193.0}, {"x": 329.0, "y": 191.0}, {"x": 330.0, "y": 212.0}, {"x": 222.0, "y": 214.0}]}, "description": "CHK 728807"}, {"boundingPoly": {"vertices": [{"x": 167.0, "y": 214.0}, {"x": 373.0, "y": 214.0}, {"x": 373.0, "y": 240.0}, {"x": 167.0, "y": 240.0}]}, "description": " 11/11/2019 07:22 AM"}, {"boundingPoly": {"vertices": [{"x": 224.0, "y": 239.0}, {"x": 309.0, "y": 239.0}, {"x": 309.0, "y": 261.0}, {"x": 224.0, "y": 261.0}]}, "description": " Drawer:"}, {"boundingPoly": {"vertices": [{"x": 121.0, "y": 242.0}, {"x": 199.0, "y": 241.0}, {"x": 199.0, "y": 262.0}, {"x": 121.0, "y": 263.0}]}, "description": "2801537"}, {"boundingPoly": {"vertices": [{"x": 315.0, "y": 234.0}, {"x": 398.0, "y": 234.0}, {"x": 398.0, "y": 258.0}, {"x": 315.0, "y": 258.0}]}, "description": " 1 Reg:"}, {"boundingPoly": {"vertices": [{"x": 386.0, "y": 273.0}, {"x": 435.0, "y": 273.0}, {"x": 436.0, "y": 294.0}, {"x": 386.0, "y": 295.0}]}, "description": "5.25"}, {"boundingPoly": {"vertices": [{"x": 386.0, "y": 302.0}, {"x": 434.0, "y": 300.0}, {"x": 434.0, "y": 324.0}, {"x": 386.0, "y": 325.0}]}, "description": "4.95"}, {"boundingPoly": {"vertices": [{"x": 402.0, "y": 233.0}, {"x": 416.0, "y": 233.0}, {"x": 416.0, "y": 254.0}, {"x": 402.0, "y": 254.0}]}, "description": " 2"}, {"boundingPoly": {"vertices": [{"x": 84.0, "y": 291.0}, {"x": 276.0, "y": 281.0}, {"x": 277.0, "y": 302.0}, {"x": 84.0, "y": 311.0}]}, "description": "Strbry Ovrnght Grn"}, {"boundingPoly": {"vertices": [{"x": 80.0, "y": 313.0}, {"x": 220.0, "y": 306.0}, {"x": 222.0, "y": 333.0}, {"x": 81.0, "y": 341.0}]}, "description": "Gr Flat White"}, {"boundingPoly": {"vertices": [{"x": 79.0, "y": 370.0}, {"x": 126.0, "y": 371.0}, {"x": 126.0, "y": 391.0}, {"x": 80.0, "y": 391.0}]}, "description": "Amex"}, {"boundingPoly": {"vertices": [{"x": 78.0, "y": 396.0}, {"x": 251.0, "y": 391.0}, {"x": 252.0, "y": 415.0}, {"x": 78.0, "y": 420.0}]}, "description": "XXXXXXXXXXXX1000"}, {"boundingPoly": {"vertices": [{"x": 199.0, "y": 418.0}, {"x": 315.0, "y": 418.0}, {"x": 315.0, "y": 448.0}, {"x": 199.0, "y": 448.0}]}, "description": " QUICK CHIP"}, {"boundingPoly": {"vertices": [{"x": 200.0, "y": 449.0}, {"x": 293.0, "y": 449.0}, {"x": 293.0, "y": 474.0}, {"x": 200.0, "y": 474.0}]}, "description": " PURCHASE"}, {"boundingPoly": {"vertices": [{"x": 75.0, "y": 475.0}, {"x": 203.0, "y": 475.0}, {"x": 203.0, "y": 504.0}, {"x": 75.0, "y": 504.0}]}, "description": " Reference #:"}, {"boundingPoly": {"vertices": [{"x": 187.0, "y": 505.0}, {"x": 366.0, "y": 505.0}, {"x": 366.0, "y": 529.0}, {"x": 187.0, "y": 529.0}]}, "description": " AMERICAN EXPRESS"}, {"boundingPoly": {"vertices": [{"x": 156.0, "y": 532.0}, {"x": 226.0, "y": 532.0}, {"x": 226.0, "y": 556.0}, {"x": 156.0, "y": 556.0}]}, "description": " 862650"}, {"boundingPoly": {"vertices": [{"x": 124.0, "y": 560.0}, {"x": 297.0, "y": 560.0}, {"x": 297.0, "y": 585.0}, {"x": 124.0, "y": 585.0}]}, "description": " A000000025010801"}, {"boundingPoly": {"vertices": [{"x": 123.0, "y": 587.0}, {"x": 234.0, "y": 587.0}, {"x": 234.0, "y": 610.0}, {"x": 123.0, "y": 610.0}]}, "description": " 0000008000"}, {"boundingPoly": {"vertices": [{"x": 123.0, "y": 614.0}, {"x": 170.0, "y": 614.0}, {"x": 170.0, "y": 635.0}, {"x": 123.0, "y": 635.0}]}, "description": " E800"}, {"boundingPoly": {"vertices": [{"x": 373.0, "y": 359.0}, {"x": 429.0, "y": 359.0}, {"x": 429.0, "y": 387.0}, {"x": 373.0, "y": 387.0}]}, "description": "10.20"}, {"boundingPoly": {"vertices": [{"x": 76.0, "y": 420.0}, {"x": 194.0, "y": 420.0}, {"x": 194.0, "y": 450.0}, {"x": 76.0, "y": 450.0}]}, "description": " Card Entry:"}, {"boundingPoly": {"vertices": [{"x": 77.0, "y": 450.0}, {"x": 195.0, "y": 450.0}, {"x": 195.0, "y": 475.0}, {"x": 77.0, "y": 475.0}]}, "description": " Trans Type:"}, {"boundingPoly": {"vertices": [{"x": 209.0, "y": 475.0}, {"x": 301.0, "y": 475.0}, {"x": 301.0, "y": 503.0}, {"x": 209.0, "y": 503.0}]}, "description": " 00000054"}, {"boundingPoly": {"vertices": [{"x": 74.0, "y": 506.0}, {"x": 183.0, "y": 506.0}, {"x": 183.0, "y": 530.0}, {"x": 74.0, "y": 530.0}]}, "description": " App Label:"}, {"boundingPoly": {"vertices": [{"x": 73.0, "y": 533.0}, {"x": 152.0, "y": 533.0}, {"x": 152.0, "y": 556.0}, {"x": 73.0, "y": 556.0}]}, "description": " Auth #:"}, {"boundingPoly": {"vertices": [{"x": 73.0, "y": 560.0}, {"x": 120.0, "y": 560.0}, {"x": 120.0, "y": 583.0}, {"x": 73.0, "y": 583.0}]}, "description": " AID:"}, {"boundingPoly": {"vertices": [{"x": 74.0, "y": 586.0}, {"x": 119.0, "y": 586.0}, {"x": 119.0, "y": 610.0}, {"x": 74.0, "y": 610.0}]}, "description": " TVR:"}, {"boundingPoly": {"vertices": [{"x": 74.0, "y": 613.0}, {"x": 119.0, "y": 613.0}, {"x": 119.0, "y": 636.0}, {"x": 74.0, "y": 636.0}]}, "description": " TSI:"}, {"boundingPoly": {"vertices": [{"x": 72.0, "y": 662.0}, {"x": 153.0, "y": 662.0}, {"x": 153.0, "y": 689.0}, {"x": 72.0, "y": 689.0}]}, "description": "Subtotal"}, {"boundingPoly": {"vertices": [{"x": 68.0, "y": 693.0}, {"x": 121.0, "y": 692.0}, {"x": 121.0, "y": 714.0}, {"x": 68.0, "y": 713.0}]}, "description": "Total"}, {"boundingPoly": {"vertices": [{"x": 34.0, "y": 720.0}, {"x": 249.0, "y": 719.0}, {"x": 249.0, "y": 742.0}, {"x": 34.0, "y": 743.0}]}, "description": "Change Due"}, {"boundingPoly": {"vertices": [{"x": 336.0, "y": 663.0}, {"x": 405.0, "y": 664.0}, {"x": 404.0, "y": 685.0}, {"x": 336.0, "y": 687.0}]}, "description": "$10.20"}, {"boundingPoly": {"vertices": [{"x": 336.0, "y": 692.0}, {"x": 406.0, "y": 691.0}, {"x": 406.0, "y": 713.0}, {"x": 336.0, "y": 714.0}]}, "description": "$10.20"}, {"boundingPoly": {"vertices": [{"x": 359.0, "y": 719.0}, {"x": 473.0, "y": 718.0}, {"x": 473.0, "y": 743.0}, {"x": 359.0, "y": 744.0}]}, "description": "$0.00"}, {"boundingPoly": {"vertices": [{"x": 159.0, "y": 775.0}, {"x": 294.0, "y": 775.0}, {"x": 294.0, "y": 799.0}, {"x": 159.0, "y": 799.0}]}, "description": "Check Closed"}, {"boundingPoly": {"vertices": [{"x": 140.0, "y": 803.0}, {"x": 353.0, "y": 803.0}, {"x": 353.0, "y": 831.0}, {"x": 140.0, "y": 831.0}]}, "description": " 11/11/2019 07:22 AM"}, {"boundingPoly": {"vertices": [{"x": 119.0, "y": 938.0}, {"x": 382.0, "y": 940.0}, {"x": 381.0, "y": 962.0}, {"x": 118.0, "y": 959.0}]}, "description": "Join our loyalty program"}, {"boundingPoly": {"vertices": [{"x": 149.0, "y": 963.0}, {"x": 348.0, "y": 963.0}, {"x": 348.0, "y": 988.0}, {"x": 149.0, "y": 987.0}]}, "description": "Starbucks Rewards\u00ae"}, {"boundingPoly": {"vertices": [{"x": 85.0, "y": 991.0}, {"x": 416.0, "y": 996.0}, {"x": 416.0, "y": 1020.0}, {"x": 85.0, "y": 1015.0}]}, "description": "Sign up for promotional emails"}, {"boundingPoly": {"vertices": [{"x": 95.0, "y": 1017.0}, {"x": 393.0, "y": 1025.0}, {"x": 392.0, "y": 1051.0}, {"x": 95.0, "y": 1042.0}]}, "description": "Visit Starbucks.com/rewards"}, {"boundingPoly": {"vertices": [{"x": 113.0, "y": 1075.0}, {"x": 371.0, "y": 1088.0}, {"x": 370.0, "y": 1113.0}, {"x": 112.0, "y": 1100.0}]}, "description": "At participating stores"}, {"boundingPoly": {"vertices": [{"x": 135.0, "y": 1045.0}, {"x": 349.0, "y": 1053.0}, {"x": 348.0, "y": 1083.0}, {"x": 134.0, "y": 1073.0}]}, "description": "Or download our app"}, {"boundingPoly": {"vertices": [{"x": 112.0, "y": 1105.0}, {"x": 369.0, "y": 1117.0}, {"x": 367.0, "y": 1146.0}, {"x": 112.0, "y": 1131.0}]}, "description": "Some restrictions apply"}]}