{"textAnnotations": [{"boundingPoly": {"vertices": [{"x": 84.0, "y": 68.0}, {"x": 372.0, "y": 69.0}, {"x": 371.0, "y": 93.0}, {"x": 83.0, "y": 92.0}]}, "description": "merchant name"}, {"boundingPoly": {"vertices": [{"x": 101.0, "y": 96.0}, {"x": 355.0, "y": 100.0}, {"x": 355.0, "y": 119.0}, {"x": 101.0, "y": 113.0}]}, "description": "merchant address"}, {"boundingPoly": {"vertices": [{"x": 239.0, "y": 121.0}, {"x": 265.0, "y": 121.0}, {"x": 265.0, "y": 137.0}, {"x": 239.0, "y": 137.0}]}, "description": "merchant address"}, {"boundingPoly": {"vertices": [{"x": 169.0, "y": 137.0}, {"x": 285.0, "y": 141.0}, {"x": 285.0, "y": 157.0}, {"x": 169.0, "y": 153.0}]}, "description": "merchant phone"}, {"boundingPoly": {"vertices": [{"x": 129.0, "y": 116.0}, {"x": 236.0, "y": 116.0}, {"x": 236.0, "y": 136.0}, {"x": 129.0, "y": 136.0}]}, "description": "merchant address"}, {"boundingPoly": {"vertices": [{"x": 268.0, "y": 122.0}, {"x": 326.0, "y": 122.0}, {"x": 326.0, "y": 140.0}, {"x": 268.0, "y": 140.0}]}, "description": "merchant address"}, {"boundingPoly": {"vertices": [{"x": 146.0, "y": 178.0}, {"x": 261.0, "y": 178.0}, {"x": 261.0, "y": 208.0}, {"x": 146.0, "y": 208.0}]}, "description": " ORDER:"}, {"boundingPoly": {"vertices": [{"x": 185.0, "y": 215.0}, {"x": 266.0, "y": 217.0}, {"x": 266.0, "y": 244.0}, {"x": 185.0, "y": 242.0}]}, "description": "To Go"}, {"boundingPoly": {"vertices": [{"x": 265.0, "y": 182.0}, {"x": 302.0, "y": 182.0}, {"x": 302.0, "y": 208.0}, {"x": 265.0, "y": 208.0}]}, "description": " 87"}, {"boundingPoly": {"vertices": [{"x": 9.0, "y": 247.0}, {"x": 86.0, "y": 247.0}, {"x": 86.0, "y": 268.0}, {"x": 9.0, "y": 268.0}]}, "description": " Cashier:"}, {"boundingPoly": {"vertices": [{"x": 13.0, "y": 270.0}, {"x": 213.0, "y": 270.0}, {"x": 213.0, "y": 298.0}, {"x": 13.0, "y": 298.0}]}, "description": " 19 Oct 2019 1:29:1/P"}, {"boundingPoly": {"vertices": [{"x": 15.0, "y": 309.0}, {"x": 122.0, "y": 309.0}, {"x": 122.0, "y": 331.0}, {"x": 15.0, "y": 331.0}]}, "description": " Transaction"}, {"boundingPoly": {"vertices": [{"x": 90.0, "y": 248.0}, {"x": 144.0, "y": 248.0}, {"x": 144.0, "y": 270.0}, {"x": 90.0, "y": 270.0}]}, "description": " Nuthi"}, {"boundingPoly": {"vertices": [{"x": 125.0, "y": 311.0}, {"x": 196.0, "y": 311.0}, {"x": 196.0, "y": 333.0}, {"x": 125.0, "y": 333.0}]}, "description": " 008421"}, {"boundingPoly": {"vertices": [{"x": 18.0, "y": 360.0}, {"x": 31.0, "y": 360.0}, {"x": 30.0, "y": 373.0}, {"x": 18.0, "y": 373.0}]}, "description": "1"}, {"boundingPoly": {"vertices": [{"x": 50.0, "y": 359.0}, {"x": 116.0, "y": 359.0}, {"x": 116.0, "y": 380.0}, {"x": 50.0, "y": 380.0}]}, "description": " Paneer"}, {"boundingPoly": {"vertices": [{"x": 55.0, "y": 384.0}, {"x": 116.0, "y": 384.0}, {"x": 116.0, "y": 404.0}, {"x": 55.0, "y": 404.0}]}, "description": " Mango"}, {"boundingPoly": {"vertices": [{"x": 56.0, "y": 407.0}, {"x": 115.0, "y": 408.0}, {"x": 114.0, "y": 426.0}, {"x": 56.0, "y": 425.0}]}, "description": "Sodas"}, {"boundingPoly": {"vertices": [{"x": 119.0, "y": 361.0}, {"x": 190.0, "y": 361.0}, {"x": 190.0, "y": 382.0}, {"x": 119.0, "y": 382.0}]}, "description": " Biriyani"}, {"boundingPoly": {"vertices": [{"x": 120.0, "y": 385.0}, {"x": 171.0, "y": 385.0}, {"x": 171.0, "y": 404.0}, {"x": 120.0, "y": 404.0}]}, "description": " Lassi"}, {"boundingPoly": {"vertices": [{"x": 383.0, "y": 364.0}, {"x": 433.0, "y": 365.0}, {"x": 433.0, "y": 384.0}, {"x": 383.0, "y": 385.0}]}, "description": "$8. 99"}, {"boundingPoly": {"vertices": [{"x": 383.0, "y": 388.0}, {"x": 431.0, "y": 388.0}, {"x": 431.0, "y": 407.0}, {"x": 383.0, "y": 409.0}]}, "description": "$2.99"}, {"boundingPoly": {"vertices": [{"x": 381.0, "y": 411.0}, {"x": 431.0, "y": 410.0}, {"x": 431.0, "y": 433.0}, {"x": 381.0, "y": 434.0}]}, "description": "$1.49"}, {"boundingPoly": {"vertices": [{"x": 29.0, "y": 383.0}, {"x": 31.0, "y": 398.0}, {"x": 24.0, "y": 399.0}, {"x": 21.0, "y": 384.0}]}, "description": "-"}, {"boundingPoly": {"vertices": [{"x": 25.0, "y": 453.0}, {"x": 104.0, "y": 453.0}, {"x": 104.0, "y": 470.0}, {"x": 25.0, "y": 469.0}]}, "description": "Subtotal"}, {"boundingPoly": {"vertices": [{"x": 28.0, "y": 476.0}, {"x": 60.0, "y": 477.0}, {"x": 60.0, "y": 492.0}, {"x": 27.0, "y": 491.0}]}, "description": "Tax"}, {"boundingPoly": {"vertices": [{"x": 367.0, "y": 458.0}, {"x": 429.0, "y": 458.0}, {"x": 429.0, "y": 475.0}, {"x": 367.0, "y": 476.0}]}, "description": "$13.47"}, {"boundingPoly": {"vertices": [{"x": 378.0, "y": 480.0}, {"x": 428.0, "y": 480.0}, {"x": 428.0, "y": 497.0}, {"x": 378.0, "y": 498.0}]}, "description": "$1.16"}, {"boundingPoly": {"vertices": [{"x": 24.0, "y": 521.0}, {"x": 74.0, "y": 522.0}, {"x": 74.0, "y": 538.0}, {"x": 24.0, "y": 539.0}]}, "description": "Total"}, {"boundingPoly": {"vertices": [{"x": 369.0, "y": 523.0}, {"x": 429.0, "y": 523.0}, {"x": 429.0, "y": 540.0}, {"x": 370.0, "y": 540.0}]}, "description": "$1463"}, {"boundingPoly": {"vertices": [{"x": 23.0, "y": 554.0}, {"x": 206.0, "y": 556.0}, {"x": 206.0, "y": 573.0}, {"x": 23.0, "y": 572.0}]}, "description": "CREDIT CARD AUTH"}, {"boundingPoly": {"vertices": [{"x": 22.0, "y": 579.0}, {"x": 80.0, "y": 579.0}, {"x": 80.0, "y": 598.0}, {"x": 22.0, "y": 598.0}]}, "description": " AMEX"}, {"boundingPoly": {"vertices": [{"x": 23.0, "y": 612.0}, {"x": 219.0, "y": 612.0}, {"x": 219.0, "y": 631.0}, {"x": 23.0, "y": 631.0}]}, "description": " 19- Oct-2019 1:29:34P"}, {"boundingPoly": {"vertices": [{"x": 20.0, "y": 636.0}, {"x": 171.0, "y": 636.0}, {"x": 171.0, "y": 655.0}, {"x": 20.0, "y": 655.0}]}, "description": " $14.63 | Method:"}, {"boundingPoly": {"vertices": [{"x": 19.0, "y": 659.0}, {"x": 411.0, "y": 656.0}, {"x": 411.0, "y": 677.0}, {"x": 19.0, "y": 680.0}]}, "description": "AMERICAN EXPRESS XXXXXXXXXXXX1007"}, {"boundingPoly": {"vertices": [{"x": 76.0, "y": 705.0}, {"x": 369.0, "y": 705.0}, {"x": 369.0, "y": 727.0}, {"x": 76.0, "y": 727.0}]}, "description": " 929200584601 |Auth # 885716"}, {"boundingPoly": {"vertices": [{"x": 17.0, "y": 732.0}, {"x": 129.0, "y": 732.0}, {"x": 129.0, "y": 753.0}, {"x": 17.0, "y": 753.0}]}, "description": " MID. ********"}, {"boundingPoly": {"vertices": [{"x": 57.0, "y": 755.0}, {"x": 250.0, "y": 755.0}, {"x": 250.0, "y": 776.0}, {"x": 57.0, "y": 776.0}]}, "description": " A000000025010801"}, {"boundingPoly": {"vertices": [{"x": 16.0, "y": 781.0}, {"x": 131.0, "y": 781.0}, {"x": 131.0, "y": 801.0}, {"x": 16.0, "y": 801.0}]}, "description": " AthNtwkNm."}, {"boundingPoly": {"vertices": [{"x": 15.0, "y": 806.0}, {"x": 212.0, "y": 804.0}, {"x": 212.0, "y": 822.0}, {"x": 15.0, "y": 824.0}]}, "description": "SIGNATURE VERIFIED"}, {"boundingPoly": {"vertices": [{"x": 116.0, "y": 837.0}, {"x": 341.0, "y": 835.0}, {"x": 341.0, "y": 852.0}, {"x": 116.0, "y": 854.0}]}, "description": "*** REPRINT ***"}, {"boundingPoly": {"vertices": [{"x": 83.0, "y": 579.0}, {"x": 129.0, "y": 579.0}, {"x": 129.0, "y": 598.0}, {"x": 83.0, "y": 598.0}]}, "description": " 1007"}, {"boundingPoly": {"vertices": [{"x": 175.0, "y": 636.0}, {"x": 219.0, "y": 636.0}, {"x": 219.0, "y": 654.0}, {"x": 175.0, "y": 654.0}]}, "description": " EMV"}, {"boundingPoly": {"vertices": [{"x": 17.0, "y": 708.0}, {"x": 72.0, "y": 708.0}, {"x": 72.0, "y": 727.0}, {"x": 17.0, "y": 727.0}]}, "description": " Ref #:"}, {"boundingPoly": {"vertices": [{"x": 133.0, "y": 732.0}, {"x": 182.0, "y": 732.0}, {"x": 182.0, "y": 752.0}, {"x": 133.0, "y": 752.0}]}, "description": " 1889"}, {"boundingPoly": {"vertices": [{"x": 15.0, "y": 757.0}, {"x": 53.0, "y": 757.0}, {"x": 53.0, "y": 776.0}, {"x": 15.0, "y": 776.0}]}, "description": " AID:"}, {"boundingPoly": {"vertices": [{"x": 135.0, "y": 781.0}, {"x": 194.0, "y": 781.0}, {"x": 194.0, "y": 800.0}, {"x": 135.0, "y": 800.0}]}, "description": " AMEX"}]}