{"textAnnotations": [{"boundingPoly": {"vertices": [{"x": 215.0, "y": 185.0}, {"x": 400.0, "y": 186.0}, {"x": 400.0, "y": 213.0}, {"x": 215.0, "y": 212.0}]}, "description": "merchant name"}, {"boundingPoly": {"vertices": [{"x": 198.0, "y": 220.0}, {"x": 413.0, "y": 221.0}, {"x": 413.0, "y": 247.0}, {"x": 198.0, "y": 245.0}]}, "description": "merchant address"}, {"boundingPoly": {"vertices": [{"x": 159.0, "y": 254.0}, {"x": 452.0, "y": 254.0}, {"x": 452.0, "y": 281.0}, {"x": 159.0, "y": 281.0}]}, "description": "merchant address"}, {"boundingPoly": {"vertices": [{"x": 53.0, "y": 327.0}, {"x": 189.0, "y": 326.0}, {"x": 189.0, "y": 354.0}, {"x": 53.0, "y": 354.0}]}, "description": "1001 TIM E"}, {"boundingPoly": {"vertices": [{"x": 72.0, "y": 374.0}, {"x": 98.0, "y": 374.0}, {"x": 99.0, "y": 382.0}, {"x": 72.0, "y": 383.0}]}, "description": "---"}, {"boundingPoly": {"vertices": [{"x": 40.0, "y": 403.0}, {"x": 148.0, "y": 402.0}, {"x": 148.0, "y": 432.0}, {"x": 40.0, "y": 433.0}]}, "description": "Tbl 5a/1"}, {"boundingPoly": {"vertices": [{"x": 263.0, "y": 404.0}, {"x": 359.0, "y": 403.0}, {"x": 359.0, "y": 432.0}, {"x": 263.0, "y": 434.0}]}, "description": "Chk 424"}, {"boundingPoly": {"vertices": [{"x": 196.0, "y": 441.0}, {"x": 414.0, "y": 441.0}, {"x": 414.0, "y": 472.0}, {"x": 196.0, "y": 472.0}]}, "description": " Nov10'19 10:46PM"}, {"boundingPoly": {"vertices": [{"x": 486.0, "y": 404.0}, {"x": 540.0, "y": 404.0}, {"x": 540.0, "y": 431.0}, {"x": 486.0, "y": 431.0}]}, "description": " Gst"}, {"boundingPoly": {"vertices": [{"x": 553.0, "y": 404.0}, {"x": 570.0, "y": 404.0}, {"x": 570.0, "y": 431.0}, {"x": 553.0, "y": 431.0}]}, "description": " 1"}, {"boundingPoly": {"vertices": [{"x": 62.0, "y": 517.0}, {"x": 201.0, "y": 517.0}, {"x": 201.0, "y": 545.0}, {"x": 62.0, "y": 546.0}]}, "description": "2 GUINNESS"}, {"boundingPoly": {"vertices": [{"x": 458.0, "y": 517.0}, {"x": 527.0, "y": 516.0}, {"x": 528.0, "y": 546.0}, {"x": 458.0, "y": 547.0}]}, "description": "18.50"}, {"boundingPoly": {"vertices": [{"x": 90.0, "y": 594.0}, {"x": 203.0, "y": 592.0}, {"x": 204.0, "y": 622.0}, {"x": 90.0, "y": 624.0}]}, "description": "Subtotal"}, {"boundingPoly": {"vertices": [{"x": 92.0, "y": 631.0}, {"x": 137.0, "y": 631.0}, {"x": 137.0, "y": 661.0}, {"x": 92.0, "y": 662.0}]}, "description": "Tax"}, {"boundingPoly": {"vertices": [{"x": 91.0, "y": 670.0}, {"x": 254.0, "y": 670.0}, {"x": 254.0, "y": 698.0}, {"x": 91.0, "y": 699.0}]}, "description": "Gov Mandates"}, {"boundingPoly": {"vertices": [{"x": 34.0, "y": 709.0}, {"x": 212.0, "y": 709.0}, {"x": 212.0, "y": 742.0}, {"x": 34.0, "y": 742.0}]}, "description": " 11:38PM Total"}, {"boundingPoly": {"vertices": [{"x": 456.0, "y": 594.0}, {"x": 526.0, "y": 592.0}, {"x": 527.0, "y": 623.0}, {"x": 456.0, "y": 624.0}]}, "description": "18.50"}, {"boundingPoly": {"vertices": [{"x": 466.0, "y": 632.0}, {"x": 525.0, "y": 629.0}, {"x": 526.0, "y": 659.0}, {"x": 467.0, "y": 659.0}]}, "description": "1.63"}, {"boundingPoly": {"vertices": [{"x": 469.0, "y": 669.0}, {"x": 525.0, "y": 670.0}, {"x": 525.0, "y": 697.0}, {"x": 468.0, "y": 696.0}]}, "description": "0.74"}, {"boundingPoly": {"vertices": [{"x": 392.0, "y": 704.0}, {"x": 522.0, "y": 706.0}, {"x": 522.0, "y": 738.0}, {"x": 392.0, "y": 737.0}]}, "description": "20.87"}, {"boundingPoly": {"vertices": [{"x": 86.0, "y": 782.0}, {"x": 412.0, "y": 782.0}, {"x": 412.0, "y": 816.0}, {"x": 86.0, "y": 816.0}]}, "description": " Go Raibh Mile Maith Agat"}, {"boundingPoly": {"vertices": [{"x": 314.0, "y": 821.0}, {"x": 342.0, "y": 821.0}, {"x": 342.0, "y": 851.0}, {"x": 314.0, "y": 851.0}]}, "description": " !!"}, {"boundingPoly": {"vertices": [{"x": 416.0, "y": 781.0}, {"x": 442.0, "y": 781.0}, {"x": 442.0, "y": 812.0}, {"x": 416.0, "y": 812.0}]}, "description": " !!"}, {"boundingPoly": {"vertices": [{"x": 86.0, "y": 822.0}, {"x": 309.0, "y": 822.0}, {"x": 309.0, "y": 853.0}, {"x": 86.0, "y": 853.0}]}, "description": " Have a Great Day"}]}