{"textAnnotations": [{"boundingPoly": {"vertices": [{"x": 123.0, "y": 86.0}, {"x": 411.0, "y": 120.0}, {"x": 407.0, "y": 146.0}, {"x": 120.0, "y": 109.0}]}, "description": "merchant name"}, {"boundingPoly": {"vertices": [{"x": 146.0, "y": 149.0}, {"x": 283.0, "y": 166.0}, {"x": 280.0, "y": 191.0}, {"x": 143.0, "y": 173.0}]}, "description": "merchant address"}, {"boundingPoly": {"vertices": [{"x": 223.0, "y": 190.0}, {"x": 340.0, "y": 203.0}, {"x": 337.0, "y": 228.0}, {"x": 220.0, "y": 214.0}]}, "description": "merchant phone"}, {"boundingPoly": {"vertices": [{"x": 71.0, "y": 108.0}, {"x": 275.0, "y": 129.0}, {"x": 271.0, "y": 159.0}, {"x": 70.0, "y": 138.0}]}, "description": "merchant address"}, {"boundingPoly": {"vertices": [{"x": 375.0, "y": 150.0}, {"x": 460.0, "y": 154.0}, {"x": 459.0, "y": 179.0}, {"x": 374.0, "y": 174.0}]}, "description": "H3G2B6"}, {"boundingPoly": {"vertices": [{"x": 366.0, "y": 179.0}, {"x": 401.0, "y": 182.0}, {"x": 399.0, "y": 205.0}, {"x": 363.0, "y": 201.0}]}, "description": "QC"}, {"boundingPoly": {"vertices": [{"x": 204.0, "y": 219.0}, {"x": 363.0, "y": 237.0}, {"x": 360.0, "y": 262.0}, {"x": 202.0, "y": 244.0}]}, "description": "QW2360321707"}, {"boundingPoly": {"vertices": [{"x": 249.0, "y": 332.0}, {"x": 348.0, "y": 338.0}, {"x": 346.0, "y": 367.0}, {"x": 248.0, "y": 361.0}]}, "description": "SALE"}, {"boundingPoly": {"vertices": [{"x": 81.0, "y": 386.0}, {"x": 195.0, "y": 392.0}, {"x": 193.0, "y": 422.0}, {"x": 79.0, "y": 415.0}]}, "description": "11-13-2019"}, {"boundingPoly": {"vertices": [{"x": 88.0, "y": 421.0}, {"x": 368.0, "y": 440.0}, {"x": 366.0, "y": 465.0}, {"x": 87.0, "y": 447.0}]}, "description": "Acct # 379060 ***** 3008"}, {"boundingPoly": {"vertices": [{"x": 345.0, "y": 472.0}, {"x": 520.0, "y": 477.0}, {"x": 519.0, "y": 504.0}, {"x": 344.0, "y": 499.0}]}, "description": "Card Type AM"}, {"boundingPoly": {"vertices": [{"x": 431.0, "y": 413.0}, {"x": 510.0, "y": 413.0}, {"x": 510.0, "y": 442.0}, {"x": 431.0, "y": 442.0}]}, "description": " 20:23:42"}, {"boundingPoly": {"vertices": [{"x": 497.0, "y": 449.0}, {"x": 516.0, "y": 449.0}, {"x": 516.0, "y": 468.0}, {"x": 497.0, "y": 468.0}]}, "description": "C"}, {"boundingPoly": {"vertices": [{"x": 87.0, "y": 454.0}, {"x": 285.0, "y": 464.0}, {"x": 283.0, "y": 494.0}, {"x": 85.0, "y": 484.0}]}, "description": "Exp Date 06/20"}, {"boundingPoly": {"vertices": [{"x": 99.0, "y": 522.0}, {"x": 304.0, "y": 531.0}, {"x": 303.0, "y": 556.0}, {"x": 98.0, "y": 546.0}]}, "description": "A000000025010801"}, {"boundingPoly": {"vertices": [{"x": 90.0, "y": 487.0}, {"x": 171.0, "y": 487.0}, {"x": 171.0, "y": 520.0}, {"x": 90.0, "y": 520.0}]}, "description": " Name:"}, {"boundingPoly": {"vertices": [{"x": 101.0, "y": 553.0}, {"x": 355.0, "y": 561.0}, {"x": 354.0, "y": 590.0}, {"x": 100.0, "y": 583.0}]}, "description": "AMERICAN EXPRESS"}, {"boundingPoly": {"vertices": [{"x": 109.0, "y": 627.0}, {"x": 309.0, "y": 628.0}, {"x": 309.0, "y": 657.0}, {"x": 109.0, "y": 656.0}]}, "description": "Trace # 500008"}, {"boundingPoly": {"vertices": [{"x": 114.0, "y": 660.0}, {"x": 241.0, "y": 660.0}, {"x": 241.0, "y": 689.0}, {"x": 114.0, "y": 689.0}]}, "description": "TCC 0124"}, {"boundingPoly": {"vertices": [{"x": 117.0, "y": 695.0}, {"x": 253.0, "y": 694.0}, {"x": 253.0, "y": 720.0}, {"x": 117.0, "y": 722.0}]}, "description": "Inv. # 1110"}, {"boundingPoly": {"vertices": [{"x": 122.0, "y": 727.0}, {"x": 304.0, "y": 724.0}, {"x": 304.0, "y": 752.0}, {"x": 122.0, "y": 756.0}]}, "description": "Auth # 892316"}, {"boundingPoly": {"vertices": [{"x": 128.0, "y": 760.0}, {"x": 327.0, "y": 755.0}, {"x": 328.0, "y": 783.0}, {"x": 129.0, "y": 789.0}]}, "description": "TVR 0000008000"}, {"boundingPoly": {"vertices": [{"x": 399.0, "y": 634.0}, {"x": 538.0, "y": 633.0}, {"x": 538.0, "y": 663.0}, {"x": 399.0, "y": 664.0}]}, "description": "Operator 74"}, {"boundingPoly": {"vertices": [{"x": 430.0, "y": 665.0}, {"x": 541.0, "y": 665.0}, {"x": 542.0, "y": 690.0}, {"x": 430.0, "y": 690.0}]}, "description": "TCD 0124"}, {"boundingPoly": {"vertices": [{"x": 388.0, "y": 726.0}, {"x": 549.0, "y": 725.0}, {"x": 549.0, "y": 750.0}, {"x": 388.0, "y": 750.0}]}, "description": "RRN 001001512"}, {"boundingPoly": {"vertices": [{"x": 451.0, "y": 757.0}, {"x": 551.0, "y": 757.0}, {"x": 551.0, "y": 780.0}, {"x": 451.0, "y": 781.0}]}, "description": "TSI F800"}, {"boundingPoly": {"vertices": [{"x": 130.0, "y": 793.0}, {"x": 416.0, "y": 785.0}, {"x": 417.0, "y": 814.0}, {"x": 130.0, "y": 823.0}]}, "description": "TC A78C8BBB407D2CB1"}, {"boundingPoly": {"vertices": [{"x": 138.0, "y": 862.0}, {"x": 190.0, "y": 861.0}, {"x": 191.0, "y": 885.0}, {"x": 138.0, "y": 886.0}]}, "description": "Sale"}, {"boundingPoly": {"vertices": [{"x": 142.0, "y": 895.0}, {"x": 182.0, "y": 896.0}, {"x": 181.0, "y": 922.0}, {"x": 142.0, "y": 921.0}]}, "description": "Tip"}, {"boundingPoly": {"vertices": [{"x": 496.0, "y": 848.0}, {"x": 562.0, "y": 846.0}, {"x": 563.0, "y": 871.0}, {"x": 498.0, "y": 873.0}]}, "description": "$39.39"}, {"boundingPoly": {"vertices": [{"x": 512.0, "y": 878.0}, {"x": 567.0, "y": 874.0}, {"x": 568.0, "y": 903.0}, {"x": 514.0, "y": 906.0}]}, "description": "$5.91"}, {"boundingPoly": {"vertices": [{"x": 152.0, "y": 970.0}, {"x": 281.0, "y": 961.0}, {"x": 283.0, "y": 989.0}, {"x": 154.0, "y": 999.0}]}, "description": "TOTAL"}, {"boundingPoly": {"vertices": [{"x": 467.0, "y": 947.0}, {"x": 575.0, "y": 945.0}, {"x": 576.0, "y": 975.0}, {"x": 467.0, "y": 978.0}]}, "description": "$45.30"}, {"boundingPoly": {"vertices": [{"x": 215.0, "y": 1075.0}, {"x": 540.0, "y": 1049.0}, {"x": 541.0, "y": 1071.0}, {"x": 217.0, "y": 1101.0}]}, "description": "+++++++++++++++++++++++++"}, {"boundingPoly": {"vertices": [{"x": 223.0, "y": 1137.0}, {"x": 547.0, "y": 1111.0}, {"x": 549.0, "y": 1132.0}, {"x": 225.0, "y": 1165.0}]}, "description": "+++++++++++++++++++++++++"}, {"boundingPoly": {"vertices": [{"x": 316.0, "y": 1190.0}, {"x": 477.0, "y": 1170.0}, {"x": 481.0, "y": 1200.0}, {"x": 319.0, "y": 1219.0}]}, "description": "(PIN VERIFIED)"}, {"boundingPoly": {"vertices": [{"x": 224.0, "y": 1104.0}, {"x": 539.0, "y": 1078.0}, {"x": 542.0, "y": 1104.0}, {"x": 226.0, "y": 1134.0}]}, "description": "00 APPROVED-THANK YOU"}]}