{"textAnnotations": [{"boundingPoly": {"vertices": [{"x": 920.0, "y": 164.0}, {"x": 1322.0, "y": 159.0}, {"x": 1323.0, "y": 197.0}, {"x": 920.0, "y": 204.0}]}, "description": "merchant name"}, {"boundingPoly": {"vertices": [{"x": 898.0, "y": 237.0}, {"x": 1340.0, "y": 231.0}, {"x": 1341.0, "y": 268.0}, {"x": 898.0, "y": 276.0}]}, "description": "merchant address"}, {"boundingPoly": {"vertices": [{"x": 1041.0, "y": 310.0}, {"x": 1213.0, "y": 308.0}, {"x": 1214.0, "y": 342.0}, {"x": 1041.0, "y": 345.0}]}, "description": "CHK 657077"}, {"boundingPoly": {"vertices": [{"x": 956.0, "y": 346.0}, {"x": 1293.0, "y": 346.0}, {"x": 1293.0, "y": 385.0}, {"x": 956.0, "y": 385.0}]}, "description": " 11/11/2019 07:30 AM"}, {"boundingPoly": {"vertices": [{"x": 1054.0, "y": 383.0}, {"x": 1194.0, "y": 383.0}, {"x": 1194.0, "y": 422.0}, {"x": 1054.0, "y": 422.0}]}, "description": " Drawer:"}, {"boundingPoly": {"vertices": [{"x": 1035.0, "y": 201.0}, {"x": 1213.0, "y": 199.0}, {"x": 1214.0, "y": 231.0}, {"x": 1035.0, "y": 236.0}]}, "description": "merchant address"}, {"boundingPoly": {"vertices": [{"x": 884.0, "y": 384.0}, {"x": 1012.0, "y": 384.0}, {"x": 1012.0, "y": 419.0}, {"x": 884.0, "y": 419.0}]}, "description": "1694695"}, {"boundingPoly": {"vertices": [{"x": 1201.0, "y": 380.0}, {"x": 1333.0, "y": 380.0}, {"x": 1333.0, "y": 420.0}, {"x": 1201.0, "y": 420.0}]}, "description": " 1 Reg:"}, {"boundingPoly": {"vertices": [{"x": 1339.0, "y": 380.0}, {"x": 1363.0, "y": 380.0}, {"x": 1363.0, "y": 417.0}, {"x": 1339.0, "y": 417.0}]}, "description": " 2"}, {"boundingPoly": {"vertices": [{"x": 822.0, "y": 459.0}, {"x": 1042.0, "y": 461.0}, {"x": 1041.0, "y": 498.0}, {"x": 822.0, "y": 496.0}]}, "description": "Salted Chips"}, {"boundingPoly": {"vertices": [{"x": 821.0, "y": 501.0}, {"x": 1120.0, "y": 501.0}, {"x": 1120.0, "y": 537.0}, {"x": 821.0, "y": 537.0}]}, "description": "Banana Nut Bread"}, {"boundingPoly": {"vertices": [{"x": 858.0, "y": 542.0}, {"x": 979.0, "y": 542.0}, {"x": 979.0, "y": 576.0}, {"x": 858.0, "y": 577.0}]}, "description": "Warmed"}, {"boundingPoly": {"vertices": [{"x": 822.0, "y": 579.0}, {"x": 1139.0, "y": 579.0}, {"x": 1139.0, "y": 616.0}, {"x": 822.0, "y": 616.0}]}, "description": "Pumpkin Loaf Cake"}, {"boundingPoly": {"vertices": [{"x": 849.0, "y": 619.0}, {"x": 978.0, "y": 619.0}, {"x": 977.0, "y": 655.0}, {"x": 849.0, "y": 654.0}]}, "description": "Warmed"}, {"boundingPoly": {"vertices": [{"x": 824.0, "y": 655.0}, {"x": 1068.0, "y": 658.0}, {"x": 1068.0, "y": 696.0}, {"x": 824.0, "y": 693.0}]}, "description": "Tl Cappuccino"}, {"boundingPoly": {"vertices": [{"x": 1328.0, "y": 456.0}, {"x": 1404.0, "y": 457.0}, {"x": 1403.0, "y": 492.0}, {"x": 1328.0, "y": 493.0}]}, "description": "1.75"}, {"boundingPoly": {"vertices": [{"x": 1325.0, "y": 495.0}, {"x": 1405.0, "y": 494.0}, {"x": 1405.0, "y": 529.0}, {"x": 1325.0, "y": 531.0}]}, "description": "3.45"}, {"boundingPoly": {"vertices": [{"x": 1328.0, "y": 573.0}, {"x": 1405.0, "y": 574.0}, {"x": 1403.0, "y": 609.0}, {"x": 1330.0, "y": 610.0}]}, "description": "3.45"}, {"boundingPoly": {"vertices": [{"x": 1328.0, "y": 654.0}, {"x": 1408.0, "y": 652.0}, {"x": 1408.0, "y": 689.0}, {"x": 1329.0, "y": 690.0}]}, "description": "3.95"}, {"boundingPoly": {"vertices": [{"x": 827.0, "y": 741.0}, {"x": 894.0, "y": 744.0}, {"x": 892.0, "y": 774.0}, {"x": 825.0, "y": 771.0}]}, "description": "Amex"}, {"boundingPoly": {"vertices": [{"x": 815.0, "y": 780.0}, {"x": 1123.0, "y": 781.0}, {"x": 1123.0, "y": 820.0}, {"x": 815.0, "y": 818.0}]}, "description": "XXXXXXXXXXXX1006"}, {"boundingPoly": {"vertices": [{"x": 1035.0, "y": 821.0}, {"x": 1232.0, "y": 821.0}, {"x": 1232.0, "y": 862.0}, {"x": 1035.0, "y": 862.0}]}, "description": " QUICK CHIP"}, {"boundingPoly": {"vertices": [{"x": 1035.0, "y": 864.0}, {"x": 1198.0, "y": 864.0}, {"x": 1198.0, "y": 905.0}, {"x": 1035.0, "y": 905.0}]}, "description": " PURCHASE"}, {"boundingPoly": {"vertices": [{"x": 812.0, "y": 907.0}, {"x": 1045.0, "y": 907.0}, {"x": 1045.0, "y": 949.0}, {"x": 812.0, "y": 949.0}]}, "description": " Reference #:"}, {"boundingPoly": {"vertices": [{"x": 1016.0, "y": 947.0}, {"x": 1323.0, "y": 947.0}, {"x": 1323.0, "y": 990.0}, {"x": 1016.0, "y": 990.0}]}, "description": " AMERICAN EXPRESS"}, {"boundingPoly": {"vertices": [{"x": 958.0, "y": 992.0}, {"x": 1079.0, "y": 992.0}, {"x": 1079.0, "y": 1032.0}, {"x": 958.0, "y": 1032.0}]}, "description": " 843474"}, {"boundingPoly": {"vertices": [{"x": 900.0, "y": 1034.0}, {"x": 1214.0, "y": 1034.0}, {"x": 1214.0, "y": 1077.0}, {"x": 900.0, "y": 1077.0}]}, "description": " A000000025010801"}, {"boundingPoly": {"vertices": [{"x": 903.0, "y": 1079.0}, {"x": 1099.0, "y": 1079.0}, {"x": 1099.0, "y": 1121.0}, {"x": 903.0, "y": 1121.0}]}, "description": " 0000008000"}, {"boundingPoly": {"vertices": [{"x": 904.0, "y": 1124.0}, {"x": 987.0, "y": 1124.0}, {"x": 987.0, "y": 1164.0}, {"x": 904.0, "y": 1164.0}]}, "description": " E800"}, {"boundingPoly": {"vertices": [{"x": 1325.0, "y": 734.0}, {"x": 1407.0, "y": 731.0}, {"x": 1408.0, "y": 770.0}, {"x": 1326.0, "y": 772.0}]}, "description": "12.95"}, {"boundingPoly": {"vertices": [{"x": 818.0, "y": 822.0}, {"x": 1028.0, "y": 822.0}, {"x": 1028.0, "y": 862.0}, {"x": 818.0, "y": 862.0}]}, "description": " Card Entry:"}, {"boundingPoly": {"vertices": [{"x": 818.0, "y": 865.0}, {"x": 1029.0, "y": 865.0}, {"x": 1029.0, "y": 905.0}, {"x": 818.0, "y": 905.0}]}, "description": " Trans Type:"}, {"boundingPoly": {"vertices": [{"x": 1052.0, "y": 907.0}, {"x": 1210.0, "y": 907.0}, {"x": 1210.0, "y": 950.0}, {"x": 1052.0, "y": 950.0}]}, "description": " 00000011"}, {"boundingPoly": {"vertices": [{"x": 813.0, "y": 950.0}, {"x": 1010.0, "y": 950.0}, {"x": 1010.0, "y": 990.0}, {"x": 813.0, "y": 990.0}]}, "description": " App Label:"}, {"boundingPoly": {"vertices": [{"x": 813.0, "y": 993.0}, {"x": 952.0, "y": 993.0}, {"x": 952.0, "y": 1033.0}, {"x": 813.0, "y": 1033.0}]}, "description": " Auth #:"}, {"boundingPoly": {"vertices": [{"x": 808.0, "y": 1036.0}, {"x": 893.0, "y": 1036.0}, {"x": 893.0, "y": 1076.0}, {"x": 808.0, "y": 1076.0}]}, "description": " AID:"}, {"boundingPoly": {"vertices": [{"x": 813.0, "y": 1079.0}, {"x": 895.0, "y": 1079.0}, {"x": 895.0, "y": 1119.0}, {"x": 813.0, "y": 1119.0}]}, "description": " TVR:"}, {"boundingPoly": {"vertices": [{"x": 813.0, "y": 1126.0}, {"x": 897.0, "y": 1126.0}, {"x": 897.0, "y": 1164.0}, {"x": 813.0, "y": 1164.0}]}, "description": " TSI:"}, {"boundingPoly": {"vertices": [{"x": 803.0, "y": 1213.0}, {"x": 958.0, "y": 1213.0}, {"x": 958.0, "y": 1253.0}, {"x": 803.0, "y": 1253.0}]}, "description": "Subtotal"}, {"boundingPoly": {"vertices": [{"x": 809.0, "y": 1258.0}, {"x": 1009.0, "y": 1258.0}, {"x": 1009.0, "y": 1298.0}, {"x": 809.0, "y": 1299.0}]}, "description": "Tax 8.875%"}, {"boundingPoly": {"vertices": [{"x": 808.0, "y": 1304.0}, {"x": 904.0, "y": 1304.0}, {"x": 902.0, "y": 1343.0}, {"x": 807.0, "y": 1342.0}]}, "description": "Total"}, {"boundingPoly": {"vertices": [{"x": 741.0, "y": 1346.0}, {"x": 1139.0, "y": 1348.0}, {"x": 1139.0, "y": 1394.0}, {"x": 741.0, "y": 1392.0}]}, "description": "Change Due"}, {"boundingPoly": {"vertices": [{"x": 1284.0, "y": 1213.0}, {"x": 1409.0, "y": 1213.0}, {"x": 1409.0, "y": 1252.0}, {"x": 1284.0, "y": 1253.0}]}, "description": "$12.60"}, {"boundingPoly": {"vertices": [{"x": 1310.0, "y": 1258.0}, {"x": 1411.0, "y": 1257.0}, {"x": 1411.0, "y": 1298.0}, {"x": 1310.0, "y": 1297.0}]}, "description": "$0.35"}, {"boundingPoly": {"vertices": [{"x": 1293.0, "y": 1303.0}, {"x": 1413.0, "y": 1303.0}, {"x": 1413.0, "y": 1343.0}, {"x": 1293.0, "y": 1343.0}]}, "description": "$12.95"}, {"boundingPoly": {"vertices": [{"x": 1327.0, "y": 1348.0}, {"x": 1524.0, "y": 1346.0}, {"x": 1525.0, "y": 1389.0}, {"x": 1328.0, "y": 1391.0}]}, "description": "$0.00"}, {"boundingPoly": {"vertices": [{"x": 966.0, "y": 1440.0}, {"x": 1268.0, "y": 1441.0}, {"x": 1268.0, "y": 1484.0}, {"x": 966.0, "y": 1483.0}]}, "description": "Check Closed --"}, {"boundingPoly": {"vertices": [{"x": 944.0, "y": 1488.0}, {"x": 1328.0, "y": 1488.0}, {"x": 1328.0, "y": 1535.0}, {"x": 944.0, "y": 1535.0}]}, "description": " 11/11/2019 07:30 AM"}, {"boundingPoly": {"vertices": [{"x": 790.0, "y": 1682.0}, {"x": 1446.0, "y": 1681.0}, {"x": 1446.0, "y": 1729.0}, {"x": 790.0, "y": 1730.0}]}, "description": "Merchandise, Packaged Coffee and"}, {"boundingPoly": {"vertices": [{"x": 775.0, "y": 1732.0}, {"x": 1488.0, "y": 1732.0}, {"x": 1488.0, "y": 1779.0}, {"x": 775.0, "y": 1779.0}]}, "description": "Packaged Tea on this receipt may be"}, {"boundingPoly": {"vertices": [{"x": 775.0, "y": 1783.0}, {"x": 1510.0, "y": 1782.0}, {"x": 1510.0, "y": 1827.0}, {"x": 775.0, "y": 1829.0}]}, "description": "returned or exchanged within 60 days"}, {"boundingPoly": {"vertices": [{"x": 806.0, "y": 1833.0}, {"x": 1454.0, "y": 1832.0}, {"x": 1454.0, "y": 1879.0}, {"x": 806.0, "y": 1881.0}]}, "description": "of the transaction date printed"}, {"boundingPoly": {"vertices": [{"x": 741.0, "y": 1887.0}, {"x": 1492.0, "y": 1887.0}, {"x": 1492.0, "y": 1934.0}, {"x": 741.0, "y": 1935.0}]}, "description": "above. All returns or exchanges must"}, {"boundingPoly": {"vertices": [{"x": 783.0, "y": 1940.0}, {"x": 1479.0, "y": 1938.0}, {"x": 1480.0, "y": 1986.0}, {"x": 783.0, "y": 1989.0}]}, "description": "be accompanied with this original"}, {"boundingPoly": {"vertices": [{"x": 787.0, "y": 1994.0}, {"x": 1488.0, "y": 1993.0}, {"x": 1488.0, "y": 2042.0}, {"x": 787.0, "y": 2044.0}]}, "description": "receipt. Refund method depends on"}, {"boundingPoly": {"vertices": [{"x": 759.0, "y": 2048.0}, {"x": 1499.0, "y": 2045.0}, {"x": 1499.0, "y": 2095.0}, {"x": 759.0, "y": 2098.0}]}, "description": "form of payment. For questions call"}, {"boundingPoly": {"vertices": [{"x": 821.0, "y": 2098.0}, {"x": 1464.0, "y": 2096.0}, {"x": 1464.0, "y": 2148.0}, {"x": 821.0, "y": 2151.0}]}, "description": "1-800-STARBUC-800-782-7282)"}, {"boundingPoly": {"vertices": [{"x": 883.0, "y": 2264.0}, {"x": 1404.0, "y": 2264.0}, {"x": 1404.0, "y": 2318.0}, {"x": 883.0, "y": 2317.0}]}, "description": "Join our loyalty program"}, {"boundingPoly": {"vertices": [{"x": 945.0, "y": 2323.0}, {"x": 1344.0, "y": 2319.0}, {"x": 1344.0, "y": 2371.0}, {"x": 945.0, "y": 2375.0}]}, "description": "Starbucks Rewards\u00ae"}, {"boundingPoly": {"vertices": [{"x": 818.0, "y": 2381.0}, {"x": 1471.0, "y": 2378.0}, {"x": 1471.0, "y": 2431.0}, {"x": 818.0, "y": 2435.0}]}, "description": "Sign up for promotional emails"}, {"boundingPoly": {"vertices": [{"x": 833.0, "y": 2440.0}, {"x": 1437.0, "y": 2440.0}, {"x": 1437.0, "y": 2494.0}, {"x": 833.0, "y": 2493.0}]}, "description": "Visit Starbucks.com/rewards"}, {"boundingPoly": {"vertices": [{"x": 922.0, "y": 2500.0}, {"x": 1352.0, "y": 2501.0}, {"x": 1351.0, "y": 2552.0}, {"x": 921.0, "y": 2550.0}]}, "description": "Or download our app"}, {"boundingPoly": {"vertices": [{"x": 882.0, "y": 2558.0}, {"x": 1391.0, "y": 2558.0}, {"x": 1391.0, "y": 2611.0}, {"x": 882.0, "y": 2612.0}]}, "description": "At participating stores"}, {"boundingPoly": {"vertices": [{"x": 879.0, "y": 2617.0}, {"x": 1395.0, "y": 2617.0}, {"x": 1395.0, "y": 2672.0}, {"x": 879.0, "y": 2671.0}]}, "description": "Some restrictions apply"}, {"boundingPoly": {"vertices": [{"x": 402.0, "y": 2748.0}, {"x": 903.0, "y": 2740.0}, {"x": 904.0, "y": 2798.0}, {"x": 403.0, "y": 2804.0}]}, "description": "REDMI NOTE 5 PRO"}, {"boundingPoly": {"vertices": [{"x": 394.0, "y": 2818.0}, {"x": 863.0, "y": 2814.0}, {"x": 863.0, "y": 2869.0}, {"x": 395.0, "y": 2873.0}]}, "description": "MI DUAL CAMERA"}]}