{"textAnnotations": [{"boundingPoly": {"vertices": [{"x": 99.0, "y": 34.0}, {"x": 398.0, "y": 30.0}, {"x": 398.0, "y": 79.0}, {"x": 100.0, "y": 80.0}]}, "description": "merchant name"}, {"boundingPoly": {"vertices": [{"x": 137.0, "y": 82.0}, {"x": 363.0, "y": 83.0}, {"x": 363.0, "y": 122.0}, {"x": 137.0, "y": 120.0}]}, "description": "merchant name"}, {"boundingPoly": {"vertices": [{"x": 143.0, "y": 121.0}, {"x": 365.0, "y": 122.0}, {"x": 365.0, "y": 144.0}, {"x": 143.0, "y": 144.0}]}, "description": "merchant address"}, {"boundingPoly": {"vertices": [{"x": 142.0, "y": 142.0}, {"x": 369.0, "y": 143.0}, {"x": 369.0, "y": 165.0}, {"x": 142.0, "y": 164.0}]}, "description": "merchant address"}, {"boundingPoly": {"vertices": [{"x": 192.0, "y": 163.0}, {"x": 325.0, "y": 164.0}, {"x": 325.0, "y": 185.0}, {"x": 192.0, "y": 184.0}]}, "description": "merchant phone"}, {"boundingPoly": {"vertices": [{"x": 37.0, "y": 205.0}, {"x": 70.0, "y": 204.0}, {"x": 70.0, "y": 226.0}, {"x": 37.0, "y": 227.0}]}, "description": "669"}, {"boundingPoly": {"vertices": [{"x": 142.0, "y": 205.0}, {"x": 477.0, "y": 205.0}, {"x": 477.0, "y": 230.0}, {"x": 142.0, "y": 230.0}]}, "description": " 8454 0003 11/30/2019 4:10 PM"}, {"boundingPoly": {"vertices": [{"x": 38.0, "y": 248.0}, {"x": 306.0, "y": 249.0}, {"x": 306.0, "y": 273.0}, {"x": 38.0, "y": 272.0}]}, "description": "NICE! DISTILLED WATER 1GL"}, {"boundingPoly": {"vertices": [{"x": 77.0, "y": 270.0}, {"x": 201.0, "y": 270.0}, {"x": 201.0, "y": 294.0}, {"x": 77.0, "y": 294.0}]}, "description": "04902251745"}, {"boundingPoly": {"vertices": [{"x": 79.0, "y": 293.0}, {"x": 264.0, "y": 294.0}, {"x": 264.0, "y": 317.0}, {"x": 79.0, "y": 316.0}]}, "description": "RETURN VALUE 1.29"}, {"boundingPoly": {"vertices": [{"x": 381.0, "y": 270.0}, {"x": 425.0, "y": 270.0}, {"x": 425.0, "y": 297.0}, {"x": 381.0, "y": 297.0}]}, "description": "1.29"}, {"boundingPoly": {"vertices": [{"x": 38.0, "y": 314.0}, {"x": 243.0, "y": 315.0}, {"x": 243.0, "y": 338.0}, {"x": 38.0, "y": 337.0}]}, "description": "NICE! WHOLE MILK QT"}, {"boundingPoly": {"vertices": [{"x": 79.0, "y": 336.0}, {"x": 206.0, "y": 337.0}, {"x": 206.0, "y": 360.0}, {"x": 79.0, "y": 359.0}]}, "description": "04902271274"}, {"boundingPoly": {"vertices": [{"x": 80.0, "y": 358.0}, {"x": 266.0, "y": 360.0}, {"x": 266.0, "y": 384.0}, {"x": 80.0, "y": 382.0}]}, "description": "RETURN VALUE 1.59"}, {"boundingPoly": {"vertices": [{"x": 82.0, "y": 403.0}, {"x": 135.0, "y": 404.0}, {"x": 135.0, "y": 426.0}, {"x": 82.0, "y": 425.0}]}, "description": "TOTAL"}, {"boundingPoly": {"vertices": [{"x": 81.0, "y": 425.0}, {"x": 236.0, "y": 427.0}, {"x": 236.0, "y": 450.0}, {"x": 81.0, "y": 447.0}]}, "description": "AMEX ACCT 1009"}, {"boundingPoly": {"vertices": [{"x": 381.0, "y": 340.0}, {"x": 423.0, "y": 340.0}, {"x": 424.0, "y": 364.0}, {"x": 381.0, "y": 364.0}]}, "description": "1.59"}, {"boundingPoly": {"vertices": [{"x": 378.0, "y": 409.0}, {"x": 425.0, "y": 408.0}, {"x": 425.0, "y": 430.0}, {"x": 378.0, "y": 430.0}]}, "description": "2.88"}, {"boundingPoly": {"vertices": [{"x": 378.0, "y": 432.0}, {"x": 425.0, "y": 431.0}, {"x": 425.0, "y": 452.0}, {"x": 378.0, "y": 451.0}]}, "description": "2.88"}, {"boundingPoly": {"vertices": [{"x": 81.0, "y": 447.0}, {"x": 149.0, "y": 448.0}, {"x": 148.0, "y": 470.0}, {"x": 81.0, "y": 469.0}]}, "description": "CHANGE"}, {"boundingPoly": {"vertices": [{"x": 38.0, "y": 490.0}, {"x": 264.0, "y": 493.0}, {"x": 264.0, "y": 516.0}, {"x": 38.0, "y": 513.0}]}, "description": "AID A000000025010801."}, {"boundingPoly": {"vertices": [{"x": 39.0, "y": 512.0}, {"x": 215.0, "y": 513.0}, {"x": 215.0, "y": 537.0}, {"x": 39.0, "y": 536.0}]}, "description": "AMERICAN EXPRESS"}, {"boundingPoly": {"vertices": [{"x": 39.0, "y": 537.0}, {"x": 107.0, "y": 537.0}, {"x": 107.0, "y": 559.0}, {"x": 39.0, "y": 559.0}]}, "description": "Tapped"}, {"boundingPoly": {"vertices": [{"x": 39.0, "y": 623.0}, {"x": 439.0, "y": 625.0}, {"x": 439.0, "y": 648.0}, {"x": 39.0, "y": 646.0}]}, "description": "THANK YOU FOR SHOPPING AT DUANE READE"}, {"boundingPoly": {"vertices": [{"x": 37.0, "y": 667.0}, {"x": 441.0, "y": 669.0}, {"x": 441.0, "y": 692.0}, {"x": 36.0, "y": 690.0}]}, "description": "DID YOU KNOW THAT YOU CAN EARN POINTS"}, {"boundingPoly": {"vertices": [{"x": 34.0, "y": 689.0}, {"x": 409.0, "y": 691.0}, {"x": 409.0, "y": 714.0}, {"x": 34.0, "y": 712.0}]}, "description": "ON THOUSANDS OF ITEMS IN-STORE AND"}, {"boundingPoly": {"vertices": [{"x": 36.0, "y": 712.0}, {"x": 409.0, "y": 713.0}, {"x": 409.0, "y": 736.0}, {"x": 36.0, "y": 735.0}]}, "description": "ONLINE? SEE OUR WEEKLY AD FOR MORE"}, {"boundingPoly": {"vertices": [{"x": 36.0, "y": 735.0}, {"x": 396.0, "y": 736.0}, {"x": 396.0, "y": 760.0}, {"x": 36.0, "y": 758.0}]}, "description": "INFORMATION. ITEMS CHANGE WEEKLY."}, {"boundingPoly": {"vertices": [{"x": 34.0, "y": 757.0}, {"x": 398.0, "y": 758.0}, {"x": 398.0, "y": 781.0}, {"x": 34.0, "y": 780.0}]}, "description": "RESTRICTIONS APPLY. FOR TERMS AND"}, {"boundingPoly": {"vertices": [{"x": 35.0, "y": 779.0}, {"x": 483.0, "y": 782.0}, {"x": 483.0, "y": 806.0}, {"x": 35.0, "y": 804.0}]}, "description": "CONDITIONS, VISIT DUANEREADE.COM/BALANCE."}, {"boundingPoly": {"vertices": [{"x": 109.0, "y": 826.0}, {"x": 433.0, "y": 827.0}, {"x": 433.0, "y": 851.0}, {"x": 109.0, "y": 850.0}]}, "description": "RFN# 1440-2038-4545-1911-3003"}, {"boundingPoly": {"vertices": [{"x": 219.0, "y": 966.0}, {"x": 284.0, "y": 966.0}, {"x": 284.0, "y": 984.0}, {"x": 219.0, "y": 984.0}]}, "description": "balance*"}, {"boundingPoly": {"vertices": [{"x": 192.0, "y": 980.0}, {"x": 355.0, "y": 977.0}, {"x": 356.0, "y": 1012.0}, {"x": 192.0, "y": 1015.0}]}, "description": "rewards"}, {"boundingPoly": {"vertices": [{"x": 37.0, "y": 1040.0}, {"x": 490.0, "y": 1038.0}, {"x": 490.0, "y": 1061.0}, {"x": 37.0, "y": 1064.0}]}, "description": "GET SALE PRICES WHEN YOU USE YOUR BALANCE"}, {"boundingPoly": {"vertices": [{"x": 39.0, "y": 1083.0}, {"x": 478.0, "y": 1082.0}, {"x": 479.0, "y": 1106.0}, {"x": 39.0, "y": 1107.0}]}, "description": "ITEMS EACH WEEK - JUST LOOK FOR THE BLUE"}, {"boundingPoly": {"vertices": [{"x": 39.0, "y": 1105.0}, {"x": 428.0, "y": 1105.0}, {"x": 428.0, "y": 1128.0}, {"x": 39.0, "y": 1129.0}]}, "description": "TAGS! REDEEM FOR DOLLARS OFF FUTURE"}, {"boundingPoly": {"vertices": [{"x": 39.0, "y": 1127.0}, {"x": 385.0, "y": 1127.0}, {"x": 385.0, "y": 1151.0}, {"x": 39.0, "y": 1150.0}]}, "description": "PURCHASES. FOR MORE INFORMATION"}, {"boundingPoly": {"vertices": [{"x": 39.0, "y": 1149.0}, {"x": 433.0, "y": 1149.0}, {"x": 433.0, "y": 1175.0}, {"x": 39.0, "y": 1175.0}]}, "description": "PLEASE GO TO DUANEREADE.COM/BALANCE."}, {"boundingPoly": {"vertices": [{"x": 36.0, "y": 1062.0}, {"x": 478.0, "y": 1060.0}, {"x": 479.0, "y": 1084.0}, {"x": 36.0, "y": 1086.0}]}, "description": "REWARDS CARD AND EARN POINTS ON FEATURED"}]}