{"textAnnotations": [{"boundingPoly": {"vertices": [{"x": 193.0, "y": 54.0}, {"x": 265.0, "y": 53.0}, {"x": 265.0, "y": 65.0}, {"x": 193.0, "y": 66.0}]}, "description": "merchant name"}, {"boundingPoly": {"vertices": [{"x": 124.0, "y": 65.0}, {"x": 328.0, "y": 62.0}, {"x": 328.0, "y": 77.0}, {"x": 124.0, "y": 80.0}]}, "description": "merchant address"}, {"boundingPoly": {"vertices": [{"x": 181.0, "y": 92.0}, {"x": 194.0, "y": 92.0}, {"x": 194.0, "y": 105.0}, {"x": 181.0, "y": 105.0}]}, "description": " ID"}, {"boundingPoly": {"vertices": [{"x": 180.0, "y": 104.0}, {"x": 195.0, "y": 104.0}, {"x": 195.0, "y": 117.0}, {"x": 180.0, "y": 117.0}]}, "description": " ID"}, {"boundingPoly": {"vertices": [{"x": 118.0, "y": 93.0}, {"x": 178.0, "y": 93.0}, {"x": 178.0, "y": 105.0}, {"x": 118.0, "y": 105.0}]}, "description": " Merchant"}, {"boundingPoly": {"vertices": [{"x": 118.0, "y": 105.0}, {"x": 178.0, "y": 105.0}, {"x": 178.0, "y": 117.0}, {"x": 118.0, "y": 117.0}]}, "description": " Terminal"}, {"boundingPoly": {"vertices": [{"x": 118.0, "y": 117.0}, {"x": 174.0, "y": 118.0}, {"x": 174.0, "y": 129.0}, {"x": 118.0, "y": 128.0}]}, "description": "Check No"}, {"boundingPoly": {"vertices": [{"x": 119.0, "y": 130.0}, {"x": 174.0, "y": 130.0}, {"x": 174.0, "y": 141.0}, {"x": 119.0, "y": 141.0}]}, "description": "Table No"}, {"boundingPoly": {"vertices": [{"x": 118.0, "y": 143.0}, {"x": 159.0, "y": 143.0}, {"x": 159.0, "y": 154.0}, {"x": 118.0, "y": 153.0}]}, "description": "Server"}, {"boundingPoly": {"vertices": [{"x": 118.0, "y": 153.0}, {"x": 212.0, "y": 153.0}, {"x": 212.0, "y": 167.0}, {"x": 118.0, "y": 167.0}]}, "description": " Name on Card:"}, {"boundingPoly": {"vertices": [{"x": 152.0, "y": 167.0}, {"x": 175.0, "y": 167.0}, {"x": 175.0, "y": 178.0}, {"x": 152.0, "y": 178.0}]}, "description": " Num"}, {"boundingPoly": {"vertices": [{"x": 116.0, "y": 179.0}, {"x": 194.0, "y": 178.0}, {"x": 194.0, "y": 190.0}, {"x": 116.0, "y": 191.0}]}, "description": "Expiry Date"}, {"boundingPoly": {"vertices": [{"x": 117.0, "y": 192.0}, {"x": 180.0, "y": 192.0}, {"x": 180.0, "y": 203.0}, {"x": 117.0, "y": 203.0}]}, "description": "Card Type"}, {"boundingPoly": {"vertices": [{"x": 117.0, "y": 204.0}, {"x": 192.0, "y": 205.0}, {"x": 191.0, "y": 216.0}, {"x": 117.0, "y": 215.0}]}, "description": "Trans Type"}, {"boundingPoly": {"vertices": [{"x": 117.0, "y": 217.0}, {"x": 186.0, "y": 216.0}, {"x": 187.0, "y": 228.0}, {"x": 117.0, "y": 229.0}]}, "description": "Trans Date"}, {"boundingPoly": {"vertices": [{"x": 158.0, "y": 229.0}, {"x": 187.0, "y": 229.0}, {"x": 187.0, "y": 240.0}, {"x": 158.0, "y": 240.0}]}, "description": "Tine"}, {"boundingPoly": {"vertices": [{"x": 158.0, "y": 243.0}, {"x": 187.0, "y": 243.0}, {"x": 187.0, "y": 254.0}, {"x": 158.0, "y": 254.0}]}, "description": " Mode"}, {"boundingPoly": {"vertices": [{"x": 117.0, "y": 255.0}, {"x": 183.0, "y": 255.0}, {"x": 183.0, "y": 266.0}, {"x": 117.0, "y": 266.0}]}, "description": "Auth Code"}, {"boundingPoly": {"vertices": [{"x": 117.0, "y": 268.0}, {"x": 181.0, "y": 268.0}, {"x": 182.0, "y": 279.0}, {"x": 117.0, "y": 280.0}]}, "description": "Resp Code"}, {"boundingPoly": {"vertices": [{"x": 116.0, "y": 281.0}, {"x": 146.0, "y": 282.0}, {"x": 146.0, "y": 292.0}, {"x": 116.0, "y": 291.0}]}, "description": "Mode"}, {"boundingPoly": {"vertices": [{"x": 116.0, "y": 294.0}, {"x": 182.0, "y": 292.0}, {"x": 182.0, "y": 304.0}, {"x": 116.0, "y": 305.0}]}, "description": "App Label"}, {"boundingPoly": {"vertices": [{"x": 116.0, "y": 306.0}, {"x": 138.0, "y": 306.0}, {"x": 138.0, "y": 316.0}, {"x": 117.0, "y": 317.0}]}, "description": "AID"}, {"boundingPoly": {"vertices": [{"x": 116.0, "y": 319.0}, {"x": 138.0, "y": 319.0}, {"x": 138.0, "y": 330.0}, {"x": 117.0, "y": 330.0}]}, "description": "ARC"}, {"boundingPoly": {"vertices": [{"x": 116.0, "y": 332.0}, {"x": 138.0, "y": 332.0}, {"x": 138.0, "y": 343.0}, {"x": 116.0, "y": 343.0}]}, "description": "WR"}, {"boundingPoly": {"vertices": [{"x": 117.0, "y": 344.0}, {"x": 137.0, "y": 343.0}, {"x": 137.0, "y": 355.0}, {"x": 117.0, "y": 355.0}]}, "description": "TSI"}, {"boundingPoly": {"vertices": [{"x": 117.0, "y": 357.0}, {"x": 138.0, "y": 357.0}, {"x": 138.0, "y": 368.0}, {"x": 117.0, "y": 368.0}]}, "description": "TAD"}, {"boundingPoly": {"vertices": [{"x": 214.0, "y": 103.0}, {"x": 257.0, "y": 103.0}, {"x": 257.0, "y": 115.0}, {"x": 215.0, "y": 116.0}]}, "description": "336012"}, {"boundingPoly": {"vertices": [{"x": 216.0, "y": 116.0}, {"x": 241.0, "y": 116.0}, {"x": 241.0, "y": 127.0}, {"x": 216.0, "y": 128.0}]}, "description": "7171"}, {"boundingPoly": {"vertices": [{"x": 212.0, "y": 128.0}, {"x": 250.0, "y": 127.0}, {"x": 250.0, "y": 139.0}, {"x": 212.0, "y": 140.0}]}, "description": "504/1"}, {"boundingPoly": {"vertices": [{"x": 214.0, "y": 177.0}, {"x": 226.0, "y": 177.0}, {"x": 226.0, "y": 188.0}, {"x": 214.0, "y": 188.0}]}, "description": " **"}, {"boundingPoly": {"vertices": [{"x": 214.0, "y": 189.0}, {"x": 244.0, "y": 188.0}, {"x": 245.0, "y": 199.0}, {"x": 214.0, "y": 200.0}]}, "description": "AMEX"}, {"boundingPoly": {"vertices": [{"x": 214.0, "y": 202.0}, {"x": 279.0, "y": 199.0}, {"x": 279.0, "y": 212.0}, {"x": 215.0, "y": 214.0}]}, "description": "AUTHORIZE"}, {"boundingPoly": {"vertices": [{"x": 216.0, "y": 215.0}, {"x": 278.0, "y": 213.0}, {"x": 279.0, "y": 226.0}, {"x": 216.0, "y": 227.0}]}, "description": "11/7/2019"}, {"boundingPoly": {"vertices": [{"x": 214.0, "y": 227.0}, {"x": 266.0, "y": 227.0}, {"x": 266.0, "y": 240.0}, {"x": 214.0, "y": 240.0}]}, "description": " 8:38 PM"}, {"boundingPoly": {"vertices": [{"x": 215.0, "y": 241.0}, {"x": 244.0, "y": 241.0}, {"x": 244.0, "y": 252.0}, {"x": 215.0, "y": 252.0}]}, "description": "Chip"}, {"boundingPoly": {"vertices": [{"x": 215.0, "y": 253.0}, {"x": 258.0, "y": 253.0}, {"x": 258.0, "y": 264.0}, {"x": 215.0, "y": 265.0}]}, "description": "888032"}, {"boundingPoly": {"vertices": [{"x": 215.0, "y": 266.0}, {"x": 229.0, "y": 266.0}, {"x": 229.0, "y": 277.0}, {"x": 215.0, "y": 277.0}]}, "description": "00"}, {"boundingPoly": {"vertices": [{"x": 215.0, "y": 279.0}, {"x": 258.0, "y": 279.0}, {"x": 258.0, "y": 290.0}, {"x": 215.0, "y": 290.0}]}, "description": "Issuer"}, {"boundingPoly": {"vertices": [{"x": 212.0, "y": 291.0}, {"x": 333.0, "y": 289.0}, {"x": 334.0, "y": 302.0}, {"x": 212.0, "y": 304.0}]}, "description": "AMERICAN EXPRESS"}, {"boundingPoly": {"vertices": [{"x": 215.0, "y": 304.0}, {"x": 330.0, "y": 303.0}, {"x": 330.0, "y": 315.0}, {"x": 215.0, "y": 316.0}]}, "description": "A000000025010801"}, {"boundingPoly": {"vertices": [{"x": 215.0, "y": 317.0}, {"x": 229.0, "y": 317.0}, {"x": 229.0, "y": 328.0}, {"x": 215.0, "y": 328.0}]}, "description": "00"}, {"boundingPoly": {"vertices": [{"x": 213.0, "y": 330.0}, {"x": 287.0, "y": 329.0}, {"x": 287.0, "y": 342.0}, {"x": 213.0, "y": 342.0}]}, "description": "0000008000"}, {"boundingPoly": {"vertices": [{"x": 215.0, "y": 343.0}, {"x": 244.0, "y": 343.0}, {"x": 244.0, "y": 354.0}, {"x": 215.0, "y": 355.0}]}, "description": "F800"}, {"boundingPoly": {"vertices": [{"x": 211.0, "y": 356.0}, {"x": 318.0, "y": 356.0}, {"x": 318.0, "y": 368.0}, {"x": 211.0, "y": 369.0}]}, "description": "06590103002002"}, {"boundingPoly": {"vertices": [{"x": 216.0, "y": 141.0}, {"x": 306.0, "y": 137.0}, {"x": 307.0, "y": 148.0}, {"x": 216.0, "y": 152.0}]}, "description": "197736 Olivia"}, {"boundingPoly": {"vertices": [{"x": 212.0, "y": 163.0}, {"x": 330.0, "y": 158.0}, {"x": 330.0, "y": 170.0}, {"x": 212.0, "y": 176.0}]}, "description": "XXXXXXXXXXXX1009"}, {"boundingPoly": {"vertices": [{"x": 118.0, "y": 168.0}, {"x": 149.0, "y": 168.0}, {"x": 149.0, "y": 178.0}, {"x": 118.0, "y": 178.0}]}, "description": " Acct"}, {"boundingPoly": {"vertices": [{"x": 228.0, "y": 177.0}, {"x": 233.0, "y": 177.0}, {"x": 233.0, "y": 188.0}, {"x": 228.0, "y": 188.0}]}, "description": " /"}, {"boundingPoly": {"vertices": [{"x": 235.0, "y": 177.0}, {"x": 250.0, "y": 177.0}, {"x": 250.0, "y": 188.0}, {"x": 235.0, "y": 188.0}]}, "description": " **"}, {"boundingPoly": {"vertices": [{"x": 119.0, "y": 230.0}, {"x": 154.0, "y": 230.0}, {"x": 154.0, "y": 240.0}, {"x": 119.0, "y": 240.0}]}, "description": "Trans"}, {"boundingPoly": {"vertices": [{"x": 118.0, "y": 243.0}, {"x": 155.0, "y": 243.0}, {"x": 155.0, "y": 254.0}, {"x": 118.0, "y": 254.0}]}, "description": " Entry"}, {"boundingPoly": {"vertices": [{"x": 113.0, "y": 423.0}, {"x": 130.0, "y": 423.0}, {"x": 130.0, "y": 434.0}, {"x": 114.0, "y": 434.0}]}, "description": "00"}, {"boundingPoly": {"vertices": [{"x": 159.0, "y": 423.0}, {"x": 277.0, "y": 423.0}, {"x": 277.0, "y": 437.0}, {"x": 159.0, "y": 437.0}]}, "description": " APPROVED - THANK"}, {"boundingPoly": {"vertices": [{"x": 281.0, "y": 423.0}, {"x": 305.0, "y": 423.0}, {"x": 305.0, "y": 438.0}, {"x": 281.0, "y": 438.0}]}, "description": " YOU"}, {"boundingPoly": {"vertices": [{"x": 324.0, "y": 424.0}, {"x": 350.0, "y": 424.0}, {"x": 350.0, "y": 437.0}, {"x": 324.0, "y": 437.0}]}, "description": "000"}, {"boundingPoly": {"vertices": [{"x": 112.0, "y": 490.0}, {"x": 171.0, "y": 490.0}, {"x": 171.0, "y": 504.0}, {"x": 112.0, "y": 504.0}]}, "description": "SUBTOTAL"}, {"boundingPoly": {"vertices": [{"x": 200.0, "y": 493.0}, {"x": 248.0, "y": 493.0}, {"x": 248.0, "y": 506.0}, {"x": 200.0, "y": 506.0}]}, "description": " : USDS"}, {"boundingPoly": {"vertices": [{"x": 113.0, "y": 516.0}, {"x": 182.0, "y": 517.0}, {"x": 182.0, "y": 531.0}, {"x": 113.0, "y": 529.0}]}, "description": "Gratuity"}, {"boundingPoly": {"vertices": [{"x": 113.0, "y": 544.0}, {"x": 150.0, "y": 544.0}, {"x": 150.0, "y": 558.0}, {"x": 112.0, "y": 558.0}]}, "description": "Total"}, {"boundingPoly": {"vertices": [{"x": 215.0, "y": 563.0}, {"x": 332.0, "y": 566.0}, {"x": 331.0, "y": 601.0}, {"x": 214.0, "y": 599.0}]}, "description": "35. 98"}, {"boundingPoly": {"vertices": [{"x": 192.0, "y": 604.0}, {"x": 262.0, "y": 607.0}, {"x": 262.0, "y": 620.0}, {"x": 191.0, "y": 617.0}]}, "description": "Signature"}, {"boundingPoly": {"vertices": [{"x": 169.0, "y": 618.0}, {"x": 319.0, "y": 618.0}, {"x": 319.0, "y": 637.0}, {"x": 169.0, "y": 637.0}]}, "description": " to pay total amount"}, {"boundingPoly": {"vertices": [{"x": 111.0, "y": 616.0}, {"x": 123.0, "y": 616.0}, {"x": 123.0, "y": 630.0}, {"x": 111.0, "y": 630.0}]}, "description": " I"}, {"boundingPoly": {"vertices": [{"x": 125.0, "y": 617.0}, {"x": 167.0, "y": 617.0}, {"x": 167.0, "y": 631.0}, {"x": 125.0, "y": 631.0}]}, "description": " Agree"}]}