{"textAnnotations": [{"boundingPoly": {"vertices": [{"x": 346.0, "y": 81.0}, {"x": 475.0, "y": 79.0}, {"x": 476.0, "y": 109.0}, {"x": 346.0, "y": 111.0}]}, "description": "merchant name"}, {"boundingPoly": {"vertices": [{"x": 248.0, "y": 117.0}, {"x": 568.0, "y": 114.0}, {"x": 569.0, "y": 142.0}, {"x": 248.0, "y": 144.0}]}, "description": "merchant address"}, {"boundingPoly": {"vertices": [{"x": 269.0, "y": 148.0}, {"x": 542.0, "y": 147.0}, {"x": 542.0, "y": 174.0}, {"x": 269.0, "y": 177.0}]}, "description": "merchant address"}, {"boundingPoly": {"vertices": [{"x": 332.0, "y": 179.0}, {"x": 485.0, "y": 180.0}, {"x": 485.0, "y": 209.0}, {"x": 332.0, "y": 208.0}]}, "description": "merchant phone"}, {"boundingPoly": {"vertices": [{"x": 282.0, "y": 247.0}, {"x": 447.0, "y": 247.0}, {"x": 447.0, "y": 297.0}, {"x": 282.0, "y": 297.0}]}, "description": " ORDER:"}, {"boundingPoly": {"vertices": [{"x": 351.0, "y": 302.0}, {"x": 476.0, "y": 304.0}, {"x": 475.0, "y": 360.0}, {"x": 350.0, "y": 358.0}]}, "description": "To Go"}, {"boundingPoly": {"vertices": [{"x": 294.0, "y": 366.0}, {"x": 454.0, "y": 366.0}, {"x": 454.0, "y": 398.0}, {"x": 294.0, "y": 398.0}]}, "description": " Jonathan I."}, {"boundingPoly": {"vertices": [{"x": 455.0, "y": 251.0}, {"x": 538.0, "y": 251.0}, {"x": 538.0, "y": 299.0}, {"x": 455.0, "y": 299.0}]}, "description": " Anu"}, {"boundingPoly": {"vertices": [{"x": 175.0, "y": 365.0}, {"x": 288.0, "y": 365.0}, {"x": 288.0, "y": 398.0}, {"x": 175.0, "y": 398.0}]}, "description": " Cashier:"}, {"boundingPoly": {"vertices": [{"x": 171.0, "y": 394.0}, {"x": 465.0, "y": 394.0}, {"x": 465.0, "y": 421.0}, {"x": 171.0, "y": 421.0}]}, "description": " 31-Oct-2019 9:44:55A"}, {"boundingPoly": {"vertices": [{"x": 165.0, "y": 431.0}, {"x": 457.0, "y": 428.0}, {"x": 457.0, "y": 455.0}, {"x": 165.0, "y": 457.0}]}, "description": "Transaction 5307328"}, {"boundingPoly": {"vertices": [{"x": 154.0, "y": 490.0}, {"x": 186.0, "y": 490.0}, {"x": 186.0, "y": 523.0}, {"x": 154.0, "y": 523.0}]}, "description": " 1"}, {"boundingPoly": {"vertices": [{"x": 193.0, "y": 491.0}, {"x": 398.0, "y": 491.0}, {"x": 398.0, "y": 524.0}, {"x": 193.0, "y": 524.0}]}, "description": " Egg Sandwich"}, {"boundingPoly": {"vertices": [{"x": 575.0, "y": 493.0}, {"x": 655.0, "y": 495.0}, {"x": 655.0, "y": 523.0}, {"x": 575.0, "y": 522.0}]}, "description": "$9.50"}, {"boundingPoly": {"vertices": [{"x": 441.0, "y": 529.0}, {"x": 656.0, "y": 528.0}, {"x": 656.0, "y": 562.0}, {"x": 441.0, "y": 563.0}]}, "description": "Everyday $0.00"}, {"boundingPoly": {"vertices": [{"x": 381.0, "y": 569.0}, {"x": 662.0, "y": 567.0}, {"x": 663.0, "y": 601.0}, {"x": 381.0, "y": 604.0}]}, "description": "Pizza Bianca $0.00"}, {"boundingPoly": {"vertices": [{"x": 158.0, "y": 701.0}, {"x": 293.0, "y": 700.0}, {"x": 293.0, "y": 733.0}, {"x": 158.0, "y": 734.0}]}, "description": "Subtotal"}, {"boundingPoly": {"vertices": [{"x": 161.0, "y": 745.0}, {"x": 218.0, "y": 743.0}, {"x": 218.0, "y": 775.0}, {"x": 161.0, "y": 776.0}]}, "description": "Tax"}, {"boundingPoly": {"vertices": [{"x": 577.0, "y": 695.0}, {"x": 662.0, "y": 694.0}, {"x": 662.0, "y": 727.0}, {"x": 576.0, "y": 728.0}]}, "description": "$9.50"}, {"boundingPoly": {"vertices": [{"x": 577.0, "y": 737.0}, {"x": 662.0, "y": 737.0}, {"x": 661.0, "y": 770.0}, {"x": 577.0, "y": 770.0}]}, "description": "$0.84"}, {"boundingPoly": {"vertices": [{"x": 174.0, "y": 825.0}, {"x": 249.0, "y": 824.0}, {"x": 249.0, "y": 854.0}, {"x": 175.0, "y": 854.0}]}, "description": "Total"}, {"boundingPoly": {"vertices": [{"x": 177.0, "y": 861.0}, {"x": 229.0, "y": 862.0}, {"x": 230.0, "y": 893.0}, {"x": 178.0, "y": 891.0}]}, "description": "Tip"}, {"boundingPoly": {"vertices": [{"x": 190.0, "y": 909.0}, {"x": 453.0, "y": 907.0}, {"x": 454.0, "y": 932.0}, {"x": 190.0, "y": 936.0}]}, "description": "CREDIT CARD SALE"}, {"boundingPoly": {"vertices": [{"x": 198.0, "y": 938.0}, {"x": 353.0, "y": 936.0}, {"x": 353.0, "y": 961.0}, {"x": 198.0, "y": 963.0}]}, "description": "AMEX 1000"}, {"boundingPoly": {"vertices": [{"x": 204.0, "y": 974.0}, {"x": 485.0, "y": 974.0}, {"x": 485.0, "y": 1003.0}, {"x": 204.0, "y": 1003.0}]}, "description": " 31-Dct-2019 9:45:54A"}, {"boundingPoly": {"vertices": [{"x": 197.0, "y": 1005.0}, {"x": 414.0, "y": 1005.0}, {"x": 414.0, "y": 1039.0}, {"x": 197.0, "y": 1039.0}]}, "description": " $11.37 | Method:"}, {"boundingPoly": {"vertices": [{"x": 190.0, "y": 1042.0}, {"x": 469.0, "y": 1044.0}, {"x": 468.0, "y": 1075.0}, {"x": 190.0, "y": 1073.0}]}, "description": "AMERICAN EXPRESS"}, {"boundingPoly": {"vertices": [{"x": 188.0, "y": 1081.0}, {"x": 479.0, "y": 1084.0}, {"x": 478.0, "y": 1117.0}, {"x": 187.0, "y": 1113.0}]}, "description": "XXXXXXXXXXXX1000"}, {"boundingPoly": {"vertices": [{"x": 181.0, "y": 1165.0}, {"x": 258.0, "y": 1165.0}, {"x": 258.0, "y": 1198.0}, {"x": 181.0, "y": 1198.0}]}, "description": " Ref #:"}, {"boundingPoly": {"vertices": [{"x": 180.0, "y": 1206.0}, {"x": 280.0, "y": 1206.0}, {"x": 280.0, "y": 1240.0}, {"x": 180.0, "y": 1240.0}]}, "description": " Auth #:"}, {"boundingPoly": {"vertices": [{"x": 177.0, "y": 1246.0}, {"x": 241.0, "y": 1246.0}, {"x": 241.0, "y": 1280.0}, {"x": 177.0, "y": 1280.0}]}, "description": " MID:"}, {"boundingPoly": {"vertices": [{"x": 178.0, "y": 1286.0}, {"x": 234.0, "y": 1286.0}, {"x": 234.0, "y": 1320.0}, {"x": 178.0, "y": 1320.0}]}, "description": " AID:"}, {"boundingPoly": {"vertices": [{"x": 180.0, "y": 1327.0}, {"x": 353.0, "y": 1327.0}, {"x": 353.0, "y": 1365.0}, {"x": 180.0, "y": 1365.0}]}, "description": " AthNtwkNm:"}, {"boundingPoly": {"vertices": [{"x": 178.0, "y": 1367.0}, {"x": 464.0, "y": 1376.0}, {"x": 463.0, "y": 1412.0}, {"x": 177.0, "y": 1401.0}]}, "description": "SIGNATURE VERIFIED"}, {"boundingPoly": {"vertices": [{"x": 560.0, "y": 816.0}, {"x": 663.0, "y": 816.0}, {"x": 663.0, "y": 847.0}, {"x": 560.0, "y": 847.0}]}, "description": "$10.34"}, {"boundingPoly": {"vertices": [{"x": 578.0, "y": 853.0}, {"x": 660.0, "y": 853.0}, {"x": 660.0, "y": 880.0}, {"x": 578.0, "y": 880.0}]}, "description": "$1.03"}, {"boundingPoly": {"vertices": [{"x": 566.0, "y": 902.0}, {"x": 659.0, "y": 901.0}, {"x": 660.0, "y": 928.0}, {"x": 567.0, "y": 930.0}]}, "description": "$11.37"}, {"boundingPoly": {"vertices": [{"x": 418.0, "y": 1011.0}, {"x": 485.0, "y": 1011.0}, {"x": 485.0, "y": 1039.0}, {"x": 418.0, "y": 1039.0}]}, "description": " EMV"}, {"boundingPoly": {"vertices": [{"x": 264.0, "y": 1165.0}, {"x": 473.0, "y": 1165.0}, {"x": 473.0, "y": 1200.0}, {"x": 264.0, "y": 1200.0}]}, "description": " 930400843070"}, {"boundingPoly": {"vertices": [{"x": 286.0, "y": 1206.0}, {"x": 397.0, "y": 1206.0}, {"x": 397.0, "y": 1240.0}, {"x": 286.0, "y": 1240.0}]}, "description": " 802846"}, {"boundingPoly": {"vertices": [{"x": 247.0, "y": 1246.0}, {"x": 438.0, "y": 1246.0}, {"x": 438.0, "y": 1281.0}, {"x": 247.0, "y": 1281.0}]}, "description": " ******** 1880"}, {"boundingPoly": {"vertices": [{"x": 240.0, "y": 1287.0}, {"x": 516.0, "y": 1287.0}, {"x": 516.0, "y": 1327.0}, {"x": 240.0, "y": 1327.0}]}, "description": " A000000025010801"}, {"boundingPoly": {"vertices": [{"x": 358.0, "y": 1331.0}, {"x": 444.0, "y": 1331.0}, {"x": 444.0, "y": 1367.0}, {"x": 358.0, "y": 1367.0}]}, "description": " AMEX"}, {"boundingPoly": {"vertices": [{"x": 220.0, "y": 1452.0}, {"x": 304.0, "y": 1452.0}, {"x": 304.0, "y": 1497.0}, {"x": 220.0, "y": 1497.0}]}, "description": " Online:"}, {"boundingPoly": {"vertices": [{"x": 284.0, "y": 1500.0}, {"x": 534.0, "y": 1516.0}, {"x": 532.0, "y": 1553.0}, {"x": 282.0, "y": 1536.0}]}, "description": "XZWVCJ303Y9EW"}, {"boundingPoly": {"vertices": [{"x": 311.0, "y": 1457.0}, {"x": 608.0, "y": 1457.0}, {"x": 608.0, "y": 1515.0}, {"x": 311.0, "y": 1515.0}]}, "description": " https://clover.com/p/"}]}