{"textAnnotations": [{"boundingPoly": {"vertices": [{"x": 134.0, "y": 27.0}, {"x": 142.0, "y": 27.0}, {"x": 142.0, "y": 54.0}, {"x": 134.0, "y": 54.0}]}, "description": " #"}, {"boundingPoly": {"vertices": [{"x": 147.0, "y": 27.0}, {"x": 183.0, "y": 27.0}, {"x": 183.0, "y": 58.0}, {"x": 147.0, "y": 58.0}]}, "description": " 46"}, {"boundingPoly": {"vertices": [{"x": 241.0, "y": 34.0}, {"x": 325.0, "y": 34.0}, {"x": 325.0, "y": 63.0}, {"x": 241.0, "y": 63.0}]}, "description": " KB/S LTEO"}, {"boundingPoly": {"vertices": [{"x": 47.0, "y": 31.0}, {"x": 201.0, "y": 31.0}, {"x": 201.0, "y": 64.0}, {"x": 47.0, "y": 64.0}]}, "description": " 13:23 il"}, {"boundingPoly": {"vertices": [{"x": 380.0, "y": 38.0}, {"x": 410.0, "y": 39.0}, {"x": 409.0, "y": 52.0}, {"x": 380.0, "y": 51.0}]}, "description": "BOX"}, {"boundingPoly": {"vertices": [{"x": 986.0, "y": 37.0}, {"x": 1014.0, "y": 38.0}, {"x": 1013.0, "y": 56.0}, {"x": 985.0, "y": 55.0}]}, "description": "94"}, {"boundingPoly": {"vertices": [{"x": 133.0, "y": 126.0}, {"x": 419.0, "y": 126.0}, {"x": 419.0, "y": 161.0}, {"x": 133.0, "y": 161.0}]}, "description": "ORDER DETAILS"}, {"boundingPoly": {"vertices": [{"x": 974.0, "y": 129.0}, {"x": 1041.0, "y": 128.0}, {"x": 1039.0, "y": 155.0}, {"x": 974.0, "y": 155.0}]}, "description": "HELP"}, {"boundingPoly": {"vertices": [{"x": 28.0, "y": 254.0}, {"x": 308.0, "y": 254.0}, {"x": 309.0, "y": 288.0}, {"x": 28.0, "y": 289.0}]}, "description": "Order #FCCOFS"}, {"boundingPoly": {"vertices": [{"x": 29.0, "y": 320.0}, {"x": 640.0, "y": 320.0}, {"x": 640.0, "y": 355.0}, {"x": 29.0, "y": 355.0}]}, "description": " DELIVERED on 26 Nov, 2019 @ 09:23 PM"}, {"boundingPoly": {"vertices": [{"x": 131.0, "y": 451.0}, {"x": 226.0, "y": 451.0}, {"x": 226.0, "y": 485.0}, {"x": 131.0, "y": 485.0}]}, "description": " Work"}, {"boundingPoly": {"vertices": [{"x": 131.0, "y": 495.0}, {"x": 467.0, "y": 495.0}, {"x": 467.0, "y": 528.0}, {"x": 131.0, "y": 527.0}]}, "description": "Phase 2 Mwtro Station"}, {"boundingPoly": {"vertices": [{"x": 131.0, "y": 536.0}, {"x": 1051.0, "y": 536.0}, {"x": 1051.0, "y": 573.0}, {"x": 131.0, "y": 573.0}]}, "description": "Building Number 5, Gali Number 1, DLF Cyber City, DLF Phase"}, {"boundingPoly": {"vertices": [{"x": 127.0, "y": 581.0}, {"x": 828.0, "y": 581.0}, {"x": 828.0, "y": 616.0}, {"x": 127.0, "y": 616.0}]}, "description": "2, Sector 24, Gurugram, Haryana 122002, India"}, {"boundingPoly": {"vertices": [{"x": 248.0, "y": 451.0}, {"x": 280.0, "y": 451.0}, {"x": 280.0, "y": 486.0}, {"x": 248.0, "y": 486.0}]}, "description": " |"}, {"boundingPoly": {"vertices": [{"x": 294.0, "y": 451.0}, {"x": 694.0, "y": 451.0}, {"x": 694.0, "y": 486.0}, {"x": 294.0, "y": 486.0}]}, "description": " Epitome Tower ... Tower c"}, {"boundingPoly": {"vertices": [{"x": 41.0, "y": 701.0}, {"x": 271.0, "y": 701.0}, {"x": 271.0, "y": 734.0}, {"x": 41.0, "y": 734.0}]}, "description": "ITEM DETAILS"}, {"boundingPoly": {"vertices": [{"x": 39.0, "y": 775.0}, {"x": 496.0, "y": 774.0}, {"x": 497.0, "y": 813.0}, {"x": 39.0, "y": 815.0}]}, "description": "Spicy Paneer Meal - [ALLIN1]"}, {"boundingPoly": {"vertices": [{"x": 41.0, "y": 820.0}, {"x": 744.0, "y": 820.0}, {"x": 744.0, "y": 852.0}, {"x": 41.0, "y": 851.0}]}, "description": "Chocolate Brownie (EGG), Rajma, Paratha + Rice [Half]"}, {"boundingPoly": {"vertices": [{"x": 797.0, "y": 776.0}, {"x": 830.0, "y": 776.0}, {"x": 830.0, "y": 811.0}, {"x": 797.0, "y": 811.0}]}, "description": " X"}, {"boundingPoly": {"vertices": [{"x": 837.0, "y": 776.0}, {"x": 879.0, "y": 776.0}, {"x": 879.0, "y": 811.0}, {"x": 837.0, "y": 811.0}]}, "description": " 12"}, {"boundingPoly": {"vertices": [{"x": 935.0, "y": 776.0}, {"x": 1042.0, "y": 777.0}, {"x": 1041.0, "y": 808.0}, {"x": 934.0, "y": 808.0}]}, "description": "\u4e4f 2796"}, {"boundingPoly": {"vertices": [{"x": 42.0, "y": 912.0}, {"x": 178.0, "y": 913.0}, {"x": 178.0, "y": 944.0}, {"x": 41.0, "y": 943.0}]}, "description": "12 Items"}, {"boundingPoly": {"vertices": [{"x": 756.0, "y": 912.0}, {"x": 1042.0, "y": 911.0}, {"x": 1042.0, "y": 942.0}, {"x": 756.0, "y": 942.0}]}, "description": "SUB TOTAL \u20b9 2796"}, {"boundingPoly": {"vertices": [{"x": 41.0, "y": 1005.0}, {"x": 386.0, "y": 1005.0}, {"x": 386.0, "y": 1040.0}, {"x": 41.0, "y": 1039.0}]}, "description": "DISCOUNT (PRO8PASS)"}, {"boundingPoly": {"vertices": [{"x": 932.0, "y": 1005.0}, {"x": 1042.0, "y": 1006.0}, {"x": 1042.0, "y": 1037.0}, {"x": 932.0, "y": 1036.0}]}, "description": "\u20b9 300.0"}, {"boundingPoly": {"vertices": [{"x": 40.0, "y": 1088.0}, {"x": 224.0, "y": 1088.0}, {"x": 224.0, "y": 1120.0}, {"x": 40.0, "y": 1121.0}]}, "description": "CGST@2.5%"}, {"boundingPoly": {"vertices": [{"x": 931.0, "y": 1087.0}, {"x": 1040.0, "y": 1088.0}, {"x": 1040.0, "y": 1119.0}, {"x": 931.0, "y": 1118.0}]}, "description": "\u20b9 62.65"}, {"boundingPoly": {"vertices": [{"x": 41.0, "y": 1172.0}, {"x": 354.0, "y": 1171.0}, {"x": 354.0, "y": 1202.0}, {"x": 41.0, "y": 1203.0}]}, "description": "PACKAGING CHARGE"}, {"boundingPoly": {"vertices": [{"x": 948.0, "y": 1172.0}, {"x": 1039.0, "y": 1172.0}, {"x": 1039.0, "y": 1201.0}, {"x": 948.0, "y": 1201.0}]}, "description": "\u4e4f 10.0"}, {"boundingPoly": {"vertices": [{"x": 39.0, "y": 1255.0}, {"x": 220.0, "y": 1254.0}, {"x": 220.0, "y": 1287.0}, {"x": 39.0, "y": 1287.0}]}, "description": "SGST@2.5%"}, {"boundingPoly": {"vertices": [{"x": 930.0, "y": 1253.0}, {"x": 1040.0, "y": 1255.0}, {"x": 1040.0, "y": 1286.0}, {"x": 929.0, "y": 1284.0}]}, "description": "\u4e4f 62.65"}, {"boundingPoly": {"vertices": [{"x": 39.0, "y": 1349.0}, {"x": 146.0, "y": 1350.0}, {"x": 146.0, "y": 1382.0}, {"x": 39.0, "y": 1380.0}]}, "description": "TOTAL"}, {"boundingPoly": {"vertices": [{"x": 933.0, "y": 1350.0}, {"x": 1037.0, "y": 1350.0}, {"x": 1037.0, "y": 1382.0}, {"x": 933.0, "y": 1382.0}]}, "description": "\u20b9 2631"}, {"boundingPoly": {"vertices": [{"x": 28.0, "y": 1479.0}, {"x": 165.0, "y": 1479.0}, {"x": 165.0, "y": 1513.0}, {"x": 28.0, "y": 1513.0}]}, "description": " Paid Via"}, {"boundingPoly": {"vertices": [{"x": 181.0, "y": 1479.0}, {"x": 276.0, "y": 1479.0}, {"x": 276.0, "y": 1515.0}, {"x": 181.0, "y": 1515.0}]}, "description": " Paytm"}, {"boundingPoly": {"vertices": [{"x": 917.0, "y": 1467.0}, {"x": 1053.0, "y": 1467.0}, {"x": 1053.0, "y": 1498.0}, {"x": 917.0, "y": 1499.0}]}, "description": "INVOICE"}, {"boundingPoly": {"vertices": [{"x": 360.0, "y": 1719.0}, {"x": 390.0, "y": 1719.0}, {"x": 390.0, "y": 1733.0}, {"x": 361.0, "y": 1733.0}]}, "description": "\u20b9200"}, {"boundingPoly": {"vertices": [{"x": 519.0, "y": 1766.0}, {"x": 978.0, "y": 1768.0}, {"x": 978.0, "y": 1831.0}, {"x": 519.0, "y": 1829.0}]}, "description": "Refer & Earn"}, {"boundingPoly": {"vertices": [{"x": 574.0, "y": 1837.0}, {"x": 925.0, "y": 1837.0}, {"x": 925.0, "y": 1863.0}, {"x": 574.0, "y": 1863.0}]}, "description": "From each friend's 1st order."}, {"boundingPoly": {"vertices": [{"x": 120.0, "y": 1804.0}, {"x": 207.0, "y": 1793.0}, {"x": 212.0, "y": 1828.0}, {"x": 124.0, "y": 1837.0}]}, "description": "BOX 8"}, {"boundingPoly": {"vertices": [{"x": 431.0, "y": 1813.0}, {"x": 454.0, "y": 1811.0}, {"x": 454.0, "y": 1823.0}, {"x": 431.0, "y": 1824.0}]}, "description": "200"}, {"boundingPoly": {"vertices": [{"x": 539.0, "y": 1890.0}, {"x": 663.0, "y": 1891.0}, {"x": 662.0, "y": 1921.0}, {"x": 539.0, "y": 1919.0}]}, "description": "You Get"}, {"boundingPoly": {"vertices": [{"x": 530.0, "y": 1933.0}, {"x": 673.0, "y": 1933.0}, {"x": 673.0, "y": 1989.0}, {"x": 530.0, "y": 1989.0}]}, "description": "200"}, {"boundingPoly": {"vertices": [{"x": 544.0, "y": 1991.0}, {"x": 670.0, "y": 1991.0}, {"x": 670.0, "y": 2011.0}, {"x": 544.0, "y": 2012.0}]}, "description": "BOX8 MONEY"}, {"boundingPoly": {"vertices": [{"x": 755.0, "y": 1890.0}, {"x": 1013.0, "y": 1890.0}, {"x": 1013.0, "y": 1920.0}, {"x": 755.0, "y": 1920.0}]}, "description": "Your Friend Gets"}, {"boundingPoly": {"vertices": [{"x": 822.0, "y": 1928.0}, {"x": 947.0, "y": 1929.0}, {"x": 947.0, "y": 1954.0}, {"x": 821.0, "y": 1953.0}]}, "description": "\u20b9150 OFF"}, {"boundingPoly": {"vertices": [{"x": 877.0, "y": 1957.0}, {"x": 904.0, "y": 1957.0}, {"x": 903.0, "y": 1974.0}, {"x": 876.0, "y": 1974.0}]}, "description": "+"}, {"boundingPoly": {"vertices": [{"x": 800.0, "y": 1972.0}, {"x": 969.0, "y": 1976.0}, {"x": 968.0, "y": 1999.0}, {"x": 799.0, "y": 1996.0}]}, "description": "\u20b9 150 BOX8MONEY"}, {"boundingPoly": {"vertices": [{"x": 897.0, "y": 2005.0}, {"x": 954.0, "y": 2005.0}, {"x": 954.0, "y": 2025.0}, {"x": 897.0, "y": 2025.0}]}, "description": " : \u20b9 300"}, {"boundingPoly": {"vertices": [{"x": 446.0, "y": 1927.0}, {"x": 467.0, "y": 1927.0}, {"x": 467.0, "y": 1942.0}, {"x": 446.0, "y": 1942.0}]}, "description": " :200"}, {"boundingPoly": {"vertices": [{"x": 814.0, "y": 2006.0}, {"x": 894.0, "y": 2006.0}, {"x": 894.0, "y": 2025.0}, {"x": 814.0, "y": 2025.0}]}, "description": " Min order"}, {"boundingPoly": {"vertices": [{"x": 413.0, "y": 2045.0}, {"x": 429.0, "y": 2042.0}, {"x": 430.0, "y": 2056.0}, {"x": 414.0, "y": 2059.0}]}, "description": "200"}, {"boundingPoly": {"vertices": [{"x": 336.0, "y": 2151.0}, {"x": 334.0, "y": 2195.0}, {"x": 317.0, "y": 2195.0}, {"x": 320.0, "y": 2150.0}]}, "description": "EEE"}, {"boundingPoly": {"vertices": [{"x": 996.0, "y": 2160.0}, {"x": 1011.0, "y": 2160.0}, {"x": 1011.0, "y": 2195.0}, {"x": 996.0, "y": 2195.0}]}, "description": " .:::::::::"}, {"boundingPoly": {"vertices": [{"x": 454.0, "y": 2263.0}, {"x": 627.0, "y": 2262.0}, {"x": 627.0, "y": 2296.0}, {"x": 454.0, "y": 2297.0}]}, "description": "REORDER"}]}