{"textAnnotations": [{"boundingPoly": {"vertices": [{"x": 121.0, "y": 40.0}, {"x": 268.0, "y": 41.0}, {"x": 268.0, "y": 80.0}, {"x": 121.0, "y": 79.0}]}, "description": "hunch"}, {"boundingPoly": {"vertices": [{"x": 118.0, "y": 89.0}, {"x": 322.0, "y": 91.0}, {"x": 322.0, "y": 110.0}, {"x": 118.0, "y": 106.0}]}, "description": "Thank You For Visiting the"}, {"boundingPoly": {"vertices": [{"x": 147.0, "y": 107.0}, {"x": 299.0, "y": 110.0}, {"x": 298.0, "y": 128.0}, {"x": 147.0, "y": 124.0}]}, "description": "merchant name"}, {"boundingPoly": {"vertices": [{"x": 145.0, "y": 127.0}, {"x": 299.0, "y": 130.0}, {"x": 299.0, "y": 148.0}, {"x": 145.0, "y": 144.0}]}, "description": "merchant address"}, {"boundingPoly": {"vertices": [{"x": 162.0, "y": 146.0}, {"x": 277.0, "y": 149.0}, {"x": 277.0, "y": 166.0}, {"x": 161.0, "y": 163.0}]}, "description": "merchant address"}, {"boundingPoly": {"vertices": [{"x": 58.0, "y": 204.0}, {"x": 187.0, "y": 206.0}, {"x": 187.0, "y": 223.0}, {"x": 58.0, "y": 221.0}]}, "description": "Culinary Theater"}, {"boundingPoly": {"vertices": [{"x": 356.0, "y": 192.0}, {"x": 383.0, "y": 193.0}, {"x": 383.0, "y": 208.0}, {"x": 357.0, "y": 208.0}]}, "description": "CAD"}, {"boundingPoly": {"vertices": [{"x": 349.0, "y": 212.0}, {"x": 384.0, "y": 212.0}, {"x": 383.0, "y": 228.0}, {"x": 350.0, "y": 228.0}]}, "description": "7.25"}, {"boundingPoly": {"vertices": [{"x": 239.0, "y": 288.0}, {"x": 312.0, "y": 290.0}, {"x": 311.0, "y": 306.0}, {"x": 239.0, "y": 305.0}]}, "description": "Sub Total"}, {"boundingPoly": {"vertices": [{"x": 239.0, "y": 309.0}, {"x": 323.0, "y": 310.0}, {"x": 323.0, "y": 327.0}, {"x": 239.0, "y": 325.0}]}, "description": "Tax Amount"}, {"boundingPoly": {"vertices": [{"x": 349.0, "y": 291.0}, {"x": 383.0, "y": 291.0}, {"x": 383.0, "y": 308.0}, {"x": 349.0, "y": 307.0}]}, "description": "7.25"}, {"boundingPoly": {"vertices": [{"x": 349.0, "y": 311.0}, {"x": 383.0, "y": 311.0}, {"x": 382.0, "y": 327.0}, {"x": 349.0, "y": 327.0}]}, "description": "0.94"}, {"boundingPoly": {"vertices": [{"x": 47.0, "y": 368.0}, {"x": 193.0, "y": 368.0}, {"x": 193.0, "y": 397.0}, {"x": 47.0, "y": 397.0}]}, "description": "Total CAD"}, {"boundingPoly": {"vertices": [{"x": 317.0, "y": 372.0}, {"x": 382.0, "y": 372.0}, {"x": 382.0, "y": 400.0}, {"x": 317.0, "y": 400.0}]}, "description": "8.19"}, {"boundingPoly": {"vertices": [{"x": 48.0, "y": 460.0}, {"x": 178.0, "y": 460.0}, {"x": 178.0, "y": 477.0}, {"x": 48.0, "y": 478.0}]}, "description": "5000 Credit Card"}, {"boundingPoly": {"vertices": [{"x": 348.0, "y": 461.0}, {"x": 382.0, "y": 461.0}, {"x": 382.0, "y": 477.0}, {"x": 348.0, "y": 477.0}]}, "description": "8.19"}, {"boundingPoly": {"vertices": [{"x": 48.0, "y": 522.0}, {"x": 379.0, "y": 522.0}, {"x": 379.0, "y": 540.0}, {"x": 48.0, "y": 540.0}]}, "description": " 10/25/2019 12:48 PM #:15222 Op:5024 C:121"}, {"boundingPoly": {"vertices": [{"x": 48.0, "y": 543.0}, {"x": 127.0, "y": 543.0}, {"x": 127.0, "y": 561.0}, {"x": 48.0, "y": 561.0}]}, "description": " 101 S:1211"}, {"boundingPoly": {"vertices": [{"x": 46.0, "y": 565.0}, {"x": 130.0, "y": 565.0}, {"x": 130.0, "y": 582.0}, {"x": 46.0, "y": 582.0}]}, "description": " Served you"}, {"boundingPoly": {"vertices": [{"x": 134.0, "y": 564.0}, {"x": 225.0, "y": 564.0}, {"x": 225.0, "y": 582.0}, {"x": 134.0, "y": 582.0}]}, "description": " : Kathy Sun"}, {"boundingPoly": {"vertices": [{"x": 49.0, "y": 605.0}, {"x": 217.0, "y": 605.0}, {"x": 217.0, "y": 622.0}, {"x": 49.0, "y": 622.0}]}, "description": "Global Rewards Points"}, {"boundingPoly": {"vertices": [{"x": 48.0, "y": 625.0}, {"x": 190.0, "y": 625.0}, {"x": 190.0, "y": 643.0}, {"x": 48.0, "y": 643.0}]}, "description": " Previous Balance:"}, {"boundingPoly": {"vertices": [{"x": 47.0, "y": 646.0}, {"x": 157.0, "y": 646.0}, {"x": 157.0, "y": 664.0}, {"x": 47.0, "y": 664.0}]}, "description": " Accrued (new):"}, {"boundingPoly": {"vertices": [{"x": 45.0, "y": 666.0}, {"x": 161.0, "y": 666.0}, {"x": 161.0, "y": 685.0}, {"x": 45.0, "y": 685.0}]}, "description": " Redeemed (used)"}, {"boundingPoly": {"vertices": [{"x": 42.0, "y": 688.0}, {"x": 141.0, "y": 688.0}, {"x": 141.0, "y": 706.0}, {"x": 42.0, "y": 706.0}]}, "description": " New Balance:"}, {"boundingPoly": {"vertices": [{"x": 198.0, "y": 626.0}, {"x": 224.0, "y": 626.0}, {"x": 224.0, "y": 643.0}, {"x": 198.0, "y": 643.0}]}, "description": " 262"}, {"boundingPoly": {"vertices": [{"x": 197.0, "y": 647.0}, {"x": 213.0, "y": 647.0}, {"x": 212.0, "y": 662.0}, {"x": 197.0, "y": 662.0}]}, "description": "21"}, {"boundingPoly": {"vertices": [{"x": 206.0, "y": 668.0}, {"x": 206.0, "y": 682.0}, {"x": 197.0, "y": 682.0}, {"x": 198.0, "y": 667.0}]}, "description": "O"}, {"boundingPoly": {"vertices": [{"x": 196.0, "y": 688.0}, {"x": 223.0, "y": 687.0}, {"x": 224.0, "y": 703.0}, {"x": 196.0, "y": 704.0}]}, "description": "283"}, {"boundingPoly": {"vertices": [{"x": 164.0, "y": 668.0}, {"x": 174.0, "y": 668.0}, {"x": 174.0, "y": 685.0}, {"x": 164.0, "y": 685.0}]}, "description": " :"}, {"boundingPoly": {"vertices": [{"x": 121.0, "y": 729.0}, {"x": 301.0, "y": 725.0}, {"x": 302.0, "y": 743.0}, {"x": 121.0, "y": 747.0}]}, "description": "GST# 88778 3355 RT0001"}]}