{"textAnnotations": [{"boundingPoly": {"vertices": [{"x": 68.0, "y": 107.0}, {"x": 274.0, "y": 108.0}, {"x": 273.0, "y": 127.0}, {"x": 68.0, "y": 125.0}]}, "description": "merchant name"}, {"boundingPoly": {"vertices": [{"x": 66.0, "y": 129.0}, {"x": 136.0, "y": 129.0}, {"x": 136.0, "y": 148.0}, {"x": 66.0, "y": 148.0}]}, "description": " GST NO:"}, {"boundingPoly": {"vertices": [{"x": 140.0, "y": 129.0}, {"x": 279.0, "y": 129.0}, {"x": 279.0, "y": 148.0}, {"x": 140.0, "y": 148.0}]}, "description": " 06AADCC9070A1Z1"}, {"boundingPoly": {"vertices": [{"x": 147.0, "y": 151.0}, {"x": 234.0, "y": 150.0}, {"x": 234.0, "y": 168.0}, {"x": 147.0, "y": 169.0}]}, "description": "KOT - 383"}, {"boundingPoly": {"vertices": [{"x": 62.0, "y": 222.0}, {"x": 133.0, "y": 222.0}, {"x": 133.0, "y": 241.0}, {"x": 62.0, "y": 241.0}]}, "description": " Invoice"}, {"boundingPoly": {"vertices": [{"x": 58.0, "y": 268.0}, {"x": 165.0, "y": 268.0}, {"x": 165.0, "y": 289.0}, {"x": 58.0, "y": 289.0}]}, "description": " Order Time:"}, {"boundingPoly": {"vertices": [{"x": 57.0, "y": 292.0}, {"x": 172.0, "y": 292.0}, {"x": 172.0, "y": 312.0}, {"x": 57.0, "y": 312.0}]}, "description": " Order Status:"}, {"boundingPoly": {"vertices": [{"x": 55.0, "y": 319.0}, {"x": 185.0, "y": 318.0}, {"x": 185.0, "y": 337.0}, {"x": 56.0, "y": 339.0}]}, "description": "Veg Salad Bowl"}, {"boundingPoly": {"vertices": [{"x": 142.0, "y": 221.0}, {"x": 249.0, "y": 221.0}, {"x": 249.0, "y": 241.0}, {"x": 142.0, "y": 241.0}]}, "description": " #FOOQWG7194"}, {"boundingPoly": {"vertices": [{"x": 59.0, "y": 246.0}, {"x": 109.0, "y": 246.0}, {"x": 109.0, "y": 266.0}, {"x": 59.0, "y": 266.0}]}, "description": " Name:"}, {"boundingPoly": {"vertices": [{"x": 169.0, "y": 268.0}, {"x": 319.0, "y": 268.0}, {"x": 319.0, "y": 288.0}, {"x": 169.0, "y": 288.0}]}, "description": " 20:09 05-09-2019"}, {"boundingPoly": {"vertices": [{"x": 175.0, "y": 292.0}, {"x": 263.0, "y": 292.0}, {"x": 263.0, "y": 311.0}, {"x": 175.0, "y": 311.0}]}, "description": " delivered"}, {"boundingPoly": {"vertices": [{"x": 257.0, "y": 318.0}, {"x": 271.0, "y": 318.0}, {"x": 271.0, "y": 337.0}, {"x": 257.0, "y": 337.0}]}, "description": " 1"}, {"boundingPoly": {"vertices": [{"x": 274.0, "y": 318.0}, {"x": 339.0, "y": 318.0}, {"x": 339.0, "y": 337.0}, {"x": 274.0, "y": 337.0}]}, "description": " \u00d7 85. 71"}, {"boundingPoly": {"vertices": [{"x": 55.0, "y": 365.0}, {"x": 183.0, "y": 363.0}, {"x": 183.0, "y": 382.0}, {"x": 55.0, "y": 384.0}]}, "description": "Veg Grain Bowl"}, {"boundingPoly": {"vertices": [{"x": 253.0, "y": 362.0}, {"x": 338.0, "y": 362.0}, {"x": 338.0, "y": 381.0}, {"x": 253.0, "y": 381.0}]}, "description": "3 \u00d7 85.72"}, {"boundingPoly": {"vertices": [{"x": 129.0, "y": 430.0}, {"x": 241.0, "y": 430.0}, {"x": 241.0, "y": 454.0}, {"x": 129.0, "y": 454.0}]}, "description": " CGST @ 2.50%"}, {"boundingPoly": {"vertices": [{"x": 130.0, "y": 456.0}, {"x": 242.0, "y": 456.0}, {"x": 242.0, "y": 476.0}, {"x": 130.0, "y": 476.0}]}, "description": " SGST @ 2.50%"}, {"boundingPoly": {"vertices": [{"x": 246.0, "y": 430.0}, {"x": 260.0, "y": 430.0}, {"x": 260.0, "y": 454.0}, {"x": 246.0, "y": 454.0}]}, "description": " ="}, {"boundingPoly": {"vertices": [{"x": 245.0, "y": 456.0}, {"x": 260.0, "y": 456.0}, {"x": 260.0, "y": 475.0}, {"x": 245.0, "y": 475.0}]}, "description": " ="}, {"boundingPoly": {"vertices": [{"x": 264.0, "y": 430.0}, {"x": 306.0, "y": 430.0}, {"x": 306.0, "y": 454.0}, {"x": 264.0, "y": 454.0}]}, "description": " 8.57"}, {"boundingPoly": {"vertices": [{"x": 263.0, "y": 456.0}, {"x": 305.0, "y": 456.0}, {"x": 305.0, "y": 475.0}, {"x": 263.0, "y": 475.0}]}, "description": " 8.57"}, {"boundingPoly": {"vertices": [{"x": 152.0, "y": 526.0}, {"x": 201.0, "y": 526.0}, {"x": 201.0, "y": 545.0}, {"x": 152.0, "y": 545.0}]}, "description": " Total"}, {"boundingPoly": {"vertices": [{"x": 204.0, "y": 526.0}, {"x": 219.0, "y": 526.0}, {"x": 219.0, "y": 545.0}, {"x": 204.0, "y": 545.0}]}, "description": " ="}, {"boundingPoly": {"vertices": [{"x": 222.0, "y": 525.0}, {"x": 273.0, "y": 525.0}, {"x": 273.0, "y": 546.0}, {"x": 222.0, "y": 546.0}]}, "description": " 360. 0"}, {"boundingPoly": {"vertices": [{"x": 93.0, "y": 572.0}, {"x": 274.0, "y": 572.0}, {"x": 274.0, "y": 592.0}, {"x": 93.0, "y": 592.0}]}, "description": " 20:10:50 05-09-2019-"}, {"boundingPoly": {"vertices": [{"x": 151.0, "y": 618.0}, {"x": 211.0, "y": 619.0}, {"x": 210.0, "y": 640.0}, {"x": 151.0, "y": 639.0}]}, "description": "1.0.57"}]}