{"textAnnotations": [{"boundingPoly": {"vertices": [{"x": 179.0, "y": 141.0}, {"x": 342.0, "y": 141.0}, {"x": 342.0, "y": 168.0}, {"x": 179.0, "y": 167.0}]}, "description": "merchant name"}, {"boundingPoly": {"vertices": [{"x": 168.0, "y": 173.0}, {"x": 370.0, "y": 172.0}, {"x": 370.0, "y": 201.0}, {"x": 168.0, "y": 202.0}]}, "description": "merchant address"}, {"boundingPoly": {"vertices": [{"x": 168.0, "y": 206.0}, {"x": 355.0, "y": 205.0}, {"x": 355.0, "y": 233.0}, {"x": 168.0, "y": 234.0}]}, "description": "merchant address"}, {"boundingPoly": {"vertices": [{"x": 217.0, "y": 238.0}, {"x": 319.0, "y": 238.0}, {"x": 319.0, "y": 266.0}, {"x": 217.0, "y": 266.0}]}, "description": "merchant address"}, {"boundingPoly": {"vertices": [{"x": 217.0, "y": 270.0}, {"x": 308.0, "y": 270.0}, {"x": 308.0, "y": 297.0}, {"x": 217.0, "y": 298.0}]}, "description": "BN1 3XP"}, {"boundingPoly": {"vertices": [{"x": 24.0, "y": 335.0}, {"x": 430.0, "y": 335.0}, {"x": 430.0, "y": 366.0}, {"x": 24.0, "y": 366.0}]}, "description": " 12/08/2019 19:44:51 05962500471"}, {"boundingPoly": {"vertices": [{"x": 22.0, "y": 369.0}, {"x": 136.0, "y": 369.0}, {"x": 136.0, "y": 397.0}, {"x": 22.0, "y": 397.0}]}, "description": "Halima Be"}, {"boundingPoly": {"vertices": [{"x": 22.0, "y": 402.0}, {"x": 65.0, "y": 402.0}, {"x": 65.0, "y": 429.0}, {"x": 22.0, "y": 429.0}]}, "description": " POS"}, {"boundingPoly": {"vertices": [{"x": 70.0, "y": 402.0}, {"x": 223.0, "y": 402.0}, {"x": 223.0, "y": 429.0}, {"x": 70.0, "y": 429.0}]}, "description": " : 3 - Till 3"}, {"boundingPoly": {"vertices": [{"x": 94.0, "y": 466.0}, {"x": 211.0, "y": 466.0}, {"x": 211.0, "y": 491.0}, {"x": 94.0, "y": 492.0}]}, "description": "TAKE AWAY"}, {"boundingPoly": {"vertices": [{"x": 95.0, "y": 499.0}, {"x": 258.0, "y": 498.0}, {"x": 259.0, "y": 524.0}, {"x": 95.0, "y": 525.0}]}, "description": "BEST EVER BLT"}, {"boundingPoly": {"vertices": [{"x": 94.0, "y": 531.0}, {"x": 357.0, "y": 529.0}, {"x": 357.0, "y": 557.0}, {"x": 94.0, "y": 559.0}]}, "description": "SOUP VEGETABLE TAGINE"}, {"boundingPoly": {"vertices": [{"x": 449.0, "y": 498.0}, {"x": 503.0, "y": 497.0}, {"x": 503.0, "y": 523.0}, {"x": 449.0, "y": 524.0}]}, "description": "3.45"}, {"boundingPoly": {"vertices": [{"x": 450.0, "y": 531.0}, {"x": 528.0, "y": 529.0}, {"x": 529.0, "y": 554.0}, {"x": 450.0, "y": 556.0}]}, "description": "3.79 *"}, {"boundingPoly": {"vertices": [{"x": 100.0, "y": 596.0}, {"x": 331.0, "y": 595.0}, {"x": 332.0, "y": 621.0}, {"x": 100.0, "y": 622.0}]}, "description": "INCLUSIVE TOTAL DUE"}, {"boundingPoly": {"vertices": [{"x": 450.0, "y": 592.0}, {"x": 507.0, "y": 593.0}, {"x": 506.0, "y": 621.0}, {"x": 450.0, "y": 621.0}]}, "description": "7.24"}, {"boundingPoly": {"vertices": [{"x": 101.0, "y": 661.0}, {"x": 152.0, "y": 660.0}, {"x": 152.0, "y": 684.0}, {"x": 101.0, "y": 685.0}]}, "description": "AMEX"}, {"boundingPoly": {"vertices": [{"x": 451.0, "y": 657.0}, {"x": 503.0, "y": 658.0}, {"x": 502.0, "y": 683.0}, {"x": 450.0, "y": 683.0}]}, "description": "7.24"}, {"boundingPoly": {"vertices": [{"x": 102.0, "y": 722.0}, {"x": 260.0, "y": 722.0}, {"x": 260.0, "y": 748.0}, {"x": 102.0, "y": 748.0}]}, "description": "VAT BREAKDOWN"}, {"boundingPoly": {"vertices": [{"x": 269.0, "y": 754.0}, {"x": 306.0, "y": 754.0}, {"x": 306.0, "y": 780.0}, {"x": 269.0, "y": 780.0}]}, "description": "NET"}, {"boundingPoly": {"vertices": [{"x": 256.0, "y": 784.0}, {"x": 309.0, "y": 784.0}, {"x": 309.0, "y": 811.0}, {"x": 256.0, "y": 812.0}]}, "description": "3.16"}, {"boundingPoly": {"vertices": [{"x": 368.0, "y": 753.0}, {"x": 416.0, "y": 754.0}, {"x": 416.0, "y": 779.0}, {"x": 368.0, "y": 778.0}]}, "description": "TAX"}, {"boundingPoly": {"vertices": [{"x": 353.0, "y": 786.0}, {"x": 404.0, "y": 786.0}, {"x": 404.0, "y": 811.0}, {"x": 353.0, "y": 810.0}]}, "description": "0.63"}, {"boundingPoly": {"vertices": [{"x": 436.0, "y": 753.0}, {"x": 503.0, "y": 752.0}, {"x": 504.0, "y": 780.0}, {"x": 436.0, "y": 780.0}]}, "description": "Gross"}, {"boundingPoly": {"vertices": [{"x": 449.0, "y": 786.0}, {"x": 529.0, "y": 786.0}, {"x": 529.0, "y": 810.0}, {"x": 449.0, "y": 811.0}]}, "description": "3.79 *"}, {"boundingPoly": {"vertices": [{"x": 99.0, "y": 786.0}, {"x": 164.0, "y": 786.0}, {"x": 164.0, "y": 812.0}, {"x": 100.0, "y": 813.0}]}, "description": "20.00"}, {"boundingPoly": {"vertices": [{"x": 207.0, "y": 849.0}, {"x": 345.0, "y": 849.0}, {"x": 345.0, "y": 875.0}, {"x": 207.0, "y": 874.0}]}, "description": "01273738992"}, {"boundingPoly": {"vertices": [{"x": 170.0, "y": 881.0}, {"x": 382.0, "y": 881.0}, {"x": 382.0, "y": 908.0}, {"x": 170.0, "y": 907.0}]}, "description": "VAT No. 927137420"}, {"boundingPoly": {"vertices": [{"x": 67.0, "y": 1041.0}, {"x": 393.0, "y": 1041.0}, {"x": 393.0, "y": 1073.0}, {"x": 67.0, "y": 1073.0}]}, "description": " CLOSED 12/08/2019 19:45:09"}]}