{"textAnnotations": [{"boundingPoly": {"vertices": [{"x": 88.0, "y": 0.0}, {"x": 141.0, "y": 2.0}, {"x": 140.0, "y": 33.0}, {"x": 87.0, "y": 32.0}]}, "description": "S3"}, {"boundingPoly": {"vertices": [{"x": 218.0, "y": 98.0}, {"x": 327.0, "y": 98.0}, {"x": 327.0, "y": 113.0}, {"x": 218.0, "y": 113.0}]}, "description": "merchant name"}, {"boundingPoly": {"vertices": [{"x": 220.0, "y": 112.0}, {"x": 316.0, "y": 112.0}, {"x": 316.0, "y": 121.0}, {"x": 220.0, "y": 121.0}]}, "description": "merchant name"}, {"boundingPoly": {"vertices": [{"x": 220.0, "y": 124.0}, {"x": 309.0, "y": 123.0}, {"x": 309.0, "y": 135.0}, {"x": 220.0, "y": 135.0}]}, "description": "merchant address"}, {"boundingPoly": {"vertices": [{"x": 116.0, "y": 174.0}, {"x": 241.0, "y": 174.0}, {"x": 241.0, "y": 191.0}, {"x": 116.0, "y": 191.0}]}, "description": "merchant address"}, {"boundingPoly": {"vertices": [{"x": 174.0, "y": 190.0}, {"x": 262.0, "y": 190.0}, {"x": 262.0, "y": 206.0}, {"x": 174.0, "y": 206.0}]}, "description": "merchant phone"}, {"boundingPoly": {"vertices": [{"x": 244.0, "y": 173.0}, {"x": 256.0, "y": 173.0}, {"x": 256.0, "y": 189.0}, {"x": 244.0, "y": 189.0}]}, "description": "merchant address"}, {"boundingPoly": {"vertices": [{"x": 259.0, "y": 172.0}, {"x": 341.0, "y": 172.0}, {"x": 341.0, "y": 189.0}, {"x": 259.0, "y": 189.0}]}, "description": "merchant address"}, {"boundingPoly": {"vertices": [{"x": 71.0, "y": 213.0}, {"x": 152.0, "y": 211.0}, {"x": 152.0, "y": 230.0}, {"x": 71.0, "y": 233.0}]}, "description": "Check44167"}, {"boundingPoly": {"vertices": [{"x": 72.0, "y": 243.0}, {"x": 131.0, "y": 241.0}, {"x": 131.0, "y": 264.0}, {"x": 72.0, "y": 266.0}]}, "description": "Table $3"}, {"boundingPoly": {"vertices": [{"x": 299.0, "y": 207.0}, {"x": 383.0, "y": 207.0}, {"x": 383.0, "y": 228.0}, {"x": 299.0, "y": 228.0}]}, "description": " 07/11/19 12:"}, {"boundingPoly": {"vertices": [{"x": 160.0, "y": 242.0}, {"x": 170.0, "y": 242.0}, {"x": 170.0, "y": 265.0}, {"x": 160.0, "y": 265.0}]}, "description": " 1"}, {"boundingPoly": {"vertices": [{"x": 63.0, "y": 289.0}, {"x": 299.0, "y": 285.0}, {"x": 299.0, "y": 310.0}, {"x": 63.0, "y": 314.0}]}, "description": "Refreshing Tuna Poke Rice Bowl"}, {"boundingPoly": {"vertices": [{"x": 63.0, "y": 319.0}, {"x": 101.0, "y": 319.0}, {"x": 100.0, "y": 339.0}, {"x": 63.0, "y": 339.0}]}, "description": "Coke"}, {"boundingPoly": {"vertices": [{"x": 320.0, "y": 289.0}, {"x": 339.0, "y": 288.0}, {"x": 339.0, "y": 305.0}, {"x": 320.0, "y": 305.0}]}, "description": "1"}, {"boundingPoly": {"vertices": [{"x": 346.0, "y": 285.0}, {"x": 396.0, "y": 283.0}, {"x": 397.0, "y": 306.0}, {"x": 347.0, "y": 309.0}]}, "description": "$158."}, {"boundingPoly": {"vertices": [{"x": 364.0, "y": 315.0}, {"x": 394.0, "y": 312.0}, {"x": 397.0, "y": 335.0}, {"x": 366.0, "y": 339.0}]}, "description": "$28"}, {"boundingPoly": {"vertices": [{"x": 93.0, "y": 369.0}, {"x": 160.0, "y": 368.0}, {"x": 160.0, "y": 391.0}, {"x": 93.0, "y": 393.0}]}, "description": "Sub- total"}, {"boundingPoly": {"vertices": [{"x": 90.0, "y": 404.0}, {"x": 204.0, "y": 404.0}, {"x": 204.0, "y": 428.0}, {"x": 90.0, "y": 428.0}]}, "description": "Service Charge"}, {"boundingPoly": {"vertices": [{"x": 363.0, "y": 366.0}, {"x": 402.0, "y": 363.0}, {"x": 403.0, "y": 388.0}, {"x": 365.0, "y": 391.0}]}, "description": "$186."}, {"boundingPoly": {"vertices": [{"x": 375.0, "y": 398.0}, {"x": 406.0, "y": 396.0}, {"x": 408.0, "y": 422.0}, {"x": 378.0, "y": 424.0}]}, "description": "$18"}, {"boundingPoly": {"vertices": [{"x": 82.0, "y": 462.0}, {"x": 183.0, "y": 462.0}, {"x": 183.0, "y": 510.0}, {"x": 80.0, "y": 513.0}]}, "description": "Total"}, {"boundingPoly": {"vertices": [{"x": 306.0, "y": 458.0}, {"x": 423.0, "y": 460.0}, {"x": 421.0, "y": 504.0}, {"x": 306.0, "y": 502.0}]}, "description": "$204.6"}]}