{"textAnnotations": [{"boundingPoly": {"vertices": [{"x": 213.0, "y": 298.0}, {"x": 598.0, "y": 300.0}, {"x": 598.0, "y": 332.0}, {"x": 213.0, "y": 329.0}]}, "description": "merchant name"}, {"boundingPoly": {"vertices": [{"x": 194.0, "y": 339.0}, {"x": 617.0, "y": 340.0}, {"x": 616.0, "y": 373.0}, {"x": 194.0, "y": 372.0}]}, "description": "merchant address"}, {"boundingPoly": {"vertices": [{"x": 224.0, "y": 380.0}, {"x": 582.0, "y": 381.0}, {"x": 582.0, "y": 414.0}, {"x": 224.0, "y": 413.0}]}, "description": "merchant address"}, {"boundingPoly": {"vertices": [{"x": 314.0, "y": 421.0}, {"x": 495.0, "y": 421.0}, {"x": 495.0, "y": 454.0}, {"x": 314.0, "y": 454.0}]}, "description": "merchant phone"}, {"boundingPoly": {"vertices": [{"x": 298.0, "y": 464.0}, {"x": 514.0, "y": 464.0}, {"x": 514.0, "y": 496.0}, {"x": 298.0, "y": 497.0}]}, "description": "39300981721730"}, {"boundingPoly": {"vertices": [{"x": 348.0, "y": 562.0}, {"x": 469.0, "y": 562.0}, {"x": 469.0, "y": 599.0}, {"x": 348.0, "y": 599.0}]}, "description": "SALE"}, {"boundingPoly": {"vertices": [{"x": 138.0, "y": 646.0}, {"x": 209.0, "y": 646.0}, {"x": 209.0, "y": 678.0}, {"x": 138.0, "y": 678.0}]}, "description": " MID:"}, {"boundingPoly": {"vertices": [{"x": 215.0, "y": 645.0}, {"x": 277.0, "y": 645.0}, {"x": 277.0, "y": 678.0}, {"x": 215.0, "y": 678.0}]}, "description": " 1730"}, {"boundingPoly": {"vertices": [{"x": 327.0, "y": 645.0}, {"x": 419.0, "y": 645.0}, {"x": 419.0, "y": 678.0}, {"x": 327.0, "y": 678.0}]}, "description": " Store:"}, {"boundingPoly": {"vertices": [{"x": 425.0, "y": 645.0}, {"x": 604.0, "y": 645.0}, {"x": 604.0, "y": 677.0}, {"x": 425.0, "y": 677.0}]}, "description": " 0001 Term:"}, {"boundingPoly": {"vertices": [{"x": 453.0, "y": 687.0}, {"x": 544.0, "y": 687.0}, {"x": 544.0, "y": 719.0}, {"x": 453.0, "y": 719.0}]}, "description": " REF#:"}, {"boundingPoly": {"vertices": [{"x": 508.0, "y": 727.0}, {"x": 679.0, "y": 727.0}, {"x": 679.0, "y": 760.0}, {"x": 508.0, "y": 760.0}]}, "description": " 931721411517"}, {"boundingPoly": {"vertices": [{"x": 575.0, "y": 768.0}, {"x": 676.0, "y": 768.0}, {"x": 676.0, "y": 800.0}, {"x": 575.0, "y": 800.0}]}, "description": " 13:48:03"}, {"boundingPoly": {"vertices": [{"x": 609.0, "y": 645.0}, {"x": 679.0, "y": 645.0}, {"x": 679.0, "y": 678.0}, {"x": 609.0, "y": 678.0}]}, "description": " 0004"}, {"boundingPoly": {"vertices": [{"x": 550.0, "y": 687.0}, {"x": 679.0, "y": 687.0}, {"x": 679.0, "y": 719.0}, {"x": 550.0, "y": 719.0}]}, "description": " 00000072"}, {"boundingPoly": {"vertices": [{"x": 141.0, "y": 729.0}, {"x": 282.0, "y": 729.0}, {"x": 282.0, "y": 760.0}, {"x": 141.0, "y": 760.0}]}, "description": " Batch #:"}, {"boundingPoly": {"vertices": [{"x": 147.0, "y": 767.0}, {"x": 243.0, "y": 768.0}, {"x": 243.0, "y": 800.0}, {"x": 147.0, "y": 799.0}]}, "description": "11/13/19"}, {"boundingPoly": {"vertices": [{"x": 146.0, "y": 809.0}, {"x": 289.0, "y": 809.0}, {"x": 289.0, "y": 843.0}, {"x": 146.0, "y": 843.0}]}, "description": " Trans ID:"}, {"boundingPoly": {"vertices": [{"x": 149.0, "y": 849.0}, {"x": 413.0, "y": 849.0}, {"x": 413.0, "y": 882.0}, {"x": 149.0, "y": 882.0}]}, "description": " Ship-to Postal/Zip:"}, {"boundingPoly": {"vertices": [{"x": 149.0, "y": 885.0}, {"x": 346.0, "y": 885.0}, {"x": 346.0, "y": 916.0}, {"x": 149.0, "y": 916.0}]}, "description": " APPR CODE:"}, {"boundingPoly": {"vertices": [{"x": 146.0, "y": 922.0}, {"x": 232.0, "y": 921.0}, {"x": 232.0, "y": 951.0}, {"x": 146.0, "y": 951.0}]}, "description": "AMEX"}, {"boundingPoly": {"vertices": [{"x": 144.0, "y": 958.0}, {"x": 343.0, "y": 960.0}, {"x": 342.0, "y": 990.0}, {"x": 144.0, "y": 981.0}]}, "description": "*********** 1009"}, {"boundingPoly": {"vertices": [{"x": 287.0, "y": 729.0}, {"x": 334.0, "y": 729.0}, {"x": 334.0, "y": 760.0}, {"x": 287.0, "y": 760.0}]}, "description": " 017"}, {"boundingPoly": {"vertices": [{"x": 427.0, "y": 728.0}, {"x": 502.0, "y": 728.0}, {"x": 502.0, "y": 760.0}, {"x": 427.0, "y": 760.0}]}, "description": " RRN:"}, {"boundingPoly": {"vertices": [{"x": 296.0, "y": 808.0}, {"x": 530.0, "y": 808.0}, {"x": 530.0, "y": 842.0}, {"x": 296.0, "y": 842.0}]}, "description": " 007548080043970"}, {"boundingPoly": {"vertices": [{"x": 419.0, "y": 848.0}, {"x": 490.0, "y": 848.0}, {"x": 490.0, "y": 881.0}, {"x": 419.0, "y": 881.0}]}, "description": " 89119"}, {"boundingPoly": {"vertices": [{"x": 352.0, "y": 885.0}, {"x": 450.0, "y": 885.0}, {"x": 450.0, "y": 915.0}, {"x": 352.0, "y": 915.0}]}, "description": " 820079"}, {"boundingPoly": {"vertices": [{"x": 616.0, "y": 918.0}, {"x": 680.0, "y": 922.0}, {"x": 678.0, "y": 954.0}, {"x": 615.0, "y": 950.0}]}, "description": "Chip"}, {"boundingPoly": {"vertices": [{"x": 617.0, "y": 955.0}, {"x": 681.0, "y": 955.0}, {"x": 679.0, "y": 977.0}, {"x": 617.0, "y": 976.0}]}, "description": "** / **"}, {"boundingPoly": {"vertices": [{"x": 141.0, "y": 1041.0}, {"x": 347.0, "y": 1044.0}, {"x": 346.0, "y": 1080.0}, {"x": 141.0, "y": 1077.0}]}, "description": "AMOUNT"}, {"boundingPoly": {"vertices": [{"x": 568.0, "y": 1041.0}, {"x": 683.0, "y": 1038.0}, {"x": 683.0, "y": 1080.0}, {"x": 568.0, "y": 1081.0}]}, "description": "$5.36"}, {"boundingPoly": {"vertices": [{"x": 331.0, "y": 1131.0}, {"x": 495.0, "y": 1131.0}, {"x": 495.0, "y": 1162.0}, {"x": 331.0, "y": 1162.0}]}, "description": "APPROVED"}, {"boundingPoly": {"vertices": [{"x": 129.0, "y": 1216.0}, {"x": 452.0, "y": 1216.0}, {"x": 452.0, "y": 1255.0}, {"x": 129.0, "y": 1256.0}]}, "description": "AMERICAN EXPRESS"}, {"boundingPoly": {"vertices": [{"x": 207.0, "y": 1261.0}, {"x": 469.0, "y": 1261.0}, {"x": 469.0, "y": 1295.0}, {"x": 207.0, "y": 1295.0}]}, "description": " A000000025010801"}, {"boundingPoly": {"vertices": [{"x": 218.0, "y": 1303.0}, {"x": 480.0, "y": 1303.0}, {"x": 480.0, "y": 1338.0}, {"x": 218.0, "y": 1338.0}]}, "description": " 00 00 00 80 00"}, {"boundingPoly": {"vertices": [{"x": 196.0, "y": 1344.0}, {"x": 297.0, "y": 1344.0}, {"x": 297.0, "y": 1385.0}, {"x": 196.0, "y": 1385.0}]}, "description": " F8 00"}, {"boundingPoly": {"vertices": [{"x": 129.0, "y": 1263.0}, {"x": 201.0, "y": 1263.0}, {"x": 201.0, "y": 1295.0}, {"x": 129.0, "y": 1295.0}]}, "description": " AID:"}, {"boundingPoly": {"vertices": [{"x": 130.0, "y": 1304.0}, {"x": 211.0, "y": 1304.0}, {"x": 211.0, "y": 1339.0}, {"x": 130.0, "y": 1339.0}]}, "description": " TVR:"}, {"boundingPoly": {"vertices": [{"x": 128.0, "y": 1344.0}, {"x": 188.0, "y": 1344.0}, {"x": 188.0, "y": 1386.0}, {"x": 128.0, "y": 1386.0}]}, "description": " TSI:"}, {"boundingPoly": {"vertices": [{"x": 310.0, "y": 1432.0}, {"x": 513.0, "y": 1430.0}, {"x": 514.0, "y": 1468.0}, {"x": 311.0, "y": 1471.0}]}, "description": "THANK YOU!"}, {"boundingPoly": {"vertices": [{"x": 265.0, "y": 1524.0}, {"x": 556.0, "y": 1517.0}, {"x": 557.0, "y": 1557.0}, {"x": 266.0, "y": 1565.0}]}, "description": "CUSTOMER COPY"}]}