{"textAnnotations": [{"boundingPoly": {"vertices": [{"x": 16.0, "y": 22.0}, {"x": 68.0, "y": 23.0}, {"x": 67.0, "y": 41.0}, {"x": 17.0, "y": 42.0}]}, "description": "COSTA"}, {"boundingPoly": {"vertices": [{"x": 286.0, "y": 11.0}, {"x": 512.0, "y": 8.0}, {"x": 512.0, "y": 26.0}, {"x": 286.0, "y": 29.0}]}, "description": "GSTIN 06AABCD5534A1Z9"}, {"boundingPoly": {"vertices": [{"x": 178.0, "y": 33.0}, {"x": 367.0, "y": 32.0}, {"x": 367.0, "y": 51.0}, {"x": 178.0, "y": 53.0}]}, "description": "BILL / CASH MEMO"}, {"boundingPoly": {"vertices": [{"x": 93.0, "y": 61.0}, {"x": 425.0, "y": 53.0}, {"x": 426.0, "y": 81.0}, {"x": 93.0, "y": 91.0}]}, "description": "merchant name"}, {"boundingPoly": {"vertices": [{"x": 153.0, "y": 93.0}, {"x": 362.0, "y": 90.0}, {"x": 362.0, "y": 111.0}, {"x": 153.0, "y": 113.0}]}, "description": "merchant address"}, {"boundingPoly": {"vertices": [{"x": 129.0, "y": 116.0}, {"x": 388.0, "y": 112.0}, {"x": 388.0, "y": 131.0}, {"x": 129.0, "y": 137.0}]}, "description": "merchant address"}, {"boundingPoly": {"vertices": [{"x": 73.0, "y": 150.0}, {"x": 129.0, "y": 150.0}, {"x": 130.0, "y": 177.0}, {"x": 74.0, "y": 179.0}]}, "description": "820"}, {"boundingPoly": {"vertices": [{"x": 72.0, "y": 183.0}, {"x": 121.0, "y": 183.0}, {"x": 121.0, "y": 200.0}, {"x": 72.0, "y": 200.0}]}, "description": " No ...."}, {"boundingPoly": {"vertices": [{"x": 11.0, "y": 151.0}, {"x": 44.0, "y": 152.0}, {"x": 44.0, "y": 169.0}, {"x": 10.0, "y": 168.0}]}, "description": "No."}, {"boundingPoly": {"vertices": [{"x": 329.0, "y": 136.0}, {"x": 508.0, "y": 128.0}, {"x": 509.0, "y": 158.0}, {"x": 331.0, "y": 166.0}]}, "description": "Date .. /.7- 09- 19 .."}, {"boundingPoly": {"vertices": [{"x": 13.0, "y": 183.0}, {"x": 63.0, "y": 183.0}, {"x": 63.0, "y": 202.0}, {"x": 13.0, "y": 202.0}]}, "description": " Table"}, {"boundingPoly": {"vertices": [{"x": 18.0, "y": 216.0}, {"x": 64.0, "y": 216.0}, {"x": 65.0, "y": 232.0}, {"x": 18.0, "y": 232.0}]}, "description": "S.No."}, {"boundingPoly": {"vertices": [{"x": 148.0, "y": 213.0}, {"x": 286.0, "y": 211.0}, {"x": 286.0, "y": 229.0}, {"x": 148.0, "y": 231.0}]}, "description": "Item Description"}, {"boundingPoly": {"vertices": [{"x": 405.0, "y": 199.0}, {"x": 472.0, "y": 198.0}, {"x": 472.0, "y": 214.0}, {"x": 405.0, "y": 215.0}]}, "description": "Amount"}, {"boundingPoly": {"vertices": [{"x": 378.0, "y": 220.0}, {"x": 404.0, "y": 221.0}, {"x": 404.0, "y": 236.0}, {"x": 378.0, "y": 235.0}]}, "description": "Rs."}, {"boundingPoly": {"vertices": [{"x": 381.0, "y": 245.0}, {"x": 505.0, "y": 245.0}, {"x": 505.0, "y": 270.0}, {"x": 381.0, "y": 271.0}]}, "description": "112-35"}, {"boundingPoly": {"vertices": [{"x": 482.0, "y": 218.0}, {"x": 495.0, "y": 217.0}, {"x": 496.0, "y": 233.0}, {"x": 483.0, "y": 234.0}]}, "description": "P."}, {"boundingPoly": {"vertices": [{"x": 21.0, "y": 254.0}, {"x": 50.0, "y": 253.0}, {"x": 50.0, "y": 281.0}, {"x": 21.0, "y": 282.0}]}, "description": "1."}, {"boundingPoly": {"vertices": [{"x": 80.0, "y": 249.0}, {"x": 254.0, "y": 249.0}, {"x": 254.0, "y": 279.0}, {"x": 80.0, "y": 279.0}]}, "description": " Paneer tikke"}, {"boundingPoly": {"vertices": [{"x": 265.0, "y": 249.0}, {"x": 328.0, "y": 249.0}, {"x": 328.0, "y": 275.0}, {"x": 265.0, "y": 275.0}]}, "description": " earp"}, {"boundingPoly": {"vertices": [{"x": 95.0, "y": 457.0}, {"x": 298.0, "y": 338.0}, {"x": 312.0, "y": 361.0}, {"x": 108.0, "y": 480.0}]}, "description": "COSTA COFFE (40E)"}, {"boundingPoly": {"vertices": [{"x": 274.0, "y": 496.0}, {"x": 358.0, "y": 494.0}, {"x": 358.0, "y": 512.0}, {"x": 275.0, "y": 514.0}]}, "description": "Sub Total"}, {"boundingPoly": {"vertices": [{"x": 221.0, "y": 450.0}, {"x": 255.0, "y": 450.0}, {"x": 255.0, "y": 481.0}, {"x": 221.0, "y": 481.0}]}, "description": " \u00b7\u00b7:"}, {"boundingPoly": {"vertices": [{"x": 247.0, "y": 380.0}, {"x": 372.0, "y": 380.0}, {"x": 372.0, "y": 465.0}, {"x": 247.0, "y": 465.0}]}, "description": " City Phase-IL"}, {"boundingPoly": {"vertices": [{"x": 100.0, "y": 485.0}, {"x": 332.0, "y": 348.0}, {"x": 342.0, "y": 365.0}, {"x": 111.0, "y": 503.0}]}, "description": "Deveyni International Ltd. 7"}, {"boundingPoly": {"vertices": [{"x": 240.0, "y": 541.0}, {"x": 357.0, "y": 539.0}, {"x": 357.0, "y": 558.0}, {"x": 240.0, "y": 560.0}]}, "description": "CGST ........ %"}, {"boundingPoly": {"vertices": [{"x": 379.0, "y": 484.0}, {"x": 440.0, "y": 484.0}, {"x": 440.0, "y": 520.0}, {"x": 379.0, "y": 520.0}]}, "description": " 112"}, {"boundingPoly": {"vertices": [{"x": 445.0, "y": 478.0}, {"x": 512.0, "y": 478.0}, {"x": 512.0, "y": 515.0}, {"x": 445.0, "y": 515.0}]}, "description": " - 135"}, {"boundingPoly": {"vertices": [{"x": 87.0, "y": 517.0}, {"x": 350.0, "y": 360.0}, {"x": 362.0, "y": 379.0}, {"x": 98.0, "y": 536.0}]}, "description": "Amrican Exprce OLF Bliding 5A"}, {"boundingPoly": {"vertices": [{"x": 150.0, "y": 528.0}, {"x": 321.0, "y": 424.0}, {"x": 335.0, "y": 449.0}, {"x": 163.0, "y": 549.0}]}, "description": "w.G .c.102030"}, {"boundingPoly": {"vertices": [{"x": 240.0, "y": 586.0}, {"x": 358.0, "y": 585.0}, {"x": 358.0, "y": 602.0}, {"x": 240.0, "y": 604.0}]}, "description": "SGST ........ %"}, {"boundingPoly": {"vertices": [{"x": 283.0, "y": 626.0}, {"x": 355.0, "y": 626.0}, {"x": 355.0, "y": 643.0}, {"x": 283.0, "y": 643.0}]}, "description": "G. Total"}, {"boundingPoly": {"vertices": [{"x": 377.0, "y": 624.0}, {"x": 512.0, "y": 610.0}, {"x": 515.0, "y": 642.0}, {"x": 378.0, "y": 655.0}]}, "description": "112 - 135"}, {"boundingPoly": {"vertices": [{"x": 224.0, "y": 674.0}, {"x": 516.0, "y": 665.0}, {"x": 516.0, "y": 684.0}, {"x": 225.0, "y": 693.0}]}, "description": "merchant name"}, {"boundingPoly": {"vertices": [{"x": 9.0, "y": 675.0}, {"x": 68.0, "y": 675.0}, {"x": 68.0, "y": 692.0}, {"x": 9.0, "y": 692.0}]}, "description": "& O. E."}]}