{"textAnnotations": [{"boundingPoly": {"vertices": [{"x": 102.0, "y": 44.0}, {"x": 338.0, "y": 49.0}, {"x": 337.0, "y": 67.0}, {"x": 102.0, "y": 61.0}]}, "description": "Thank You For Visiting the"}, {"boundingPoly": {"vertices": [{"x": 83.0, "y": 80.0}, {"x": 360.0, "y": 93.0}, {"x": 359.0, "y": 115.0}, {"x": 82.0, "y": 100.0}]}, "description": "Nadine Varella, General Manager"}, {"boundingPoly": {"vertices": [{"x": 128.0, "y": 128.0}, {"x": 325.0, "y": 140.0}, {"x": 324.0, "y": 162.0}, {"x": 127.0, "y": 150.0}]}, "description": "We Love Your Feedback!"}, {"boundingPoly": {"vertices": [{"x": 90.0, "y": 61.0}, {"x": 351.0, "y": 70.0}, {"x": 351.0, "y": 89.0}, {"x": 90.0, "y": 79.0}]}, "description": "merchant name"}, {"boundingPoly": {"vertices": [{"x": 163.0, "y": 103.0}, {"x": 292.0, "y": 109.0}, {"x": 291.0, "y": 136.0}, {"x": 162.0, "y": 130.0}]}, "description": "merchant phone"}, {"boundingPoly": {"vertices": [{"x": 124.0, "y": 153.0}, {"x": 331.0, "y": 165.0}, {"x": 330.0, "y": 188.0}, {"x": 123.0, "y": 175.0}]}, "description": "Text @LTF41042 to 73940"}, {"boundingPoly": {"vertices": [{"x": 53.0, "y": 227.0}, {"x": 236.0, "y": 236.0}, {"x": 234.0, "y": 259.0}, {"x": 52.0, "y": 250.0}]}, "description": "Honest Tea-Honey Gre"}, {"boundingPoly": {"vertices": [{"x": 197.0, "y": 259.0}, {"x": 212.0, "y": 259.0}, {"x": 212.0, "y": 282.0}, {"x": 197.0, "y": 282.0}]}, "description": " -"}, {"boundingPoly": {"vertices": [{"x": 378.0, "y": 221.0}, {"x": 406.0, "y": 221.0}, {"x": 404.0, "y": 241.0}, {"x": 377.0, "y": 241.0}]}, "description": "USD"}, {"boundingPoly": {"vertices": [{"x": 371.0, "y": 245.0}, {"x": 407.0, "y": 245.0}, {"x": 405.0, "y": 265.0}, {"x": 371.0, "y": 264.0}]}, "description": "2.05"}, {"boundingPoly": {"vertices": [{"x": 371.0, "y": 268.0}, {"x": 407.0, "y": 268.0}, {"x": 406.0, "y": 288.0}, {"x": 371.0, "y": 288.0}]}, "description": "1.35"}, {"boundingPoly": {"vertices": [{"x": 56.0, "y": 253.0}, {"x": 123.0, "y": 253.0}, {"x": 123.0, "y": 278.0}, {"x": 56.0, "y": 278.0}]}, "description": " Oatmeal"}, {"boundingPoly": {"vertices": [{"x": 145.0, "y": 256.0}, {"x": 193.0, "y": 256.0}, {"x": 193.0, "y": 281.0}, {"x": 145.0, "y": 281.0}]}, "description": " Grits"}, {"boundingPoly": {"vertices": [{"x": 216.0, "y": 260.0}, {"x": 235.0, "y": 260.0}, {"x": 235.0, "y": 282.0}, {"x": 216.0, "y": 282.0}]}, "description": " 12"}, {"boundingPoly": {"vertices": [{"x": 257.0, "y": 308.0}, {"x": 334.0, "y": 310.0}, {"x": 334.0, "y": 329.0}, {"x": 257.0, "y": 327.0}]}, "description": "Sub Total"}, {"boundingPoly": {"vertices": [{"x": 260.0, "y": 331.0}, {"x": 347.0, "y": 333.0}, {"x": 346.0, "y": 351.0}, {"x": 259.0, "y": 349.0}]}, "description": "Tax Amount"}, {"boundingPoly": {"vertices": [{"x": 370.0, "y": 311.0}, {"x": 408.0, "y": 312.0}, {"x": 408.0, "y": 331.0}, {"x": 370.0, "y": 330.0}]}, "description": "3.40"}, {"boundingPoly": {"vertices": [{"x": 374.0, "y": 333.0}, {"x": 410.0, "y": 335.0}, {"x": 409.0, "y": 353.0}, {"x": 373.0, "y": 352.0}]}, "description": "0.24"}, {"boundingPoly": {"vertices": [{"x": 60.0, "y": 389.0}, {"x": 215.0, "y": 392.0}, {"x": 215.0, "y": 427.0}, {"x": 60.0, "y": 423.0}]}, "description": "Total USD"}, {"boundingPoly": {"vertices": [{"x": 344.0, "y": 399.0}, {"x": 412.0, "y": 400.0}, {"x": 411.0, "y": 433.0}, {"x": 343.0, "y": 432.0}]}, "description": "3.64"}, {"boundingPoly": {"vertices": [{"x": 63.0, "y": 488.0}, {"x": 244.0, "y": 492.0}, {"x": 243.0, "y": 513.0}, {"x": 63.0, "y": 508.0}]}, "description": "5009 AMERICAN EXPRESS"}, {"boundingPoly": {"vertices": [{"x": 378.0, "y": 497.0}, {"x": 415.0, "y": 498.0}, {"x": 414.0, "y": 517.0}, {"x": 378.0, "y": 517.0}]}, "description": "3.64"}, {"boundingPoly": {"vertices": [{"x": 63.0, "y": 556.0}, {"x": 95.0, "y": 556.0}, {"x": 95.0, "y": 574.0}, {"x": 63.0, "y": 573.0}]}, "description": "Tax"}, {"boundingPoly": {"vertices": [{"x": 67.0, "y": 577.0}, {"x": 88.0, "y": 577.0}, {"x": 88.0, "y": 599.0}, {"x": 67.0, "y": 599.0}]}, "description": " ()"}, {"boundingPoly": {"vertices": [{"x": 92.0, "y": 577.0}, {"x": 129.0, "y": 577.0}, {"x": 129.0, "y": 599.0}, {"x": 92.0, "y": 599.0}]}, "description": " 7.00"}, {"boundingPoly": {"vertices": [{"x": 201.0, "y": 559.0}, {"x": 327.0, "y": 559.0}, {"x": 327.0, "y": 581.0}, {"x": 201.0, "y": 581.0}]}, "description": " Taxable Amount"}, {"boundingPoly": {"vertices": [{"x": 283.0, "y": 581.0}, {"x": 320.0, "y": 582.0}, {"x": 320.0, "y": 601.0}, {"x": 283.0, "y": 600.0}]}, "description": "3.40"}, {"boundingPoly": {"vertices": [{"x": 333.0, "y": 561.0}, {"x": 418.0, "y": 561.0}, {"x": 418.0, "y": 582.0}, {"x": 333.0, "y": 582.0}]}, "description": " Tax Amount"}, {"boundingPoly": {"vertices": [{"x": 382.0, "y": 584.0}, {"x": 419.0, "y": 585.0}, {"x": 418.0, "y": 602.0}, {"x": 382.0, "y": 601.0}]}, "description": "0.24"}, {"boundingPoly": {"vertices": [{"x": 71.0, "y": 644.0}, {"x": 422.0, "y": 644.0}, {"x": 422.0, "y": 668.0}, {"x": 71.0, "y": 668.0}]}, "description": " 11/08/2019 08:27 AM #:53531 Op:3051 C:113"}, {"boundingPoly": {"vertices": [{"x": 72.0, "y": 666.0}, {"x": 156.0, "y": 666.0}, {"x": 156.0, "y": 686.0}, {"x": 72.0, "y": 686.0}]}, "description": " 101 S:1131"}, {"boundingPoly": {"vertices": [{"x": 70.0, "y": 689.0}, {"x": 158.0, "y": 689.0}, {"x": 158.0, "y": 710.0}, {"x": 70.0, "y": 710.0}]}, "description": " Served you"}, {"boundingPoly": {"vertices": [{"x": 162.0, "y": 689.0}, {"x": 274.0, "y": 689.0}, {"x": 274.0, "y": 711.0}, {"x": 162.0, "y": 711.0}]}, "description": " : Denise Gray"}, {"boundingPoly": {"vertices": [{"x": 149.0, "y": 777.0}, {"x": 329.0, "y": 777.0}, {"x": 329.0, "y": 796.0}, {"x": 149.0, "y": 796.0}]}, "description": "*** Customer copy ***"}, {"boundingPoly": {"vertices": [{"x": 167.0, "y": 819.0}, {"x": 322.0, "y": 819.0}, {"x": 322.0, "y": 839.0}, {"x": 167.0, "y": 840.0}]}, "description": "AMEX Sunrise 937-6"}, {"boundingPoly": {"vertices": [{"x": 100.0, "y": 842.0}, {"x": 395.0, "y": 842.0}, {"x": 395.0, "y": 864.0}, {"x": 100.0, "y": 864.0}]}, "description": " agree to pay the above total amount"}, {"boundingPoly": {"vertices": [{"x": 147.0, "y": 865.0}, {"x": 349.0, "y": 864.0}, {"x": 349.0, "y": 883.0}, {"x": 147.0, "y": 885.0}]}, "description": "according to card issuer"}, {"boundingPoly": {"vertices": [{"x": 80.0, "y": 886.0}, {"x": 326.0, "y": 886.0}, {"x": 326.0, "y": 907.0}, {"x": 80.0, "y": 907.0}]}, "description": " agreement.(Merchant agreement"}, {"boundingPoly": {"vertices": [{"x": 106.0, "y": 908.0}, {"x": 342.0, "y": 908.0}, {"x": 342.0, "y": 929.0}, {"x": 106.0, "y": 929.0}]}, "description": " Voucher )Retain this copy for"}, {"boundingPoly": {"vertices": [{"x": 215.0, "y": 931.0}, {"x": 282.0, "y": 931.0}, {"x": 282.0, "y": 950.0}, {"x": 215.0, "y": 950.0}]}, "description": "records."}, {"boundingPoly": {"vertices": [{"x": 86.0, "y": 843.0}, {"x": 96.0, "y": 843.0}, {"x": 96.0, "y": 864.0}, {"x": 86.0, "y": 864.0}]}, "description": " I"}, {"boundingPoly": {"vertices": [{"x": 329.0, "y": 886.0}, {"x": 404.0, "y": 886.0}, {"x": 404.0, "y": 906.0}, {"x": 329.0, "y": 906.0}]}, "description": " if Credit"}, {"boundingPoly": {"vertices": [{"x": 346.0, "y": 908.0}, {"x": 383.0, "y": 908.0}, {"x": 383.0, "y": 930.0}, {"x": 346.0, "y": 930.0}]}, "description": " your"}, {"boundingPoly": {"vertices": [{"x": 82.0, "y": 973.0}, {"x": 153.0, "y": 973.0}, {"x": 153.0, "y": 994.0}, {"x": 82.0, "y": 994.0}]}, "description": " PURCHASE"}, {"boundingPoly": {"vertices": [{"x": 79.0, "y": 1018.0}, {"x": 213.0, "y": 1016.0}, {"x": 213.0, "y": 1035.0}, {"x": 80.0, "y": 1037.0}]}, "description": "*********** 7008"}, {"boundingPoly": {"vertices": [{"x": 168.0, "y": 1039.0}, {"x": 180.0, "y": 1039.0}, {"x": 180.0, "y": 1060.0}, {"x": 168.0, "y": 1060.0}]}, "description": " /"}, {"boundingPoly": {"vertices": [{"x": 87.0, "y": 1081.0}, {"x": 248.0, "y": 1081.0}, {"x": 248.0, "y": 1103.0}, {"x": 87.0, "y": 1103.0}]}, "description": " 2019/11/08 08:27:28"}, {"boundingPoly": {"vertices": [{"x": 89.0, "y": 1104.0}, {"x": 116.0, "y": 1104.0}, {"x": 116.0, "y": 1122.0}, {"x": 89.0, "y": 1122.0}]}, "description": "TID"}, {"boundingPoly": {"vertices": [{"x": 89.0, "y": 1126.0}, {"x": 116.0, "y": 1126.0}, {"x": 116.0, "y": 1144.0}, {"x": 89.0, "y": 1144.0}]}, "description": "MID"}, {"boundingPoly": {"vertices": [{"x": 351.0, "y": 1105.0}, {"x": 420.0, "y": 1105.0}, {"x": 420.0, "y": 1123.0}, {"x": 351.0, "y": 1124.0}]}, "description": "**** 5748"}, {"boundingPoly": {"vertices": [{"x": 361.0, "y": 1127.0}, {"x": 420.0, "y": 1127.0}, {"x": 420.0, "y": 1146.0}, {"x": 361.0, "y": 1146.0}]}, "description": "6634461"}, {"boundingPoly": {"vertices": [{"x": 214.0, "y": 1146.0}, {"x": 422.0, "y": 1147.0}, {"x": 422.0, "y": 1168.0}, {"x": 214.0, "y": 1167.0}]}, "description": "S1131T113101#535310705055"}]}