{"textAnnotations": [{"boundingPoly": {"vertices": [{"x": 118.0, "y": 82.0}, {"x": 328.0, "y": 84.0}, {"x": 327.0, "y": 101.0}, {"x": 118.0, "y": 99.0}]}, "description": "Thank You For Visiting the"}, {"boundingPoly": {"vertices": [{"x": 113.0, "y": 99.0}, {"x": 332.0, "y": 101.0}, {"x": 332.0, "y": 118.0}, {"x": 113.0, "y": 117.0}]}, "description": "merchant name"}, {"boundingPoly": {"vertices": [{"x": 133.0, "y": 118.0}, {"x": 312.0, "y": 119.0}, {"x": 312.0, "y": 137.0}, {"x": 133.0, "y": 135.0}]}, "description": "We Love Your Feedback!"}, {"boundingPoly": {"vertices": [{"x": 131.0, "y": 135.0}, {"x": 317.0, "y": 138.0}, {"x": 317.0, "y": 156.0}, {"x": 131.0, "y": 153.0}]}, "description": "Text @LTF10051 to 73940"}, {"boundingPoly": {"vertices": [{"x": 61.0, "y": 193.0}, {"x": 228.0, "y": 193.0}, {"x": 227.0, "y": 211.0}, {"x": 61.0, "y": 211.0}]}, "description": "Water Aquafina 33.80"}, {"boundingPoly": {"vertices": [{"x": 60.0, "y": 212.0}, {"x": 156.0, "y": 212.0}, {"x": 156.0, "y": 231.0}, {"x": 60.0, "y": 231.0}]}, "description": "Pizza Slice"}, {"boundingPoly": {"vertices": [{"x": 364.0, "y": 177.0}, {"x": 393.0, "y": 176.0}, {"x": 393.0, "y": 192.0}, {"x": 364.0, "y": 193.0}]}, "description": "USD"}, {"boundingPoly": {"vertices": [{"x": 359.0, "y": 196.0}, {"x": 393.0, "y": 195.0}, {"x": 394.0, "y": 212.0}, {"x": 360.0, "y": 214.0}]}, "description": "1.48"}, {"boundingPoly": {"vertices": [{"x": 360.0, "y": 215.0}, {"x": 394.0, "y": 214.0}, {"x": 394.0, "y": 232.0}, {"x": 360.0, "y": 233.0}]}, "description": "2.20"}, {"boundingPoly": {"vertices": [{"x": 249.0, "y": 252.0}, {"x": 324.0, "y": 253.0}, {"x": 324.0, "y": 271.0}, {"x": 249.0, "y": 271.0}]}, "description": "Sub Total"}, {"boundingPoly": {"vertices": [{"x": 250.0, "y": 273.0}, {"x": 333.0, "y": 273.0}, {"x": 333.0, "y": 291.0}, {"x": 250.0, "y": 291.0}]}, "description": "Tax Amount"}, {"boundingPoly": {"vertices": [{"x": 361.0, "y": 254.0}, {"x": 397.0, "y": 254.0}, {"x": 396.0, "y": 271.0}, {"x": 362.0, "y": 271.0}]}, "description": "3.68"}, {"boundingPoly": {"vertices": [{"x": 361.0, "y": 273.0}, {"x": 396.0, "y": 272.0}, {"x": 396.0, "y": 289.0}, {"x": 360.0, "y": 289.0}]}, "description": "0.32"}, {"boundingPoly": {"vertices": [{"x": 58.0, "y": 334.0}, {"x": 206.0, "y": 333.0}, {"x": 206.0, "y": 364.0}, {"x": 58.0, "y": 365.0}]}, "description": "Total USD"}, {"boundingPoly": {"vertices": [{"x": 331.0, "y": 333.0}, {"x": 397.0, "y": 332.0}, {"x": 396.0, "y": 363.0}, {"x": 331.0, "y": 364.0}]}, "description": "4.00"}, {"boundingPoly": {"vertices": [{"x": 56.0, "y": 415.0}, {"x": 232.0, "y": 414.0}, {"x": 232.0, "y": 432.0}, {"x": 56.0, "y": 433.0}]}, "description": "5009 AMERICAN EXPRESS"}, {"boundingPoly": {"vertices": [{"x": 368.0, "y": 413.0}, {"x": 401.0, "y": 413.0}, {"x": 402.0, "y": 430.0}, {"x": 368.0, "y": 430.0}]}, "description": "4.00"}, {"boundingPoly": {"vertices": [{"x": 58.0, "y": 475.0}, {"x": 85.0, "y": 476.0}, {"x": 85.0, "y": 493.0}, {"x": 58.0, "y": 493.0}]}, "description": "Tax"}, {"boundingPoly": {"vertices": [{"x": 59.0, "y": 496.0}, {"x": 118.0, "y": 495.0}, {"x": 119.0, "y": 513.0}, {"x": 59.0, "y": 515.0}]}, "description": "() 8.60"}, {"boundingPoly": {"vertices": [{"x": 190.0, "y": 473.0}, {"x": 313.0, "y": 473.0}, {"x": 313.0, "y": 493.0}, {"x": 190.0, "y": 493.0}]}, "description": " Taxable Amount"}, {"boundingPoly": {"vertices": [{"x": 269.0, "y": 494.0}, {"x": 306.0, "y": 494.0}, {"x": 306.0, "y": 511.0}, {"x": 270.0, "y": 511.0}]}, "description": "3.68"}, {"boundingPoly": {"vertices": [{"x": 319.0, "y": 473.0}, {"x": 401.0, "y": 473.0}, {"x": 401.0, "y": 491.0}, {"x": 319.0, "y": 491.0}]}, "description": " Tax Amount"}, {"boundingPoly": {"vertices": [{"x": 368.0, "y": 492.0}, {"x": 402.0, "y": 492.0}, {"x": 402.0, "y": 510.0}, {"x": 368.0, "y": 510.0}]}, "description": "0.32"}, {"boundingPoly": {"vertices": [{"x": 60.0, "y": 551.0}, {"x": 403.0, "y": 551.0}, {"x": 403.0, "y": 575.0}, {"x": 60.0, "y": 575.0}]}, "description": " 11/19/2019 10:38 AM #:49178 Op:3074 C:112"}, {"boundingPoly": {"vertices": [{"x": 62.0, "y": 575.0}, {"x": 146.0, "y": 575.0}, {"x": 146.0, "y": 595.0}, {"x": 62.0, "y": 595.0}]}, "description": " 102 S:1121"}, {"boundingPoly": {"vertices": [{"x": 60.0, "y": 593.0}, {"x": 145.0, "y": 593.0}, {"x": 145.0, "y": 608.0}, {"x": 60.0, "y": 608.0}]}, "description": " Served you"}, {"boundingPoly": {"vertices": [{"x": 152.0, "y": 590.0}, {"x": 242.0, "y": 590.0}, {"x": 242.0, "y": 606.0}, {"x": 152.0, "y": 606.0}]}, "description": " : alba loza"}, {"boundingPoly": {"vertices": [{"x": 133.0, "y": 649.0}, {"x": 311.0, "y": 649.0}, {"x": 311.0, "y": 668.0}, {"x": 133.0, "y": 668.0}]}, "description": "*** Customer copy ***"}, {"boundingPoly": {"vertices": [{"x": 162.0, "y": 687.0}, {"x": 287.0, "y": 686.0}, {"x": 287.0, "y": 705.0}, {"x": 162.0, "y": 706.0}]}, "description": "AMEX AESCP (3)"}, {"boundingPoly": {"vertices": [{"x": 75.0, "y": 706.0}, {"x": 384.0, "y": 706.0}, {"x": 384.0, "y": 729.0}, {"x": 75.0, "y": 729.0}]}, "description": " agree to pay the above total amount"}, {"boundingPoly": {"vertices": [{"x": 340.0, "y": 744.0}, {"x": 398.0, "y": 744.0}, {"x": 398.0, "y": 764.0}, {"x": 340.0, "y": 764.0}]}, "description": " Credit"}, {"boundingPoly": {"vertices": [{"x": 333.0, "y": 767.0}, {"x": 371.0, "y": 767.0}, {"x": 371.0, "y": 786.0}, {"x": 333.0, "y": 786.0}]}, "description": " your"}, {"boundingPoly": {"vertices": [{"x": 59.0, "y": 710.0}, {"x": 71.0, "y": 710.0}, {"x": 71.0, "y": 729.0}, {"x": 59.0, "y": 729.0}]}, "description": " I"}, {"boundingPoly": {"vertices": [{"x": 119.0, "y": 729.0}, {"x": 332.0, "y": 726.0}, {"x": 333.0, "y": 743.0}, {"x": 120.0, "y": 747.0}]}, "description": "according to card issuer"}, {"boundingPoly": {"vertices": [{"x": 316.0, "y": 745.0}, {"x": 336.0, "y": 745.0}, {"x": 336.0, "y": 765.0}, {"x": 316.0, "y": 765.0}]}, "description": " if"}, {"boundingPoly": {"vertices": [{"x": 297.0, "y": 767.0}, {"x": 330.0, "y": 767.0}, {"x": 330.0, "y": 786.0}, {"x": 297.0, "y": 786.0}]}, "description": " for"}, {"boundingPoly": {"vertices": [{"x": 47.0, "y": 750.0}, {"x": 133.0, "y": 750.0}, {"x": 133.0, "y": 771.0}, {"x": 47.0, "y": 771.0}]}, "description": " agreement."}, {"boundingPoly": {"vertices": [{"x": 136.0, "y": 746.0}, {"x": 312.0, "y": 746.0}, {"x": 312.0, "y": 769.0}, {"x": 136.0, "y": 769.0}]}, "description": " (Merchant agreement"}, {"boundingPoly": {"vertices": [{"x": 75.0, "y": 767.0}, {"x": 294.0, "y": 767.0}, {"x": 294.0, "y": 792.0}, {"x": 75.0, "y": 792.0}]}, "description": " Voucher )Retain this copy"}, {"boundingPoly": {"vertices": [{"x": 191.0, "y": 790.0}, {"x": 266.0, "y": 788.0}, {"x": 266.0, "y": 808.0}, {"x": 192.0, "y": 810.0}]}, "description": "records."}, {"boundingPoly": {"vertices": [{"x": 43.0, "y": 835.0}, {"x": 221.0, "y": 830.0}, {"x": 222.0, "y": 848.0}, {"x": 44.0, "y": 853.0}]}, "description": "PURCHASE / APPROVED"}, {"boundingPoly": {"vertices": [{"x": 50.0, "y": 871.0}, {"x": 187.0, "y": 869.0}, {"x": 187.0, "y": 885.0}, {"x": 50.0, "y": 888.0}]}, "description": "*********** 1006"}, {"boundingPoly": {"vertices": [{"x": 49.0, "y": 888.0}, {"x": 150.0, "y": 887.0}, {"x": 150.0, "y": 904.0}, {"x": 49.0, "y": 906.0}]}, "description": "CHIP READ /"}, {"boundingPoly": {"vertices": [{"x": 47.0, "y": 853.0}, {"x": 194.0, "y": 849.0}, {"x": 194.0, "y": 867.0}, {"x": 47.0, "y": 871.0}]}, "description": "AMERICAN EXPRESS"}, {"boundingPoly": {"vertices": [{"x": 55.0, "y": 922.0}, {"x": 224.0, "y": 922.0}, {"x": 224.0, "y": 942.0}, {"x": 55.0, "y": 942.0}]}, "description": " 2019/11/19 10:39:06"}, {"boundingPoly": {"vertices": [{"x": 56.0, "y": 942.0}, {"x": 84.0, "y": 943.0}, {"x": 84.0, "y": 961.0}, {"x": 56.0, "y": 960.0}]}, "description": "TID"}, {"boundingPoly": {"vertices": [{"x": 55.0, "y": 963.0}, {"x": 84.0, "y": 962.0}, {"x": 85.0, "y": 979.0}, {"x": 56.0, "y": 979.0}]}, "description": "MID"}, {"boundingPoly": {"vertices": [{"x": 56.0, "y": 981.0}, {"x": 137.0, "y": 980.0}, {"x": 137.0, "y": 998.0}, {"x": 56.0, "y": 999.0}]}, "description": "REFERENCE"}, {"boundingPoly": {"vertices": [{"x": 58.0, "y": 1000.0}, {"x": 137.0, "y": 1000.0}, {"x": 137.0, "y": 1019.0}, {"x": 58.0, "y": 1019.0}]}, "description": "AUTH CODE"}, {"boundingPoly": {"vertices": [{"x": 334.0, "y": 942.0}, {"x": 405.0, "y": 943.0}, {"x": 405.0, "y": 960.0}, {"x": 334.0, "y": 959.0}]}, "description": "**** 6051"}, {"boundingPoly": {"vertices": [{"x": 342.0, "y": 962.0}, {"x": 406.0, "y": 962.0}, {"x": 406.0, "y": 980.0}, {"x": 342.0, "y": 980.0}]}, "description": "6634458"}, {"boundingPoly": {"vertices": [{"x": 185.0, "y": 980.0}, {"x": 405.0, "y": 982.0}, {"x": 405.0, "y": 1001.0}, {"x": 185.0, "y": 999.0}]}, "description": "S11211112102#491780675444"}, {"boundingPoly": {"vertices": [{"x": 351.0, "y": 1003.0}, {"x": 405.0, "y": 1002.0}, {"x": 406.0, "y": 1020.0}, {"x": 351.0, "y": 1021.0}]}, "description": "813503"}, {"boundingPoly": {"vertices": [{"x": 60.0, "y": 1038.0}, {"x": 102.0, "y": 1039.0}, {"x": 102.0, "y": 1057.0}, {"x": 60.0, "y": 1057.0}]}, "description": "TOTAL"}, {"boundingPoly": {"vertices": [{"x": 341.0, "y": 1043.0}, {"x": 405.0, "y": 1043.0}, {"x": 405.0, "y": 1062.0}, {"x": 341.0, "y": 1061.0}]}, "description": "USD4.00"}, {"boundingPoly": {"vertices": [{"x": 60.0, "y": 1077.0}, {"x": 97.0, "y": 1077.0}, {"x": 97.0, "y": 1097.0}, {"x": 60.0, "y": 1097.0}]}, "description": " ARC:"}, {"boundingPoly": {"vertices": [{"x": 60.0, "y": 1098.0}, {"x": 97.0, "y": 1098.0}, {"x": 97.0, "y": 1118.0}, {"x": 60.0, "y": 1118.0}]}, "description": " TSI:"}, {"boundingPoly": {"vertices": [{"x": 61.0, "y": 1118.0}, {"x": 97.0, "y": 1118.0}, {"x": 97.0, "y": 1138.0}, {"x": 61.0, "y": 1138.0}]}, "description": " IAD:"}, {"boundingPoly": {"vertices": [{"x": 60.0, "y": 1139.0}, {"x": 98.0, "y": 1139.0}, {"x": 98.0, "y": 1158.0}, {"x": 60.0, "y": 1158.0}]}, "description": " TVR:"}, {"boundingPoly": {"vertices": [{"x": 59.0, "y": 1159.0}, {"x": 98.0, "y": 1159.0}, {"x": 98.0, "y": 1179.0}, {"x": 59.0, "y": 1179.0}]}, "description": " AID:"}, {"boundingPoly": {"vertices": [{"x": 58.0, "y": 1181.0}, {"x": 157.0, "y": 1181.0}, {"x": 157.0, "y": 1202.0}, {"x": 58.0, "y": 1202.0}]}, "description": " PAN Seq No:"}, {"boundingPoly": {"vertices": [{"x": 100.0, "y": 1078.0}, {"x": 122.0, "y": 1078.0}, {"x": 122.0, "y": 1098.0}, {"x": 100.0, "y": 1098.0}]}, "description": " 00"}, {"boundingPoly": {"vertices": [{"x": 101.0, "y": 1098.0}, {"x": 139.0, "y": 1098.0}, {"x": 139.0, "y": 1118.0}, {"x": 101.0, "y": 1118.0}]}, "description": " F800"}, {"boundingPoly": {"vertices": [{"x": 101.0, "y": 1119.0}, {"x": 225.0, "y": 1119.0}, {"x": 225.0, "y": 1140.0}, {"x": 101.0, "y": 1140.0}]}, "description": " 06600103602002"}, {"boundingPoly": {"vertices": [{"x": 101.0, "y": 1139.0}, {"x": 191.0, "y": 1139.0}, {"x": 191.0, "y": 1158.0}, {"x": 101.0, "y": 1158.0}]}, "description": " 0000008000"}, {"boundingPoly": {"vertices": [{"x": 101.0, "y": 1159.0}, {"x": 240.0, "y": 1159.0}, {"x": 240.0, "y": 1184.0}, {"x": 101.0, "y": 1184.0}]}, "description": " A000000025010801"}, {"boundingPoly": {"vertices": [{"x": 159.0, "y": 1182.0}, {"x": 183.0, "y": 1182.0}, {"x": 183.0, "y": 1203.0}, {"x": 159.0, "y": 1203.0}]}, "description": " 00"}]}