{"textAnnotations": [{"boundingPoly": {"vertices": [{"x": 938.0, "y": 168.0}, {"x": 1004.0, "y": 259.0}, {"x": 978.0, "y": 274.0}, {"x": 910.0, "y": 190.0}]}, "description": "merchant name"}, {"boundingPoly": {"vertices": [{"x": 923.0, "y": 356.0}, {"x": 1000.0, "y": 311.0}, {"x": 1009.0, "y": 346.0}, {"x": 930.0, "y": 388.0}]}, "description": "merchant name"}, {"boundingPoly": {"vertices": [{"x": 795.0, "y": 409.0}, {"x": 957.0, "y": 404.0}, {"x": 959.0, "y": 436.0}, {"x": 796.0, "y": 442.0}]}, "description": "----- -"}, {"boundingPoly": {"vertices": [{"x": 649.0, "y": 462.0}, {"x": 1079.0, "y": 473.0}, {"x": 1077.0, "y": 514.0}, {"x": 648.0, "y": 502.0}]}, "description": "DELICIOUSNESS, RECEIVED"}, {"boundingPoly": {"vertices": [{"x": 683.0, "y": 550.0}, {"x": 1060.0, "y": 560.0}, {"x": 1059.0, "y": 602.0}, {"x": 683.0, "y": 592.0}]}, "description": "merchant address"}, {"boundingPoly": {"vertices": [{"x": 704.0, "y": 600.0}, {"x": 923.0, "y": 600.0}, {"x": 923.0, "y": 639.0}, {"x": 704.0, "y": 639.0}]}, "description": "merchant address"}, {"boundingPoly": {"vertices": [{"x": 751.0, "y": 639.0}, {"x": 984.0, "y": 643.0}, {"x": 983.0, "y": 679.0}, {"x": 751.0, "y": 674.0}]}, "description": "merchant phone"}, {"boundingPoly": {"vertices": [{"x": 828.0, "y": 195.0}, {"x": 747.0, "y": 270.0}, {"x": 723.0, "y": 242.0}, {"x": 801.0, "y": 169.0}]}, "description": "merchant name"}, {"boundingPoly": {"vertices": [{"x": 728.0, "y": 302.0}, {"x": 899.0, "y": 381.0}, {"x": 889.0, "y": 418.0}, {"x": 722.0, "y": 351.0}]}, "description": "merchant name"}, {"boundingPoly": {"vertices": [{"x": 929.0, "y": 601.0}, {"x": 1024.0, "y": 601.0}, {"x": 1024.0, "y": 640.0}, {"x": 929.0, "y": 640.0}]}, "description": "merchant address"}, {"boundingPoly": {"vertices": [{"x": 471.0, "y": 680.0}, {"x": 576.0, "y": 680.0}, {"x": 576.0, "y": 720.0}, {"x": 471.0, "y": 720.0}]}, "description": " Host:"}, {"boundingPoly": {"vertices": [{"x": 469.0, "y": 724.0}, {"x": 664.0, "y": 725.0}, {"x": 664.0, "y": 762.0}, {"x": 469.0, "y": 761.0}]}, "description": "ORDER #609"}, {"boundingPoly": {"vertices": [{"x": 583.0, "y": 682.0}, {"x": 727.0, "y": 682.0}, {"x": 727.0, "y": 720.0}, {"x": 583.0, "y": 720.0}]}, "description": " Kenneth"}, {"boundingPoly": {"vertices": [{"x": 1082.0, "y": 689.0}, {"x": 1270.0, "y": 690.0}, {"x": 1270.0, "y": 730.0}, {"x": 1082.0, "y": 728.0}]}, "description": "11/15/2019"}, {"boundingPoly": {"vertices": [{"x": 1132.0, "y": 734.0}, {"x": 1274.0, "y": 734.0}, {"x": 1274.0, "y": 773.0}, {"x": 1132.0, "y": 773.0}]}, "description": " 3:12 PM"}, {"boundingPoly": {"vertices": [{"x": 1175.0, "y": 778.0}, {"x": 1265.0, "y": 777.0}, {"x": 1267.0, "y": 816.0}, {"x": 1176.0, "y": 818.0}]}, "description": "10511"}, {"boundingPoly": {"vertices": [{"x": 461.0, "y": 942.0}, {"x": 695.0, "y": 943.0}, {"x": 695.0, "y": 983.0}, {"x": 461.0, "y": 982.0}]}, "description": "Chicken Bowl"}, {"boundingPoly": {"vertices": [{"x": 494.0, "y": 988.0}, {"x": 676.0, "y": 988.0}, {"x": 676.0, "y": 1028.0}, {"x": 494.0, "y": 1027.0}]}, "description": "Guacamole"}, {"boundingPoly": {"vertices": [{"x": 452.0, "y": 1029.0}, {"x": 759.0, "y": 1028.0}, {"x": 759.0, "y": 1073.0}, {"x": 452.0, "y": 1074.0}]}, "description": "Blackberry [ZZE"}, {"boundingPoly": {"vertices": [{"x": 1205.0, "y": 944.0}, {"x": 1287.0, "y": 945.0}, {"x": 1286.0, "y": 980.0}, {"x": 1207.0, "y": 981.0}]}, "description": "8.95"}, {"boundingPoly": {"vertices": [{"x": 1206.0, "y": 987.0}, {"x": 1289.0, "y": 987.0}, {"x": 1291.0, "y": 1023.0}, {"x": 1207.0, "y": 1024.0}]}, "description": "2.70"}, {"boundingPoly": {"vertices": [{"x": 1206.0, "y": 1031.0}, {"x": 1292.0, "y": 1032.0}, {"x": 1290.0, "y": 1070.0}, {"x": 1207.0, "y": 1072.0}]}, "description": "3.20"}, {"boundingPoly": {"vertices": [{"x": 449.0, "y": 1177.0}, {"x": 1076.0, "y": 1177.0}, {"x": 1076.0, "y": 1222.0}, {"x": 449.0, "y": 1221.0}]}, "description": "How're we doing? Let us know at"}, {"boundingPoly": {"vertices": [{"x": 449.0, "y": 1226.0}, {"x": 858.0, "y": 1227.0}, {"x": 858.0, "y": 1273.0}, {"x": 449.0, "y": 1272.0}]}, "description": "ChipotleFeedback.com"}, {"boundingPoly": {"vertices": [{"x": 443.0, "y": 1276.0}, {"x": 1096.0, "y": 1276.0}, {"x": 1096.0, "y": 1324.0}, {"x": 443.0, "y": 1323.0}]}, "description": "to win FREE Chipotle for a year!"}, {"boundingPoly": {"vertices": [{"x": 442.0, "y": 1329.0}, {"x": 687.0, "y": 1329.0}, {"x": 687.0, "y": 1375.0}, {"x": 442.0, "y": 1375.0}]}, "description": " Unique Code:"}, {"boundingPoly": {"vertices": [{"x": 457.0, "y": 1429.0}, {"x": 1003.0, "y": 1427.0}, {"x": 1003.0, "y": 1473.0}, {"x": 457.0, "y": 1475.0}]}, "description": "558 001 100 151 110 719 11"}, {"boundingPoly": {"vertices": [{"x": 431.0, "y": 1535.0}, {"x": 1206.0, "y": 1534.0}, {"x": 1207.0, "y": 1582.0}, {"x": 431.0, "y": 1584.0}]}, "description": "For complete rules visit our website."}, {"boundingPoly": {"vertices": [{"x": 423.0, "y": 1698.0}, {"x": 596.0, "y": 1699.0}, {"x": 596.0, "y": 1747.0}, {"x": 423.0, "y": 1746.0}]}, "description": "Subtotal"}, {"boundingPoly": {"vertices": [{"x": 421.0, "y": 1758.0}, {"x": 490.0, "y": 1758.0}, {"x": 487.0, "y": 1801.0}, {"x": 418.0, "y": 1800.0}]}, "description": "Tax"}, {"boundingPoly": {"vertices": [{"x": 1216.0, "y": 1697.0}, {"x": 1324.0, "y": 1695.0}, {"x": 1322.0, "y": 1742.0}, {"x": 1216.0, "y": 1742.0}]}, "description": "14.85"}, {"boundingPoly": {"vertices": [{"x": 1237.0, "y": 1751.0}, {"x": 1327.0, "y": 1749.0}, {"x": 1328.0, "y": 1798.0}, {"x": 1238.0, "y": 1800.0}]}, "description": "1.32"}, {"boundingPoly": {"vertices": [{"x": 413.0, "y": 1866.0}, {"x": 722.0, "y": 1867.0}, {"x": 722.0, "y": 1916.0}, {"x": 413.0, "y": 1915.0}]}, "description": "TAKE OUT Total"}, {"boundingPoly": {"vertices": [{"x": 406.0, "y": 1926.0}, {"x": 569.0, "y": 1925.0}, {"x": 570.0, "y": 1974.0}, {"x": 406.0, "y": 1975.0}]}, "description": "CP Card"}, {"boundingPoly": {"vertices": [{"x": 451.0, "y": 1983.0}, {"x": 727.0, "y": 1983.0}, {"x": 727.0, "y": 2037.0}, {"x": 451.0, "y": 2037.0}]}, "description": " Authorizing .."}, {"boundingPoly": {"vertices": [{"x": 400.0, "y": 2043.0}, {"x": 659.0, "y": 2044.0}, {"x": 659.0, "y": 2094.0}, {"x": 400.0, "y": 2093.0}]}, "description": "Balance Due"}, {"boundingPoly": {"vertices": [{"x": 1229.0, "y": 1866.0}, {"x": 1336.0, "y": 1865.0}, {"x": 1337.0, "y": 1912.0}, {"x": 1230.0, "y": 1914.0}]}, "description": "16.17"}, {"boundingPoly": {"vertices": [{"x": 1232.0, "y": 1924.0}, {"x": 1340.0, "y": 1921.0}, {"x": 1338.0, "y": 1969.0}, {"x": 1232.0, "y": 1971.0}]}, "description": "16.17"}, {"boundingPoly": {"vertices": [{"x": 736.0, "y": 1990.0}, {"x": 757.0, "y": 1990.0}, {"x": 757.0, "y": 2038.0}, {"x": 736.0, "y": 2038.0}]}, "description": " ."}, {"boundingPoly": {"vertices": [{"x": 1234.0, "y": 2040.0}, {"x": 1347.0, "y": 2035.0}, {"x": 1349.0, "y": 2086.0}, {"x": 1236.0, "y": 2090.0}]}, "description": "16.17"}, {"boundingPoly": {"vertices": [{"x": 647.0, "y": 2165.0}, {"x": 969.0, "y": 2165.0}, {"x": 969.0, "y": 2218.0}, {"x": 647.0, "y": 2218.0}]}, "description": " Bathroom Coce:"}, {"boundingPoly": {"vertices": [{"x": 550.0, "y": 2229.0}, {"x": 673.0, "y": 2229.0}, {"x": 673.0, "y": 2281.0}, {"x": 550.0, "y": 2281.0}]}, "description": " Order"}, {"boundingPoly": {"vertices": [{"x": 979.0, "y": 2163.0}, {"x": 1081.0, "y": 2163.0}, {"x": 1081.0, "y": 2218.0}, {"x": 979.0, "y": 2218.0}]}, "description": " 5186"}, {"boundingPoly": {"vertices": [{"x": 682.0, "y": 2229.0}, {"x": 1200.0, "y": 2229.0}, {"x": 1200.0, "y": 2281.0}, {"x": 682.0, "y": 2281.0}]}, "description": " online at chipot e.com"}]}