{"textAnnotations": [{"boundingPoly": {"vertices": [{"x": 385.0, "y": 78.0}, {"x": 734.0, "y": 99.0}, {"x": 729.0, "y": 176.0}, {"x": 380.0, "y": 153.0}]}, "description": "2140808"}, {"boundingPoly": {"vertices": [{"x": 346.0, "y": 239.0}, {"x": 1417.0, "y": 241.0}, {"x": 1416.0, "y": 284.0}, {"x": 346.0, "y": 279.0}]}, "description": "merchant address"}, {"boundingPoly": {"vertices": [{"x": 458.0, "y": 283.0}, {"x": 861.0, "y": 283.0}, {"x": 861.0, "y": 323.0}, {"x": 458.0, "y": 323.0}]}, "description": "merchant phone"}, {"boundingPoly": {"vertices": [{"x": 571.0, "y": 327.0}, {"x": 731.0, "y": 327.0}, {"x": 731.0, "y": 371.0}, {"x": 571.0, "y": 371.0}]}, "description": " Website"}, {"boundingPoly": {"vertices": [{"x": 778.0, "y": 78.0}, {"x": 917.0, "y": 78.0}, {"x": 915.0, "y": 144.0}, {"x": 775.0, "y": 139.0}]}, "description": "merchant name"}, {"boundingPoly": {"vertices": [{"x": 763.0, "y": 155.0}, {"x": 940.0, "y": 156.0}, {"x": 939.0, "y": 191.0}, {"x": 762.0, "y": 187.0}]}, "description": "merchant address"}, {"boundingPoly": {"vertices": [{"x": 768.0, "y": 194.0}, {"x": 930.0, "y": 195.0}, {"x": 930.0, "y": 224.0}, {"x": 768.0, "y": 223.0}]}, "description": "merchant address"}, {"boundingPoly": {"vertices": [{"x": 336.0, "y": 284.0}, {"x": 453.0, "y": 284.0}, {"x": 453.0, "y": 321.0}, {"x": 336.0, "y": 321.0}]}, "description": " Phone"}, {"boundingPoly": {"vertices": [{"x": 866.0, "y": 283.0}, {"x": 1405.0, "y": 283.0}, {"x": 1405.0, "y": 329.0}, {"x": 866.0, "y": 329.0}]}, "description": " : 033-2223 1766, 2223 8805"}, {"boundingPoly": {"vertices": [{"x": 738.0, "y": 329.0}, {"x": 1158.0, "y": 329.0}, {"x": 1158.0, "y": 380.0}, {"x": 738.0, "y": 380.0}]}, "description": " : www.tajhotels.com"}, {"boundingPoly": {"vertices": [{"x": 968.0, "y": 397.0}, {"x": 1210.0, "y": 405.0}, {"x": 1208.0, "y": 453.0}, {"x": 967.0, "y": 445.0}]}, "description": "SONARGOAN"}, {"boundingPoly": {"vertices": [{"x": 969.0, "y": 362.0}, {"x": 1052.0, "y": 362.0}, {"x": 1052.0, "y": 400.0}, {"x": 969.0, "y": 400.0}]}, "description": " Tax"}, {"boundingPoly": {"vertices": [{"x": 1073.0, "y": 361.0}, {"x": 1256.0, "y": 361.0}, {"x": 1256.0, "y": 403.0}, {"x": 1073.0, "y": 403.0}]}, "description": " Invoice"}, {"boundingPoly": {"vertices": [{"x": 306.0, "y": 497.0}, {"x": 544.0, "y": 500.0}, {"x": 543.0, "y": 577.0}, {"x": 306.0, "y": 574.0}]}, "description": "OiSERIE"}, {"boundingPoly": {"vertices": [{"x": 647.0, "y": 497.0}, {"x": 838.0, "y": 499.0}, {"x": 837.0, "y": 552.0}, {"x": 646.0, "y": 551.0}]}, "description": "BILL NO"}, {"boundingPoly": {"vertices": [{"x": 638.0, "y": 556.0}, {"x": 1485.0, "y": 556.0}, {"x": 1485.0, "y": 629.0}, {"x": 638.0, "y": 629.0}]}, "description": " 0300403773 20/10/2019 10:41 PM 4"}, {"boundingPoly": {"vertices": [{"x": 642.0, "y": 637.0}, {"x": 838.0, "y": 637.0}, {"x": 838.0, "y": 679.0}, {"x": 642.0, "y": 679.0}]}, "description": " CASHIER"}, {"boundingPoly": {"vertices": [{"x": 639.0, "y": 677.0}, {"x": 814.0, "y": 677.0}, {"x": 814.0, "y": 723.0}, {"x": 639.0, "y": 723.0}]}, "description": " WAITER"}, {"boundingPoly": {"vertices": [{"x": 964.0, "y": 505.0}, {"x": 1190.0, "y": 505.0}, {"x": 1190.0, "y": 569.0}, {"x": 964.0, "y": 569.0}]}, "description": " DATE AND"}, {"boundingPoly": {"vertices": [{"x": 885.0, "y": 608.0}, {"x": 974.0, "y": 608.0}, {"x": 974.0, "y": 642.0}, {"x": 885.0, "y": 642.0}]}, "description": " :20"}, {"boundingPoly": {"vertices": [{"x": 1197.0, "y": 515.0}, {"x": 1310.0, "y": 515.0}, {"x": 1310.0, "y": 571.0}, {"x": 1197.0, "y": 571.0}]}, "description": " TIME"}, {"boundingPoly": {"vertices": [{"x": 1398.0, "y": 526.0}, {"x": 1488.0, "y": 530.0}, {"x": 1485.0, "y": 578.0}, {"x": 1397.0, "y": 574.0}]}, "description": "PAX"}, {"boundingPoly": {"vertices": [{"x": 648.0, "y": 602.0}, {"x": 867.0, "y": 602.0}, {"x": 867.0, "y": 642.0}, {"x": 648.0, "y": 642.0}]}, "description": " TABLE NO"}, {"boundingPoly": {"vertices": [{"x": 854.0, "y": 639.0}, {"x": 974.0, "y": 639.0}, {"x": 974.0, "y": 681.0}, {"x": 854.0, "y": 681.0}]}, "description": " : SUD"}, {"boundingPoly": {"vertices": [{"x": 828.0, "y": 680.0}, {"x": 951.0, "y": 680.0}, {"x": 951.0, "y": 724.0}, {"x": 828.0, "y": 724.0}]}, "description": " :SUD"}, {"boundingPoly": {"vertices": [{"x": 990.0, "y": 642.0}, {"x": 1499.0, "y": 642.0}, {"x": 1499.0, "y": 691.0}, {"x": 990.0, "y": 691.0}]}, "description": " : Sudeep Chakravorty"}, {"boundingPoly": {"vertices": [{"x": 280.0, "y": 700.0}, {"x": 522.0, "y": 694.0}, {"x": 523.0, "y": 750.0}, {"x": 280.0, "y": 755.0}]}, "description": "amigaon it"}, {"boundingPoly": {"vertices": [{"x": 964.0, "y": 682.0}, {"x": 1483.0, "y": 682.0}, {"x": 1483.0, "y": 732.0}, {"x": 964.0, "y": 732.0}]}, "description": " :Sudeep Chakravorty"}, {"boundingPoly": {"vertices": [{"x": 689.0, "y": 781.0}, {"x": 1054.0, "y": 777.0}, {"x": 1055.0, "y": 826.0}, {"x": 689.0, "y": 831.0}]}, "description": "Qty Menu Item"}, {"boundingPoly": {"vertices": [{"x": 1413.0, "y": 783.0}, {"x": 1576.0, "y": 783.0}, {"x": 1576.0, "y": 826.0}, {"x": 1413.0, "y": 825.0}]}, "description": "Amount"}, {"boundingPoly": {"vertices": [{"x": 240.0, "y": 892.0}, {"x": 508.0, "y": 886.0}, {"x": 507.0, "y": 995.0}, {"x": 239.0, "y": 996.0}]}, "description": "ouk"}, {"boundingPoly": {"vertices": [{"x": 625.0, "y": 886.0}, {"x": 1012.0, "y": 886.0}, {"x": 1012.0, "y": 944.0}, {"x": 625.0, "y": 944.0}]}, "description": " SAC/HSN Code:"}, {"boundingPoly": {"vertices": [{"x": 1022.0, "y": 883.0}, {"x": 1200.0, "y": 883.0}, {"x": 1200.0, "y": 938.0}, {"x": 1022.0, "y": 938.0}]}, "description": " 996332"}, {"boundingPoly": {"vertices": [{"x": 625.0, "y": 946.0}, {"x": 1281.0, "y": 941.0}, {"x": 1282.0, "y": 993.0}, {"x": 625.0, "y": 999.0}]}, "description": "1.000 MACHHLI GANDHARAJ"}, {"boundingPoly": {"vertices": [{"x": 622.0, "y": 1005.0}, {"x": 1295.0, "y": 999.0}, {"x": 1295.0, "y": 1052.0}, {"x": 622.0, "y": 1058.0}]}, "description": "1.000 KOSHA MANGSHO S/G"}, {"boundingPoly": {"vertices": [{"x": 622.0, "y": 1065.0}, {"x": 1119.0, "y": 1062.0}, {"x": 1120.0, "y": 1114.0}, {"x": 622.0, "y": 1117.0}]}, "description": "1.000 NAAN GARLIC"}, {"boundingPoly": {"vertices": [{"x": 626.0, "y": 1123.0}, {"x": 1070.0, "y": 1118.0}, {"x": 1071.0, "y": 1179.0}, {"x": 626.0, "y": 1181.0}]}, "description": "2.000 LUCHI S/G"}, {"boundingPoly": {"vertices": [{"x": 623.0, "y": 1186.0}, {"x": 1228.0, "y": 1182.0}, {"x": 1229.0, "y": 1240.0}, {"x": 624.0, "y": 1244.0}]}, "description": "1.000 SORSON KA PHOOL"}, {"boundingPoly": {"vertices": [{"x": 624.0, "y": 1250.0}, {"x": 1276.0, "y": 1245.0}, {"x": 1277.0, "y": 1303.0}, {"x": 624.0, "y": 1308.0}]}, "description": "1.000 PANEER SONARGAON"}, {"boundingPoly": {"vertices": [{"x": 620.0, "y": 1316.0}, {"x": 1187.0, "y": 1312.0}, {"x": 1188.0, "y": 1370.0}, {"x": 620.0, "y": 1374.0}]}, "description": "1.000 DAL SONARGAON"}, {"boundingPoly": {"vertices": [{"x": 620.0, "y": 1383.0}, {"x": 1238.0, "y": 1378.0}, {"x": 1238.0, "y": 1432.0}, {"x": 620.0, "y": 1439.0}]}, "description": "2.000 TAWA PHULKA S/G"}, {"boundingPoly": {"vertices": [{"x": 617.0, "y": 1478.0}, {"x": 1375.0, "y": 1461.0}, {"x": 1376.0, "y": 1507.0}, {"x": 617.0, "y": 1525.0}]}, "description": "1.000 SANGRIA-PEACH AND H"}, {"boundingPoly": {"vertices": [{"x": 1394.0, "y": 940.0}, {"x": 1596.0, "y": 940.0}, {"x": 1596.0, "y": 994.0}, {"x": 1394.0, "y": 994.0}]}, "description": "1250.00"}, {"boundingPoly": {"vertices": [{"x": 1402.0, "y": 997.0}, {"x": 1600.0, "y": 998.0}, {"x": 1600.0, "y": 1053.0}, {"x": 1401.0, "y": 1052.0}]}, "description": "1400.00"}, {"boundingPoly": {"vertices": [{"x": 1428.0, "y": 1059.0}, {"x": 1600.0, "y": 1060.0}, {"x": 1600.0, "y": 1115.0}, {"x": 1428.0, "y": 1114.0}]}, "description": "250.00"}, {"boundingPoly": {"vertices": [{"x": 1432.0, "y": 1118.0}, {"x": 1601.0, "y": 1119.0}, {"x": 1602.0, "y": 1177.0}, {"x": 1431.0, "y": 1178.0}]}, "description": "500.00"}, {"boundingPoly": {"vertices": [{"x": 1433.0, "y": 1183.0}, {"x": 1606.0, "y": 1185.0}, {"x": 1605.0, "y": 1242.0}, {"x": 1432.0, "y": 1240.0}]}, "description": "950.00"}, {"boundingPoly": {"vertices": [{"x": 1406.0, "y": 1245.0}, {"x": 1606.0, "y": 1245.0}, {"x": 1606.0, "y": 1305.0}, {"x": 1406.0, "y": 1304.0}]}, "description": "1050.00"}, {"boundingPoly": {"vertices": [{"x": 1430.0, "y": 1310.0}, {"x": 1614.0, "y": 1309.0}, {"x": 1614.0, "y": 1368.0}, {"x": 1430.0, "y": 1369.0}]}, "description": "850.00"}, {"boundingPoly": {"vertices": [{"x": 1434.0, "y": 1376.0}, {"x": 1613.0, "y": 1375.0}, {"x": 1613.0, "y": 1426.0}, {"x": 1434.0, "y": 1426.0}]}, "description": "450.00"}, {"boundingPoly": {"vertices": [{"x": 197.0, "y": 1155.0}, {"x": 481.0, "y": 1194.0}, {"x": 472.0, "y": 1313.0}, {"x": 174.0, "y": 1279.0}]}, "description": "Colgo"}, {"boundingPoly": {"vertices": [{"x": 76.0, "y": 1328.0}, {"x": 124.0, "y": 1344.0}, {"x": 112.0, "y": 1383.0}, {"x": 63.0, "y": 1367.0}]}, "description": "00"}, {"boundingPoly": {"vertices": [{"x": 622.0, "y": 1432.0}, {"x": 1017.0, "y": 1432.0}, {"x": 1017.0, "y": 1478.0}, {"x": 622.0, "y": 1478.0}]}, "description": " SAC/HSN Code:"}, {"boundingPoly": {"vertices": [{"x": 1034.0, "y": 1432.0}, {"x": 1165.0, "y": 1432.0}, {"x": 1165.0, "y": 1471.0}, {"x": 1034.0, "y": 1471.0}]}, "description": " None"}, {"boundingPoly": {"vertices": [{"x": 122.0, "y": 1492.0}, {"x": 480.0, "y": 1473.0}, {"x": 485.0, "y": 1567.0}, {"x": 127.0, "y": 1587.0}]}, "description": "EJUNCTION"}, {"boundingPoly": {"vertices": [{"x": 803.0, "y": 1523.0}, {"x": 925.0, "y": 1521.0}, {"x": 925.0, "y": 1566.0}, {"x": 804.0, "y": 1571.0}]}, "description": "ONEY"}, {"boundingPoly": {"vertices": [{"x": 1445.0, "y": 1504.0}, {"x": 1653.0, "y": 1502.0}, {"x": 1653.0, "y": 1549.0}, {"x": 1446.0, "y": 1552.0}]}, "description": "1250.00"}, {"boundingPoly": {"vertices": [{"x": 679.0, "y": 1649.0}, {"x": 836.0, "y": 1643.0}, {"x": 838.0, "y": 1692.0}, {"x": 679.0, "y": 1703.0}]}, "description": "Total"}, {"boundingPoly": {"vertices": [{"x": 1449.0, "y": 1612.0}, {"x": 1678.0, "y": 1607.0}, {"x": 1680.0, "y": 1664.0}, {"x": 1451.0, "y": 1672.0}]}, "description": "7950.00"}, {"boundingPoly": {"vertices": [{"x": 611.0, "y": 1693.0}, {"x": 1042.0, "y": 1693.0}, {"x": 1042.0, "y": 1777.0}, {"x": 611.0, "y": 1777.0}]}, "description": " SAC/HSN Code:"}, {"boundingPoly": {"vertices": [{"x": 902.0, "y": 1828.0}, {"x": 980.0, "y": 1828.0}, {"x": 980.0, "y": 1897.0}, {"x": 902.0, "y": 1897.0}]}, "description": " 9%"}, {"boundingPoly": {"vertices": [{"x": 1052.0, "y": 1684.0}, {"x": 1258.0, "y": 1684.0}, {"x": 1258.0, "y": 1755.0}, {"x": 1052.0, "y": 1755.0}]}, "description": " 996332"}, {"boundingPoly": {"vertices": [{"x": 1501.0, "y": 1736.0}, {"x": 1701.0, "y": 1731.0}, {"x": 1703.0, "y": 1792.0}, {"x": 1503.0, "y": 1799.0}]}, "description": "603.00"}, {"boundingPoly": {"vertices": [{"x": 1513.0, "y": 1806.0}, {"x": 1716.0, "y": 1799.0}, {"x": 1718.0, "y": 1857.0}, {"x": 1515.0, "y": 1862.0}]}, "description": "603.00"}, {"boundingPoly": {"vertices": [{"x": 42.0, "y": 1806.0}, {"x": 450.0, "y": 1788.0}, {"x": 452.0, "y": 1838.0}, {"x": 45.0, "y": 1856.0}]}, "description": "THE PROMENADE"}, {"boundingPoly": {"vertices": [{"x": 670.0, "y": 1769.0}, {"x": 821.0, "y": 1769.0}, {"x": 821.0, "y": 1840.0}, {"x": 670.0, "y": 1840.0}]}, "description": " CGST"}, {"boundingPoly": {"vertices": [{"x": 670.0, "y": 1843.0}, {"x": 822.0, "y": 1843.0}, {"x": 822.0, "y": 1909.0}, {"x": 670.0, "y": 1909.0}]}, "description": " SGST"}, {"boundingPoly": {"vertices": [{"x": 832.0, "y": 1769.0}, {"x": 884.0, "y": 1769.0}, {"x": 884.0, "y": 1830.0}, {"x": 832.0, "y": 1830.0}]}, "description": " @"}, {"boundingPoly": {"vertices": [{"x": 832.0, "y": 1837.0}, {"x": 888.0, "y": 1837.0}, {"x": 888.0, "y": 1901.0}, {"x": 832.0, "y": 1901.0}]}, "description": " @"}, {"boundingPoly": {"vertices": [{"x": 895.0, "y": 1769.0}, {"x": 973.0, "y": 1769.0}, {"x": 973.0, "y": 1828.0}, {"x": 895.0, "y": 1828.0}]}, "description": " 9%"}, {"boundingPoly": {"vertices": [{"x": 176.0, "y": 1851.0}, {"x": 305.0, "y": 1846.0}, {"x": 306.0, "y": 1877.0}, {"x": 176.0, "y": 1880.0}]}, "description": "LOUNGE"}, {"boundingPoly": {"vertices": [{"x": 1395.0, "y": 1902.0}, {"x": 1475.0, "y": 1899.0}, {"x": 1476.0, "y": 1919.0}, {"x": 1396.0, "y": 1923.0}]}, "description": "---"}, {"boundingPoly": {"vertices": [{"x": 1498.0, "y": 1946.0}, {"x": 1740.0, "y": 1935.0}, {"x": 1743.0, "y": 1999.0}, {"x": 1501.0, "y": 2010.0}]}, "description": "9156.00"}, {"boundingPoly": {"vertices": [{"x": 8.0, "y": 2050.0}, {"x": 503.0, "y": 2038.0}, {"x": 504.0, "y": 2134.0}, {"x": 11.0, "y": 2148.0}]}, "description": "La Patisserie"}, {"boundingPoly": {"vertices": [{"x": 668.0, "y": 1991.0}, {"x": 1037.0, "y": 1974.0}, {"x": 1041.0, "y": 2039.0}, {"x": 671.0, "y": 2057.0}]}, "description": "Grand Total"}, {"boundingPoly": {"vertices": [{"x": 268.0, "y": 2133.0}, {"x": 497.0, "y": 2132.0}, {"x": 498.0, "y": 2208.0}, {"x": 271.0, "y": 2214.0}]}, "description": "& Deli"}]}