{"textAnnotations": [{"boundingPoly": {"vertices": [{"x": 182.0, "y": 103.0}, {"x": 346.0, "y": 106.0}, {"x": 345.0, "y": 120.0}, {"x": 182.0, "y": 117.0}]}, "description": "merchant name"}, {"boundingPoly": {"vertices": [{"x": 161.0, "y": 131.0}, {"x": 369.0, "y": 133.0}, {"x": 369.0, "y": 147.0}, {"x": 161.0, "y": 145.0}]}, "description": "merchant address"}, {"boundingPoly": {"vertices": [{"x": 177.0, "y": 117.0}, {"x": 355.0, "y": 120.0}, {"x": 355.0, "y": 134.0}, {"x": 176.0, "y": 131.0}]}, "description": "merchant address"}, {"boundingPoly": {"vertices": [{"x": 232.0, "y": 160.0}, {"x": 308.0, "y": 162.0}, {"x": 307.0, "y": 175.0}, {"x": 232.0, "y": 174.0}]}, "description": "CHK 721034"}, {"boundingPoly": {"vertices": [{"x": 210.0, "y": 175.0}, {"x": 329.0, "y": 175.0}, {"x": 329.0, "y": 192.0}, {"x": 210.0, "y": 192.0}]}, "description": " 24/10/2019 14:33"}, {"boundingPoly": {"vertices": [{"x": 239.0, "y": 192.0}, {"x": 297.0, "y": 192.0}, {"x": 297.0, "y": 206.0}, {"x": 239.0, "y": 206.0}]}, "description": " Drawer:"}, {"boundingPoly": {"vertices": [{"x": 167.0, "y": 188.0}, {"x": 225.0, "y": 189.0}, {"x": 225.0, "y": 204.0}, {"x": 166.0, "y": 203.0}]}, "description": "1920797"}, {"boundingPoly": {"vertices": [{"x": 299.0, "y": 192.0}, {"x": 354.0, "y": 192.0}, {"x": 354.0, "y": 208.0}, {"x": 299.0, "y": 208.0}]}, "description": " 1 Reg:"}, {"boundingPoly": {"vertices": [{"x": 191.0, "y": 219.0}, {"x": 328.0, "y": 223.0}, {"x": 328.0, "y": 239.0}, {"x": 190.0, "y": 235.0}]}, "description": "Take Away"}, {"boundingPoly": {"vertices": [{"x": 137.0, "y": 252.0}, {"x": 233.0, "y": 252.0}, {"x": 233.0, "y": 269.0}, {"x": 137.0, "y": 268.0}]}, "description": "Paper Cup 5P"}, {"boundingPoly": {"vertices": [{"x": 137.0, "y": 270.0}, {"x": 171.0, "y": 271.0}, {"x": 170.0, "y": 284.0}, {"x": 137.0, "y": 284.0}]}, "description": "Amex"}, {"boundingPoly": {"vertices": [{"x": 135.0, "y": 286.0}, {"x": 266.0, "y": 288.0}, {"x": 265.0, "y": 305.0}, {"x": 135.0, "y": 302.0}]}, "description": "XXXXXXXXXXXX1004"}, {"boundingPoly": {"vertices": [{"x": 357.0, "y": 193.0}, {"x": 365.0, "y": 193.0}, {"x": 365.0, "y": 209.0}, {"x": 357.0, "y": 209.0}]}, "description": " 1"}, {"boundingPoly": {"vertices": [{"x": 139.0, "y": 235.0}, {"x": 234.0, "y": 238.0}, {"x": 234.0, "y": 253.0}, {"x": 139.0, "y": 250.0}]}, "description": "Vt Americano"}, {"boundingPoly": {"vertices": [{"x": 350.0, "y": 240.0}, {"x": 382.0, "y": 240.0}, {"x": 382.0, "y": 255.0}, {"x": 350.0, "y": 255.0}]}, "description": "3.10"}, {"boundingPoly": {"vertices": [{"x": 351.0, "y": 257.0}, {"x": 383.0, "y": 257.0}, {"x": 383.0, "y": 271.0}, {"x": 352.0, "y": 271.0}]}, "description": "0.05"}, {"boundingPoly": {"vertices": [{"x": 351.0, "y": 273.0}, {"x": 383.0, "y": 273.0}, {"x": 384.0, "y": 288.0}, {"x": 351.0, "y": 288.0}]}, "description": "3.15"}, {"boundingPoly": {"vertices": [{"x": 159.0, "y": 324.0}, {"x": 363.0, "y": 324.0}, {"x": 363.0, "y": 343.0}, {"x": 159.0, "y": 343.0}]}, "description": " 0.53 Tax Incl.@20%. Sales:"}, {"boundingPoly": {"vertices": [{"x": 361.0, "y": 342.0}, {"x": 403.0, "y": 341.0}, {"x": 403.0, "y": 356.0}, {"x": 362.0, "y": 356.0}]}, "description": "92.62"}, {"boundingPoly": {"vertices": [{"x": 369.0, "y": 358.0}, {"x": 405.0, "y": 358.0}, {"x": 405.0, "y": 373.0}, {"x": 370.0, "y": 374.0}]}, "description": "3.15"}, {"boundingPoly": {"vertices": [{"x": 364.0, "y": 375.0}, {"x": 407.0, "y": 374.0}, {"x": 407.0, "y": 389.0}, {"x": 364.0, "y": 391.0}]}, "description": "$2.62"}, {"boundingPoly": {"vertices": [{"x": 366.0, "y": 394.0}, {"x": 407.0, "y": 393.0}, {"x": 408.0, "y": 408.0}, {"x": 367.0, "y": 409.0}]}, "description": "$3.15"}, {"boundingPoly": {"vertices": [{"x": 368.0, "y": 411.0}, {"x": 409.0, "y": 411.0}, {"x": 410.0, "y": 426.0}, {"x": 368.0, "y": 427.0}]}, "description": "\u00a33.15"}, {"boundingPoly": {"vertices": [{"x": 352.0, "y": 430.0}, {"x": 436.0, "y": 429.0}, {"x": 436.0, "y": 446.0}, {"x": 352.0, "y": 448.0}]}, "description": "\u00a30.00"}, {"boundingPoly": {"vertices": [{"x": 366.0, "y": 326.0}, {"x": 402.0, "y": 326.0}, {"x": 402.0, "y": 343.0}, {"x": 366.0, "y": 343.0}]}, "description": " 3.15"}, {"boundingPoly": {"vertices": [{"x": 135.0, "y": 343.0}, {"x": 217.0, "y": 343.0}, {"x": 217.0, "y": 362.0}, {"x": 135.0, "y": 362.0}]}, "description": " Net Total:"}, {"boundingPoly": {"vertices": [{"x": 158.0, "y": 361.0}, {"x": 226.0, "y": 365.0}, {"x": 225.0, "y": 380.0}, {"x": 157.0, "y": 377.0}]}, "description": "0 53 Tax"}, {"boundingPoly": {"vertices": [{"x": 132.0, "y": 380.0}, {"x": 218.0, "y": 380.0}, {"x": 218.0, "y": 397.0}, {"x": 132.0, "y": 397.0}]}, "description": " Net Total:"}, {"boundingPoly": {"vertices": [{"x": 130.0, "y": 397.0}, {"x": 198.0, "y": 397.0}, {"x": 198.0, "y": 414.0}, {"x": 130.0, "y": 413.0}]}, "description": "Subtotal"}, {"boundingPoly": {"vertices": [{"x": 130.0, "y": 415.0}, {"x": 172.0, "y": 415.0}, {"x": 172.0, "y": 432.0}, {"x": 130.0, "y": 431.0}]}, "description": "Total"}, {"boundingPoly": {"vertices": [{"x": 101.0, "y": 434.0}, {"x": 272.0, "y": 434.0}, {"x": 272.0, "y": 452.0}, {"x": 101.0, "y": 452.0}]}, "description": "Change Due"}, {"boundingPoly": {"vertices": [{"x": 202.0, "y": 473.0}, {"x": 316.0, "y": 471.0}, {"x": 317.0, "y": 490.0}, {"x": 202.0, "y": 492.0}]}, "description": "Check Closed"}, {"boundingPoly": {"vertices": [{"x": 201.0, "y": 492.0}, {"x": 341.0, "y": 492.0}, {"x": 341.0, "y": 514.0}, {"x": 201.0, "y": 514.0}]}, "description": " 24/10/2019 14:33"}, {"boundingPoly": {"vertices": [{"x": 167.0, "y": 629.0}, {"x": 377.0, "y": 624.0}, {"x": 378.0, "y": 645.0}, {"x": 168.0, "y": 651.0}]}, "description": "VAT NUMBER 651 4463 45"}]}