{"textAnnotations": [{"boundingPoly": {"vertices": [{"x": 57.0, "y": 60.0}, {"x": 241.0, "y": 56.0}, {"x": 242.0, "y": 85.0}, {"x": 57.0, "y": 89.0}]}, "description": "merchant name"}, {"boundingPoly": {"vertices": [{"x": 216.0, "y": 87.0}, {"x": 248.0, "y": 87.0}, {"x": 248.0, "y": 104.0}, {"x": 216.0, "y": 104.0}]}, "description": "merchant address"}, {"boundingPoly": {"vertices": [{"x": 94.0, "y": 106.0}, {"x": 244.0, "y": 106.0}, {"x": 244.0, "y": 126.0}, {"x": 94.0, "y": 126.0}]}, "description": "merchant address"}, {"boundingPoly": {"vertices": [{"x": 80.0, "y": 127.0}, {"x": 120.0, "y": 127.0}, {"x": 120.0, "y": 146.0}, {"x": 80.0, "y": 146.0}]}, "description": "merchant address"}, {"boundingPoly": {"vertices": [{"x": 96.0, "y": 147.0}, {"x": 205.0, "y": 145.0}, {"x": 206.0, "y": 162.0}, {"x": 96.0, "y": 165.0}]}, "description": "merchant address"}, {"boundingPoly": {"vertices": [{"x": 126.0, "y": 165.0}, {"x": 249.0, "y": 165.0}, {"x": 249.0, "y": 183.0}, {"x": 126.0, "y": 183.0}]}, "description": " : 06AABCD5534A179"}, {"boundingPoly": {"vertices": [{"x": 196.0, "y": 184.0}, {"x": 249.0, "y": 184.0}, {"x": 249.0, "y": 201.0}, {"x": 196.0, "y": 201.0}]}, "description": " :996331"}, {"boundingPoly": {"vertices": [{"x": 51.0, "y": 89.0}, {"x": 106.0, "y": 89.0}, {"x": 106.0, "y": 107.0}, {"x": 51.0, "y": 107.0}]}, "description": "merchant address"}, {"boundingPoly": {"vertices": [{"x": 109.0, "y": 88.0}, {"x": 213.0, "y": 88.0}, {"x": 213.0, "y": 106.0}, {"x": 109.0, "y": 106.0}]}, "description": "merchant address"}, {"boundingPoly": {"vertices": [{"x": 61.0, "y": 108.0}, {"x": 92.0, "y": 108.0}, {"x": 92.0, "y": 126.0}, {"x": 61.0, "y": 126.0}]}, "description": "merchant address"}, {"boundingPoly": {"vertices": [{"x": 123.0, "y": 127.0}, {"x": 220.0, "y": 127.0}, {"x": 220.0, "y": 144.0}, {"x": 123.0, "y": 144.0}]}, "description": "merchant address"}, {"boundingPoly": {"vertices": [{"x": 53.0, "y": 166.0}, {"x": 123.0, "y": 166.0}, {"x": 123.0, "y": 184.0}, {"x": 53.0, "y": 184.0}]}, "description": " GSTIN No."}, {"boundingPoly": {"vertices": [{"x": 47.0, "y": 185.0}, {"x": 193.0, "y": 185.0}, {"x": 193.0, "y": 203.0}, {"x": 47.0, "y": 203.0}]}, "description": " Service Code Tariff"}, {"boundingPoly": {"vertices": [{"x": 5.0, "y": 224.0}, {"x": 52.0, "y": 224.0}, {"x": 52.0, "y": 241.0}, {"x": 5.0, "y": 241.0}]}, "description": " Tv No"}, {"boundingPoly": {"vertices": [{"x": 5.0, "y": 242.0}, {"x": 48.0, "y": 242.0}, {"x": 48.0, "y": 258.0}, {"x": 5.0, "y": 258.0}]}, "description": " Date:"}, {"boundingPoly": {"vertices": [{"x": 5.0, "y": 260.0}, {"x": 51.0, "y": 260.0}, {"x": 51.0, "y": 276.0}, {"x": 5.0, "y": 276.0}]}, "description": " Staff:"}, {"boundingPoly": {"vertices": [{"x": 4.0, "y": 278.0}, {"x": 45.0, "y": 278.0}, {"x": 44.0, "y": 294.0}, {"x": 4.0, "y": 293.0}]}, "description": "Cust."}, {"boundingPoly": {"vertices": [{"x": 55.0, "y": 223.0}, {"x": 136.0, "y": 223.0}, {"x": 136.0, "y": 239.0}, {"x": 55.0, "y": 239.0}]}, "description": " 41E1912650"}, {"boundingPoly": {"vertices": [{"x": 55.0, "y": 241.0}, {"x": 226.0, "y": 241.0}, {"x": 226.0, "y": 257.0}, {"x": 55.0, "y": 257.0}]}, "description": " 22-08-19 21:18 POS No."}, {"boundingPoly": {"vertices": [{"x": 201.0, "y": 258.0}, {"x": 243.0, "y": 259.0}, {"x": 243.0, "y": 273.0}, {"x": 202.0, "y": 273.0}]}, "description": "Table"}, {"boundingPoly": {"vertices": [{"x": 149.0, "y": 223.0}, {"x": 200.0, "y": 223.0}, {"x": 200.0, "y": 238.0}, {"x": 149.0, "y": 238.0}]}, "description": " ORD No"}, {"boundingPoly": {"vertices": [{"x": 223.0, "y": 221.0}, {"x": 302.0, "y": 221.0}, {"x": 302.0, "y": 237.0}, {"x": 223.0, "y": 237.0}]}, "description": "41E1912661"}, {"boundingPoly": {"vertices": [{"x": 263.0, "y": 239.0}, {"x": 311.0, "y": 240.0}, {"x": 311.0, "y": 255.0}, {"x": 263.0, "y": 255.0}]}, "description": "T41E03"}, {"boundingPoly": {"vertices": [{"x": 285.0, "y": 259.0}, {"x": 296.0, "y": 259.0}, {"x": 295.0, "y": 274.0}, {"x": 284.0, "y": 274.0}]}, "description": "2"}, {"boundingPoly": {"vertices": [{"x": 54.0, "y": 260.0}, {"x": 86.0, "y": 260.0}, {"x": 86.0, "y": 275.0}, {"x": 54.0, "y": 275.0}]}, "description": " Addi"}, {"boundingPoly": {"vertices": [{"x": 61.0, "y": 277.0}, {"x": 190.0, "y": 277.0}, {"x": 190.0, "y": 293.0}, {"x": 61.0, "y": 293.0}]}, "description": "8888888888 -- amex3"}, {"boundingPoly": {"vertices": [{"x": 4.0, "y": 333.0}, {"x": 123.0, "y": 333.0}, {"x": 123.0, "y": 349.0}, {"x": 4.0, "y": 349.0}]}, "description": "8888888688 amex3"}, {"boundingPoly": {"vertices": [{"x": 4.0, "y": 371.0}, {"x": 89.0, "y": 371.0}, {"x": 89.0, "y": 387.0}, {"x": 4.0, "y": 387.0}]}, "description": "Description"}, {"boundingPoly": {"vertices": [{"x": 113.0, "y": 371.0}, {"x": 226.0, "y": 372.0}, {"x": 225.0, "y": 388.0}, {"x": 112.0, "y": 386.0}]}, "description": "Price Qty Disc."}, {"boundingPoly": {"vertices": [{"x": 263.0, "y": 373.0}, {"x": 311.0, "y": 373.0}, {"x": 311.0, "y": 388.0}, {"x": 263.0, "y": 387.0}]}, "description": "Amount"}, {"boundingPoly": {"vertices": [{"x": 6.0, "y": 407.0}, {"x": 134.0, "y": 407.0}, {"x": 134.0, "y": 423.0}, {"x": 6.0, "y": 423.0}]}, "description": " ULTIMAI CHOCOLATE"}, {"boundingPoly": {"vertices": [{"x": 105.0, "y": 425.0}, {"x": 155.0, "y": 426.0}, {"x": 155.0, "y": 441.0}, {"x": 105.0, "y": 441.0}]}, "description": "109.00"}, {"boundingPoly": {"vertices": [{"x": 40.0, "y": 442.0}, {"x": 127.0, "y": 443.0}, {"x": 126.0, "y": 458.0}, {"x": 40.0, "y": 457.0}]}, "description": "BCCIND PRIMO"}, {"boundingPoly": {"vertices": [{"x": 109.0, "y": 461.0}, {"x": 148.0, "y": 461.0}, {"x": 148.0, "y": 476.0}, {"x": 109.0, "y": 476.0}]}, "description": "65.00"}, {"boundingPoly": {"vertices": [{"x": 137.0, "y": 408.0}, {"x": 157.0, "y": 408.0}, {"x": 157.0, "y": 423.0}, {"x": 137.0, "y": 423.0}]}, "description": " TR"}, {"boundingPoly": {"vertices": [{"x": 167.0, "y": 426.0}, {"x": 221.0, "y": 426.0}, {"x": 221.0, "y": 441.0}, {"x": 167.0, "y": 440.0}]}, "description": "1 0.00"}, {"boundingPoly": {"vertices": [{"x": 256.0, "y": 427.0}, {"x": 303.0, "y": 426.0}, {"x": 304.0, "y": 441.0}, {"x": 256.0, "y": 442.0}]}, "description": "108.99"}, {"boundingPoly": {"vertices": [{"x": 166.0, "y": 461.0}, {"x": 182.0, "y": 461.0}, {"x": 182.0, "y": 478.0}, {"x": 166.0, "y": 478.0}]}, "description": " 1"}, {"boundingPoly": {"vertices": [{"x": 186.0, "y": 461.0}, {"x": 221.0, "y": 461.0}, {"x": 221.0, "y": 478.0}, {"x": 186.0, "y": 478.0}]}, "description": " 0.00"}, {"boundingPoly": {"vertices": [{"x": 262.0, "y": 462.0}, {"x": 302.0, "y": 462.0}, {"x": 301.0, "y": 479.0}, {"x": 262.0, "y": 478.0}]}, "description": "64.99"}, {"boundingPoly": {"vertices": [{"x": 4.0, "y": 515.0}, {"x": 65.0, "y": 515.0}, {"x": 65.0, "y": 530.0}, {"x": 4.0, "y": 530.0}]}, "description": "Subtotal"}, {"boundingPoly": {"vertices": [{"x": 4.0, "y": 533.0}, {"x": 189.0, "y": 535.0}, {"x": 189.0, "y": 552.0}, {"x": 4.0, "y": 549.0}]}, "description": "Total Amount (Before Tax)"}, {"boundingPoly": {"vertices": [{"x": 3.0, "y": 552.0}, {"x": 32.0, "y": 552.0}, {"x": 32.0, "y": 569.0}, {"x": 3.0, "y": 569.0}]}, "description": " SGST"}, {"boundingPoly": {"vertices": [{"x": 2.0, "y": 570.0}, {"x": 32.0, "y": 570.0}, {"x": 32.0, "y": 587.0}, {"x": 2.0, "y": 587.0}]}, "description": " CGST"}, {"boundingPoly": {"vertices": [{"x": 1.0, "y": 590.0}, {"x": 89.0, "y": 592.0}, {"x": 89.0, "y": 607.0}, {"x": 0.0, "y": 605.0}]}, "description": "Gross Amount"}, {"boundingPoly": {"vertices": [{"x": 0.0, "y": 609.0}, {"x": 81.0, "y": 611.0}, {"x": 81.0, "y": 626.0}, {"x": 0.0, "y": 623.0}]}, "description": "Bill Amount"}, {"boundingPoly": {"vertices": [{"x": 256.0, "y": 517.0}, {"x": 302.0, "y": 519.0}, {"x": 301.0, "y": 535.0}, {"x": 255.0, "y": 534.0}]}, "description": "173.98"}, {"boundingPoly": {"vertices": [{"x": 254.0, "y": 537.0}, {"x": 301.0, "y": 538.0}, {"x": 300.0, "y": 554.0}, {"x": 254.0, "y": 553.0}]}, "description": "173.98"}, {"boundingPoly": {"vertices": [{"x": 261.0, "y": 556.0}, {"x": 295.0, "y": 557.0}, {"x": 295.0, "y": 573.0}, {"x": 261.0, "y": 572.0}]}, "description": "4.36"}, {"boundingPoly": {"vertices": [{"x": 35.0, "y": 552.0}, {"x": 74.0, "y": 552.0}, {"x": 74.0, "y": 570.0}, {"x": 35.0, "y": 570.0}]}, "description": " @2.5"}, {"boundingPoly": {"vertices": [{"x": 35.0, "y": 571.0}, {"x": 84.0, "y": 571.0}, {"x": 84.0, "y": 588.0}, {"x": 35.0, "y": 588.0}]}, "description": " @ 2.5%"}, {"boundingPoly": {"vertices": [{"x": 199.0, "y": 574.0}, {"x": 232.0, "y": 575.0}, {"x": 231.0, "y": 591.0}, {"x": 199.0, "y": 591.0}]}, "description": "4.36"}, {"boundingPoly": {"vertices": [{"x": 256.0, "y": 595.0}, {"x": 301.0, "y": 596.0}, {"x": 301.0, "y": 613.0}, {"x": 255.0, "y": 613.0}]}, "description": "182.70"}, {"boundingPoly": {"vertices": [{"x": 254.0, "y": 616.0}, {"x": 301.0, "y": 617.0}, {"x": 299.0, "y": 633.0}, {"x": 254.0, "y": 632.0}]}, "description": "182.70"}, {"boundingPoly": {"vertices": [{"x": 3.0, "y": 649.0}, {"x": 64.0, "y": 649.0}, {"x": 64.0, "y": 666.0}, {"x": 3.0, "y": 666.0}]}, "description": " ayments:"}, {"boundingPoly": {"vertices": [{"x": 10.0, "y": 686.0}, {"x": 113.0, "y": 686.0}, {"x": 113.0, "y": 702.0}, {"x": 10.0, "y": 702.0}]}, "description": " Approval Code"}, {"boundingPoly": {"vertices": [{"x": 116.0, "y": 686.0}, {"x": 125.0, "y": 686.0}, {"x": 125.0, "y": 702.0}, {"x": 116.0, "y": 702.0}]}, "description": " 1"}, {"boundingPoly": {"vertices": [{"x": 247.0, "y": 675.0}, {"x": 294.0, "y": 676.0}, {"x": 293.0, "y": 691.0}, {"x": 246.0, "y": 690.0}]}, "description": "182.70"}, {"boundingPoly": {"vertices": [{"x": 1.0, "y": 719.0}, {"x": 286.0, "y": 723.0}, {"x": 285.0, "y": 750.0}, {"x": 1.0, "y": 745.0}]}, "description": "Share Your Feedback"}, {"boundingPoly": {"vertices": [{"x": 23.0, "y": 745.0}, {"x": 280.0, "y": 750.0}, {"x": 279.0, "y": 766.0}, {"x": 22.0, "y": 760.0}]}, "description": "feedback.costaindia@dil-rjcorp.com"}]}