{"textAnnotations": [{"boundingPoly": {"vertices": [{"x": 134.0, "y": 12.0}, {"x": 236.0, "y": 15.0}, {"x": 235.0, "y": 28.0}, {"x": 134.0, "y": 24.0}]}, "description": "merchant address"}, {"boundingPoly": {"vertices": [{"x": 63.0, "y": 22.0}, {"x": 299.0, "y": 33.0}, {"x": 298.0, "y": 48.0}, {"x": 63.0, "y": 37.0}]}, "description": "merchant address"}, {"boundingPoly": {"vertices": [{"x": 146.0, "y": 59.0}, {"x": 230.0, "y": 62.0}, {"x": 229.0, "y": 75.0}, {"x": 146.0, "y": 72.0}]}, "description": "merchant phone"}, {"boundingPoly": {"vertices": [{"x": 119.0, "y": 42.0}, {"x": 254.0, "y": 47.0}, {"x": 253.0, "y": 61.0}, {"x": 118.0, "y": 56.0}]}, "description": "merchant address"}, {"boundingPoly": {"vertices": [{"x": 63.0, "y": 102.0}, {"x": 96.0, "y": 102.0}, {"x": 96.0, "y": 114.0}, {"x": 63.0, "y": 114.0}]}, "description": " Name:"}, {"boundingPoly": {"vertices": [{"x": 64.0, "y": 117.0}, {"x": 119.0, "y": 117.0}, {"x": 119.0, "y": 130.0}, {"x": 64.0, "y": 130.0}]}, "description": " Address:"}, {"boundingPoly": {"vertices": [{"x": 126.0, "y": 116.0}, {"x": 251.0, "y": 116.0}, {"x": 251.0, "y": 129.0}, {"x": 126.0, "y": 129.0}]}, "description": " 4802 Cayview Ave 208"}, {"boundingPoly": {"vertices": [{"x": 125.0, "y": 131.0}, {"x": 226.0, "y": 129.0}, {"x": 227.0, "y": 142.0}, {"x": 125.0, "y": 144.0}]}, "description": "Orlando FL 32819"}, {"boundingPoly": {"vertices": [{"x": 176.0, "y": 160.0}, {"x": 204.0, "y": 160.0}, {"x": 204.0, "y": 174.0}, {"x": 176.0, "y": 175.0}]}, "description": "SALE"}, {"boundingPoly": {"vertices": [{"x": 65.0, "y": 193.0}, {"x": 119.0, "y": 193.0}, {"x": 119.0, "y": 205.0}, {"x": 65.0, "y": 205.0}]}, "description": " Order #:"}, {"boundingPoly": {"vertices": [{"x": 121.0, "y": 193.0}, {"x": 148.0, "y": 193.0}, {"x": 148.0, "y": 205.0}, {"x": 121.0, "y": 205.0}]}, "description": " 0006"}, {"boundingPoly": {"vertices": [{"x": 214.0, "y": 190.0}, {"x": 311.0, "y": 190.0}, {"x": 311.0, "y": 205.0}, {"x": 214.0, "y": 204.0}]}, "description": "Phone / Delivery"}, {"boundingPoly": {"vertices": [{"x": 62.0, "y": 219.0}, {"x": 90.0, "y": 220.0}, {"x": 90.0, "y": 231.0}, {"x": 62.0, "y": 230.0}]}, "description": "John"}, {"boundingPoly": {"vertices": [{"x": 59.0, "y": 234.0}, {"x": 119.0, "y": 234.0}, {"x": 119.0, "y": 248.0}, {"x": 59.0, "y": 248.0}]}, "description": " Out Time:"}, {"boundingPoly": {"vertices": [{"x": 165.0, "y": 219.0}, {"x": 231.0, "y": 219.0}, {"x": 231.0, "y": 233.0}, {"x": 165.0, "y": 232.0}]}, "description": "10/01/2019"}, {"boundingPoly": {"vertices": [{"x": 159.0, "y": 234.0}, {"x": 212.0, "y": 234.0}, {"x": 212.0, "y": 249.0}, {"x": 159.0, "y": 249.0}]}, "description": " 12:46 PM"}, {"boundingPoly": {"vertices": [{"x": 265.0, "y": 221.0}, {"x": 314.0, "y": 221.0}, {"x": 314.0, "y": 235.0}, {"x": 265.0, "y": 235.0}]}, "description": " 12:16 PM"}, {"boundingPoly": {"vertices": [{"x": 59.0, "y": 266.0}, {"x": 88.0, "y": 266.0}, {"x": 88.0, "y": 281.0}, {"x": 59.0, "y": 281.0}]}, "description": " MID:"}, {"boundingPoly": {"vertices": [{"x": 58.0, "y": 284.0}, {"x": 128.0, "y": 284.0}, {"x": 128.0, "y": 298.0}, {"x": 58.0, "y": 298.0}]}, "description": " Card Type:"}, {"boundingPoly": {"vertices": [{"x": 57.0, "y": 300.0}, {"x": 135.0, "y": 300.0}, {"x": 135.0, "y": 315.0}, {"x": 57.0, "y": 315.0}]}, "description": " Entry Mode:"}, {"boundingPoly": {"vertices": [{"x": 59.0, "y": 317.0}, {"x": 129.0, "y": 317.0}, {"x": 129.0, "y": 331.0}, {"x": 59.0, "y": 331.0}]}, "description": " Account #:"}, {"boundingPoly": {"vertices": [{"x": 62.0, "y": 334.0}, {"x": 169.0, "y": 334.0}, {"x": 169.0, "y": 348.0}, {"x": 62.0, "y": 348.0}]}, "description": " Authorization #:"}, {"boundingPoly": {"vertices": [{"x": 61.0, "y": 349.0}, {"x": 145.0, "y": 349.0}, {"x": 145.0, "y": 363.0}, {"x": 61.0, "y": 363.0}]}, "description": " Reference #:"}, {"boundingPoly": {"vertices": [{"x": 64.0, "y": 365.0}, {"x": 125.0, "y": 365.0}, {"x": 125.0, "y": 378.0}, {"x": 64.0, "y": 378.0}]}, "description": " Batch ID:"}, {"boundingPoly": {"vertices": [{"x": 91.0, "y": 267.0}, {"x": 119.0, "y": 267.0}, {"x": 119.0, "y": 281.0}, {"x": 91.0, "y": 281.0}]}, "description": " 2421"}, {"boundingPoly": {"vertices": [{"x": 269.0, "y": 268.0}, {"x": 304.0, "y": 268.0}, {"x": 304.0, "y": 281.0}, {"x": 269.0, "y": 281.0}]}, "description": " Lane:"}, {"boundingPoly": {"vertices": [{"x": 307.0, "y": 268.0}, {"x": 317.0, "y": 268.0}, {"x": 317.0, "y": 281.0}, {"x": 307.0, "y": 281.0}]}, "description": " 5"}, {"boundingPoly": {"vertices": [{"x": 131.0, "y": 284.0}, {"x": 236.0, "y": 284.0}, {"x": 236.0, "y": 298.0}, {"x": 131.0, "y": 298.0}]}, "description": " American Express"}, {"boundingPoly": {"vertices": [{"x": 137.0, "y": 301.0}, {"x": 149.0, "y": 301.0}, {"x": 149.0, "y": 314.0}, {"x": 137.0, "y": 314.0}]}, "description": " M"}, {"boundingPoly": {"vertices": [{"x": 132.0, "y": 317.0}, {"x": 188.0, "y": 317.0}, {"x": 188.0, "y": 331.0}, {"x": 132.0, "y": 331.0}]}, "description": " xxxx1002"}, {"boundingPoly": {"vertices": [{"x": 171.0, "y": 333.0}, {"x": 212.0, "y": 333.0}, {"x": 212.0, "y": 347.0}, {"x": 171.0, "y": 347.0}]}, "description": " 217592"}, {"boundingPoly": {"vertices": [{"x": 147.0, "y": 349.0}, {"x": 186.0, "y": 349.0}, {"x": 186.0, "y": 363.0}, {"x": 147.0, "y": 363.0}]}, "description": " 756357"}, {"boundingPoly": {"vertices": [{"x": 127.0, "y": 365.0}, {"x": 151.0, "y": 365.0}, {"x": 151.0, "y": 377.0}, {"x": 127.0, "y": 377.0}]}, "description": " 338"}, {"boundingPoly": {"vertices": [{"x": 160.0, "y": 392.0}, {"x": 215.0, "y": 392.0}, {"x": 215.0, "y": 405.0}, {"x": 160.0, "y": 405.0}]}, "description": " Subtotal:"}, {"boundingPoly": {"vertices": [{"x": 191.0, "y": 407.0}, {"x": 216.0, "y": 407.0}, {"x": 216.0, "y": 419.0}, {"x": 191.0, "y": 419.0}]}, "description": " Tak:"}, {"boundingPoly": {"vertices": [{"x": 280.0, "y": 391.0}, {"x": 312.0, "y": 391.0}, {"x": 311.0, "y": 403.0}, {"x": 280.0, "y": 403.0}]}, "description": "58.00"}, {"boundingPoly": {"vertices": [{"x": 285.0, "y": 406.0}, {"x": 310.0, "y": 406.0}, {"x": 311.0, "y": 418.0}, {"x": 286.0, "y": 418.0}]}, "description": "3.51"}, {"boundingPoly": {"vertices": [{"x": 221.0, "y": 423.0}, {"x": 270.0, "y": 423.0}, {"x": 270.0, "y": 431.0}, {"x": 221.0, "y": 431.0}]}, "description": "========"}, {"boundingPoly": {"vertices": [{"x": 178.0, "y": 438.0}, {"x": 216.0, "y": 438.0}, {"x": 216.0, "y": 451.0}, {"x": 178.0, "y": 451.0}]}, "description": " Total:"}, {"boundingPoly": {"vertices": [{"x": 105.0, "y": 455.0}, {"x": 216.0, "y": 455.0}, {"x": 216.0, "y": 468.0}, {"x": 105.0, "y": 468.0}]}, "description": " American Express:"}, {"boundingPoly": {"vertices": [{"x": 280.0, "y": 437.0}, {"x": 314.0, "y": 437.0}, {"x": 313.0, "y": 450.0}, {"x": 280.0, "y": 450.0}]}, "description": "61.51"}, {"boundingPoly": {"vertices": [{"x": 283.0, "y": 452.0}, {"x": 315.0, "y": 453.0}, {"x": 315.0, "y": 466.0}, {"x": 283.0, "y": 466.0}]}, "description": "61.51"}, {"boundingPoly": {"vertices": [{"x": 188.0, "y": 487.0}, {"x": 216.0, "y": 487.0}, {"x": 216.0, "y": 503.0}, {"x": 188.0, "y": 503.0}]}, "description": " Tip:"}, {"boundingPoly": {"vertices": [{"x": 283.0, "y": 480.0}, {"x": 319.0, "y": 483.0}, {"x": 318.0, "y": 500.0}, {"x": 282.0, "y": 498.0}]}, "description": "5.00"}, {"boundingPoly": {"vertices": [{"x": 268.0, "y": 514.0}, {"x": 320.0, "y": 516.0}, {"x": 319.0, "y": 538.0}, {"x": 268.0, "y": 537.0}]}, "description": "166.51"}, {"boundingPoly": {"vertices": [{"x": 290.0, "y": 556.0}, {"x": 319.0, "y": 555.0}, {"x": 319.0, "y": 569.0}, {"x": 290.0, "y": 570.0}]}, "description": "0.00"}, {"boundingPoly": {"vertices": [{"x": 174.0, "y": 522.0}, {"x": 214.0, "y": 522.0}, {"x": 214.0, "y": 537.0}, {"x": 174.0, "y": 537.0}]}, "description": " Total:"}, {"boundingPoly": {"vertices": [{"x": 65.0, "y": 558.0}, {"x": 215.0, "y": 558.0}, {"x": 215.0, "y": 577.0}, {"x": 65.0, "y": 577.0}]}, "description": " Additional Tender Amt:"}, {"boundingPoly": {"vertices": [{"x": 48.0, "y": 596.0}, {"x": 350.0, "y": 588.0}, {"x": 350.0, "y": 601.0}, {"x": 48.0, "y": 610.0}]}, "description": "Any delivery fee charged is not a tip for the"}, {"boundingPoly": {"vertices": [{"x": 53.0, "y": 625.0}, {"x": 215.0, "y": 621.0}, {"x": 215.0, "y": 634.0}, {"x": 54.0, "y": 638.0}]}, "description": "for outstanding service."}, {"boundingPoly": {"vertices": [{"x": 51.0, "y": 611.0}, {"x": 342.0, "y": 603.0}, {"x": 342.0, "y": 616.0}, {"x": 52.0, "y": 624.0}]}, "description": "driver. Please reward your Driver with a tip"}]}