{"textAnnotations": [{"boundingPoly": {"vertices": [{"x": 11.0, "y": 7.0}, {"x": 125.0, "y": 7.0}, {"x": 125.0, "y": 35.0}, {"x": 11.0, "y": 35.0}]}, "description": " .. Il Airtel"}, {"boundingPoly": {"vertices": [{"x": 129.0, "y": 6.0}, {"x": 167.0, "y": 6.0}, {"x": 167.0, "y": 34.0}, {"x": 129.0, "y": 34.0}]}, "description": " 4G"}, {"boundingPoly": {"vertices": [{"x": 328.0, "y": 10.0}, {"x": 425.0, "y": 10.0}, {"x": 425.0, "y": 32.0}, {"x": 328.0, "y": 32.0}]}, "description": " 4:40 PM"}, {"boundingPoly": {"vertices": [{"x": 569.0, "y": 7.0}, {"x": 684.0, "y": 6.0}, {"x": 684.0, "y": 32.0}, {"x": 569.0, "y": 33.0}]}, "description": "1 0 71%"}, {"boundingPoly": {"vertices": [{"x": 33.0, "y": 73.0}, {"x": 69.0, "y": 68.0}, {"x": 70.0, "y": 89.0}, {"x": 38.0, "y": 94.0}]}, "description": "V"}, {"boundingPoly": {"vertices": [{"x": 281.0, "y": 67.0}, {"x": 470.0, "y": 68.0}, {"x": 470.0, "y": 97.0}, {"x": 281.0, "y": 97.0}]}, "description": "Your Orders"}, {"boundingPoly": {"vertices": [{"x": 137.0, "y": 182.0}, {"x": 428.0, "y": 182.0}, {"x": 428.0, "y": 213.0}, {"x": 137.0, "y": 212.0}]}, "description": "merchant name"}, {"boundingPoly": {"vertices": [{"x": 136.0, "y": 219.0}, {"x": 402.0, "y": 220.0}, {"x": 402.0, "y": 247.0}, {"x": 136.0, "y": 246.0}]}, "description": "merchant address"}, {"boundingPoly": {"vertices": [{"x": 31.0, "y": 299.0}, {"x": 98.0, "y": 299.0}, {"x": 98.0, "y": 318.0}, {"x": 31.0, "y": 318.0}]}, "description": "ITEMS"}, {"boundingPoly": {"vertices": [{"x": 31.0, "y": 330.0}, {"x": 686.0, "y": 330.0}, {"x": 686.0, "y": 355.0}, {"x": 31.0, "y": 355.0}]}, "description": "1 x Paneer Takkatak, 2 x Cheese Chilli Naan, 1 x Chur"}, {"boundingPoly": {"vertices": [{"x": 30.0, "y": 364.0}, {"x": 163.0, "y": 363.0}, {"x": 163.0, "y": 389.0}, {"x": 30.0, "y": 391.0}]}, "description": "Chur Naan"}, {"boundingPoly": {"vertices": [{"x": 32.0, "y": 413.0}, {"x": 180.0, "y": 414.0}, {"x": 180.0, "y": 434.0}, {"x": 32.0, "y": 434.0}]}, "description": "ORDERED ON"}, {"boundingPoly": {"vertices": [{"x": 31.0, "y": 445.0}, {"x": 421.0, "y": 445.0}, {"x": 421.0, "y": 469.0}, {"x": 31.0, "y": 469.0}]}, "description": " November 15, 2019 at 10:24 PM"}, {"boundingPoly": {"vertices": [{"x": 32.0, "y": 495.0}, {"x": 105.0, "y": 494.0}, {"x": 105.0, "y": 515.0}, {"x": 32.0, "y": 515.0}]}, "description": "TOTAL"}, {"boundingPoly": {"vertices": [{"x": 33.0, "y": 523.0}, {"x": 88.0, "y": 523.0}, {"x": 88.0, "y": 550.0}, {"x": 33.0, "y": 549.0}]}, "description": "\u20b9718"}]}