{"textAnnotations": [{"boundingPoly": {"vertices": [{"x": 347.0, "y": 96.0}, {"x": 375.0, "y": 96.0}, {"x": 375.0, "y": 112.0}, {"x": 348.0, "y": 112.0}]}, "description": "USD"}, {"boundingPoly": {"vertices": [{"x": 340.0, "y": 115.0}, {"x": 376.0, "y": 114.0}, {"x": 376.0, "y": 130.0}, {"x": 341.0, "y": 130.0}]}, "description": "1.30"}, {"boundingPoly": {"vertices": [{"x": 23.0, "y": 113.0}, {"x": 60.0, "y": 113.0}, {"x": 60.0, "y": 131.0}, {"x": 23.0, "y": 131.0}]}, "description": " Coke"}, {"boundingPoly": {"vertices": [{"x": 23.0, "y": 132.0}, {"x": 63.0, "y": 132.0}, {"x": 63.0, "y": 150.0}, {"x": 23.0, "y": 150.0}]}, "description": " 0.85"}, {"boundingPoly": {"vertices": [{"x": 22.0, "y": 151.0}, {"x": 195.0, "y": 152.0}, {"x": 194.0, "y": 169.0}, {"x": 22.0, "y": 167.0}]}, "description": "PHX Salad Bar Weighe"}, {"boundingPoly": {"vertices": [{"x": 21.0, "y": 170.0}, {"x": 118.0, "y": 171.0}, {"x": 117.0, "y": 187.0}, {"x": 21.0, "y": 187.0}]}, "description": "Pizza Slice"}, {"boundingPoly": {"vertices": [{"x": 64.0, "y": 114.0}, {"x": 105.0, "y": 114.0}, {"x": 105.0, "y": 131.0}, {"x": 64.0, "y": 131.0}]}, "description": " Diet"}, {"boundingPoly": {"vertices": [{"x": 90.0, "y": 132.0}, {"x": 187.0, "y": 132.0}, {"x": 187.0, "y": 150.0}, {"x": 90.0, "y": 150.0}]}, "description": " \u00d7 $ 6.88/1b"}, {"boundingPoly": {"vertices": [{"x": 107.0, "y": 114.0}, {"x": 145.0, "y": 114.0}, {"x": 145.0, "y": 131.0}, {"x": 107.0, "y": 131.0}]}, "description": " 20oz"}, {"boundingPoly": {"vertices": [{"x": 66.0, "y": 133.0}, {"x": 87.0, "y": 133.0}, {"x": 87.0, "y": 150.0}, {"x": 66.0, "y": 150.0}]}, "description": " lb"}, {"boundingPoly": {"vertices": [{"x": 340.0, "y": 151.0}, {"x": 377.0, "y": 151.0}, {"x": 377.0, "y": 169.0}, {"x": 340.0, "y": 169.0}]}, "description": "5.85"}, {"boundingPoly": {"vertices": [{"x": 341.0, "y": 171.0}, {"x": 380.0, "y": 171.0}, {"x": 379.0, "y": 188.0}, {"x": 341.0, "y": 188.0}]}, "description": "2.20"}, {"boundingPoly": {"vertices": [{"x": 12.0, "y": 210.0}, {"x": 167.0, "y": 211.0}, {"x": 167.0, "y": 242.0}, {"x": 12.0, "y": 241.0}]}, "description": "Total USD"}, {"boundingPoly": {"vertices": [{"x": 293.0, "y": 213.0}, {"x": 379.0, "y": 211.0}, {"x": 379.0, "y": 244.0}, {"x": 293.0, "y": 244.0}]}, "description": "10.15"}, {"boundingPoly": {"vertices": [{"x": 12.0, "y": 308.0}, {"x": 196.0, "y": 310.0}, {"x": 196.0, "y": 330.0}, {"x": 12.0, "y": 328.0}]}, "description": "5009 AMERICAN EXPRESS"}, {"boundingPoly": {"vertices": [{"x": 336.0, "y": 312.0}, {"x": 381.0, "y": 312.0}, {"x": 381.0, "y": 331.0}, {"x": 336.0, "y": 331.0}]}, "description": "10.15"}, {"boundingPoly": {"vertices": [{"x": 15.0, "y": 375.0}, {"x": 112.0, "y": 377.0}, {"x": 112.0, "y": 396.0}, {"x": 15.0, "y": 394.0}]}, "description": "Vat percent"}, {"boundingPoly": {"vertices": [{"x": 141.0, "y": 378.0}, {"x": 169.0, "y": 378.0}, {"x": 170.0, "y": 396.0}, {"x": 142.0, "y": 396.0}]}, "description": "Net"}, {"boundingPoly": {"vertices": [{"x": 219.0, "y": 380.0}, {"x": 265.0, "y": 382.0}, {"x": 265.0, "y": 399.0}, {"x": 219.0, "y": 398.0}]}, "description": "Gross"}, {"boundingPoly": {"vertices": [{"x": 315.0, "y": 380.0}, {"x": 343.0, "y": 381.0}, {"x": 343.0, "y": 399.0}, {"x": 315.0, "y": 399.0}]}, "description": "VAT"}, {"boundingPoly": {"vertices": [{"x": 23.0, "y": 438.0}, {"x": 375.0, "y": 438.0}, {"x": 375.0, "y": 463.0}, {"x": 23.0, "y": 463.0}]}, "description": " 10/15/2019 01:08 PM #:54331 Op:3062 C:112"}, {"boundingPoly": {"vertices": [{"x": 25.0, "y": 479.0}, {"x": 112.0, "y": 479.0}, {"x": 112.0, "y": 498.0}, {"x": 25.0, "y": 498.0}]}, "description": " Served you"}, {"boundingPoly": {"vertices": [{"x": 25.0, "y": 459.0}, {"x": 108.0, "y": 459.0}, {"x": 108.0, "y": 477.0}, {"x": 25.0, "y": 477.0}]}, "description": " 202 S:1122"}, {"boundingPoly": {"vertices": [{"x": 115.0, "y": 481.0}, {"x": 263.0, "y": 481.0}, {"x": 263.0, "y": 501.0}, {"x": 115.0, "y": 501.0}]}, "description": " : Aracely Blascruz"}, {"boundingPoly": {"vertices": [{"x": 97.0, "y": 556.0}, {"x": 275.0, "y": 559.0}, {"x": 275.0, "y": 576.0}, {"x": 97.0, "y": 573.0}]}, "description": "*** Customer copy ***"}, {"boundingPoly": {"vertices": [{"x": 130.0, "y": 595.0}, {"x": 241.0, "y": 596.0}, {"x": 241.0, "y": 616.0}, {"x": 129.0, "y": 614.0}]}, "description": "AMEX AEDR (3)"}, {"boundingPoly": {"vertices": [{"x": 19.0, "y": 634.0}, {"x": 182.0, "y": 637.0}, {"x": 182.0, "y": 656.0}, {"x": 19.0, "y": 653.0}]}, "description": "PURCHASE / APPROVED"}, {"boundingPoly": {"vertices": [{"x": 18.0, "y": 657.0}, {"x": 158.0, "y": 658.0}, {"x": 157.0, "y": 676.0}, {"x": 18.0, "y": 674.0}]}, "description": "AMERICAN EXPRESS"}, {"boundingPoly": {"vertices": [{"x": 19.0, "y": 679.0}, {"x": 148.0, "y": 680.0}, {"x": 148.0, "y": 697.0}, {"x": 19.0, "y": 694.0}]}, "description": "*********** 1007"}, {"boundingPoly": {"vertices": [{"x": 18.0, "y": 699.0}, {"x": 253.0, "y": 704.0}, {"x": 253.0, "y": 723.0}, {"x": 18.0, "y": 717.0}]}, "description": "CHIP READ / VERIFIED BY PIN"}, {"boundingPoly": {"vertices": [{"x": 18.0, "y": 742.0}, {"x": 183.0, "y": 742.0}, {"x": 183.0, "y": 765.0}, {"x": 18.0, "y": 765.0}]}, "description": " 2019/10/15 14:08:21"}, {"boundingPoly": {"vertices": [{"x": 21.0, "y": 763.0}, {"x": 48.0, "y": 763.0}, {"x": 48.0, "y": 782.0}, {"x": 21.0, "y": 781.0}]}, "description": "TID"}, {"boundingPoly": {"vertices": [{"x": 19.0, "y": 786.0}, {"x": 47.0, "y": 786.0}, {"x": 46.0, "y": 803.0}, {"x": 19.0, "y": 803.0}]}, "description": "MID"}, {"boundingPoly": {"vertices": [{"x": 19.0, "y": 807.0}, {"x": 100.0, "y": 808.0}, {"x": 100.0, "y": 826.0}, {"x": 19.0, "y": 825.0}]}, "description": "REFERENCE"}, {"boundingPoly": {"vertices": [{"x": 18.0, "y": 829.0}, {"x": 100.0, "y": 830.0}, {"x": 100.0, "y": 847.0}, {"x": 18.0, "y": 846.0}]}, "description": "AUTH CODE"}, {"boundingPoly": {"vertices": [{"x": 294.0, "y": 772.0}, {"x": 364.0, "y": 773.0}, {"x": 363.0, "y": 790.0}, {"x": 293.0, "y": 788.0}]}, "description": "**** 6040"}, {"boundingPoly": {"vertices": [{"x": 303.0, "y": 793.0}, {"x": 364.0, "y": 794.0}, {"x": 364.0, "y": 812.0}, {"x": 303.0, "y": 811.0}]}, "description": "6634460"}, {"boundingPoly": {"vertices": [{"x": 147.0, "y": 810.0}, {"x": 364.0, "y": 814.0}, {"x": 364.0, "y": 833.0}, {"x": 147.0, "y": 828.0}]}, "description": "S11221112202#54331@244897"}, {"boundingPoly": {"vertices": [{"x": 311.0, "y": 836.0}, {"x": 365.0, "y": 836.0}, {"x": 364.0, "y": 854.0}, {"x": 311.0, "y": 853.0}]}, "description": "822364"}, {"boundingPoly": {"vertices": [{"x": 22.0, "y": 870.0}, {"x": 67.0, "y": 871.0}, {"x": 67.0, "y": 887.0}, {"x": 22.0, "y": 887.0}]}, "description": "TOTAL"}, {"boundingPoly": {"vertices": [{"x": 294.0, "y": 876.0}, {"x": 365.0, "y": 877.0}, {"x": 365.0, "y": 895.0}, {"x": 294.0, "y": 894.0}]}, "description": "USD10.15"}, {"boundingPoly": {"vertices": [{"x": 23.0, "y": 911.0}, {"x": 60.0, "y": 911.0}, {"x": 60.0, "y": 928.0}, {"x": 23.0, "y": 928.0}]}, "description": " ARC:"}, {"boundingPoly": {"vertices": [{"x": 23.0, "y": 930.0}, {"x": 61.0, "y": 930.0}, {"x": 61.0, "y": 948.0}, {"x": 23.0, "y": 948.0}]}, "description": " TSI:"}, {"boundingPoly": {"vertices": [{"x": 25.0, "y": 951.0}, {"x": 62.0, "y": 951.0}, {"x": 62.0, "y": 968.0}, {"x": 25.0, "y": 968.0}]}, "description": " IAD:"}, {"boundingPoly": {"vertices": [{"x": 25.0, "y": 971.0}, {"x": 61.0, "y": 971.0}, {"x": 61.0, "y": 988.0}, {"x": 25.0, "y": 988.0}]}, "description": " TVR:"}, {"boundingPoly": {"vertices": [{"x": 25.0, "y": 991.0}, {"x": 63.0, "y": 991.0}, {"x": 63.0, "y": 1008.0}, {"x": 25.0, "y": 1008.0}]}, "description": " AID:"}, {"boundingPoly": {"vertices": [{"x": 24.0, "y": 1011.0}, {"x": 121.0, "y": 1011.0}, {"x": 121.0, "y": 1029.0}, {"x": 24.0, "y": 1029.0}]}, "description": " PAN Seq No:"}, {"boundingPoly": {"vertices": [{"x": 63.0, "y": 911.0}, {"x": 85.0, "y": 911.0}, {"x": 85.0, "y": 929.0}, {"x": 63.0, "y": 929.0}]}, "description": " 00"}, {"boundingPoly": {"vertices": [{"x": 64.0, "y": 931.0}, {"x": 101.0, "y": 931.0}, {"x": 101.0, "y": 948.0}, {"x": 64.0, "y": 948.0}]}, "description": " F800"}, {"boundingPoly": {"vertices": [{"x": 65.0, "y": 951.0}, {"x": 187.0, "y": 951.0}, {"x": 187.0, "y": 970.0}, {"x": 65.0, "y": 970.0}]}, "description": " 06600103642002"}, {"boundingPoly": {"vertices": [{"x": 65.0, "y": 971.0}, {"x": 153.0, "y": 971.0}, {"x": 153.0, "y": 989.0}, {"x": 65.0, "y": 989.0}]}, "description": " 0000008000"}, {"boundingPoly": {"vertices": [{"x": 66.0, "y": 991.0}, {"x": 201.0, "y": 991.0}, {"x": 201.0, "y": 1009.0}, {"x": 66.0, "y": 1009.0}]}, "description": " A000000025010801"}, {"boundingPoly": {"vertices": [{"x": 124.0, "y": 1011.0}, {"x": 143.0, "y": 1011.0}, {"x": 143.0, "y": 1028.0}, {"x": 124.0, "y": 1028.0}]}, "description": " 00"}]}