{"textAnnotations": [{"boundingPoly": {"vertices": [{"x": 590.0, "y": 461.0}, {"x": 794.0, "y": 453.0}, {"x": 796.0, "y": 516.0}, {"x": 591.0, "y": 526.0}]}, "description": "merchant name"}, {"boundingPoly": {"vertices": [{"x": 551.0, "y": 563.0}, {"x": 810.0, "y": 556.0}, {"x": 811.0, "y": 593.0}, {"x": 551.0, "y": 600.0}]}, "description": "merchant address"}, {"boundingPoly": {"vertices": [{"x": 442.0, "y": 640.0}, {"x": 1074.0, "y": 615.0}, {"x": 1076.0, "y": 660.0}, {"x": 443.0, "y": 683.0}]}, "description": "merchant address"}, {"boundingPoly": {"vertices": [{"x": 596.0, "y": 718.0}, {"x": 761.0, "y": 715.0}, {"x": 762.0, "y": 755.0}, {"x": 596.0, "y": 759.0}]}, "description": "TAX INVOICE"}, {"boundingPoly": {"vertices": [{"x": 375.0, "y": 510.0}, {"x": 932.0, "y": 510.0}, {"x": 932.0, "y": 569.0}, {"x": 375.0, "y": 569.0}]}, "description": "merchant address"}, {"boundingPoly": {"vertices": [{"x": 840.0, "y": 591.0}, {"x": 887.0, "y": 591.0}, {"x": 887.0, "y": 631.0}, {"x": 840.0, "y": 631.0}]}, "description": "merchant address"}, {"boundingPoly": {"vertices": [{"x": 938.0, "y": 507.0}, {"x": 991.0, "y": 507.0}, {"x": 991.0, "y": 549.0}, {"x": 938.0, "y": 549.0}]}, "description": "merchant address"}, {"boundingPoly": {"vertices": [{"x": 477.0, "y": 593.0}, {"x": 835.0, "y": 593.0}, {"x": 835.0, "y": 641.0}, {"x": 477.0, "y": 641.0}]}, "description": "merchant address"}, {"boundingPoly": {"vertices": [{"x": 476.0, "y": 670.0}, {"x": 882.0, "y": 670.0}, {"x": 882.0, "y": 720.0}, {"x": 476.0, "y": 720.0}]}, "description": "merchant phone"}, {"boundingPoly": {"vertices": [{"x": 1249.0, "y": 714.0}, {"x": 1393.0, "y": 711.0}, {"x": 1394.0, "y": 735.0}, {"x": 1249.0, "y": 739.0}]}, "description": "merchant name"}, {"boundingPoly": {"vertices": [{"x": 1277.0, "y": 741.0}, {"x": 1414.0, "y": 736.0}, {"x": 1415.0, "y": 762.0}, {"x": 1277.0, "y": 769.0}]}, "description": "merchant name"}, {"boundingPoly": {"vertices": [{"x": 1462.0, "y": 734.0}, {"x": 1572.0, "y": 735.0}, {"x": 1572.0, "y": 767.0}, {"x": 1462.0, "y": 766.0}]}, "description": "Cards"}, {"boundingPoly": {"vertices": [{"x": 1457.0, "y": 771.0}, {"x": 1648.0, "y": 771.0}, {"x": 1648.0, "y": 804.0}, {"x": 1457.0, "y": 805.0}]}, "description": "Welcome"}, {"boundingPoly": {"vertices": [{"x": 1343.0, "y": 833.0}, {"x": 1520.0, "y": 830.0}, {"x": 1520.0, "y": 852.0}, {"x": 1343.0, "y": 855.0}]}, "description": "THANK YOU FROM"}, {"boundingPoly": {"vertices": [{"x": 1306.0, "y": 867.0}, {"x": 1556.0, "y": 861.0}, {"x": 1557.0, "y": 883.0}, {"x": 1306.0, "y": 889.0}]}, "description": "TRAVEL FOOD SERVICES"}, {"boundingPoly": {"vertices": [{"x": 876.0, "y": 792.0}, {"x": 927.0, "y": 794.0}, {"x": 925.0, "y": 835.0}, {"x": 874.0, "y": 833.0}]}, "description": "07"}, {"boundingPoly": {"vertices": [{"x": 842.0, "y": 835.0}, {"x": 925.0, "y": 835.0}, {"x": 925.0, "y": 873.0}, {"x": 842.0, "y": 872.0}]}, "description": "Delhi"}, {"boundingPoly": {"vertices": [{"x": 370.0, "y": 803.0}, {"x": 552.0, "y": 803.0}, {"x": 552.0, "y": 843.0}, {"x": 370.0, "y": 843.0}]}, "description": " State Code:"}, {"boundingPoly": {"vertices": [{"x": 367.0, "y": 842.0}, {"x": 613.0, "y": 839.0}, {"x": 613.0, "y": 881.0}, {"x": 367.0, "y": 883.0}]}, "description": "Place of Supply"}, {"boundingPoly": {"vertices": [{"x": 376.0, "y": 922.0}, {"x": 566.0, "y": 922.0}, {"x": 566.0, "y": 963.0}, {"x": 376.0, "y": 963.0}]}, "description": " Invoice No."}, {"boundingPoly": {"vertices": [{"x": 378.0, "y": 962.0}, {"x": 494.0, "y": 962.0}, {"x": 494.0, "y": 994.0}, {"x": 378.0, "y": 994.0}]}, "description": " POS ND:"}, {"boundingPoly": {"vertices": [{"x": 366.0, "y": 993.0}, {"x": 471.0, "y": 993.0}, {"x": 471.0, "y": 1022.0}, {"x": 366.0, "y": 1022.0}]}, "description": " Staff:"}, {"boundingPoly": {"vertices": [{"x": 357.0, "y": 1022.0}, {"x": 455.0, "y": 1022.0}, {"x": 455.0, "y": 1054.0}, {"x": 357.0, "y": 1054.0}]}, "description": " Date:"}, {"boundingPoly": {"vertices": [{"x": 572.0, "y": 920.0}, {"x": 892.0, "y": 920.0}, {"x": 892.0, "y": 963.0}, {"x": 572.0, "y": 963.0}]}, "description": " 00000F4201000454050"}, {"boundingPoly": {"vertices": [{"x": 798.0, "y": 961.0}, {"x": 872.0, "y": 961.0}, {"x": 870.0, "y": 994.0}, {"x": 797.0, "y": 994.0}]}, "description": "F420"}, {"boundingPoly": {"vertices": [{"x": 735.0, "y": 995.0}, {"x": 835.0, "y": 995.0}, {"x": 835.0, "y": 1026.0}, {"x": 735.0, "y": 1026.0}]}, "description": " Trans:"}, {"boundingPoly": {"vertices": [{"x": 1232.0, "y": 928.0}, {"x": 1289.0, "y": 928.0}, {"x": 1289.0, "y": 952.0}, {"x": 1232.0, "y": 952.0}]}, "description": " DATE"}, {"boundingPoly": {"vertices": [{"x": 1282.0, "y": 954.0}, {"x": 1557.0, "y": 954.0}, {"x": 1557.0, "y": 978.0}, {"x": 1282.0, "y": 978.0}]}, "description": " : 000009820719656 TID"}, {"boundingPoly": {"vertices": [{"x": 1233.0, "y": 984.0}, {"x": 1337.0, "y": 984.0}, {"x": 1337.0, "y": 1004.0}, {"x": 1233.0, "y": 1004.0}]}, "description": " BATCH NO"}, {"boundingPoly": {"vertices": [{"x": 1234.0, "y": 1010.0}, {"x": 1316.0, "y": 1010.0}, {"x": 1316.0, "y": 1033.0}, {"x": 1234.0, "y": 1033.0}]}, "description": "INVOICE"}, {"boundingPoly": {"vertices": [{"x": 1293.0, "y": 926.0}, {"x": 1445.0, "y": 926.0}, {"x": 1445.0, "y": 952.0}, {"x": 1293.0, "y": 952.0}]}, "description": " : 10/12/2019"}, {"boundingPoly": {"vertices": [{"x": 1505.0, "y": 923.0}, {"x": 1560.0, "y": 923.0}, {"x": 1560.0, "y": 948.0}, {"x": 1505.0, "y": 948.0}]}, "description": " TIME"}, {"boundingPoly": {"vertices": [{"x": 1564.0, "y": 921.0}, {"x": 1695.0, "y": 921.0}, {"x": 1695.0, "y": 947.0}, {"x": 1564.0, "y": 947.0}]}, "description": " : 06:07:36"}, {"boundingPoly": {"vertices": [{"x": 1565.0, "y": 951.0}, {"x": 1692.0, "y": 951.0}, {"x": 1692.0, "y": 977.0}, {"x": 1565.0, "y": 977.0}]}, "description": " : 50130806"}, {"boundingPoly": {"vertices": [{"x": 1574.0, "y": 983.0}, {"x": 1681.0, "y": 983.0}, {"x": 1681.0, "y": 1008.0}, {"x": 1574.0, "y": 1008.0}]}, "description": " : 000010"}, {"boundingPoly": {"vertices": [{"x": 1234.0, "y": 957.0}, {"x": 1274.0, "y": 957.0}, {"x": 1274.0, "y": 976.0}, {"x": 1234.0, "y": 976.0}]}, "description": " MID"}, {"boundingPoly": {"vertices": [{"x": 474.0, "y": 994.0}, {"x": 560.0, "y": 994.0}, {"x": 560.0, "y": 1022.0}, {"x": 474.0, "y": 1022.0}]}, "description": " Manoj"}, {"boundingPoly": {"vertices": [{"x": 469.0, "y": 1024.0}, {"x": 706.0, "y": 1024.0}, {"x": 706.0, "y": 1059.0}, {"x": 469.0, "y": 1059.0}]}, "description": " 10/12/19 6:06"}, {"boundingPoly": {"vertices": [{"x": 905.0, "y": 994.0}, {"x": 1011.0, "y": 993.0}, {"x": 1012.0, "y": 1023.0}, {"x": 905.0, "y": 1024.0}]}, "description": "478204"}, {"boundingPoly": {"vertices": [{"x": 1344.0, "y": 984.0}, {"x": 1446.0, "y": 984.0}, {"x": 1446.0, "y": 1005.0}, {"x": 1344.0, "y": 1005.0}]}, "description": " : 000179"}, {"boundingPoly": {"vertices": [{"x": 1353.0, "y": 1012.0}, {"x": 1431.0, "y": 1011.0}, {"x": 1431.0, "y": 1031.0}, {"x": 1354.0, "y": 1032.0}]}, "description": "000007"}, {"boundingPoly": {"vertices": [{"x": 1432.0, "y": 1043.0}, {"x": 1480.0, "y": 1043.0}, {"x": 1478.0, "y": 1078.0}, {"x": 1430.0, "y": 1078.0}]}, "description": "SALE"}, {"boundingPoly": {"vertices": [{"x": 1330.0, "y": 1096.0}, {"x": 1533.0, "y": 1094.0}, {"x": 1533.0, "y": 1115.0}, {"x": 1331.0, "y": 1117.0}]}, "description": "AMERICAN EXPRESS"}, {"boundingPoly": {"vertices": [{"x": 1356.0, "y": 1122.0}, {"x": 1627.0, "y": 1122.0}, {"x": 1627.0, "y": 1146.0}, {"x": 1356.0, "y": 1146.0}]}, "description": " :AMERICAN EXPRESS EXP:"}, {"boundingPoly": {"vertices": [{"x": 1580.0, "y": 1151.0}, {"x": 1633.0, "y": 1151.0}, {"x": 1633.0, "y": 1174.0}, {"x": 1580.0, "y": 1174.0}]}, "description": " Chip"}, {"boundingPoly": {"vertices": [{"x": 1506.0, "y": 1179.0}, {"x": 1674.0, "y": 1179.0}, {"x": 1674.0, "y": 1204.0}, {"x": 1506.0, "y": 1204.0}]}, "description": " :180001310827"}, {"boundingPoly": {"vertices": [{"x": 1469.0, "y": 1210.0}, {"x": 1524.0, "y": 1210.0}, {"x": 1524.0, "y": 1233.0}, {"x": 1469.0, "y": 1233.0}]}, "description": " TSI:"}, {"boundingPoly": {"vertices": [{"x": 1233.0, "y": 1242.0}, {"x": 1484.0, "y": 1241.0}, {"x": 1484.0, "y": 1263.0}, {"x": 1233.0, "y": 1264.0}]}, "description": "AID. A000000025010801"}, {"boundingPoly": {"vertices": [{"x": 1270.0, "y": 1271.0}, {"x": 1537.0, "y": 1271.0}, {"x": 1537.0, "y": 1295.0}, {"x": 1270.0, "y": 1295.0}]}, "description": " :5567f84662ca2e0d3030"}, {"boundingPoly": {"vertices": [{"x": 1527.0, "y": 984.0}, {"x": 1570.0, "y": 984.0}, {"x": 1570.0, "y": 1009.0}, {"x": 1527.0, "y": 1009.0}]}, "description": " ROC"}, {"boundingPoly": {"vertices": [{"x": 561.0, "y": 1090.0}, {"x": 680.0, "y": 1090.0}, {"x": 680.0, "y": 1128.0}, {"x": 561.0, "y": 1128.0}]}, "description": " Token No"}, {"boundingPoly": {"vertices": [{"x": 685.0, "y": 1090.0}, {"x": 793.0, "y": 1090.0}, {"x": 793.0, "y": 1130.0}, {"x": 685.0, "y": 1130.0}]}, "description": " :- 119"}, {"boundingPoly": {"vertices": [{"x": 1234.0, "y": 1124.0}, {"x": 1351.0, "y": 1124.0}, {"x": 1351.0, "y": 1148.0}, {"x": 1234.0, "y": 1148.0}]}, "description": " CARD TYPE"}, {"boundingPoly": {"vertices": [{"x": 1233.0, "y": 1154.0}, {"x": 1324.0, "y": 1154.0}, {"x": 1324.0, "y": 1175.0}, {"x": 1233.0, "y": 1176.0}]}, "description": "CARD NO"}, {"boundingPoly": {"vertices": [{"x": 1235.0, "y": 1181.0}, {"x": 1502.0, "y": 1181.0}, {"x": 1502.0, "y": 1205.0}, {"x": 1235.0, "y": 1205.0}]}, "description": " AUTH CODE:000065 RRN"}, {"boundingPoly": {"vertices": [{"x": 1631.0, "y": 1122.0}, {"x": 1697.0, "y": 1122.0}, {"x": 1697.0, "y": 1145.0}, {"x": 1631.0, "y": 1145.0}]}, "description": " xx/xx"}, {"boundingPoly": {"vertices": [{"x": 1738.0, "y": 1143.0}, {"x": 1735.0, "y": 954.0}, {"x": 1764.0, "y": 953.0}, {"x": 1769.0, "y": 1142.0}]}, "description": "HDFC BANK"}, {"boundingPoly": {"vertices": [{"x": 1745.0, "y": 1351.0}, {"x": 1743.0, "y": 1236.0}, {"x": 1771.0, "y": 1235.0}, {"x": 1774.0, "y": 1350.0}]}, "description": "A09/2019"}, {"boundingPoly": {"vertices": [{"x": 337.0, "y": 1160.0}, {"x": 385.0, "y": 1166.0}, {"x": 382.0, "y": 1199.0}, {"x": 334.0, "y": 1193.0}]}, "description": "Qty"}, {"boundingPoly": {"vertices": [{"x": 445.0, "y": 1162.0}, {"x": 608.0, "y": 1163.0}, {"x": 608.0, "y": 1200.0}, {"x": 445.0, "y": 1199.0}]}, "description": "Menu Item"}, {"boundingPoly": {"vertices": [{"x": 660.0, "y": 1162.0}, {"x": 752.0, "y": 1163.0}, {"x": 750.0, "y": 1198.0}, {"x": 657.0, "y": 1197.0}]}, "description": "Rate"}, {"boundingPoly": {"vertices": [{"x": 784.0, "y": 1165.0}, {"x": 906.0, "y": 1166.0}, {"x": 906.0, "y": 1201.0}, {"x": 783.0, "y": 1200.0}]}, "description": "Amount"}, {"boundingPoly": {"vertices": [{"x": 1358.0, "y": 1152.0}, {"x": 1576.0, "y": 1152.0}, {"x": 1576.0, "y": 1175.0}, {"x": 1358.0, "y": 1175.0}]}, "description": " .3765 ******* 2001:"}, {"boundingPoly": {"vertices": [{"x": 1236.0, "y": 1212.0}, {"x": 1410.0, "y": 1212.0}, {"x": 1410.0, "y": 1234.0}, {"x": 1236.0, "y": 1233.0}]}, "description": "TVR-0000008000"}, {"boundingPoly": {"vertices": [{"x": 1528.0, "y": 1210.0}, {"x": 1586.0, "y": 1210.0}, {"x": 1586.0, "y": 1232.0}, {"x": 1528.0, "y": 1232.0}]}, "description": " FC00"}, {"boundingPoly": {"vertices": [{"x": 330.0, "y": 1240.0}, {"x": 398.0, "y": 1240.0}, {"x": 398.0, "y": 1275.0}, {"x": 330.0, "y": 1275.0}]}, "description": " SAC:"}, {"boundingPoly": {"vertices": [{"x": 348.0, "y": 1282.0}, {"x": 343.0, "y": 1320.0}, {"x": 323.0, "y": 1321.0}, {"x": 327.0, "y": 1282.0}]}, "description": "-"}, {"boundingPoly": {"vertices": [{"x": 455.0, "y": 1238.0}, {"x": 561.0, "y": 1241.0}, {"x": 560.0, "y": 1276.0}, {"x": 454.0, "y": 1273.0}]}, "description": "996331"}, {"boundingPoly": {"vertices": [{"x": 442.0, "y": 1278.0}, {"x": 560.0, "y": 1278.0}, {"x": 560.0, "y": 1320.0}, {"x": 442.0, "y": 1320.0}]}, "description": " 1VEGGIE"}, {"boundingPoly": {"vertices": [{"x": 441.0, "y": 1320.0}, {"x": 751.0, "y": 1321.0}, {"x": 750.0, "y": 1363.0}, {"x": 441.0, "y": 1360.0}]}, "description": "1AQUAVESS WA 28.57"}, {"boundingPoly": {"vertices": [{"x": 565.0, "y": 1278.0}, {"x": 764.0, "y": 1278.0}, {"x": 764.0, "y": 1321.0}, {"x": 565.0, "y": 1321.0}]}, "description": " DELI 152.38"}, {"boundingPoly": {"vertices": [{"x": 818.0, "y": 1283.0}, {"x": 925.0, "y": 1287.0}, {"x": 922.0, "y": 1324.0}, {"x": 818.0, "y": 1321.0}]}, "description": "152.38"}, {"boundingPoly": {"vertices": [{"x": 833.0, "y": 1324.0}, {"x": 927.0, "y": 1324.0}, {"x": 925.0, "y": 1364.0}, {"x": 833.0, "y": 1365.0}]}, "description": "28.57"}, {"boundingPoly": {"vertices": [{"x": 1235.0, "y": 1272.0}, {"x": 1265.0, "y": 1272.0}, {"x": 1265.0, "y": 1295.0}, {"x": 1235.0, "y": 1295.0}]}, "description": " IC"}, {"boundingPoly": {"vertices": [{"x": 1226.0, "y": 1330.0}, {"x": 1376.0, "y": 1331.0}, {"x": 1376.0, "y": 1356.0}, {"x": 1226.0, "y": 1356.0}]}, "description": "BASE AMOUNT"}, {"boundingPoly": {"vertices": [{"x": 1468.0, "y": 1331.0}, {"x": 1592.0, "y": 1330.0}, {"x": 1593.0, "y": 1354.0}, {"x": 1468.0, "y": 1356.0}]}, "description": "Rs 190.00"}, {"boundingPoly": {"vertices": [{"x": 1234.0, "y": 1392.0}, {"x": 1364.0, "y": 1392.0}, {"x": 1364.0, "y": 1419.0}, {"x": 1234.0, "y": 1418.0}]}, "description": "11P AMOUNT"}, {"boundingPoly": {"vertices": [{"x": 335.0, "y": 1437.0}, {"x": 486.0, "y": 1421.0}, {"x": 489.0, "y": 1467.0}, {"x": 335.0, "y": 1479.0}]}, "description": "Total"}, {"boundingPoly": {"vertices": [{"x": 338.0, "y": 1483.0}, {"x": 513.0, "y": 1483.0}, {"x": 513.0, "y": 1518.0}, {"x": 337.0, "y": 1517.0}]}, "description": "Total disc."}, {"boundingPoly": {"vertices": [{"x": 840.0, "y": 1448.0}, {"x": 942.0, "y": 1448.0}, {"x": 942.0, "y": 1486.0}, {"x": 841.0, "y": 1487.0}]}, "description": "180.95"}, {"boundingPoly": {"vertices": [{"x": 870.0, "y": 1491.0}, {"x": 942.0, "y": 1491.0}, {"x": 941.0, "y": 1524.0}, {"x": 869.0, "y": 1523.0}]}, "description": "0.00"}, {"boundingPoly": {"vertices": [{"x": 1236.0, "y": 1451.0}, {"x": 1389.0, "y": 1451.0}, {"x": 1389.0, "y": 1480.0}, {"x": 1236.0, "y": 1480.0}]}, "description": " TOTAL AMOUNT"}, {"boundingPoly": {"vertices": [{"x": 1393.0, "y": 1452.0}, {"x": 1411.0, "y": 1452.0}, {"x": 1411.0, "y": 1479.0}, {"x": 1393.0, "y": 1479.0}]}, "description": " :"}, {"boundingPoly": {"vertices": [{"x": 1473.0, "y": 1450.0}, {"x": 1594.0, "y": 1452.0}, {"x": 1594.0, "y": 1480.0}, {"x": 1473.0, "y": 1478.0}]}, "description": "Rs 190.00"}, {"boundingPoly": {"vertices": [{"x": 1321.0, "y": 1543.0}, {"x": 1476.0, "y": 1551.0}, {"x": 1474.0, "y": 1586.0}, {"x": 1319.0, "y": 1578.0}]}, "description": "PIN VERIFIED"}, {"boundingPoly": {"vertices": [{"x": 1245.0, "y": 1631.0}, {"x": 1648.0, "y": 1658.0}, {"x": 1647.0, "y": 1675.0}, {"x": 1243.0, "y": 1646.0}]}, "description": "received and agree to pay as per"}, {"boundingPoly": {"vertices": [{"x": 337.0, "y": 1587.0}, {"x": 471.0, "y": 1591.0}, {"x": 470.0, "y": 1627.0}, {"x": 336.0, "y": 1623.0}]}, "description": "Subtotal"}, {"boundingPoly": {"vertices": [{"x": 328.0, "y": 1626.0}, {"x": 523.0, "y": 1630.0}, {"x": 522.0, "y": 1668.0}, {"x": 327.0, "y": 1664.0}]}, "description": "CGST @ 2.5%"}, {"boundingPoly": {"vertices": [{"x": 326.0, "y": 1666.0}, {"x": 524.0, "y": 1666.0}, {"x": 524.0, "y": 1707.0}, {"x": 326.0, "y": 1707.0}]}, "description": "SGST @ 2.5%"}, {"boundingPoly": {"vertices": [{"x": 843.0, "y": 1597.0}, {"x": 950.0, "y": 1598.0}, {"x": 949.0, "y": 1637.0}, {"x": 846.0, "y": 1634.0}]}, "description": "180.95"}, {"boundingPoly": {"vertices": [{"x": 852.0, "y": 1638.0}, {"x": 954.0, "y": 1637.0}, {"x": 952.0, "y": 1677.0}, {"x": 851.0, "y": 1675.0}]}, "description": "4.525"}, {"boundingPoly": {"vertices": [{"x": 857.0, "y": 1677.0}, {"x": 945.0, "y": 1681.0}, {"x": 942.0, "y": 1718.0}, {"x": 855.0, "y": 1715.0}]}, "description": "4.525"}, {"boundingPoly": {"vertices": [{"x": 1244.0, "y": 1605.0}, {"x": 1684.0, "y": 1638.0}, {"x": 1682.0, "y": 1656.0}, {"x": 1242.0, "y": 1621.0}]}, "description": "mI am satisfied with goods/services"}, {"boundingPoly": {"vertices": [{"x": 1249.0, "y": 1655.0}, {"x": 1451.0, "y": 1668.0}, {"x": 1450.0, "y": 1685.0}, {"x": 1248.0, "y": 1670.0}]}, "description": "issuer aureement"}, {"boundingPoly": {"vertices": [{"x": 1746.0, "y": 1613.0}, {"x": 1746.0, "y": 1457.0}, {"x": 1775.0, "y": 1457.0}, {"x": 1776.0, "y": 1613.0}]}, "description": "HDFC BANK"}, {"boundingPoly": {"vertices": [{"x": 1369.0, "y": 1712.0}, {"x": 1590.0, "y": 1722.0}, {"x": 1589.0, "y": 1743.0}, {"x": 1368.0, "y": 1731.0}]}, "description": "** CUSTOMER COPY **"}, {"boundingPoly": {"vertices": [{"x": 1331.0, "y": 1735.0}, {"x": 1646.0, "y": 1754.0}, {"x": 1645.0, "y": 1775.0}, {"x": 1330.0, "y": 1755.0}]}, "description": "a Thank You. Visit Again*"}, {"boundingPoly": {"vertices": [{"x": 1301.0, "y": 1799.0}, {"x": 1686.0, "y": 1816.0}, {"x": 1684.0, "y": 1872.0}, {"x": 1299.0, "y": 1854.0}]}, "description": "bonushub"}, {"boundingPoly": {"vertices": [{"x": 1795.0, "y": 1746.0}, {"x": 1817.0, "y": 1832.0}, {"x": 1794.0, "y": 1836.0}, {"x": 1770.0, "y": 1751.0}]}, "description": "1009 -9"}, {"boundingPoly": {"vertices": [{"x": 1425.0, "y": 1769.0}, {"x": 1557.0, "y": 1775.0}, {"x": 1556.0, "y": 1796.0}, {"x": 1424.0, "y": 1789.0}]}, "description": "POWERED BY"}, {"boundingPoly": {"vertices": [{"x": 313.0, "y": 1867.0}, {"x": 944.0, "y": 1870.0}, {"x": 943.0, "y": 1924.0}, {"x": 313.0, "y": 1918.0}]}, "description": "Offline Credit"}, {"boundingPoly": {"vertices": [{"x": 332.0, "y": 1829.0}, {"x": 410.0, "y": 1830.0}, {"x": 407.0, "y": 1873.0}, {"x": 329.0, "y": 1872.0}]}, "description": "Total"}, {"boundingPoly": {"vertices": [{"x": 513.0, "y": 1802.0}, {"x": 902.0, "y": 1801.0}, {"x": 902.0, "y": 1857.0}, {"x": 513.0, "y": 1858.0}]}, "description": "esolving boga,"}, {"boundingPoly": {"vertices": [{"x": 840.0, "y": 1835.0}, {"x": 942.0, "y": 1836.0}, {"x": 944.0, "y": 1882.0}, {"x": 839.0, "y": 1880.0}]}, "description": "190.00"}, {"boundingPoly": {"vertices": [{"x": 1349.0, "y": 1859.0}, {"x": 1455.0, "y": 1859.0}, {"x": 1455.0, "y": 1893.0}, {"x": 1349.0, "y": 1893.0}]}, "description": " APP VER"}, {"boundingPoly": {"vertices": [{"x": 1459.0, "y": 1863.0}, {"x": 1628.0, "y": 1863.0}, {"x": 1628.0, "y": 1899.0}, {"x": 1459.0, "y": 1899.0}]}, "description": " : V.01.01.31"}, {"boundingPoly": {"vertices": [{"x": 336.0, "y": 1912.0}, {"x": 613.0, "y": 1912.0}, {"x": 613.0, "y": 1958.0}, {"x": 336.0, "y": 1958.0}]}, "description": " EDC Invoice No."}, {"boundingPoly": {"vertices": [{"x": 619.0, "y": 1919.0}, {"x": 664.0, "y": 1919.0}, {"x": 664.0, "y": 1959.0}, {"x": 619.0, "y": 1959.0}]}, "description": " 1"}, {"boundingPoly": {"vertices": [{"x": 1831.0, "y": 1985.0}, {"x": 1816.0, "y": 1931.0}, {"x": 1840.0, "y": 1924.0}, {"x": 1855.0, "y": 1978.0}]}, "description": "ANK"}, {"boundingPoly": {"vertices": [{"x": 293.0, "y": 2039.0}, {"x": 695.0, "y": 2039.0}, {"x": 695.0, "y": 2083.0}, {"x": 293.0, "y": 2083.0}]}, "description": " GST NO:07AADCT370381ZW"}, {"boundingPoly": {"vertices": [{"x": 295.0, "y": 2082.0}, {"x": 717.0, "y": 2089.0}, {"x": 716.0, "y": 2129.0}, {"x": 295.0, "y": 2121.0}]}, "description": "Thank You .. Visit Again"}, {"boundingPoly": {"vertices": [{"x": 278.0, "y": 2161.0}, {"x": 941.0, "y": 2180.0}, {"x": 939.0, "y": 2223.0}, {"x": 277.0, "y": 2195.0}]}, "description": "customerservice@travelfoodservices.com."}, {"boundingPoly": {"vertices": [{"x": 590.0, "y": 2245.0}, {"x": 868.0, "y": 2245.0}, {"x": 868.0, "y": 2305.0}, {"x": 590.0, "y": 2305.0}]}, "description": " Signature:"}, {"boundingPoly": {"vertices": [{"x": 268.0, "y": 2312.0}, {"x": 734.0, "y": 2344.0}, {"x": 731.0, "y": 2384.0}, {"x": 265.0, "y": 2352.0}]}, "description": "unless otherwise specified"}, {"boundingPoly": {"vertices": [{"x": 285.0, "y": 2120.0}, {"x": 819.0, "y": 2133.0}, {"x": 818.0, "y": 2171.0}, {"x": 285.0, "y": 2158.0}]}, "description": "For Feedback\\Comments write to"}, {"boundingPoly": {"vertices": [{"x": 297.0, "y": 2193.0}, {"x": 532.0, "y": 2193.0}, {"x": 532.0, "y": 2229.0}, {"x": 297.0, "y": 2230.0}]}, "description": "'E & DE\""}, {"boundingPoly": {"vertices": [{"x": 274.0, "y": 2269.0}, {"x": 604.0, "y": 2287.0}, {"x": 602.0, "y": 2328.0}, {"x": 272.0, "y": 2310.0}]}, "description": "Currency is in INR"}]}