{"textAnnotations": [{"boundingPoly": {"vertices": [{"x": 213.0, "y": 64.0}, {"x": 257.0, "y": 64.0}, {"x": 257.0, "y": 83.0}, {"x": 213.0, "y": 83.0}]}, "description": "merchant name"}, {"boundingPoly": {"vertices": [{"x": 170.0, "y": 88.0}, {"x": 297.0, "y": 87.0}, {"x": 298.0, "y": 104.0}, {"x": 170.0, "y": 106.0}]}, "description": "merchant address"}, {"boundingPoly": {"vertices": [{"x": 124.0, "y": 111.0}, {"x": 342.0, "y": 108.0}, {"x": 343.0, "y": 124.0}, {"x": 124.0, "y": 128.0}]}, "description": "merchant address"}, {"boundingPoly": {"vertices": [{"x": 181.0, "y": 131.0}, {"x": 284.0, "y": 130.0}, {"x": 284.0, "y": 147.0}, {"x": 181.0, "y": 149.0}]}, "description": "merchant phone"}, {"boundingPoly": {"vertices": [{"x": 107.0, "y": 151.0}, {"x": 358.0, "y": 151.0}, {"x": 358.0, "y": 176.0}, {"x": 107.0, "y": 176.0}]}, "description": " https://sini.mycloveronline.com"}, {"boundingPoly": {"vertices": [{"x": 169.0, "y": 196.0}, {"x": 264.0, "y": 196.0}, {"x": 264.0, "y": 225.0}, {"x": 169.0, "y": 225.0}]}, "description": " ORDER:"}, {"boundingPoly": {"vertices": [{"x": 180.0, "y": 233.0}, {"x": 271.0, "y": 233.0}, {"x": 271.0, "y": 258.0}, {"x": 180.0, "y": 259.0}]}, "description": "DIne-In"}, {"boundingPoly": {"vertices": [{"x": 269.0, "y": 196.0}, {"x": 288.0, "y": 196.0}, {"x": 288.0, "y": 224.0}, {"x": 269.0, "y": 224.0}]}, "description": " 3"}, {"boundingPoly": {"vertices": [{"x": 48.0, "y": 266.0}, {"x": 110.0, "y": 266.0}, {"x": 110.0, "y": 286.0}, {"x": 48.0, "y": 286.0}]}, "description": " Cashier:"}, {"boundingPoly": {"vertices": [{"x": 47.0, "y": 288.0}, {"x": 226.0, "y": 288.0}, {"x": 226.0, "y": 307.0}, {"x": 47.0, "y": 307.0}]}, "description": " 12-Nov-2019 1:17:42P"}, {"boundingPoly": {"vertices": [{"x": 46.0, "y": 317.0}, {"x": 200.0, "y": 315.0}, {"x": 200.0, "y": 333.0}, {"x": 46.0, "y": 335.0}]}, "description": "Transaction 043991"}, {"boundingPoly": {"vertices": [{"x": 113.0, "y": 267.0}, {"x": 166.0, "y": 267.0}, {"x": 166.0, "y": 286.0}, {"x": 113.0, "y": 286.0}]}, "description": " Luis F."}, {"boundingPoly": {"vertices": [{"x": 43.0, "y": 362.0}, {"x": 52.0, "y": 363.0}, {"x": 52.0, "y": 375.0}, {"x": 42.0, "y": 374.0}]}, "description": "1"}, {"boundingPoly": {"vertices": [{"x": 66.0, "y": 359.0}, {"x": 278.0, "y": 355.0}, {"x": 278.0, "y": 375.0}, {"x": 66.0, "y": 378.0}]}, "description": "Falafel w/ Hummus Plate+"}, {"boundingPoly": {"vertices": [{"x": 71.0, "y": 382.0}, {"x": 104.0, "y": 384.0}, {"x": 103.0, "y": 400.0}, {"x": 70.0, "y": 398.0}]}, "description": "Pita"}, {"boundingPoly": {"vertices": [{"x": 344.0, "y": 355.0}, {"x": 403.0, "y": 354.0}, {"x": 403.0, "y": 372.0}, {"x": 344.0, "y": 372.0}]}, "description": "$11.90"}, {"boundingPoly": {"vertices": [{"x": 40.0, "y": 424.0}, {"x": 108.0, "y": 425.0}, {"x": 108.0, "y": 443.0}, {"x": 40.0, "y": 443.0}]}, "description": "Subtotal"}, {"boundingPoly": {"vertices": [{"x": 41.0, "y": 447.0}, {"x": 68.0, "y": 448.0}, {"x": 67.0, "y": 464.0}, {"x": 40.0, "y": 463.0}]}, "description": "Tax"}, {"boundingPoly": {"vertices": [{"x": 341.0, "y": 420.0}, {"x": 401.0, "y": 418.0}, {"x": 402.0, "y": 436.0}, {"x": 341.0, "y": 438.0}]}, "description": "$11.90"}, {"boundingPoly": {"vertices": [{"x": 350.0, "y": 442.0}, {"x": 397.0, "y": 441.0}, {"x": 397.0, "y": 459.0}, {"x": 351.0, "y": 460.0}]}, "description": "$1.01"}, {"boundingPoly": {"vertices": [{"x": 38.0, "y": 491.0}, {"x": 77.0, "y": 491.0}, {"x": 76.0, "y": 508.0}, {"x": 38.0, "y": 507.0}]}, "description": "Total"}, {"boundingPoly": {"vertices": [{"x": 339.0, "y": 485.0}, {"x": 395.0, "y": 485.0}, {"x": 395.0, "y": 503.0}, {"x": 339.0, "y": 504.0}]}, "description": "$12.91"}, {"boundingPoly": {"vertices": [{"x": 337.0, "y": 518.0}, {"x": 394.0, "y": 517.0}, {"x": 395.0, "y": 534.0}, {"x": 337.0, "y": 536.0}]}, "description": "$12.91"}, {"boundingPoly": {"vertices": [{"x": 36.0, "y": 522.0}, {"x": 195.0, "y": 521.0}, {"x": 195.0, "y": 539.0}, {"x": 36.0, "y": 539.0}]}, "description": "CREDIT CARD AUTH"}, {"boundingPoly": {"vertices": [{"x": 34.0, "y": 544.0}, {"x": 126.0, "y": 544.0}, {"x": 126.0, "y": 561.0}, {"x": 34.0, "y": 561.0}]}, "description": "AMEX 1000"}, {"boundingPoly": {"vertices": [{"x": 35.0, "y": 574.0}, {"x": 211.0, "y": 574.0}, {"x": 211.0, "y": 593.0}, {"x": 35.0, "y": 593.0}]}, "description": " 12-Nov-2019 1:17:52P"}, {"boundingPoly": {"vertices": [{"x": 168.0, "y": 595.0}, {"x": 233.0, "y": 595.0}, {"x": 233.0, "y": 614.0}, {"x": 168.0, "y": 614.0}]}, "description": " SWIPED"}, {"boundingPoly": {"vertices": [{"x": 32.0, "y": 618.0}, {"x": 258.0, "y": 616.0}, {"x": 259.0, "y": 634.0}, {"x": 32.0, "y": 636.0}]}, "description": "AMEX XXXXXXXXXXXX1000"}, {"boundingPoly": {"vertices": [{"x": 77.0, "y": 661.0}, {"x": 266.0, "y": 661.0}, {"x": 266.0, "y": 680.0}, {"x": 77.0, "y": 680.0}]}, "description": " 931600633000 | Auth #:"}, {"boundingPoly": {"vertices": [{"x": 69.0, "y": 684.0}, {"x": 171.0, "y": 684.0}, {"x": 171.0, "y": 702.0}, {"x": 69.0, "y": 702.0}]}, "description": " ******** 9995"}, {"boundingPoly": {"vertices": [{"x": 28.0, "y": 707.0}, {"x": 126.0, "y": 707.0}, {"x": 126.0, "y": 725.0}, {"x": 28.0, "y": 725.0}]}, "description": " AthNtwkNm:"}, {"boundingPoly": {"vertices": [{"x": 26.0, "y": 728.0}, {"x": 199.0, "y": 727.0}, {"x": 199.0, "y": 746.0}, {"x": 26.0, "y": 746.0}]}, "description": "SIGNATURE VERIFIED"}, {"boundingPoly": {"vertices": [{"x": 34.0, "y": 596.0}, {"x": 164.0, "y": 596.0}, {"x": 164.0, "y": 615.0}, {"x": 34.0, "y": 615.0}]}, "description": " $12.91 | Method:"}, {"boundingPoly": {"vertices": [{"x": 30.0, "y": 662.0}, {"x": 73.0, "y": 662.0}, {"x": 73.0, "y": 680.0}, {"x": 30.0, "y": 680.0}]}, "description": " Ref #:"}, {"boundingPoly": {"vertices": [{"x": 269.0, "y": 661.0}, {"x": 335.0, "y": 661.0}, {"x": 335.0, "y": 680.0}, {"x": 269.0, "y": 680.0}]}, "description": " 526730"}, {"boundingPoly": {"vertices": [{"x": 29.0, "y": 685.0}, {"x": 66.0, "y": 685.0}, {"x": 66.0, "y": 702.0}, {"x": 29.0, "y": 702.0}]}, "description": " MID:"}, {"boundingPoly": {"vertices": [{"x": 129.0, "y": 707.0}, {"x": 180.0, "y": 707.0}, {"x": 180.0, "y": 724.0}, {"x": 129.0, "y": 724.0}]}, "description": " AMEX"}, {"boundingPoly": {"vertices": [{"x": 130.0, "y": 795.0}, {"x": 280.0, "y": 795.0}, {"x": 280.0, "y": 816.0}, {"x": 130.0, "y": 815.0}]}, "description": "How are we doing?"}, {"boundingPoly": {"vertices": [{"x": 111.0, "y": 817.0}, {"x": 299.0, "y": 817.0}, {"x": 299.0, "y": 838.0}, {"x": 111.0, "y": 838.0}]}, "description": "Text \"hepuq3\" to 73752"}, {"boundingPoly": {"vertices": [{"x": 103.0, "y": 841.0}, {"x": 306.0, "y": 841.0}, {"x": 306.0, "y": 861.0}, {"x": 103.0, "y": 860.0}]}, "description": "to send us your feedback"}, {"boundingPoly": {"vertices": [{"x": 90.0, "y": 954.0}, {"x": 143.0, "y": 954.0}, {"x": 143.0, "y": 976.0}, {"x": 90.0, "y": 976.0}]}, "description": " Online:"}, {"boundingPoly": {"vertices": [{"x": 115.0, "y": 979.0}, {"x": 285.0, "y": 979.0}, {"x": 285.0, "y": 999.0}, {"x": 115.0, "y": 998.0}]}, "description": "p/67PN7FQ0QWN8C"}, {"boundingPoly": {"vertices": [{"x": 147.0, "y": 955.0}, {"x": 309.0, "y": 955.0}, {"x": 309.0, "y": 977.0}, {"x": 147.0, "y": 977.0}]}, "description": " https://clover.com/"}, {"boundingPoly": {"vertices": [{"x": 123.0, "y": 1063.0}, {"x": 275.0, "y": 1066.0}, {"x": 274.0, "y": 1084.0}, {"x": 123.0, "y": 1081.0}]}, "description": "67PN7FQ0QWN8C"}, {"boundingPoly": {"vertices": [{"x": 13.0, "y": 1116.0}, {"x": 207.0, "y": 1118.0}, {"x": 207.0, "y": 1137.0}, {"x": 13.0, "y": 1134.0}]}, "description": "Order RQAH9A0E2D9A8"}]}