{"textAnnotations": [{"boundingPoly": {"vertices": [{"x": 94.0, "y": 95.0}, {"x": 327.0, "y": 93.0}, {"x": 327.0, "y": 113.0}, {"x": 94.0, "y": 116.0}]}, "description": "merchant name"}, {"boundingPoly": {"vertices": [{"x": 164.0, "y": 119.0}, {"x": 265.0, "y": 118.0}, {"x": 265.0, "y": 138.0}, {"x": 164.0, "y": 139.0}]}, "description": "merchant address"}, {"boundingPoly": {"vertices": [{"x": 85.0, "y": 144.0}, {"x": 337.0, "y": 143.0}, {"x": 337.0, "y": 163.0}, {"x": 85.0, "y": 166.0}]}, "description": "merchant address"}, {"boundingPoly": {"vertices": [{"x": 164.0, "y": 195.0}, {"x": 266.0, "y": 195.0}, {"x": 266.0, "y": 216.0}, {"x": 164.0, "y": 216.0}]}, "description": "CHK 664143"}, {"boundingPoly": {"vertices": [{"x": 117.0, "y": 220.0}, {"x": 306.0, "y": 220.0}, {"x": 306.0, "y": 245.0}, {"x": 117.0, "y": 245.0}]}, "description": " 11/04/2019 05:31 PM"}, {"boundingPoly": {"vertices": [{"x": 78.0, "y": 245.0}, {"x": 152.0, "y": 245.0}, {"x": 152.0, "y": 268.0}, {"x": 78.0, "y": 269.0}]}, "description": "1468742"}, {"boundingPoly": {"vertices": [{"x": 172.0, "y": 245.0}, {"x": 249.0, "y": 245.0}, {"x": 249.0, "y": 270.0}, {"x": 172.0, "y": 270.0}]}, "description": " Drawer:"}, {"boundingPoly": {"vertices": [{"x": 254.0, "y": 245.0}, {"x": 278.0, "y": 245.0}, {"x": 278.0, "y": 270.0}, {"x": 254.0, "y": 270.0}]}, "description": " 1"}, {"boundingPoly": {"vertices": [{"x": 281.0, "y": 247.0}, {"x": 329.0, "y": 247.0}, {"x": 329.0, "y": 268.0}, {"x": 281.0, "y": 268.0}]}, "description": " Reg:"}, {"boundingPoly": {"vertices": [{"x": 332.0, "y": 247.0}, {"x": 347.0, "y": 247.0}, {"x": 347.0, "y": 268.0}, {"x": 332.0, "y": 268.0}]}, "description": " 2"}, {"boundingPoly": {"vertices": [{"x": 47.0, "y": 297.0}, {"x": 190.0, "y": 297.0}, {"x": 190.0, "y": 320.0}, {"x": 47.0, "y": 321.0}]}, "description": "Peppermint Gum"}, {"boundingPoly": {"vertices": [{"x": 50.0, "y": 321.0}, {"x": 227.0, "y": 321.0}, {"x": 227.0, "y": 345.0}, {"x": 50.0, "y": 345.0}]}, "description": "Slt Alm Choc Bites"}, {"boundingPoly": {"vertices": [{"x": 49.0, "y": 347.0}, {"x": 170.0, "y": 347.0}, {"x": 170.0, "y": 369.0}, {"x": 49.0, "y": 369.0}]}, "description": "Chips Bbq Ea"}, {"boundingPoly": {"vertices": [{"x": 49.0, "y": 371.0}, {"x": 170.0, "y": 371.0}, {"x": 170.0, "y": 394.0}, {"x": 49.0, "y": 395.0}]}, "description": "Sqrl Almonds"}, {"boundingPoly": {"vertices": [{"x": 51.0, "y": 396.0}, {"x": 181.0, "y": 396.0}, {"x": 181.0, "y": 419.0}, {"x": 51.0, "y": 419.0}]}, "description": "Tl Cappuccino"}, {"boundingPoly": {"vertices": [{"x": 67.0, "y": 420.0}, {"x": 150.0, "y": 420.0}, {"x": 151.0, "y": 443.0}, {"x": 67.0, "y": 443.0}]}, "description": "Hazelnut"}, {"boundingPoly": {"vertices": [{"x": 51.0, "y": 445.0}, {"x": 217.0, "y": 445.0}, {"x": 217.0, "y": 466.0}, {"x": 51.0, "y": 466.0}]}, "description": "Cinn Raisin Bagel"}, {"boundingPoly": {"vertices": [{"x": 72.0, "y": 469.0}, {"x": 247.0, "y": 469.0}, {"x": 247.0, "y": 490.0}, {"x": 72.0, "y": 490.0}]}, "description": "Plain Cream Cheese"}, {"boundingPoly": {"vertices": [{"x": 322.0, "y": 296.0}, {"x": 365.0, "y": 296.0}, {"x": 365.0, "y": 320.0}, {"x": 322.0, "y": 320.0}]}, "description": "2.25"}, {"boundingPoly": {"vertices": [{"x": 322.0, "y": 323.0}, {"x": 364.0, "y": 323.0}, {"x": 364.0, "y": 344.0}, {"x": 321.0, "y": 343.0}]}, "description": "2.75"}, {"boundingPoly": {"vertices": [{"x": 323.0, "y": 347.0}, {"x": 364.0, "y": 347.0}, {"x": 363.0, "y": 368.0}, {"x": 323.0, "y": 368.0}]}, "description": "1.75"}, {"boundingPoly": {"vertices": [{"x": 322.0, "y": 372.0}, {"x": 364.0, "y": 373.0}, {"x": 364.0, "y": 392.0}, {"x": 321.0, "y": 392.0}]}, "description": "2.25"}, {"boundingPoly": {"vertices": [{"x": 320.0, "y": 398.0}, {"x": 362.0, "y": 397.0}, {"x": 362.0, "y": 416.0}, {"x": 320.0, "y": 416.0}]}, "description": "3.95"}, {"boundingPoly": {"vertices": [{"x": 321.0, "y": 420.0}, {"x": 362.0, "y": 421.0}, {"x": 362.0, "y": 441.0}, {"x": 321.0, "y": 442.0}]}, "description": "0.50"}, {"boundingPoly": {"vertices": [{"x": 320.0, "y": 447.0}, {"x": 363.0, "y": 445.0}, {"x": 363.0, "y": 465.0}, {"x": 321.0, "y": 466.0}]}, "description": "2.00"}, {"boundingPoly": {"vertices": [{"x": 321.0, "y": 470.0}, {"x": 363.0, "y": 470.0}, {"x": 363.0, "y": 490.0}, {"x": 321.0, "y": 490.0}]}, "description": "0.75"}, {"boundingPoly": {"vertices": [{"x": 55.0, "y": 519.0}, {"x": 96.0, "y": 520.0}, {"x": 95.0, "y": 538.0}, {"x": 54.0, "y": 537.0}]}, "description": "Amex"}, {"boundingPoly": {"vertices": [{"x": 55.0, "y": 541.0}, {"x": 210.0, "y": 541.0}, {"x": 210.0, "y": 561.0}, {"x": 55.0, "y": 562.0}]}, "description": "XXXXXXXXXXXX5002"}, {"boundingPoly": {"vertices": [{"x": 57.0, "y": 565.0}, {"x": 165.0, "y": 565.0}, {"x": 165.0, "y": 586.0}, {"x": 57.0, "y": 586.0}]}, "description": " Card Entry:"}, {"boundingPoly": {"vertices": [{"x": 57.0, "y": 589.0}, {"x": 163.0, "y": 589.0}, {"x": 163.0, "y": 610.0}, {"x": 57.0, "y": 610.0}]}, "description": " Trans Type:"}, {"boundingPoly": {"vertices": [{"x": 56.0, "y": 613.0}, {"x": 174.0, "y": 613.0}, {"x": 174.0, "y": 634.0}, {"x": 56.0, "y": 634.0}]}, "description": " Reference #:"}, {"boundingPoly": {"vertices": [{"x": 55.0, "y": 637.0}, {"x": 154.0, "y": 637.0}, {"x": 154.0, "y": 658.0}, {"x": 55.0, "y": 658.0}]}, "description": " App Label:"}, {"boundingPoly": {"vertices": [{"x": 57.0, "y": 660.0}, {"x": 127.0, "y": 660.0}, {"x": 127.0, "y": 680.0}, {"x": 57.0, "y": 680.0}]}, "description": " Auth #:"}, {"boundingPoly": {"vertices": [{"x": 103.0, "y": 683.0}, {"x": 255.0, "y": 683.0}, {"x": 255.0, "y": 703.0}, {"x": 103.0, "y": 703.0}]}, "description": " A000000025010801"}, {"boundingPoly": {"vertices": [{"x": 102.0, "y": 706.0}, {"x": 200.0, "y": 706.0}, {"x": 200.0, "y": 726.0}, {"x": 102.0, "y": 726.0}]}, "description": " 0000008000"}, {"boundingPoly": {"vertices": [{"x": 101.0, "y": 729.0}, {"x": 144.0, "y": 729.0}, {"x": 144.0, "y": 749.0}, {"x": 101.0, "y": 749.0}]}, "description": " E800"}, {"boundingPoly": {"vertices": [{"x": 313.0, "y": 519.0}, {"x": 363.0, "y": 519.0}, {"x": 362.0, "y": 538.0}, {"x": 314.0, "y": 538.0}]}, "description": "17.04"}, {"boundingPoly": {"vertices": [{"x": 168.0, "y": 565.0}, {"x": 268.0, "y": 565.0}, {"x": 268.0, "y": 586.0}, {"x": 168.0, "y": 586.0}]}, "description": " QUICK CHIP"}, {"boundingPoly": {"vertices": [{"x": 167.0, "y": 589.0}, {"x": 247.0, "y": 589.0}, {"x": 247.0, "y": 610.0}, {"x": 167.0, "y": 610.0}]}, "description": " PURCHASE"}, {"boundingPoly": {"vertices": [{"x": 177.0, "y": 613.0}, {"x": 259.0, "y": 613.0}, {"x": 259.0, "y": 633.0}, {"x": 177.0, "y": 633.0}]}, "description": " 00000144"}, {"boundingPoly": {"vertices": [{"x": 158.0, "y": 637.0}, {"x": 314.0, "y": 637.0}, {"x": 314.0, "y": 657.0}, {"x": 158.0, "y": 657.0}]}, "description": " AMERICAN EXPRESS"}, {"boundingPoly": {"vertices": [{"x": 131.0, "y": 660.0}, {"x": 191.0, "y": 660.0}, {"x": 191.0, "y": 679.0}, {"x": 131.0, "y": 679.0}]}, "description": " 820207"}, {"boundingPoly": {"vertices": [{"x": 58.0, "y": 685.0}, {"x": 100.0, "y": 685.0}, {"x": 100.0, "y": 703.0}, {"x": 58.0, "y": 703.0}]}, "description": " AID:"}, {"boundingPoly": {"vertices": [{"x": 58.0, "y": 706.0}, {"x": 99.0, "y": 706.0}, {"x": 99.0, "y": 726.0}, {"x": 58.0, "y": 726.0}]}, "description": " TVR:"}, {"boundingPoly": {"vertices": [{"x": 56.0, "y": 729.0}, {"x": 97.0, "y": 729.0}, {"x": 97.0, "y": 749.0}, {"x": 56.0, "y": 749.0}]}, "description": " TSI:"}, {"boundingPoly": {"vertices": [{"x": 51.0, "y": 778.0}, {"x": 128.0, "y": 777.0}, {"x": 128.0, "y": 799.0}, {"x": 51.0, "y": 800.0}]}, "description": "Subtotal"}, {"boundingPoly": {"vertices": [{"x": 51.0, "y": 804.0}, {"x": 148.0, "y": 803.0}, {"x": 148.0, "y": 825.0}, {"x": 51.0, "y": 825.0}]}, "description": "Tax 8.875%"}, {"boundingPoly": {"vertices": [{"x": 48.0, "y": 830.0}, {"x": 97.0, "y": 830.0}, {"x": 97.0, "y": 850.0}, {"x": 48.0, "y": 849.0}]}, "description": "Total"}, {"boundingPoly": {"vertices": [{"x": 14.0, "y": 855.0}, {"x": 215.0, "y": 856.0}, {"x": 215.0, "y": 881.0}, {"x": 14.0, "y": 879.0}]}, "description": "Change Due"}, {"boundingPoly": {"vertices": [{"x": 291.0, "y": 780.0}, {"x": 354.0, "y": 779.0}, {"x": 354.0, "y": 800.0}, {"x": 291.0, "y": 801.0}]}, "description": "$16.20"}, {"boundingPoly": {"vertices": [{"x": 303.0, "y": 805.0}, {"x": 354.0, "y": 805.0}, {"x": 354.0, "y": 827.0}, {"x": 303.0, "y": 827.0}]}, "description": "$0.84"}, {"boundingPoly": {"vertices": [{"x": 290.0, "y": 831.0}, {"x": 355.0, "y": 831.0}, {"x": 355.0, "y": 853.0}, {"x": 290.0, "y": 853.0}]}, "description": "$17.04"}, {"boundingPoly": {"vertices": [{"x": 311.0, "y": 858.0}, {"x": 415.0, "y": 857.0}, {"x": 415.0, "y": 881.0}, {"x": 312.0, "y": 882.0}]}, "description": "$0.00"}, {"boundingPoly": {"vertices": [{"x": 130.0, "y": 910.0}, {"x": 256.0, "y": 910.0}, {"x": 256.0, "y": 934.0}, {"x": 130.0, "y": 934.0}]}, "description": "Check Closed"}, {"boundingPoly": {"vertices": [{"x": 113.0, "y": 937.0}, {"x": 306.0, "y": 937.0}, {"x": 306.0, "y": 964.0}, {"x": 113.0, "y": 964.0}]}, "description": " 11/04/2019 05:31 PM"}]}