{"textAnnotations": [{"boundingPoly": {"vertices": [{"x": 1547.0, "y": 173.0}, {"x": 1689.0, "y": 173.0}, {"x": 1690.0, "y": 206.0}, {"x": 1547.0, "y": 207.0}]}, "description": "merchant name"}, {"boundingPoly": {"vertices": [{"x": 1474.0, "y": 211.0}, {"x": 1782.0, "y": 211.0}, {"x": 1782.0, "y": 251.0}, {"x": 1474.0, "y": 254.0}]}, "description": "merchant address"}, {"boundingPoly": {"vertices": [{"x": 1398.0, "y": 257.0}, {"x": 1577.0, "y": 257.0}, {"x": 1577.0, "y": 299.0}, {"x": 1398.0, "y": 299.0}]}, "description": "merchant address"}, {"boundingPoly": {"vertices": [{"x": 1584.0, "y": 251.0}, {"x": 1864.0, "y": 251.0}, {"x": 1864.0, "y": 296.0}, {"x": 1584.0, "y": 296.0}]}, "description": "merchant address"}, {"boundingPoly": {"vertices": [{"x": 1491.0, "y": 297.0}, {"x": 1769.0, "y": 295.0}, {"x": 1769.0, "y": 340.0}, {"x": 1491.0, "y": 343.0}]}, "description": "merchant phone"}, {"boundingPoly": {"vertices": [{"x": 1236.0, "y": 439.0}, {"x": 1439.0, "y": 439.0}, {"x": 1439.0, "y": 480.0}, {"x": 1236.0, "y": 480.0}]}, "description": " De te/fine:"}, {"boundingPoly": {"vertices": [{"x": 1237.0, "y": 480.0}, {"x": 1518.0, "y": 480.0}, {"x": 1518.0, "y": 528.0}, {"x": 1237.0, "y": 528.0}]}, "description": " Order Number:"}, {"boundingPoly": {"vertices": [{"x": 1239.0, "y": 532.0}, {"x": 1515.0, "y": 532.0}, {"x": 1515.0, "y": 576.0}, {"x": 1239.0, "y": 576.0}]}, "description": " Accourt Type:"}, {"boundingPoly": {"vertices": [{"x": 1236.0, "y": 575.0}, {"x": 1486.0, "y": 575.0}, {"x": 1486.0, "y": 626.0}, {"x": 1236.0, "y": 626.0}]}, "description": " EDC Tran ID:"}, {"boundingPoly": {"vertices": [{"x": 1231.0, "y": 629.0}, {"x": 1343.0, "y": 629.0}, {"x": 1343.0, "y": 675.0}, {"x": 1231.0, "y": 675.0}]}, "description": " Server"}, {"boundingPoly": {"vertices": [{"x": 1239.0, "y": 677.0}, {"x": 1356.0, "y": 677.0}, {"x": 1356.0, "y": 722.0}, {"x": 1239.0, "y": 722.0}]}, "description": " Table:"}, {"boundingPoly": {"vertices": [{"x": 1529.0, "y": 432.0}, {"x": 1914.0, "y": 432.0}, {"x": 1914.0, "y": 480.0}, {"x": 1529.0, "y": 480.0}]}, "description": " 2019-11-11 08:59 PM"}, {"boundingPoly": {"vertices": [{"x": 1528.0, "y": 481.0}, {"x": 1631.0, "y": 480.0}, {"x": 1629.0, "y": 521.0}, {"x": 1528.0, "y": 523.0}]}, "description": "77947"}, {"boundingPoly": {"vertices": [{"x": 1525.0, "y": 528.0}, {"x": 1653.0, "y": 528.0}, {"x": 1653.0, "y": 576.0}, {"x": 1525.0, "y": 576.0}]}, "description": " CREDIT"}, {"boundingPoly": {"vertices": [{"x": 1521.0, "y": 576.0}, {"x": 1717.0, "y": 576.0}, {"x": 1717.0, "y": 622.0}, {"x": 1521.0, "y": 622.0}]}, "description": "290507410"}, {"boundingPoly": {"vertices": [{"x": 1525.0, "y": 633.0}, {"x": 1640.0, "y": 630.0}, {"x": 1641.0, "y": 670.0}, {"x": 1523.0, "y": 673.0}]}, "description": "damin"}, {"boundingPoly": {"vertices": [{"x": 1529.0, "y": 675.0}, {"x": 1580.0, "y": 676.0}, {"x": 1579.0, "y": 722.0}, {"x": 1528.0, "y": 720.0}]}, "description": "33"}, {"boundingPoly": {"vertices": [{"x": 440.0, "y": 484.0}, {"x": 579.0, "y": 483.0}, {"x": 579.0, "y": 542.0}, {"x": 440.0, "y": 543.0}]}, "description": "merchant name"}, {"boundingPoly": {"vertices": [{"x": 468.0, "y": 579.0}, {"x": 626.0, "y": 579.0}, {"x": 626.0, "y": 633.0}, {"x": 468.0, "y": 633.0}]}, "description": "merchant address"}, {"boundingPoly": {"vertices": [{"x": 379.0, "y": 634.0}, {"x": 475.0, "y": 634.0}, {"x": 475.0, "y": 690.0}, {"x": 379.0, "y": 690.0}]}, "description": "merchant phone"}, {"boundingPoly": {"vertices": [{"x": 372.0, "y": 552.0}, {"x": 412.0, "y": 552.0}, {"x": 412.0, "y": 591.0}, {"x": 372.0, "y": 591.0}]}, "description": "merchant address"}, {"boundingPoly": {"vertices": [{"x": 363.0, "y": 591.0}, {"x": 460.0, "y": 591.0}, {"x": 460.0, "y": 640.0}, {"x": 363.0, "y": 640.0}]}, "description": "merchant address"}, {"boundingPoly": {"vertices": [{"x": 419.0, "y": 535.0}, {"x": 667.0, "y": 535.0}, {"x": 667.0, "y": 590.0}, {"x": 419.0, "y": 590.0}]}, "description": "merchant address"}, {"boundingPoly": {"vertices": [{"x": 295.0, "y": 599.0}, {"x": 356.0, "y": 599.0}, {"x": 356.0, "y": 643.0}, {"x": 295.0, "y": 643.0}]}, "description": "merchant address"}, {"boundingPoly": {"vertices": [{"x": 633.0, "y": 572.0}, {"x": 734.0, "y": 572.0}, {"x": 734.0, "y": 623.0}, {"x": 633.0, "y": 623.0}]}, "description": "merchant address"}, {"boundingPoly": {"vertices": [{"x": 483.0, "y": 624.0}, {"x": 643.0, "y": 624.0}, {"x": 643.0, "y": 682.0}, {"x": 483.0, "y": 682.0}]}, "description": "merchant phone"}, {"boundingPoly": {"vertices": [{"x": 1350.0, "y": 631.0}, {"x": 1374.0, "y": 631.0}, {"x": 1374.0, "y": 675.0}, {"x": 1350.0, "y": 675.0}]}, "description": " :"}, {"boundingPoly": {"vertices": [{"x": 131.0, "y": 742.0}, {"x": 269.0, "y": 742.0}, {"x": 269.0, "y": 791.0}, {"x": 131.0, "y": 791.0}]}, "description": " Server:"}, {"boundingPoly": {"vertices": [{"x": 276.0, "y": 737.0}, {"x": 379.0, "y": 737.0}, {"x": 379.0, "y": 787.0}, {"x": 276.0, "y": 787.0}]}, "description": " dam in"}, {"boundingPoly": {"vertices": [{"x": 284.0, "y": 824.0}, {"x": 388.0, "y": 824.0}, {"x": 388.0, "y": 880.0}, {"x": 284.0, "y": 880.0}]}, "description": " 77947"}, {"boundingPoly": {"vertices": [{"x": 677.0, "y": 707.0}, {"x": 842.0, "y": 707.0}, {"x": 842.0, "y": 760.0}, {"x": 677.0, "y": 760.0}]}, "description": " Station:"}, {"boundingPoly": {"vertices": [{"x": 851.0, "y": 705.0}, {"x": 880.0, "y": 705.0}, {"x": 880.0, "y": 754.0}, {"x": 851.0, "y": 754.0}]}, "description": " 2"}, {"boundingPoly": {"vertices": [{"x": 1225.0, "y": 770.0}, {"x": 1398.0, "y": 774.0}, {"x": 1392.0, "y": 853.0}, {"x": 1223.0, "y": 849.0}]}, "description": "PURCHASE"}, {"boundingPoly": {"vertices": [{"x": 122.0, "y": 832.0}, {"x": 275.0, "y": 832.0}, {"x": 275.0, "y": 889.0}, {"x": 122.0, "y": 889.0}]}, "description": " Order #:"}, {"boundingPoly": {"vertices": [{"x": 732.0, "y": 803.0}, {"x": 819.0, "y": 803.0}, {"x": 819.0, "y": 856.0}, {"x": 732.0, "y": 856.0}]}, "description": " Dine"}, {"boundingPoly": {"vertices": [{"x": 828.0, "y": 800.0}, {"x": 881.0, "y": 800.0}, {"x": 881.0, "y": 851.0}, {"x": 828.0, "y": 851.0}]}, "description": " In"}, {"boundingPoly": {"vertices": [{"x": 396.0, "y": 871.0}, {"x": 515.0, "y": 871.0}, {"x": 515.0, "y": 920.0}, {"x": 396.0, "y": 920.0}]}, "description": " Table:"}, {"boundingPoly": {"vertices": [{"x": 522.0, "y": 869.0}, {"x": 576.0, "y": 869.0}, {"x": 576.0, "y": 919.0}, {"x": 522.0, "y": 919.0}]}, "description": " 33"}, {"boundingPoly": {"vertices": [{"x": 1234.0, "y": 844.0}, {"x": 1401.0, "y": 848.0}, {"x": 1398.0, "y": 947.0}, {"x": 1231.0, "y": 943.0}]}, "description": "APPROVAL"}, {"boundingPoly": {"vertices": [{"x": 1222.0, "y": 987.0}, {"x": 1451.0, "y": 987.0}, {"x": 1451.0, "y": 1043.0}, {"x": 1222.0, "y": 1043.0}]}, "description": " Entry Mode:"}, {"boundingPoly": {"vertices": [{"x": 1218.0, "y": 1042.0}, {"x": 1438.0, "y": 1042.0}, {"x": 1438.0, "y": 1097.0}, {"x": 1218.0, "y": 1097.0}]}, "description": " Card Number"}, {"boundingPoly": {"vertices": [{"x": 1218.0, "y": 1096.0}, {"x": 1469.0, "y": 1096.0}, {"x": 1469.0, "y": 1150.0}, {"x": 1218.0, "y": 1150.0}]}, "description": " Card Expire:"}, {"boundingPoly": {"vertices": [{"x": 106.0, "y": 988.0}, {"x": 128.0, "y": 988.0}, {"x": 128.0, "y": 1035.0}, {"x": 106.0, "y": 1035.0}]}, "description": " 1"}, {"boundingPoly": {"vertices": [{"x": 100.0, "y": 1039.0}, {"x": 125.0, "y": 1039.0}, {"x": 125.0, "y": 1081.0}, {"x": 100.0, "y": 1081.0}]}, "description": " 1"}, {"boundingPoly": {"vertices": [{"x": 97.0, "y": 1089.0}, {"x": 121.0, "y": 1089.0}, {"x": 121.0, "y": 1128.0}, {"x": 97.0, "y": 1128.0}]}, "description": " 1"}, {"boundingPoly": {"vertices": [{"x": 136.0, "y": 983.0}, {"x": 277.0, "y": 983.0}, {"x": 277.0, "y": 1035.0}, {"x": 136.0, "y": 1035.0}]}, "description": " Bhuttey"}, {"boundingPoly": {"vertices": [{"x": 132.0, "y": 1035.0}, {"x": 234.0, "y": 1035.0}, {"x": 234.0, "y": 1081.0}, {"x": 132.0, "y": 1081.0}]}, "description": " kadai"}, {"boundingPoly": {"vertices": [{"x": 128.0, "y": 1090.0}, {"x": 248.0, "y": 1090.0}, {"x": 248.0, "y": 1128.0}, {"x": 128.0, "y": 1128.0}]}, "description": " Laccha"}, {"boundingPoly": {"vertices": [{"x": 285.0, "y": 978.0}, {"x": 389.0, "y": 978.0}, {"x": 389.0, "y": 1029.0}, {"x": 285.0, "y": 1029.0}]}, "description": " Kebab"}, {"boundingPoly": {"vertices": [{"x": 241.0, "y": 1032.0}, {"x": 348.0, "y": 1032.0}, {"x": 348.0, "y": 1080.0}, {"x": 241.0, "y": 1080.0}]}, "description": " panir"}, {"boundingPoly": {"vertices": [{"x": 787.0, "y": 954.0}, {"x": 871.0, "y": 957.0}, {"x": 870.0, "y": 1000.0}, {"x": 785.0, "y": 998.0}]}, "description": "F.00"}, {"boundingPoly": {"vertices": [{"x": 763.0, "y": 1011.0}, {"x": 869.0, "y": 1009.0}, {"x": 869.0, "y": 1049.0}, {"x": 763.0, "y": 1051.0}]}, "description": "18.00"}, {"boundingPoly": {"vertices": [{"x": 779.0, "y": 1055.0}, {"x": 868.0, "y": 1056.0}, {"x": 868.0, "y": 1101.0}, {"x": 777.0, "y": 1099.0}]}, "description": "4.03"}, {"boundingPoly": {"vertices": [{"x": 1446.0, "y": 1049.0}, {"x": 1470.0, "y": 1049.0}, {"x": 1470.0, "y": 1097.0}, {"x": 1446.0, "y": 1097.0}]}, "description": " :"}, {"boundingPoly": {"vertices": [{"x": 1629.0, "y": 995.0}, {"x": 1769.0, "y": 996.0}, {"x": 1769.0, "y": 1043.0}, {"x": 1628.0, "y": 1042.0}]}, "description": "Swiped"}, {"boundingPoly": {"vertices": [{"x": 1628.0, "y": 1048.0}, {"x": 1935.0, "y": 1047.0}, {"x": 1935.0, "y": 1091.0}, {"x": 1628.0, "y": 1092.0}]}, "description": "XXXXXXXXXXXX"}, {"boundingPoly": {"vertices": [{"x": 1629.0, "y": 1101.0}, {"x": 1745.0, "y": 1104.0}, {"x": 1743.0, "y": 1149.0}, {"x": 1629.0, "y": 1145.0}]}, "description": "Xx/XX"}, {"boundingPoly": {"vertices": [{"x": 1631.0, "y": 1155.0}, {"x": 1986.0, "y": 1157.0}, {"x": 1985.0, "y": 1206.0}, {"x": 1630.0, "y": 1203.0}]}, "description": "American Express"}, {"boundingPoly": {"vertices": [{"x": 1632.0, "y": 1207.0}, {"x": 1814.0, "y": 1209.0}, {"x": 1813.0, "y": 1255.0}, {"x": 1632.0, "y": 1252.0}]}, "description": "M KANNAN"}, {"boundingPoly": {"vertices": [{"x": 1635.0, "y": 1257.0}, {"x": 1769.0, "y": 1261.0}, {"x": 1768.0, "y": 1311.0}, {"x": 1631.0, "y": 1309.0}]}, "description": "595174"}, {"boundingPoly": {"vertices": [{"x": 1633.0, "y": 1316.0}, {"x": 1728.0, "y": 1316.0}, {"x": 1729.0, "y": 1367.0}, {"x": 1634.0, "y": 1367.0}]}, "description": "7513"}, {"boundingPoly": {"vertices": [{"x": 79.0, "y": 1183.0}, {"x": 275.0, "y": 1183.0}, {"x": 275.0, "y": 1234.0}, {"x": 79.0, "y": 1234.0}]}, "description": " SUB TOTAL:"}, {"boundingPoly": {"vertices": [{"x": 71.0, "y": 1236.0}, {"x": 332.0, "y": 1236.0}, {"x": 332.0, "y": 1288.0}, {"x": 71.0, "y": 1288.0}]}, "description": " NY State Tax:"}, {"boundingPoly": {"vertices": [{"x": 67.0, "y": 1288.0}, {"x": 193.0, "y": 1288.0}, {"x": 193.0, "y": 1339.0}, {"x": 67.0, "y": 1339.0}]}, "description": " Tex 2:"}, {"boundingPoly": {"vertices": [{"x": 758.0, "y": 1161.0}, {"x": 867.0, "y": 1162.0}, {"x": 865.0, "y": 1210.0}, {"x": 757.0, "y": 1207.0}]}, "description": "30.00"}, {"boundingPoly": {"vertices": [{"x": 770.0, "y": 1217.0}, {"x": 870.0, "y": 1218.0}, {"x": 867.0, "y": 1262.0}, {"x": 770.0, "y": 1263.0}]}, "description": "2.65"}, {"boundingPoly": {"vertices": [{"x": 766.0, "y": 1270.0}, {"x": 861.0, "y": 1272.0}, {"x": 861.0, "y": 1317.0}, {"x": 766.0, "y": 1317.0}]}, "description": "0.00"}, {"boundingPoly": {"vertices": [{"x": 688.0, "y": 1339.0}, {"x": 851.0, "y": 1335.0}, {"x": 852.0, "y": 1364.0}, {"x": 689.0, "y": 1369.0}]}, "description": "========"}, {"boundingPoly": {"vertices": [{"x": 721.0, "y": 1381.0}, {"x": 857.0, "y": 1379.0}, {"x": 857.0, "y": 1475.0}, {"x": 721.0, "y": 1478.0}]}, "description": "$32.66"}, {"boundingPoly": {"vertices": [{"x": 1213.0, "y": 1146.0}, {"x": 1427.0, "y": 1146.0}, {"x": 1427.0, "y": 1202.0}, {"x": 1213.0, "y": 1202.0}]}, "description": " Card Type:"}, {"boundingPoly": {"vertices": [{"x": 1215.0, "y": 1201.0}, {"x": 1549.0, "y": 1201.0}, {"x": 1549.0, "y": 1256.0}, {"x": 1215.0, "y": 1256.0}]}, "description": " Cardholder Name:"}, {"boundingPoly": {"vertices": [{"x": 1210.0, "y": 1258.0}, {"x": 1518.0, "y": 1258.0}, {"x": 1518.0, "y": 1310.0}, {"x": 1210.0, "y": 1310.0}]}, "description": " Approval Code:"}, {"boundingPoly": {"vertices": [{"x": 1208.0, "y": 1308.0}, {"x": 1579.0, "y": 1308.0}, {"x": 1579.0, "y": 1367.0}, {"x": 1208.0, "y": 1367.0}]}, "description": " Reference Number:"}, {"boundingPoly": {"vertices": [{"x": 52.0, "y": 1396.0}, {"x": 171.0, "y": 1396.0}, {"x": 171.0, "y": 1486.0}, {"x": 52.0, "y": 1486.0}]}, "description": " TOTAL:"}, {"boundingPoly": {"vertices": [{"x": 1194.0, "y": 1417.0}, {"x": 1408.0, "y": 1417.0}, {"x": 1408.0, "y": 1520.0}, {"x": 1194.0, "y": 1520.0}]}, "description": " PURCHASE:"}, {"boundingPoly": {"vertices": [{"x": 1194.0, "y": 1575.0}, {"x": 1404.0, "y": 1575.0}, {"x": 1404.0, "y": 1682.0}, {"x": 1194.0, "y": 1682.0}]}, "description": " Gratuity:"}, {"boundingPoly": {"vertices": [{"x": 1194.0, "y": 1724.0}, {"x": 1333.0, "y": 1724.0}, {"x": 1333.0, "y": 1831.0}, {"x": 1194.0, "y": 1831.0}]}, "description": " Total:"}, {"boundingPoly": {"vertices": [{"x": 1255.0, "y": 1887.0}, {"x": 2046.0, "y": 1918.0}, {"x": 2043.0, "y": 1981.0}, {"x": 1252.0, "y": 1949.0}]}, "description": "Cardmember acknowledges receipt of"}, {"boundingPoly": {"vertices": [{"x": 1231.0, "y": 2018.0}, {"x": 2049.0, "y": 2055.0}, {"x": 2046.0, "y": 2115.0}, {"x": 1230.0, "y": 2077.0}]}, "description": "of the total shown heron and agrees"}, {"boundingPoly": {"vertices": [{"x": 1198.0, "y": 2149.0}, {"x": 2073.0, "y": 2189.0}, {"x": 2070.0, "y": 2252.0}, {"x": 1195.0, "y": 2212.0}]}, "description": "by cardmember's agreement with issuer"}, {"boundingPoly": {"vertices": [{"x": 1951.0, "y": 1443.0}, {"x": 2096.0, "y": 1439.0}, {"x": 2097.0, "y": 1540.0}, {"x": 1952.0, "y": 1543.0}]}, "description": "$32.66"}, {"boundingPoly": {"vertices": [{"x": 1976.0, "y": 1584.0}, {"x": 2122.0, "y": 1568.0}, {"x": 2127.0, "y": 1648.0}, {"x": 1981.0, "y": 1660.0}]}, "description": "2. 34"}, {"boundingPoly": {"vertices": [{"x": 1912.0, "y": 1733.0}, {"x": 2160.0, "y": 1689.0}, {"x": 2175.0, "y": 1801.0}, {"x": 1930.0, "y": 1843.0}]}, "description": "$35. no"}, {"boundingPoly": {"vertices": [{"x": 245.0, "y": 1539.0}, {"x": 486.0, "y": 1539.0}, {"x": 486.0, "y": 1626.0}, {"x": 245.0, "y": 1626.0}]}, "description": " >> Ticket #:"}, {"boundingPoly": {"vertices": [{"x": 207.0, "y": 1624.0}, {"x": 647.0, "y": 1624.0}, {"x": 647.0, "y": 1685.0}, {"x": 207.0, "y": 1685.0}]}, "description": " 11/11/2019 8:57:40 PM"}, {"boundingPoly": {"vertices": [{"x": 502.0, "y": 1539.0}, {"x": 636.0, "y": 1539.0}, {"x": 636.0, "y": 1625.0}, {"x": 502.0, "y": 1625.0}]}, "description": " 56 <<"}, {"boundingPoly": {"vertices": [{"x": 318.0, "y": 1740.0}, {"x": 525.0, "y": 1740.0}, {"x": 525.0, "y": 1794.0}, {"x": 318.0, "y": 1794.0}]}, "description": "THANK YOU!"}, {"boundingPoly": {"vertices": [{"x": 1231.0, "y": 1959.0}, {"x": 2046.0, "y": 1987.0}, {"x": 2043.0, "y": 2045.0}, {"x": 1229.0, "y": 2013.0}]}, "description": "goods and/or services in the amount"}, {"boundingPoly": {"vertices": [{"x": 1228.0, "y": 2086.0}, {"x": 2084.0, "y": 2119.0}, {"x": 2081.0, "y": 2183.0}, {"x": 1226.0, "y": 2146.0}]}, "description": "to perform the obligations set forth"}, {"boundingPoly": {"vertices": [{"x": 1569.0, "y": 2308.0}, {"x": 1935.0, "y": 2244.0}, {"x": 1958.0, "y": 2379.0}, {"x": 1587.0, "y": 2446.0}]}, "description": "MiWa"}, {"boundingPoly": {"vertices": [{"x": 1262.0, "y": 2350.0}, {"x": 1506.0, "y": 2350.0}, {"x": 1506.0, "y": 2426.0}, {"x": 1262.0, "y": 2426.0}]}, "description": " Signature:"}, {"boundingPoly": {"vertices": [{"x": 355.0, "y": 2722.0}, {"x": 859.0, "y": 2718.0}, {"x": 859.0, "y": 2775.0}, {"x": 355.0, "y": 2778.0}]}, "description": "REDMI NOTE 5 PRO"}, {"boundingPoly": {"vertices": [{"x": 350.0, "y": 2793.0}, {"x": 821.0, "y": 2791.0}, {"x": 821.0, "y": 2846.0}, {"x": 350.0, "y": 2849.0}]}, "description": "MI DUAL CAMERA"}]}