{"textAnnotations": [{"boundingPoly": {"vertices": [{"x": 231.0, "y": 650.0}, {"x": 712.0, "y": 648.0}, {"x": 713.0, "y": 703.0}, {"x": 231.0, "y": 707.0}]}, "description": "merchant name"}, {"boundingPoly": {"vertices": [{"x": 578.0, "y": 713.0}, {"x": 704.0, "y": 713.0}, {"x": 704.0, "y": 751.0}, {"x": 578.0, "y": 751.0}]}, "description": " market"}, {"boundingPoly": {"vertices": [{"x": 237.0, "y": 720.0}, {"x": 389.0, "y": 720.0}, {"x": 389.0, "y": 753.0}, {"x": 237.0, "y": 753.0}]}, "description": " catering"}, {"boundingPoly": {"vertices": [{"x": 399.0, "y": 719.0}, {"x": 419.0, "y": 719.0}, {"x": 419.0, "y": 753.0}, {"x": 399.0, "y": 753.0}]}, "description": " |"}, {"boundingPoly": {"vertices": [{"x": 425.0, "y": 716.0}, {"x": 547.0, "y": 716.0}, {"x": 547.0, "y": 753.0}, {"x": 425.0, "y": 753.0}]}, "description": " eatery"}, {"boundingPoly": {"vertices": [{"x": 552.0, "y": 716.0}, {"x": 572.0, "y": 716.0}, {"x": 572.0, "y": 751.0}, {"x": 552.0, "y": 751.0}]}, "description": " |"}, {"boundingPoly": {"vertices": [{"x": 1033.0, "y": 711.0}, {"x": 1494.0, "y": 713.0}, {"x": 1494.0, "y": 774.0}, {"x": 1033.0, "y": 770.0}]}, "description": "merchant name"}, {"boundingPoly": {"vertices": [{"x": 1369.0, "y": 786.0}, {"x": 1491.0, "y": 786.0}, {"x": 1491.0, "y": 823.0}, {"x": 1369.0, "y": 823.0}]}, "description": " market"}, {"boundingPoly": {"vertices": [{"x": 204.0, "y": 787.0}, {"x": 616.0, "y": 786.0}, {"x": 616.0, "y": 822.0}, {"x": 204.0, "y": 825.0}]}, "description": "merchant name"}, {"boundingPoly": {"vertices": [{"x": 220.0, "y": 828.0}, {"x": 606.0, "y": 827.0}, {"x": 606.0, "y": 865.0}, {"x": 220.0, "y": 867.0}]}, "description": "merchant address"}, {"boundingPoly": {"vertices": [{"x": 224.0, "y": 872.0}, {"x": 588.0, "y": 870.0}, {"x": 589.0, "y": 908.0}, {"x": 224.0, "y": 911.0}]}, "description": "merchant address"}, {"boundingPoly": {"vertices": [{"x": 302.0, "y": 915.0}, {"x": 534.0, "y": 915.0}, {"x": 534.0, "y": 953.0}, {"x": 302.0, "y": 955.0}]}, "description": "merchant phone"}, {"boundingPoly": {"vertices": [{"x": 348.0, "y": 956.0}, {"x": 624.0, "y": 956.0}, {"x": 624.0, "y": 997.0}, {"x": 348.0, "y": 997.0}]}, "description": " Nov09'19 03:13PM"}, {"boundingPoly": {"vertices": [{"x": 346.0, "y": 1003.0}, {"x": 423.0, "y": 1004.0}, {"x": 423.0, "y": 1035.0}, {"x": 346.0, "y": 1035.0}]}, "description": "Amex"}, {"boundingPoly": {"vertices": [{"x": 350.0, "y": 1043.0}, {"x": 609.0, "y": 1042.0}, {"x": 609.0, "y": 1080.0}, {"x": 350.0, "y": 1081.0}]}, "description": "XXXXXXXXXXX1006"}, {"boundingPoly": {"vertices": [{"x": 347.0, "y": 1087.0}, {"x": 453.0, "y": 1087.0}, {"x": 453.0, "y": 1126.0}, {"x": 347.0, "y": 1126.0}]}, "description": " SWIPED"}, {"boundingPoly": {"vertices": [{"x": 347.0, "y": 1127.0}, {"x": 492.0, "y": 1127.0}, {"x": 492.0, "y": 1168.0}, {"x": 347.0, "y": 1168.0}]}, "description": " PURCHASE"}, {"boundingPoly": {"vertices": [{"x": 346.0, "y": 1168.0}, {"x": 612.0, "y": 1168.0}, {"x": 612.0, "y": 1211.0}, {"x": 346.0, "y": 1211.0}]}, "description": " KIK010239072597"}, {"boundingPoly": {"vertices": [{"x": 348.0, "y": 1214.0}, {"x": 455.0, "y": 1214.0}, {"x": 454.0, "y": 1250.0}, {"x": 350.0, "y": 1251.0}]}, "description": "523827"}, {"boundingPoly": {"vertices": [{"x": 354.0, "y": 1259.0}, {"x": 423.0, "y": 1258.0}, {"x": 423.0, "y": 1291.0}, {"x": 357.0, "y": 1292.0}]}, "description": "2703"}, {"boundingPoly": {"vertices": [{"x": 357.0, "y": 1299.0}, {"x": 441.0, "y": 1300.0}, {"x": 441.0, "y": 1334.0}, {"x": 357.0, "y": 1332.0}]}, "description": "802/1"}, {"boundingPoly": {"vertices": [{"x": 360.0, "y": 1339.0}, {"x": 597.0, "y": 1337.0}, {"x": 597.0, "y": 1375.0}, {"x": 360.0, "y": 1377.0}]}, "description": "10043 Morgan K"}, {"boundingPoly": {"vertices": [{"x": 1042.0, "y": 788.0}, {"x": 1189.0, "y": 788.0}, {"x": 1189.0, "y": 823.0}, {"x": 1042.0, "y": 823.0}]}, "description": " catering"}, {"boundingPoly": {"vertices": [{"x": 1196.0, "y": 788.0}, {"x": 1218.0, "y": 788.0}, {"x": 1218.0, "y": 823.0}, {"x": 1196.0, "y": 823.0}]}, "description": " |"}, {"boundingPoly": {"vertices": [{"x": 1223.0, "y": 787.0}, {"x": 1339.0, "y": 787.0}, {"x": 1339.0, "y": 824.0}, {"x": 1223.0, "y": 824.0}]}, "description": " eatery"}, {"boundingPoly": {"vertices": [{"x": 1345.0, "y": 787.0}, {"x": 1364.0, "y": 787.0}, {"x": 1364.0, "y": 823.0}, {"x": 1345.0, "y": 823.0}]}, "description": " |"}, {"boundingPoly": {"vertices": [{"x": 1140.0, "y": 860.0}, {"x": 1406.0, "y": 860.0}, {"x": 1406.0, "y": 898.0}, {"x": 1140.0, "y": 898.0}]}, "description": "merchant name"}, {"boundingPoly": {"vertices": [{"x": 1078.0, "y": 899.0}, {"x": 1454.0, "y": 900.0}, {"x": 1454.0, "y": 939.0}, {"x": 1078.0, "y": 938.0}]}, "description": "merchant address"}, {"boundingPoly": {"vertices": [{"x": 1091.0, "y": 944.0}, {"x": 1434.0, "y": 942.0}, {"x": 1434.0, "y": 980.0}, {"x": 1091.0, "y": 982.0}]}, "description": "merchant address"}, {"boundingPoly": {"vertices": [{"x": 1158.0, "y": 983.0}, {"x": 1385.0, "y": 983.0}, {"x": 1386.0, "y": 1022.0}, {"x": 1158.0, "y": 1023.0}]}, "description": "merchant phone"}, {"boundingPoly": {"vertices": [{"x": 136.0, "y": 962.0}, {"x": 222.0, "y": 962.0}, {"x": 222.0, "y": 998.0}, {"x": 136.0, "y": 998.0}]}, "description": " Date:"}, {"boundingPoly": {"vertices": [{"x": 141.0, "y": 1004.0}, {"x": 315.0, "y": 1004.0}, {"x": 315.0, "y": 1042.0}, {"x": 141.0, "y": 1042.0}]}, "description": " Card Type:"}, {"boundingPoly": {"vertices": [{"x": 143.0, "y": 1049.0}, {"x": 265.0, "y": 1049.0}, {"x": 265.0, "y": 1084.0}, {"x": 143.0, "y": 1084.0}]}, "description": " Acct #:"}, {"boundingPoly": {"vertices": [{"x": 143.0, "y": 1089.0}, {"x": 341.0, "y": 1089.0}, {"x": 341.0, "y": 1128.0}, {"x": 143.0, "y": 1128.0}]}, "description": " Card Entry:"}, {"boundingPoly": {"vertices": [{"x": 147.0, "y": 1130.0}, {"x": 341.0, "y": 1130.0}, {"x": 341.0, "y": 1172.0}, {"x": 147.0, "y": 1172.0}]}, "description": " Trans Type:"}, {"boundingPoly": {"vertices": [{"x": 148.0, "y": 1174.0}, {"x": 336.0, "y": 1174.0}, {"x": 336.0, "y": 1214.0}, {"x": 148.0, "y": 1214.0}]}, "description": " Trans Key:"}, {"boundingPoly": {"vertices": [{"x": 152.0, "y": 1218.0}, {"x": 322.0, "y": 1218.0}, {"x": 322.0, "y": 1257.0}, {"x": 152.0, "y": 1257.0}]}, "description": " Auth Code:"}, {"boundingPoly": {"vertices": [{"x": 152.0, "y": 1264.0}, {"x": 255.0, "y": 1264.0}, {"x": 255.0, "y": 1297.0}, {"x": 152.0, "y": 1297.0}]}, "description": " Check:"}, {"boundingPoly": {"vertices": [{"x": 154.0, "y": 1304.0}, {"x": 257.0, "y": 1304.0}, {"x": 257.0, "y": 1338.0}, {"x": 154.0, "y": 1338.0}]}, "description": " Table:"}, {"boundingPoly": {"vertices": [{"x": 153.0, "y": 1346.0}, {"x": 252.0, "y": 1346.0}, {"x": 252.0, "y": 1382.0}, {"x": 153.0, "y": 1382.0}]}, "description": " Server"}, {"boundingPoly": {"vertices": [{"x": 964.0, "y": 1065.0}, {"x": 1189.0, "y": 1066.0}, {"x": 1189.0, "y": 1102.0}, {"x": 964.0, "y": 1101.0}]}, "description": "10043 Morgan K"}, {"boundingPoly": {"vertices": [{"x": 943.0, "y": 1145.0}, {"x": 1087.0, "y": 1145.0}, {"x": 1088.0, "y": 1183.0}, {"x": 943.0, "y": 1183.0}]}, "description": "Tb1 802/1"}, {"boundingPoly": {"vertices": [{"x": 1200.0, "y": 1146.0}, {"x": 1332.0, "y": 1146.0}, {"x": 1332.0, "y": 1181.0}, {"x": 1200.0, "y": 1181.0}]}, "description": "Chk 2703"}, {"boundingPoly": {"vertices": [{"x": 1136.0, "y": 1187.0}, {"x": 1398.0, "y": 1187.0}, {"x": 1398.0, "y": 1225.0}, {"x": 1136.0, "y": 1225.0}]}, "description": " Nov09'19 02:17PM"}, {"boundingPoly": {"vertices": [{"x": 1494.0, "y": 1149.0}, {"x": 1543.0, "y": 1151.0}, {"x": 1541.0, "y": 1184.0}, {"x": 1492.0, "y": 1182.0}]}, "description": "Gst"}, {"boundingPoly": {"vertices": [{"x": 1562.0, "y": 1153.0}, {"x": 1593.0, "y": 1152.0}, {"x": 1591.0, "y": 1179.0}, {"x": 1560.0, "y": 1179.0}]}, "description": "1"}, {"boundingPoly": {"vertices": [{"x": 975.0, "y": 1267.0}, {"x": 995.0, "y": 1267.0}, {"x": 995.0, "y": 1305.0}, {"x": 975.0, "y": 1305.0}]}, "description": " 1"}, {"boundingPoly": {"vertices": [{"x": 980.0, "y": 1306.0}, {"x": 994.0, "y": 1306.0}, {"x": 994.0, "y": 1344.0}, {"x": 980.0, "y": 1344.0}]}, "description": " 1"}, {"boundingPoly": {"vertices": [{"x": 1002.0, "y": 1267.0}, {"x": 1142.0, "y": 1267.0}, {"x": 1142.0, "y": 1305.0}, {"x": 1002.0, "y": 1305.0}]}, "description": " Lemonade"}, {"boundingPoly": {"vertices": [{"x": 1000.0, "y": 1306.0}, {"x": 1220.0, "y": 1306.0}, {"x": 1220.0, "y": 1346.0}, {"x": 1000.0, "y": 1346.0}]}, "description": " Baja Grl Chix"}, {"boundingPoly": {"vertices": [{"x": 1475.0, "y": 1273.0}, {"x": 1540.0, "y": 1273.0}, {"x": 1538.0, "y": 1305.0}, {"x": 1474.0, "y": 1305.0}]}, "description": "4.00"}, {"boundingPoly": {"vertices": [{"x": 1463.0, "y": 1312.0}, {"x": 1539.0, "y": 1311.0}, {"x": 1541.0, "y": 1344.0}, {"x": 1462.0, "y": 1345.0}]}, "description": "19.00"}, {"boundingPoly": {"vertices": [{"x": 258.0, "y": 1345.0}, {"x": 276.0, "y": 1345.0}, {"x": 276.0, "y": 1378.0}, {"x": 258.0, "y": 1378.0}]}, "description": " :"}, {"boundingPoly": {"vertices": [{"x": 496.0, "y": 1418.0}, {"x": 663.0, "y": 1415.0}, {"x": 664.0, "y": 1454.0}, {"x": 496.0, "y": 1458.0}]}, "description": "24.85"}, {"boundingPoly": {"vertices": [{"x": 486.0, "y": 1477.0}, {"x": 594.0, "y": 1474.0}, {"x": 593.0, "y": 1551.0}, {"x": 485.0, "y": 1554.0}]}, "description": "$s"}, {"boundingPoly": {"vertices": [{"x": 1009.0, "y": 1387.0}, {"x": 1077.0, "y": 1390.0}, {"x": 1075.0, "y": 1422.0}, {"x": 1006.0, "y": 1419.0}]}, "description": "Food"}, {"boundingPoly": {"vertices": [{"x": 1007.0, "y": 1431.0}, {"x": 1128.0, "y": 1431.0}, {"x": 1128.0, "y": 1465.0}, {"x": 1007.0, "y": 1465.0}]}, "description": "NA Bevs"}, {"boundingPoly": {"vertices": [{"x": 1012.0, "y": 1472.0}, {"x": 1064.0, "y": 1475.0}, {"x": 1062.0, "y": 1505.0}, {"x": 1009.0, "y": 1502.0}]}, "description": "Tax"}, {"boundingPoly": {"vertices": [{"x": 941.0, "y": 1512.0}, {"x": 1152.0, "y": 1512.0}, {"x": 1152.0, "y": 1551.0}, {"x": 941.0, "y": 1551.0}]}, "description": " 03:11PM Total"}, {"boundingPoly": {"vertices": [{"x": 162.0, "y": 1424.0}, {"x": 314.0, "y": 1424.0}, {"x": 314.0, "y": 1462.0}, {"x": 162.0, "y": 1462.0}]}, "description": " Subtotal:"}, {"boundingPoly": {"vertices": [{"x": 1464.0, "y": 1392.0}, {"x": 1542.0, "y": 1393.0}, {"x": 1541.0, "y": 1427.0}, {"x": 1464.0, "y": 1426.0}]}, "description": "19.00"}, {"boundingPoly": {"vertices": [{"x": 1477.0, "y": 1434.0}, {"x": 1546.0, "y": 1433.0}, {"x": 1547.0, "y": 1465.0}, {"x": 1478.0, "y": 1465.0}]}, "description": "4.00"}, {"boundingPoly": {"vertices": [{"x": 1475.0, "y": 1473.0}, {"x": 1545.0, "y": 1472.0}, {"x": 1545.0, "y": 1508.0}, {"x": 1475.0, "y": 1508.0}]}, "description": "1.85"}, {"boundingPoly": {"vertices": [{"x": 1378.0, "y": 1513.0}, {"x": 1541.0, "y": 1512.0}, {"x": 1541.0, "y": 1551.0}, {"x": 1378.0, "y": 1551.0}]}, "description": "24.85"}, {"boundingPoly": {"vertices": [{"x": 386.0, "y": 1504.0}, {"x": 424.0, "y": 1504.0}, {"x": 424.0, "y": 1541.0}, {"x": 386.0, "y": 1541.0}]}, "description": " Tip"}, {"boundingPoly": {"vertices": [{"x": 352.0, "y": 1566.0}, {"x": 455.0, "y": 1566.0}, {"x": 455.0, "y": 1629.0}, {"x": 352.0, "y": 1629.0}]}, "description": " Total:"}, {"boundingPoly": {"vertices": [{"x": 431.0, "y": 1504.0}, {"x": 462.0, "y": 1504.0}, {"x": 462.0, "y": 1542.0}, {"x": 431.0, "y": 1542.0}]}, "description": " :_"}, {"boundingPoly": {"vertices": [{"x": 462.0, "y": 1551.0}, {"x": 692.0, "y": 1551.0}, {"x": 692.0, "y": 1629.0}, {"x": 462.0, "y": 1629.0}]}, "description": " 929 . 85"}, {"boundingPoly": {"vertices": [{"x": 1008.0, "y": 1598.0}, {"x": 1528.0, "y": 1598.0}, {"x": 1528.0, "y": 1630.0}, {"x": 1008.0, "y": 1631.0}]}, "description": "********************************"}, {"boundingPoly": {"vertices": [{"x": 1008.0, "y": 1639.0}, {"x": 1372.0, "y": 1639.0}, {"x": 1372.0, "y": 1677.0}, {"x": 1008.0, "y": 1677.0}]}, "description": "HOLIDAYS ARE HERE SOON"}, {"boundingPoly": {"vertices": [{"x": 1006.0, "y": 1681.0}, {"x": 1437.0, "y": 1678.0}, {"x": 1437.0, "y": 1717.0}, {"x": 1006.0, "y": 1719.0}]}, "description": "Book your Holiday party at"}, {"boundingPoly": {"vertices": [{"x": 1009.0, "y": 1723.0}, {"x": 1253.0, "y": 1722.0}, {"x": 1254.0, "y": 1757.0}, {"x": 1010.0, "y": 1760.0}]}, "description": "THE HERB BOX !!!"}, {"boundingPoly": {"vertices": [{"x": 1007.0, "y": 1766.0}, {"x": 1524.0, "y": 1761.0}, {"x": 1525.0, "y": 1790.0}, {"x": 1007.0, "y": 1797.0}]}, "description": "********************************"}, {"boundingPoly": {"vertices": [{"x": 1121.0, "y": 1805.0}, {"x": 1416.0, "y": 1804.0}, {"x": 1416.0, "y": 1838.0}, {"x": 1121.0, "y": 1840.0}]}, "description": "www.theherbbox.com"}, {"boundingPoly": {"vertices": [{"x": 178.0, "y": 1707.0}, {"x": 600.0, "y": 1703.0}, {"x": 600.0, "y": 1741.0}, {"x": 178.0, "y": 1748.0}]}, "description": "I agree to pay above total"}, {"boundingPoly": {"vertices": [{"x": 173.0, "y": 1752.0}, {"x": 622.0, "y": 1744.0}, {"x": 622.0, "y": 1782.0}, {"x": 173.0, "y": 1791.0}]}, "description": "according to my card issuer"}, {"boundingPoly": {"vertices": [{"x": 172.0, "y": 1798.0}, {"x": 335.0, "y": 1795.0}, {"x": 336.0, "y": 1832.0}, {"x": 172.0, "y": 1836.0}]}, "description": "agreement."}, {"boundingPoly": {"vertices": [{"x": 200.0, "y": 1881.0}, {"x": 703.0, "y": 1869.0}, {"x": 704.0, "y": 1913.0}, {"x": 201.0, "y": 1922.0}]}, "description": "*Customer Copy*"}]}