{"textAnnotations": [{"boundingPoly": {"vertices": [{"x": 82.0, "y": 73.0}, {"x": 169.0, "y": 76.0}, {"x": 168.0, "y": 90.0}, {"x": 82.0, "y": 87.0}]}, "description": "merchant name"}, {"boundingPoly": {"vertices": [{"x": 79.0, "y": 90.0}, {"x": 178.0, "y": 92.0}, {"x": 177.0, "y": 104.0}, {"x": 79.0, "y": 101.0}]}, "description": "--- Terrace Club ---"}, {"boundingPoly": {"vertices": [{"x": 262.0, "y": 99.0}, {"x": 321.0, "y": 99.0}, {"x": 321.0, "y": 112.0}, {"x": 262.0, "y": 111.0}]}, "description": "0051-2"}, {"boundingPoly": {"vertices": [{"x": 298.0, "y": 113.0}, {"x": 334.0, "y": 113.0}, {"x": 334.0, "y": 125.0}, {"x": 298.0, "y": 125.0}]}, "description": " NAOMI L"}, {"boundingPoly": {"vertices": [{"x": 263.0, "y": 126.0}, {"x": 385.0, "y": 126.0}, {"x": 385.0, "y": 140.0}, {"x": 263.0, "y": 140.0}]}, "description": " 12/03/19 20:13, Swiped T:"}, {"boundingPoly": {"vertices": [{"x": 262.0, "y": 114.0}, {"x": 296.0, "y": 114.0}, {"x": 296.0, "y": 125.0}, {"x": 262.0, "y": 125.0}]}, "description": " Server:"}, {"boundingPoly": {"vertices": [{"x": 387.0, "y": 127.0}, {"x": 433.0, "y": 127.0}, {"x": 433.0, "y": 140.0}, {"x": 387.0, "y": 140.0}]}, "description": " 101 Term:"}, {"boundingPoly": {"vertices": [{"x": 435.0, "y": 127.0}, {"x": 443.0, "y": 127.0}, {"x": 443.0, "y": 141.0}, {"x": 435.0, "y": 141.0}]}, "description": " 3"}, {"boundingPoly": {"vertices": [{"x": 413.0, "y": 114.0}, {"x": 430.0, "y": 114.0}, {"x": 430.0, "y": 127.0}, {"x": 413.0, "y": 127.0}]}, "description": " Rec:"}, {"boundingPoly": {"vertices": [{"x": 432.0, "y": 114.0}, {"x": 444.0, "y": 114.0}, {"x": 444.0, "y": 128.0}, {"x": 432.0, "y": 128.0}]}, "description": " 29"}, {"boundingPoly": {"vertices": [{"x": 36.0, "y": 142.0}, {"x": 95.0, "y": 142.0}, {"x": 95.0, "y": 155.0}, {"x": 36.0, "y": 155.0}]}, "description": " 0051-2"}, {"boundingPoly": {"vertices": [{"x": 38.0, "y": 153.0}, {"x": 76.0, "y": 154.0}, {"x": 76.0, "y": 166.0}, {"x": 37.0, "y": 165.0}]}, "description": "NAOMI L"}, {"boundingPoly": {"vertices": [{"x": 102.0, "y": 143.0}, {"x": 150.0, "y": 143.0}, {"x": 150.0, "y": 157.0}, {"x": 102.0, "y": 157.0}]}, "description": " Table 101"}, {"boundingPoly": {"vertices": [{"x": 93.0, "y": 155.0}, {"x": 128.0, "y": 155.0}, {"x": 128.0, "y": 169.0}, {"x": 93.0, "y": 169.0}]}, "description": " SvrCk:"}, {"boundingPoly": {"vertices": [{"x": 47.0, "y": 179.0}, {"x": 152.0, "y": 179.0}, {"x": 152.0, "y": 193.0}, {"x": 47.0, "y": 193.0}]}, "description": " Happy Beer, hh gansett"}, {"boundingPoly": {"vertices": [{"x": 44.0, "y": 199.0}, {"x": 104.0, "y": 199.0}, {"x": 104.0, "y": 211.0}, {"x": 44.0, "y": 211.0}]}, "description": " Narragansett"}, {"boundingPoly": {"vertices": [{"x": 152.0, "y": 145.0}, {"x": 185.0, "y": 145.0}, {"x": 185.0, "y": 159.0}, {"x": 152.0, "y": 159.0}]}, "description": " #Party"}, {"boundingPoly": {"vertices": [{"x": 130.0, "y": 157.0}, {"x": 211.0, "y": 157.0}, {"x": 211.0, "y": 172.0}, {"x": 130.0, "y": 172.0}]}, "description": " 7 6:12p 12/03/19"}, {"boundingPoly": {"vertices": [{"x": 187.0, "y": 147.0}, {"x": 194.0, "y": 147.0}, {"x": 194.0, "y": 159.0}, {"x": 187.0, "y": 159.0}]}, "description": " 1"}, {"boundingPoly": {"vertices": [{"x": 260.0, "y": 151.0}, {"x": 338.0, "y": 151.0}, {"x": 338.0, "y": 162.0}, {"x": 260.0, "y": 162.0}]}, "description": "merchant name"}, {"boundingPoly": {"vertices": [{"x": 261.0, "y": 164.0}, {"x": 353.0, "y": 164.0}, {"x": 353.0, "y": 175.0}, {"x": 261.0, "y": 175.0}]}, "description": "merchant address"}, {"boundingPoly": {"vertices": [{"x": 260.0, "y": 176.0}, {"x": 339.0, "y": 175.0}, {"x": 339.0, "y": 186.0}, {"x": 260.0, "y": 187.0}]}, "description": "merchant address"}, {"boundingPoly": {"vertices": [{"x": 40.0, "y": 179.0}, {"x": 46.0, "y": 179.0}, {"x": 46.0, "y": 189.0}, {"x": 40.0, "y": 189.0}]}, "description": " I"}, {"boundingPoly": {"vertices": [{"x": 38.0, "y": 189.0}, {"x": 45.0, "y": 189.0}, {"x": 45.0, "y": 198.0}, {"x": 38.0, "y": 198.0}]}, "description": " 1"}, {"boundingPoly": {"vertices": [{"x": 36.0, "y": 198.0}, {"x": 43.0, "y": 198.0}, {"x": 43.0, "y": 208.0}, {"x": 36.0, "y": 208.0}]}, "description": " 1"}, {"boundingPoly": {"vertices": [{"x": 46.0, "y": 189.0}, {"x": 91.0, "y": 189.0}, {"x": 91.0, "y": 201.0}, {"x": 46.0, "y": 201.0}]}, "description": " BBQ Wings"}, {"boundingPoly": {"vertices": [{"x": 202.0, "y": 184.0}, {"x": 225.0, "y": 185.0}, {"x": 224.0, "y": 194.0}, {"x": 202.0, "y": 194.0}]}, "description": "5.00"}, {"boundingPoly": {"vertices": [{"x": 200.0, "y": 194.0}, {"x": 224.0, "y": 195.0}, {"x": 223.0, "y": 204.0}, {"x": 200.0, "y": 204.0}]}, "description": "12.00"}, {"boundingPoly": {"vertices": [{"x": 203.0, "y": 205.0}, {"x": 223.0, "y": 205.0}, {"x": 223.0, "y": 214.0}, {"x": 203.0, "y": 214.0}]}, "description": "6.00"}, {"boundingPoly": {"vertices": [{"x": 261.0, "y": 207.0}, {"x": 303.0, "y": 207.0}, {"x": 304.0, "y": 216.0}, {"x": 261.0, "y": 217.0}]}, "description": "CARD TYPE"}, {"boundingPoly": {"vertices": [{"x": 262.0, "y": 217.0}, {"x": 333.0, "y": 216.0}, {"x": 333.0, "y": 226.0}, {"x": 262.0, "y": 227.0}]}, "description": "AMERICAN EXPRES"}, {"boundingPoly": {"vertices": [{"x": 265.0, "y": 237.0}, {"x": 372.0, "y": 236.0}, {"x": 372.0, "y": 246.0}, {"x": 265.0, "y": 248.0}]}, "description": "00 TRANSACTION APPROVED"}, {"boundingPoly": {"vertices": [{"x": 342.0, "y": 247.0}, {"x": 372.0, "y": 247.0}, {"x": 372.0, "y": 258.0}, {"x": 342.0, "y": 258.0}]}, "description": " 560676"}, {"boundingPoly": {"vertices": [{"x": 317.0, "y": 258.0}, {"x": 378.0, "y": 258.0}, {"x": 378.0, "y": 271.0}, {"x": 317.0, "y": 271.0}]}, "description": " 1203010200051"}, {"boundingPoly": {"vertices": [{"x": 322.0, "y": 269.0}, {"x": 398.0, "y": 269.0}, {"x": 398.0, "y": 283.0}, {"x": 322.0, "y": 283.0}]}, "description": " Credit Card SALE"}, {"boundingPoly": {"vertices": [{"x": 336.0, "y": 207.0}, {"x": 397.0, "y": 206.0}, {"x": 397.0, "y": 215.0}, {"x": 336.0, "y": 216.0}]}, "description": "ACCOUNT NUMBER"}, {"boundingPoly": {"vertices": [{"x": 337.0, "y": 216.0}, {"x": 409.0, "y": 215.0}, {"x": 410.0, "y": 225.0}, {"x": 337.0, "y": 226.0}]}, "description": "XXXXXXXXXXXX1001"}, {"boundingPoly": {"vertices": [{"x": 128.0, "y": 221.0}, {"x": 177.0, "y": 221.0}, {"x": 177.0, "y": 234.0}, {"x": 128.0, "y": 234.0}]}, "description": " Sub Total:"}, {"boundingPoly": {"vertices": [{"x": 157.0, "y": 234.0}, {"x": 177.0, "y": 234.0}, {"x": 177.0, "y": 243.0}, {"x": 157.0, "y": 243.0}]}, "description": " Tax:"}, {"boundingPoly": {"vertices": [{"x": 127.0, "y": 243.0}, {"x": 176.0, "y": 243.0}, {"x": 176.0, "y": 256.0}, {"x": 127.0, "y": 256.0}]}, "description": " Sub Total:"}, {"boundingPoly": {"vertices": [{"x": 28.0, "y": 254.0}, {"x": 145.0, "y": 254.0}, {"x": 145.0, "y": 268.0}, {"x": 28.0, "y": 268.0}]}, "description": " 12/03 8:03pTOTAL:"}, {"boundingPoly": {"vertices": [{"x": 199.0, "y": 223.0}, {"x": 224.0, "y": 224.0}, {"x": 223.0, "y": 234.0}, {"x": 198.0, "y": 233.0}]}, "description": "23.00"}, {"boundingPoly": {"vertices": [{"x": 203.0, "y": 235.0}, {"x": 224.0, "y": 235.0}, {"x": 224.0, "y": 245.0}, {"x": 203.0, "y": 244.0}]}, "description": "2.04"}, {"boundingPoly": {"vertices": [{"x": 198.0, "y": 245.0}, {"x": 224.0, "y": 245.0}, {"x": 223.0, "y": 255.0}, {"x": 198.0, "y": 255.0}]}, "description": "25.04"}, {"boundingPoly": {"vertices": [{"x": 175.0, "y": 256.0}, {"x": 223.0, "y": 257.0}, {"x": 222.0, "y": 268.0}, {"x": 175.0, "y": 267.0}]}, "description": "25.04"}, {"boundingPoly": {"vertices": [{"x": 264.0, "y": 228.0}, {"x": 289.0, "y": 228.0}, {"x": 289.0, "y": 238.0}, {"x": 264.0, "y": 238.0}]}, "description": " Naze:"}, {"boundingPoly": {"vertices": [{"x": 266.0, "y": 248.0}, {"x": 340.0, "y": 248.0}, {"x": 340.0, "y": 260.0}, {"x": 266.0, "y": 260.0}]}, "description": " AUTHORIZATION #:"}, {"boundingPoly": {"vertices": [{"x": 266.0, "y": 260.0}, {"x": 315.0, "y": 260.0}, {"x": 315.0, "y": 271.0}, {"x": 266.0, "y": 271.0}]}, "description": " Reference:"}, {"boundingPoly": {"vertices": [{"x": 268.0, "y": 271.0}, {"x": 320.0, "y": 271.0}, {"x": 320.0, "y": 284.0}, {"x": 268.0, "y": 284.0}]}, "description": " TRANS TYPE:"}, {"boundingPoly": {"vertices": [{"x": 25.0, "y": 279.0}, {"x": 116.0, "y": 280.0}, {"x": 116.0, "y": 292.0}, {"x": 25.0, "y": 291.0}]}, "description": "SUGGESTED GRATUITY"}, {"boundingPoly": {"vertices": [{"x": 25.0, "y": 292.0}, {"x": 80.0, "y": 292.0}, {"x": 80.0, "y": 305.0}, {"x": 25.0, "y": 305.0}]}, "description": "18% GRATUIT"}, {"boundingPoly": {"vertices": [{"x": 23.0, "y": 306.0}, {"x": 82.0, "y": 306.0}, {"x": 82.0, "y": 318.0}, {"x": 23.0, "y": 318.0}]}, "description": "20% GRATUIT"}, {"boundingPoly": {"vertices": [{"x": 24.0, "y": 319.0}, {"x": 81.0, "y": 319.0}, {"x": 80.0, "y": 332.0}, {"x": 24.0, "y": 331.0}]}, "description": "22% GRATUIT"}, {"boundingPoly": {"vertices": [{"x": 110.0, "y": 294.0}, {"x": 130.0, "y": 294.0}, {"x": 130.0, "y": 305.0}, {"x": 110.0, "y": 305.0}]}, "description": "4.51"}, {"boundingPoly": {"vertices": [{"x": 109.0, "y": 307.0}, {"x": 131.0, "y": 307.0}, {"x": 130.0, "y": 318.0}, {"x": 109.0, "y": 318.0}]}, "description": "5.01"}, {"boundingPoly": {"vertices": [{"x": 109.0, "y": 320.0}, {"x": 130.0, "y": 320.0}, {"x": 130.0, "y": 331.0}, {"x": 109.0, "y": 331.0}]}, "description": "5.51"}, {"boundingPoly": {"vertices": [{"x": 407.0, "y": 293.0}, {"x": 452.0, "y": 292.0}, {"x": 453.0, "y": 305.0}, {"x": 407.0, "y": 306.0}]}, "description": "25.04"}, {"boundingPoly": {"vertices": [{"x": 413.0, "y": 316.0}, {"x": 452.0, "y": 316.0}, {"x": 452.0, "y": 331.0}, {"x": 412.0, "y": 330.0}]}, "description": "2.00"}, {"boundingPoly": {"vertices": [{"x": 397.0, "y": 339.0}, {"x": 454.0, "y": 339.0}, {"x": 454.0, "y": 355.0}, {"x": 397.0, "y": 355.0}]}, "description": "22.04"}, {"boundingPoly": {"vertices": [{"x": 394.0, "y": 361.0}, {"x": 446.0, "y": 361.0}, {"x": 446.0, "y": 377.0}, {"x": 394.0, "y": 377.0}]}, "description": "27 .05"}, {"boundingPoly": {"vertices": [{"x": 269.0, "y": 296.0}, {"x": 314.0, "y": 296.0}, {"x": 314.0, "y": 309.0}, {"x": 269.0, "y": 309.0}]}, "description": " CHECK"}, {"boundingPoly": {"vertices": [{"x": 316.0, "y": 296.0}, {"x": 324.0, "y": 296.0}, {"x": 324.0, "y": 309.0}, {"x": 316.0, "y": 309.0}]}, "description": " :"}, {"boundingPoly": {"vertices": [{"x": 270.0, "y": 322.0}, {"x": 296.0, "y": 322.0}, {"x": 296.0, "y": 334.0}, {"x": 270.0, "y": 334.0}]}, "description": " TIP"}, {"boundingPoly": {"vertices": [{"x": 299.0, "y": 322.0}, {"x": 304.0, "y": 322.0}, {"x": 304.0, "y": 334.0}, {"x": 299.0, "y": 334.0}]}, "description": " :"}, {"boundingPoly": {"vertices": [{"x": 100.0, "y": 346.0}, {"x": 148.0, "y": 346.0}, {"x": 147.0, "y": 355.0}, {"x": 100.0, "y": 355.0}]}, "description": "*-*-*-***"}, {"boundingPoly": {"vertices": [{"x": 75.0, "y": 357.0}, {"x": 171.0, "y": 357.0}, {"x": 171.0, "y": 369.0}, {"x": 75.0, "y": 370.0}]}, "description": "Club Quarters Hotel"}, {"boundingPoly": {"vertices": [{"x": 81.0, "y": 370.0}, {"x": 165.0, "y": 370.0}, {"x": 165.0, "y": 381.0}, {"x": 81.0, "y": 382.0}]}, "description": "140 Washington St"}, {"boundingPoly": {"vertices": [{"x": 78.0, "y": 383.0}, {"x": 172.0, "y": 382.0}, {"x": 172.0, "y": 394.0}, {"x": 78.0, "y": 395.0}]}, "description": "merchant address"}, {"boundingPoly": {"vertices": [{"x": 87.0, "y": 396.0}, {"x": 159.0, "y": 395.0}, {"x": 160.0, "y": 407.0}, {"x": 87.0, "y": 409.0}]}, "description": "(646) 746-3200"}, {"boundingPoly": {"vertices": [{"x": 64.0, "y": 411.0}, {"x": 179.0, "y": 408.0}, {"x": 179.0, "y": 421.0}, {"x": 64.0, "y": 423.0}]}, "description": "www.viewoftheworld.com"}, {"boundingPoly": {"vertices": [{"x": 101.0, "y": 424.0}, {"x": 139.0, "y": 423.0}, {"x": 140.0, "y": 433.0}, {"x": 101.0, "y": 434.0}]}, "description": "*-*-*-*"}, {"boundingPoly": {"vertices": [{"x": 271.0, "y": 346.0}, {"x": 314.0, "y": 346.0}, {"x": 314.0, "y": 360.0}, {"x": 271.0, "y": 360.0}]}, "description": " TOTAL"}, {"boundingPoly": {"vertices": [{"x": 316.0, "y": 346.0}, {"x": 324.0, "y": 346.0}, {"x": 324.0, "y": 359.0}, {"x": 316.0, "y": 359.0}]}, "description": " :"}, {"boundingPoly": {"vertices": [{"x": 275.0, "y": 436.0}, {"x": 287.0, "y": 436.0}, {"x": 287.0, "y": 449.0}, {"x": 275.0, "y": 450.0}]}, "description": "X"}, {"boundingPoly": {"vertices": [{"x": 49.0, "y": 466.0}, {"x": 194.0, "y": 463.0}, {"x": 195.0, "y": 477.0}, {"x": 49.0, "y": 480.0}]}, "description": "CHARGE TO ROOM"}, {"boundingPoly": {"vertices": [{"x": 278.0, "y": 478.0}, {"x": 311.0, "y": 478.0}, {"x": 311.0, "y": 492.0}, {"x": 278.0, "y": 492.0}]}, "description": " PHONE:"}, {"boundingPoly": {"vertices": [{"x": 281.0, "y": 508.0}, {"x": 474.0, "y": 495.0}, {"x": 475.0, "y": 508.0}, {"x": 281.0, "y": 521.0}]}, "description": "AMOUNT PURSUANT TO CARDHOLDER AGREEMENT"}, {"boundingPoly": {"vertices": [{"x": 313.0, "y": 477.0}, {"x": 322.0, "y": 477.0}, {"x": 322.0, "y": 491.0}, {"x": 313.0, "y": 491.0}]}, "description": " ("}, {"boundingPoly": {"vertices": [{"x": 15.0, "y": 495.0}, {"x": 99.0, "y": 493.0}, {"x": 99.0, "y": 507.0}, {"x": 15.0, "y": 510.0}]}, "description": "ROOM NO."}, {"boundingPoly": {"vertices": [{"x": 12.0, "y": 525.0}, {"x": 122.0, "y": 521.0}, {"x": 123.0, "y": 535.0}, {"x": 12.0, "y": 540.0}]}, "description": "PRINT NAME"}, {"boundingPoly": {"vertices": [{"x": 278.0, "y": 493.0}, {"x": 463.0, "y": 481.0}, {"x": 464.0, "y": 494.0}, {"x": 279.0, "y": 507.0}]}, "description": "CARDHOLDER WILL PAY CARD ISSUER ABOVE"}, {"boundingPoly": {"vertices": [{"x": 281.0, "y": 523.0}, {"x": 385.0, "y": 516.0}, {"x": 386.0, "y": 529.0}, {"x": 282.0, "y": 537.0}]}, "description": "Top Copy -> Customer"}, {"boundingPoly": {"vertices": [{"x": 10.0, "y": 572.0}, {"x": 100.0, "y": 566.0}, {"x": 101.0, "y": 581.0}, {"x": 11.0, "y": 587.0}]}, "description": "GRATUITY"}, {"boundingPoly": {"vertices": [{"x": 10.0, "y": 602.0}, {"x": 66.0, "y": 599.0}, {"x": 67.0, "y": 613.0}, {"x": 11.0, "y": 616.0}]}, "description": "TOTAL"}, {"boundingPoly": {"vertices": [{"x": 9.0, "y": 627.0}, {"x": 110.0, "y": 625.0}, {"x": 110.0, "y": 638.0}, {"x": 9.0, "y": 639.0}]}, "description": "CTGNATURE"}]}