{"textAnnotations": [{"boundingPoly": {"vertices": [{"x": 63.0, "y": 57.0}, {"x": 472.0, "y": 52.0}, {"x": 472.0, "y": 111.0}, {"x": 63.0, "y": 114.0}]}, "description": "munch while travelling"}, {"boundingPoly": {"vertices": [{"x": 134.0, "y": 114.0}, {"x": 388.0, "y": 114.0}, {"x": 388.0, "y": 148.0}, {"x": 134.0, "y": 148.0}]}, "description": "GlencoreMecting"}, {"boundingPoly": {"vertices": [{"x": 170.0, "y": 170.0}, {"x": 340.0, "y": 170.0}, {"x": 339.0, "y": 193.0}, {"x": 170.0, "y": 193.0}]}, "description": "merchant name"}, {"boundingPoly": {"vertices": [{"x": 323.0, "y": 196.0}, {"x": 340.0, "y": 196.0}, {"x": 340.0, "y": 220.0}, {"x": 323.0, "y": 220.0}]}, "description": "merchant address"}, {"boundingPoly": {"vertices": [{"x": 141.0, "y": 144.0}, {"x": 368.0, "y": 144.0}, {"x": 368.0, "y": 167.0}, {"x": 141.0, "y": 166.0}]}, "description": "Thank You For Visiting the"}, {"boundingPoly": {"vertices": [{"x": 171.0, "y": 197.0}, {"x": 319.0, "y": 197.0}, {"x": 319.0, "y": 220.0}, {"x": 171.0, "y": 220.0}]}, "description": "merchant address"}, {"boundingPoly": {"vertices": [{"x": 189.0, "y": 223.0}, {"x": 314.0, "y": 223.0}, {"x": 314.0, "y": 247.0}, {"x": 189.0, "y": 247.0}]}, "description": "merchant address"}, {"boundingPoly": {"vertices": [{"x": 402.0, "y": 269.0}, {"x": 431.0, "y": 268.0}, {"x": 431.0, "y": 286.0}, {"x": 403.0, "y": 288.0}]}, "description": "CAD"}, {"boundingPoly": {"vertices": [{"x": 394.0, "y": 294.0}, {"x": 430.0, "y": 291.0}, {"x": 430.0, "y": 308.0}, {"x": 394.0, "y": 310.0}]}, "description": "7.25"}, {"boundingPoly": {"vertices": [{"x": 77.0, "y": 298.0}, {"x": 149.0, "y": 298.0}, {"x": 149.0, "y": 321.0}, {"x": 77.0, "y": 321.0}]}, "description": " Culinary"}, {"boundingPoly": {"vertices": [{"x": 153.0, "y": 299.0}, {"x": 216.0, "y": 299.0}, {"x": 216.0, "y": 323.0}, {"x": 153.0, "y": 323.0}]}, "description": " Theater"}, {"boundingPoly": {"vertices": [{"x": 269.0, "y": 395.0}, {"x": 349.0, "y": 388.0}, {"x": 351.0, "y": 407.0}, {"x": 271.0, "y": 414.0}]}, "description": "Sub Total"}, {"boundingPoly": {"vertices": [{"x": 270.0, "y": 418.0}, {"x": 300.0, "y": 418.0}, {"x": 300.0, "y": 439.0}, {"x": 270.0, "y": 439.0}]}, "description": " Tax"}, {"boundingPoly": {"vertices": [{"x": 390.0, "y": 382.0}, {"x": 430.0, "y": 381.0}, {"x": 430.0, "y": 400.0}, {"x": 391.0, "y": 402.0}]}, "description": "7.25"}, {"boundingPoly": {"vertices": [{"x": 389.0, "y": 407.0}, {"x": 430.0, "y": 405.0}, {"x": 430.0, "y": 423.0}, {"x": 390.0, "y": 426.0}]}, "description": "0.94"}, {"boundingPoly": {"vertices": [{"x": 303.0, "y": 411.0}, {"x": 363.0, "y": 411.0}, {"x": 363.0, "y": 436.0}, {"x": 303.0, "y": 436.0}]}, "description": " Amount"}, {"boundingPoly": {"vertices": [{"x": 63.0, "y": 491.0}, {"x": 220.0, "y": 491.0}, {"x": 220.0, "y": 524.0}, {"x": 63.0, "y": 524.0}]}, "description": "Total CAD"}, {"boundingPoly": {"vertices": [{"x": 351.0, "y": 486.0}, {"x": 425.0, "y": 480.0}, {"x": 427.0, "y": 513.0}, {"x": 353.0, "y": 519.0}]}, "description": "8.19"}, {"boundingPoly": {"vertices": [{"x": 61.0, "y": 595.0}, {"x": 99.0, "y": 595.0}, {"x": 99.0, "y": 615.0}, {"x": 61.0, "y": 615.0}]}, "description": " 5000"}, {"boundingPoly": {"vertices": [{"x": 102.0, "y": 596.0}, {"x": 158.0, "y": 596.0}, {"x": 158.0, "y": 616.0}, {"x": 102.0, "y": 616.0}]}, "description": " Credit"}, {"boundingPoly": {"vertices": [{"x": 162.0, "y": 597.0}, {"x": 202.0, "y": 597.0}, {"x": 202.0, "y": 617.0}, {"x": 162.0, "y": 617.0}]}, "description": " Card"}, {"boundingPoly": {"vertices": [{"x": 384.0, "y": 590.0}, {"x": 424.0, "y": 588.0}, {"x": 425.0, "y": 606.0}, {"x": 385.0, "y": 609.0}]}, "description": "8.19"}, {"boundingPoly": {"vertices": [{"x": 60.0, "y": 662.0}, {"x": 422.0, "y": 662.0}, {"x": 422.0, "y": 690.0}, {"x": 60.0, "y": 690.0}]}, "description": " 10/23/2019 12:28 PM #:14892 Op:5024 C:121"}, {"boundingPoly": {"vertices": [{"x": 60.0, "y": 691.0}, {"x": 147.0, "y": 691.0}, {"x": 147.0, "y": 715.0}, {"x": 60.0, "y": 715.0}]}, "description": " 101 S:1211"}, {"boundingPoly": {"vertices": [{"x": 57.0, "y": 718.0}, {"x": 148.0, "y": 718.0}, {"x": 148.0, "y": 739.0}, {"x": 57.0, "y": 739.0}]}, "description": " Served you"}, {"boundingPoly": {"vertices": [{"x": 151.0, "y": 719.0}, {"x": 250.0, "y": 719.0}, {"x": 250.0, "y": 740.0}, {"x": 151.0, "y": 740.0}]}, "description": " : Kathy Sun"}, {"boundingPoly": {"vertices": [{"x": 55.0, "y": 765.0}, {"x": 239.0, "y": 766.0}, {"x": 239.0, "y": 785.0}, {"x": 55.0, "y": 784.0}]}, "description": "Global Rewards Points"}, {"boundingPoly": {"vertices": [{"x": 55.0, "y": 790.0}, {"x": 210.0, "y": 790.0}, {"x": 210.0, "y": 809.0}, {"x": 55.0, "y": 809.0}]}, "description": " Previous Balance:"}, {"boundingPoly": {"vertices": [{"x": 53.0, "y": 814.0}, {"x": 163.0, "y": 814.0}, {"x": 163.0, "y": 834.0}, {"x": 53.0, "y": 834.0}]}, "description": " Accrued (new)"}, {"boundingPoly": {"vertices": [{"x": 52.0, "y": 838.0}, {"x": 178.0, "y": 838.0}, {"x": 178.0, "y": 858.0}, {"x": 52.0, "y": 858.0}]}, "description": " Redeemed (used)"}, {"boundingPoly": {"vertices": [{"x": 50.0, "y": 863.0}, {"x": 158.0, "y": 863.0}, {"x": 158.0, "y": 882.0}, {"x": 50.0, "y": 882.0}]}, "description": " New Balance:"}, {"boundingPoly": {"vertices": [{"x": 217.0, "y": 790.0}, {"x": 247.0, "y": 790.0}, {"x": 247.0, "y": 809.0}, {"x": 217.0, "y": 809.0}]}, "description": " 152"}, {"boundingPoly": {"vertices": [{"x": 217.0, "y": 815.0}, {"x": 235.0, "y": 815.0}, {"x": 234.0, "y": 832.0}, {"x": 217.0, "y": 832.0}]}, "description": "21"}, {"boundingPoly": {"vertices": [{"x": 215.0, "y": 839.0}, {"x": 230.0, "y": 840.0}, {"x": 229.0, "y": 854.0}, {"x": 215.0, "y": 853.0}]}, "description": "0"}, {"boundingPoly": {"vertices": [{"x": 217.0, "y": 862.0}, {"x": 244.0, "y": 862.0}, {"x": 244.0, "y": 881.0}, {"x": 217.0, "y": 880.0}]}, "description": "173"}, {"boundingPoly": {"vertices": [{"x": 166.0, "y": 815.0}, {"x": 176.0, "y": 815.0}, {"x": 176.0, "y": 834.0}, {"x": 166.0, "y": 834.0}]}, "description": " :"}, {"boundingPoly": {"vertices": [{"x": 182.0, "y": 838.0}, {"x": 192.0, "y": 838.0}, {"x": 192.0, "y": 858.0}, {"x": 182.0, "y": 858.0}]}, "description": " :"}, {"boundingPoly": {"vertices": [{"x": 137.0, "y": 910.0}, {"x": 269.0, "y": 910.0}, {"x": 269.0, "y": 931.0}, {"x": 137.0, "y": 931.0}]}, "description": " GST# 88778 3355"}, {"boundingPoly": {"vertices": [{"x": 273.0, "y": 909.0}, {"x": 326.0, "y": 909.0}, {"x": 326.0, "y": 931.0}, {"x": 273.0, "y": 931.0}]}, "description": " RT0001"}]}