{"textAnnotations": [{"boundingPoly": {"vertices": [{"x": 71.0, "y": 60.0}, {"x": 399.0, "y": 61.0}, {"x": 399.0, "y": 89.0}, {"x": 71.0, "y": 87.0}]}, "description": "merchant name"}, {"boundingPoly": {"vertices": [{"x": 93.0, "y": 94.0}, {"x": 169.0, "y": 94.0}, {"x": 169.0, "y": 116.0}, {"x": 93.0, "y": 116.0}]}, "description": "merchant address"}, {"boundingPoly": {"vertices": [{"x": 127.0, "y": 122.0}, {"x": 348.0, "y": 123.0}, {"x": 348.0, "y": 145.0}, {"x": 127.0, "y": 143.0}]}, "description": "merchant address"}, {"boundingPoly": {"vertices": [{"x": 177.0, "y": 148.0}, {"x": 304.0, "y": 148.0}, {"x": 304.0, "y": 174.0}, {"x": 176.0, "y": 173.0}]}, "description": "merchant phone"}, {"boundingPoly": {"vertices": [{"x": 173.0, "y": 94.0}, {"x": 381.0, "y": 94.0}, {"x": 381.0, "y": 119.0}, {"x": 173.0, "y": 119.0}]}, "description": "merchant address"}, {"boundingPoly": {"vertices": [{"x": 152.0, "y": 206.0}, {"x": 276.0, "y": 206.0}, {"x": 276.0, "y": 238.0}, {"x": 152.0, "y": 238.0}]}, "description": " ORDER:"}, {"boundingPoly": {"vertices": [{"x": 184.0, "y": 250.0}, {"x": 294.0, "y": 250.0}, {"x": 294.0, "y": 282.0}, {"x": 184.0, "y": 282.0}]}, "description": "Dine In"}, {"boundingPoly": {"vertices": [{"x": 92.0, "y": 292.0}, {"x": 225.0, "y": 292.0}, {"x": 225.0, "y": 316.0}, {"x": 92.0, "y": 316.0}]}, "description": " MADHAVI M."}, {"boundingPoly": {"vertices": [{"x": 11.0, "y": 320.0}, {"x": 227.0, "y": 320.0}, {"x": 227.0, "y": 344.0}, {"x": 11.0, "y": 344.0}]}, "description": " 16 Oct 2019 7:29:02P"}, {"boundingPoly": {"vertices": [{"x": 282.0, "y": 208.0}, {"x": 325.0, "y": 208.0}, {"x": 325.0, "y": 239.0}, {"x": 282.0, "y": 239.0}]}, "description": " 48"}, {"boundingPoly": {"vertices": [{"x": 5.0, "y": 292.0}, {"x": 88.0, "y": 292.0}, {"x": 88.0, "y": 314.0}, {"x": 5.0, "y": 314.0}]}, "description": " Cashier:"}, {"boundingPoly": {"vertices": [{"x": 11.0, "y": 363.0}, {"x": 210.0, "y": 363.0}, {"x": 210.0, "y": 386.0}, {"x": 11.0, "y": 385.0}]}, "description": "Transaction 008145"}, {"boundingPoly": {"vertices": [{"x": 10.0, "y": 422.0}, {"x": 27.0, "y": 422.0}, {"x": 26.0, "y": 441.0}, {"x": 10.0, "y": 441.0}]}, "description": "2"}, {"boundingPoly": {"vertices": [{"x": 25.0, "y": 445.0}, {"x": 27.0, "y": 470.0}, {"x": 18.0, "y": 471.0}, {"x": 15.0, "y": 446.0}]}, "description": "-"}, {"boundingPoly": {"vertices": [{"x": 27.0, "y": 476.0}, {"x": 30.0, "y": 498.0}, {"x": 20.0, "y": 498.0}, {"x": 18.0, "y": 478.0}]}, "description": "-"}, {"boundingPoly": {"vertices": [{"x": 48.0, "y": 421.0}, {"x": 188.0, "y": 421.0}, {"x": 188.0, "y": 443.0}, {"x": 48.0, "y": 443.0}]}, "description": "Masala Chaal"}, {"boundingPoly": {"vertices": [{"x": 53.0, "y": 450.0}, {"x": 289.0, "y": 450.0}, {"x": 289.0, "y": 473.0}, {"x": 53.0, "y": 472.0}]}, "description": "Iranian Samosa (3 PCS)"}, {"boundingPoly": {"vertices": [{"x": 54.0, "y": 479.0}, {"x": 211.0, "y": 479.0}, {"x": 211.0, "y": 501.0}, {"x": 54.0, "y": 500.0}]}, "description": "Samosa (2 Pcs)"}, {"boundingPoly": {"vertices": [{"x": 414.0, "y": 420.0}, {"x": 470.0, "y": 419.0}, {"x": 470.0, "y": 445.0}, {"x": 414.0, "y": 446.0}]}, "description": "$3.58"}, {"boundingPoly": {"vertices": [{"x": 414.0, "y": 450.0}, {"x": 468.0, "y": 449.0}, {"x": 469.0, "y": 470.0}, {"x": 416.0, "y": 472.0}]}, "description": "$2.99"}, {"boundingPoly": {"vertices": [{"x": 413.0, "y": 476.0}, {"x": 468.0, "y": 474.0}, {"x": 468.0, "y": 499.0}, {"x": 414.0, "y": 502.0}]}, "description": "$2.99"}, {"boundingPoly": {"vertices": [{"x": 22.0, "y": 533.0}, {"x": 106.0, "y": 533.0}, {"x": 106.0, "y": 553.0}, {"x": 22.0, "y": 553.0}]}, "description": "Subtotal"}, {"boundingPoly": {"vertices": [{"x": 24.0, "y": 561.0}, {"x": 61.0, "y": 561.0}, {"x": 61.0, "y": 579.0}, {"x": 24.0, "y": 579.0}]}, "description": "Tax"}, {"boundingPoly": {"vertices": [{"x": 411.0, "y": 534.0}, {"x": 466.0, "y": 534.0}, {"x": 466.0, "y": 553.0}, {"x": 411.0, "y": 553.0}]}, "description": "$9.56"}, {"boundingPoly": {"vertices": [{"x": 412.0, "y": 560.0}, {"x": 464.0, "y": 561.0}, {"x": 463.0, "y": 580.0}, {"x": 412.0, "y": 581.0}]}, "description": "$0.82"}, {"boundingPoly": {"vertices": [{"x": 27.0, "y": 612.0}, {"x": 79.0, "y": 613.0}, {"x": 79.0, "y": 631.0}, {"x": 26.0, "y": 630.0}]}, "description": "Total"}, {"boundingPoly": {"vertices": [{"x": 27.0, "y": 636.0}, {"x": 57.0, "y": 637.0}, {"x": 56.0, "y": 657.0}, {"x": 27.0, "y": 655.0}]}, "description": "Tip"}, {"boundingPoly": {"vertices": [{"x": 22.0, "y": 670.0}, {"x": 94.0, "y": 670.0}, {"x": 94.0, "y": 689.0}, {"x": 22.0, "y": 689.0}]}, "description": " CREDIT"}, {"boundingPoly": {"vertices": [{"x": 19.0, "y": 694.0}, {"x": 82.0, "y": 694.0}, {"x": 82.0, "y": 714.0}, {"x": 19.0, "y": 714.0}]}, "description": " AMEX"}, {"boundingPoly": {"vertices": [{"x": 17.0, "y": 728.0}, {"x": 235.0, "y": 728.0}, {"x": 235.0, "y": 750.0}, {"x": 17.0, "y": 750.0}]}, "description": " 16 Oct 2019 7:30:53P"}, {"boundingPoly": {"vertices": [{"x": 184.0, "y": 753.0}, {"x": 233.0, "y": 753.0}, {"x": 233.0, "y": 774.0}, {"x": 184.0, "y": 774.0}]}, "description": " FMV"}, {"boundingPoly": {"vertices": [{"x": 125.0, "y": 775.0}, {"x": 453.0, "y": 775.0}, {"x": 453.0, "y": 802.0}, {"x": 125.0, "y": 802.0}]}, "description": " EXPRESS XXXXXXXXXXXX1007"}, {"boundingPoly": {"vertices": [{"x": 75.0, "y": 831.0}, {"x": 409.0, "y": 831.0}, {"x": 409.0, "y": 856.0}, {"x": 75.0, "y": 856.0}]}, "description": " 929000581831 | Auth # 82/387"}, {"boundingPoly": {"vertices": [{"x": 59.0, "y": 862.0}, {"x": 193.0, "y": 862.0}, {"x": 193.0, "y": 885.0}, {"x": 59.0, "y": 885.0}]}, "description": " ******** 1889"}, {"boundingPoly": {"vertices": [{"x": 53.0, "y": 889.0}, {"x": 274.0, "y": 889.0}, {"x": 274.0, "y": 915.0}, {"x": 53.0, "y": 915.0}]}, "description": " A000000025010801"}, {"boundingPoly": {"vertices": [{"x": 143.0, "y": 919.0}, {"x": 209.0, "y": 919.0}, {"x": 209.0, "y": 942.0}, {"x": 143.0, "y": 942.0}]}, "description": " AMEX"}, {"boundingPoly": {"vertices": [{"x": 6.0, "y": 948.0}, {"x": 230.0, "y": 948.0}, {"x": 230.0, "y": 970.0}, {"x": 6.0, "y": 971.0}]}, "description": "SIGNATURE VERIFIED"}, {"boundingPoly": {"vertices": [{"x": 399.0, "y": 613.0}, {"x": 465.0, "y": 613.0}, {"x": 465.0, "y": 631.0}, {"x": 399.0, "y": 632.0}]}, "description": "$10.38"}, {"boundingPoly": {"vertices": [{"x": 411.0, "y": 637.0}, {"x": 465.0, "y": 636.0}, {"x": 466.0, "y": 653.0}, {"x": 411.0, "y": 654.0}]}, "description": "$1.04"}, {"boundingPoly": {"vertices": [{"x": 401.0, "y": 666.0}, {"x": 468.0, "y": 665.0}, {"x": 469.0, "y": 685.0}, {"x": 401.0, "y": 686.0}]}, "description": "$11.42"}, {"boundingPoly": {"vertices": [{"x": 98.0, "y": 669.0}, {"x": 219.0, "y": 669.0}, {"x": 219.0, "y": 689.0}, {"x": 98.0, "y": 689.0}]}, "description": " CARD AUTH"}, {"boundingPoly": {"vertices": [{"x": 85.0, "y": 694.0}, {"x": 136.0, "y": 694.0}, {"x": 136.0, "y": 714.0}, {"x": 85.0, "y": 714.0}]}, "description": " 1007"}, {"boundingPoly": {"vertices": [{"x": 15.0, "y": 754.0}, {"x": 181.0, "y": 754.0}, {"x": 181.0, "y": 776.0}, {"x": 15.0, "y": 776.0}]}, "description": " $11.42 | Method:"}, {"boundingPoly": {"vertices": [{"x": 13.0, "y": 780.0}, {"x": 122.0, "y": 780.0}, {"x": 122.0, "y": 803.0}, {"x": 13.0, "y": 803.0}]}, "description": " AMERICAN"}, {"boundingPoly": {"vertices": [{"x": 11.0, "y": 835.0}, {"x": 71.0, "y": 835.0}, {"x": 71.0, "y": 856.0}, {"x": 11.0, "y": 856.0}]}, "description": " Ref #:"}, {"boundingPoly": {"vertices": [{"x": 18.0, "y": 862.0}, {"x": 55.0, "y": 862.0}, {"x": 55.0, "y": 885.0}, {"x": 18.0, "y": 885.0}]}, "description": " MID:"}, {"boundingPoly": {"vertices": [{"x": 9.0, "y": 890.0}, {"x": 48.0, "y": 890.0}, {"x": 48.0, "y": 916.0}, {"x": 9.0, "y": 916.0}]}, "description": " AID:"}, {"boundingPoly": {"vertices": [{"x": 7.0, "y": 920.0}, {"x": 138.0, "y": 920.0}, {"x": 138.0, "y": 942.0}, {"x": 7.0, "y": 942.0}]}, "description": " AthNtwkNm:"}, {"boundingPoly": {"vertices": [{"x": 3.0, "y": 1021.0}, {"x": 261.0, "y": 1020.0}, {"x": 261.0, "y": 1042.0}, {"x": 3.0, "y": 1044.0}]}, "description": "Order 8JQZYTBHSYDMT"}]}