{"textAnnotations": [{"boundingPoly": {"vertices": [{"x": 459.0, "y": 586.0}, {"x": 935.0, "y": 589.0}, {"x": 934.0, "y": 647.0}, {"x": 459.0, "y": 643.0}]}, "description": "merchant name"}, {"boundingPoly": {"vertices": [{"x": 276.0, "y": 651.0}, {"x": 959.0, "y": 659.0}, {"x": 958.0, "y": 714.0}, {"x": 276.0, "y": 706.0}]}, "description": "merchant address"}, {"boundingPoly": {"vertices": [{"x": 183.0, "y": 752.0}, {"x": 324.0, "y": 752.0}, {"x": 324.0, "y": 802.0}, {"x": 183.0, "y": 802.0}]}, "description": " Date:"}, {"boundingPoly": {"vertices": [{"x": 181.0, "y": 804.0}, {"x": 461.0, "y": 804.0}, {"x": 461.0, "y": 865.0}, {"x": 181.0, "y": 865.0}]}, "description": " Card Type:"}, {"boundingPoly": {"vertices": [{"x": 176.0, "y": 910.0}, {"x": 504.0, "y": 910.0}, {"x": 504.0, "y": 970.0}, {"x": 176.0, "y": 970.0}]}, "description": " Card Entry:"}, {"boundingPoly": {"vertices": [{"x": 407.0, "y": 710.0}, {"x": 831.0, "y": 713.0}, {"x": 830.0, "y": 763.0}, {"x": 407.0, "y": 758.0}]}, "description": "merchant address"}, {"boundingPoly": {"vertices": [{"x": 517.0, "y": 761.0}, {"x": 935.0, "y": 761.0}, {"x": 935.0, "y": 814.0}, {"x": 517.0, "y": 814.0}]}, "description": " Dec01'19 08:36PM"}, {"boundingPoly": {"vertices": [{"x": 511.0, "y": 815.0}, {"x": 630.0, "y": 819.0}, {"x": 627.0, "y": 862.0}, {"x": 511.0, "y": 859.0}]}, "description": "Amex"}, {"boundingPoly": {"vertices": [{"x": 514.0, "y": 863.0}, {"x": 913.0, "y": 866.0}, {"x": 913.0, "y": 917.0}, {"x": 514.0, "y": 914.0}]}, "description": "XXXXXXXXXXX1004"}, {"boundingPoly": {"vertices": [{"x": 512.0, "y": 918.0}, {"x": 681.0, "y": 918.0}, {"x": 681.0, "y": 970.0}, {"x": 512.0, "y": 970.0}]}, "description": " SWIPED"}, {"boundingPoly": {"vertices": [{"x": 510.0, "y": 970.0}, {"x": 731.0, "y": 970.0}, {"x": 731.0, "y": 1024.0}, {"x": 510.0, "y": 1024.0}]}, "description": " PURCHASE"}, {"boundingPoly": {"vertices": [{"x": 180.0, "y": 859.0}, {"x": 390.0, "y": 859.0}, {"x": 390.0, "y": 914.0}, {"x": 180.0, "y": 914.0}]}, "description": " Acct #:"}, {"boundingPoly": {"vertices": [{"x": 177.0, "y": 967.0}, {"x": 501.0, "y": 967.0}, {"x": 501.0, "y": 1024.0}, {"x": 177.0, "y": 1024.0}]}, "description": " Trans Type:"}, {"boundingPoly": {"vertices": [{"x": 171.0, "y": 1020.0}, {"x": 486.0, "y": 1020.0}, {"x": 486.0, "y": 1078.0}, {"x": 171.0, "y": 1078.0}]}, "description": " Trans Key:"}, {"boundingPoly": {"vertices": [{"x": 169.0, "y": 1076.0}, {"x": 462.0, "y": 1076.0}, {"x": 462.0, "y": 1135.0}, {"x": 169.0, "y": 1135.0}]}, "description": " Auth Code:"}, {"boundingPoly": {"vertices": [{"x": 509.0, "y": 1021.0}, {"x": 921.0, "y": 1021.0}, {"x": 921.0, "y": 1078.0}, {"x": 509.0, "y": 1078.0}]}, "description": " GIG010680127775"}, {"boundingPoly": {"vertices": [{"x": 504.0, "y": 1078.0}, {"x": 682.0, "y": 1079.0}, {"x": 681.0, "y": 1132.0}, {"x": 504.0, "y": 1131.0}]}, "description": "519470"}, {"boundingPoly": {"vertices": [{"x": 514.0, "y": 1136.0}, {"x": 576.0, "y": 1134.0}, {"x": 578.0, "y": 1186.0}, {"x": 514.0, "y": 1185.0}]}, "description": "52"}, {"boundingPoly": {"vertices": [{"x": 167.0, "y": 1132.0}, {"x": 350.0, "y": 1132.0}, {"x": 350.0, "y": 1189.0}, {"x": 167.0, "y": 1189.0}]}, "description": " Check:"}, {"boundingPoly": {"vertices": [{"x": 165.0, "y": 1190.0}, {"x": 432.0, "y": 1190.0}, {"x": 432.0, "y": 1247.0}, {"x": 165.0, "y": 1247.0}]}, "description": " Check ID:"}, {"boundingPoly": {"vertices": [{"x": 162.0, "y": 1251.0}, {"x": 335.0, "y": 1251.0}, {"x": 335.0, "y": 1307.0}, {"x": 162.0, "y": 1307.0}]}, "description": " Server"}, {"boundingPoly": {"vertices": [{"x": 153.0, "y": 1317.0}, {"x": 427.0, "y": 1317.0}, {"x": 427.0, "y": 1389.0}, {"x": 153.0, "y": 1389.0}]}, "description": " Subtotal:"}, {"boundingPoly": {"vertices": [{"x": 160.0, "y": 1400.0}, {"x": 277.0, "y": 1400.0}, {"x": 277.0, "y": 1470.0}, {"x": 160.0, "y": 1470.0}]}, "description": " Tip:"}, {"boundingPoly": {"vertices": [{"x": 151.0, "y": 1481.0}, {"x": 340.0, "y": 1481.0}, {"x": 340.0, "y": 1549.0}, {"x": 151.0, "y": 1549.0}]}, "description": " Total:"}, {"boundingPoly": {"vertices": [{"x": 343.0, "y": 1255.0}, {"x": 374.0, "y": 1255.0}, {"x": 374.0, "y": 1307.0}, {"x": 343.0, "y": 1307.0}]}, "description": " :"}, {"boundingPoly": {"vertices": [{"x": 519.0, "y": 1244.0}, {"x": 878.0, "y": 1238.0}, {"x": 879.0, "y": 1294.0}, {"x": 519.0, "y": 1301.0}]}, "description": "444582 Paulie"}, {"boundingPoly": {"vertices": [{"x": 746.0, "y": 1310.0}, {"x": 1009.0, "y": 1306.0}, {"x": 1010.0, "y": 1365.0}, {"x": 748.0, "y": 1369.0}]}, "description": "16.59"}, {"boundingPoly": {"vertices": [{"x": 740.0, "y": 1371.0}, {"x": 933.0, "y": 1351.0}, {"x": 938.0, "y": 1415.0}, {"x": 745.0, "y": 1435.0}]}, "description": "3,00"}, {"boundingPoly": {"vertices": [{"x": 750.0, "y": 1431.0}, {"x": 982.0, "y": 1431.0}, {"x": 982.0, "y": 1529.0}, {"x": 750.0, "y": 1529.0}]}, "description": " 19:59"}, {"boundingPoly": {"vertices": [{"x": 140.0, "y": 1640.0}, {"x": 433.0, "y": 1624.0}, {"x": 437.0, "y": 1686.0}, {"x": 142.0, "y": 1702.0}]}, "description": "Signature"}, {"boundingPoly": {"vertices": [{"x": 141.0, "y": 1769.0}, {"x": 955.0, "y": 1706.0}, {"x": 961.0, "y": 1782.0}, {"x": 146.0, "y": 1840.0}]}, "description": "according to my card issuer"}, {"boundingPoly": {"vertices": [{"x": 149.0, "y": 1911.0}, {"x": 934.0, "y": 1858.0}, {"x": 938.0, "y": 1929.0}, {"x": 153.0, "y": 1965.0}]}, "description": "* * * * Guest Copy * * * *"}, {"boundingPoly": {"vertices": [{"x": 146.0, "y": 1705.0}, {"x": 919.0, "y": 1646.0}, {"x": 923.0, "y": 1719.0}, {"x": 148.0, "y": 1776.0}]}, "description": "I agree to pay above total"}, {"boundingPoly": {"vertices": [{"x": 142.0, "y": 1830.0}, {"x": 459.0, "y": 1816.0}, {"x": 462.0, "y": 1888.0}, {"x": 145.0, "y": 1901.0}]}, "description": "agreement."}]}