{"textAnnotations": [{"boundingPoly": {"vertices": [{"x": 172.0, "y": 121.0}, {"x": 227.0, "y": 121.0}, {"x": 227.0, "y": 137.0}, {"x": 172.0, "y": 137.0}]}, "description": "merchant name"}, {"boundingPoly": {"vertices": [{"x": 194.0, "y": 136.0}, {"x": 267.0, "y": 141.0}, {"x": 266.0, "y": 152.0}, {"x": 193.0, "y": 147.0}]}, "description": "merchant address"}, {"boundingPoly": {"vertices": [{"x": 231.0, "y": 126.0}, {"x": 294.0, "y": 126.0}, {"x": 294.0, "y": 142.0}, {"x": 231.0, "y": 142.0}]}, "description": "merchant address"}, {"boundingPoly": {"vertices": [{"x": 154.0, "y": 146.0}, {"x": 304.0, "y": 152.0}, {"x": 304.0, "y": 165.0}, {"x": 153.0, "y": 159.0}]}, "description": "merchant address"}, {"boundingPoly": {"vertices": [{"x": 202.0, "y": 173.0}, {"x": 260.0, "y": 174.0}, {"x": 260.0, "y": 185.0}, {"x": 202.0, "y": 184.0}]}, "description": "CHK 712225"}, {"boundingPoly": {"vertices": [{"x": 175.0, "y": 185.0}, {"x": 281.0, "y": 185.0}, {"x": 281.0, "y": 197.0}, {"x": 175.0, "y": 197.0}]}, "description": " 11/30/2019 08:25 PM"}, {"boundingPoly": {"vertices": [{"x": 149.0, "y": 196.0}, {"x": 191.0, "y": 196.0}, {"x": 190.0, "y": 207.0}, {"x": 149.0, "y": 207.0}]}, "description": "2836583"}, {"boundingPoly": {"vertices": [{"x": 206.0, "y": 197.0}, {"x": 249.0, "y": 197.0}, {"x": 249.0, "y": 208.0}, {"x": 206.0, "y": 208.0}]}, "description": " Drawer:"}, {"boundingPoly": {"vertices": [{"x": 251.0, "y": 197.0}, {"x": 296.0, "y": 197.0}, {"x": 296.0, "y": 209.0}, {"x": 251.0, "y": 209.0}]}, "description": " 2 Reg:"}, {"boundingPoly": {"vertices": [{"x": 298.0, "y": 197.0}, {"x": 305.0, "y": 197.0}, {"x": 305.0, "y": 209.0}, {"x": 298.0, "y": 209.0}]}, "description": " 1"}, {"boundingPoly": {"vertices": [{"x": 130.0, "y": 223.0}, {"x": 235.0, "y": 223.0}, {"x": 235.0, "y": 236.0}, {"x": 130.0, "y": 236.0}]}, "description": "Onsar Choc Madlein"}, {"boundingPoly": {"vertices": [{"x": 131.0, "y": 234.0}, {"x": 231.0, "y": 236.0}, {"x": 231.0, "y": 252.0}, {"x": 131.0, "y": 250.0}]}, "description": "71 Classic Htchoc"}, {"boundingPoly": {"vertices": [{"x": 132.0, "y": 265.0}, {"x": 159.0, "y": 266.0}, {"x": 159.0, "y": 277.0}, {"x": 131.0, "y": 276.0}]}, "description": "Amex"}, {"boundingPoly": {"vertices": [{"x": 132.0, "y": 278.0}, {"x": 224.0, "y": 279.0}, {"x": 224.0, "y": 292.0}, {"x": 132.0, "y": 291.0}]}, "description": "XXXXXXXXXXXX1001"}, {"boundingPoly": {"vertices": [{"x": 133.0, "y": 293.0}, {"x": 197.0, "y": 293.0}, {"x": 197.0, "y": 306.0}, {"x": 133.0, "y": 306.0}]}, "description": " Card Entry:"}, {"boundingPoly": {"vertices": [{"x": 132.0, "y": 306.0}, {"x": 197.0, "y": 306.0}, {"x": 197.0, "y": 321.0}, {"x": 132.0, "y": 321.0}]}, "description": " Trans Type:"}, {"boundingPoly": {"vertices": [{"x": 131.0, "y": 321.0}, {"x": 204.0, "y": 321.0}, {"x": 204.0, "y": 334.0}, {"x": 131.0, "y": 334.0}]}, "description": " Reference #:"}, {"boundingPoly": {"vertices": [{"x": 194.0, "y": 335.0}, {"x": 287.0, "y": 335.0}, {"x": 287.0, "y": 349.0}, {"x": 194.0, "y": 349.0}]}, "description": " AMERICAN EXPRESS"}, {"boundingPoly": {"vertices": [{"x": 178.0, "y": 349.0}, {"x": 214.0, "y": 349.0}, {"x": 214.0, "y": 362.0}, {"x": 178.0, "y": 362.0}]}, "description": " 817255"}, {"boundingPoly": {"vertices": [{"x": 159.0, "y": 363.0}, {"x": 254.0, "y": 363.0}, {"x": 254.0, "y": 376.0}, {"x": 159.0, "y": 376.0}]}, "description": " A000000025010801"}, {"boundingPoly": {"vertices": [{"x": 159.0, "y": 377.0}, {"x": 221.0, "y": 377.0}, {"x": 221.0, "y": 391.0}, {"x": 159.0, "y": 391.0}]}, "description": " 0000008000"}, {"boundingPoly": {"vertices": [{"x": 159.0, "y": 392.0}, {"x": 186.0, "y": 392.0}, {"x": 186.0, "y": 405.0}, {"x": 159.0, "y": 405.0}]}, "description": " E800"}, {"boundingPoly": {"vertices": [{"x": 290.0, "y": 223.0}, {"x": 316.0, "y": 223.0}, {"x": 316.0, "y": 236.0}, {"x": 290.0, "y": 236.0}]}, "description": "2.75"}, {"boundingPoly": {"vertices": [{"x": 290.0, "y": 237.0}, {"x": 315.0, "y": 237.0}, {"x": 315.0, "y": 250.0}, {"x": 290.0, "y": 250.0}]}, "description": "3.75"}, {"boundingPoly": {"vertices": [{"x": 292.0, "y": 266.0}, {"x": 315.0, "y": 265.0}, {"x": 314.0, "y": 278.0}, {"x": 291.0, "y": 278.0}]}, "description": "7.07"}, {"boundingPoly": {"vertices": [{"x": 199.0, "y": 293.0}, {"x": 259.0, "y": 293.0}, {"x": 259.0, "y": 306.0}, {"x": 199.0, "y": 306.0}]}, "description": " QUICK CHIP"}, {"boundingPoly": {"vertices": [{"x": 199.0, "y": 307.0}, {"x": 248.0, "y": 307.0}, {"x": 248.0, "y": 321.0}, {"x": 199.0, "y": 321.0}]}, "description": " PURCHASE"}, {"boundingPoly": {"vertices": [{"x": 206.0, "y": 321.0}, {"x": 255.0, "y": 321.0}, {"x": 255.0, "y": 334.0}, {"x": 206.0, "y": 334.0}]}, "description": " 00000212"}, {"boundingPoly": {"vertices": [{"x": 132.0, "y": 336.0}, {"x": 192.0, "y": 336.0}, {"x": 192.0, "y": 348.0}, {"x": 132.0, "y": 348.0}]}, "description": " App Label:"}, {"boundingPoly": {"vertices": [{"x": 132.0, "y": 349.0}, {"x": 176.0, "y": 349.0}, {"x": 176.0, "y": 362.0}, {"x": 132.0, "y": 362.0}]}, "description": " Auth #:"}, {"boundingPoly": {"vertices": [{"x": 132.0, "y": 363.0}, {"x": 157.0, "y": 363.0}, {"x": 157.0, "y": 376.0}, {"x": 132.0, "y": 376.0}]}, "description": " AID:"}, {"boundingPoly": {"vertices": [{"x": 132.0, "y": 377.0}, {"x": 157.0, "y": 377.0}, {"x": 157.0, "y": 391.0}, {"x": 132.0, "y": 391.0}]}, "description": " TVR:"}, {"boundingPoly": {"vertices": [{"x": 132.0, "y": 392.0}, {"x": 156.0, "y": 392.0}, {"x": 156.0, "y": 405.0}, {"x": 132.0, "y": 405.0}]}, "description": " TSI:"}, {"boundingPoly": {"vertices": [{"x": 129.0, "y": 420.0}, {"x": 179.0, "y": 419.0}, {"x": 179.0, "y": 433.0}, {"x": 129.0, "y": 433.0}]}, "description": "Subtotal"}, {"boundingPoly": {"vertices": [{"x": 130.0, "y": 436.0}, {"x": 191.0, "y": 434.0}, {"x": 191.0, "y": 448.0}, {"x": 130.0, "y": 449.0}]}, "description": "Tax 8.875%"}, {"boundingPoly": {"vertices": [{"x": 129.0, "y": 451.0}, {"x": 191.0, "y": 450.0}, {"x": 191.0, "y": 463.0}, {"x": 129.0, "y": 464.0}]}, "description": "Tax 8.875%"}, {"boundingPoly": {"vertices": [{"x": 129.0, "y": 466.0}, {"x": 161.0, "y": 465.0}, {"x": 161.0, "y": 478.0}, {"x": 129.0, "y": 478.0}]}, "description": "Total"}, {"boundingPoly": {"vertices": [{"x": 112.0, "y": 481.0}, {"x": 233.0, "y": 479.0}, {"x": 233.0, "y": 492.0}, {"x": 112.0, "y": 495.0}]}, "description": "Change Due"}, {"boundingPoly": {"vertices": [{"x": 281.0, "y": 417.0}, {"x": 312.0, "y": 417.0}, {"x": 312.0, "y": 429.0}, {"x": 282.0, "y": 430.0}]}, "description": "$6.50"}, {"boundingPoly": {"vertices": [{"x": 283.0, "y": 431.0}, {"x": 313.0, "y": 431.0}, {"x": 314.0, "y": 444.0}, {"x": 283.0, "y": 445.0}]}, "description": "$0.33"}, {"boundingPoly": {"vertices": [{"x": 283.0, "y": 447.0}, {"x": 315.0, "y": 446.0}, {"x": 316.0, "y": 459.0}, {"x": 283.0, "y": 460.0}]}, "description": "$0.24"}, {"boundingPoly": {"vertices": [{"x": 284.0, "y": 462.0}, {"x": 315.0, "y": 461.0}, {"x": 315.0, "y": 474.0}, {"x": 285.0, "y": 475.0}]}, "description": "$7.07"}, {"boundingPoly": {"vertices": [{"x": 290.0, "y": 477.0}, {"x": 351.0, "y": 475.0}, {"x": 351.0, "y": 488.0}, {"x": 291.0, "y": 491.0}]}, "description": "$0.00"}, {"boundingPoly": {"vertices": [{"x": 182.0, "y": 509.0}, {"x": 260.0, "y": 507.0}, {"x": 261.0, "y": 521.0}, {"x": 183.0, "y": 522.0}]}, "description": "Check Closed"}, {"boundingPoly": {"vertices": [{"x": 173.0, "y": 521.0}, {"x": 290.0, "y": 521.0}, {"x": 290.0, "y": 539.0}, {"x": 173.0, "y": 539.0}]}, "description": " 11/30/2019 08:25 PM"}, {"boundingPoly": {"vertices": [{"x": 163.0, "y": 597.0}, {"x": 305.0, "y": 587.0}, {"x": 306.0, "y": 601.0}, {"x": 164.0, "y": 611.0}]}, "description": "Join our loyalty program"}, {"boundingPoly": {"vertices": [{"x": 144.0, "y": 631.0}, {"x": 327.0, "y": 617.0}, {"x": 328.0, "y": 632.0}, {"x": 145.0, "y": 645.0}]}, "description": "Sign up for promotional emails"}, {"boundingPoly": {"vertices": [{"x": 179.0, "y": 611.0}, {"x": 290.0, "y": 603.0}, {"x": 291.0, "y": 618.0}, {"x": 181.0, "y": 627.0}]}, "description": "Starbucks Rewards8"}]}