{"textAnnotations": [{"boundingPoly": {"vertices": [{"x": 218.0, "y": 52.0}, {"x": 218.0, "y": 29.0}, {"x": 237.0, "y": 30.0}, {"x": 237.0, "y": 52.0}]}, "description": "\u4e09"}, {"boundingPoly": {"vertices": [{"x": 198.0, "y": 74.0}, {"x": 258.0, "y": 74.0}, {"x": 258.0, "y": 84.0}, {"x": 198.0, "y": 84.0}]}, "description": "Order Number"}, {"boundingPoly": {"vertices": [{"x": 199.0, "y": 107.0}, {"x": 256.0, "y": 107.0}, {"x": 256.0, "y": 117.0}, {"x": 199.0, "y": 117.0}]}, "description": "FM33274678"}, {"boundingPoly": {"vertices": [{"x": 32.0, "y": 144.0}, {"x": 112.0, "y": 143.0}, {"x": 112.0, "y": 154.0}, {"x": 32.0, "y": 154.0}]}, "description": "Track your Order"}, {"boundingPoly": {"vertices": [{"x": 59.0, "y": 188.0}, {"x": 78.0, "y": 188.0}, {"x": 78.0, "y": 199.0}, {"x": 59.0, "y": 199.0}]}, "description": " Item"}, {"boundingPoly": {"vertices": [{"x": 80.0, "y": 188.0}, {"x": 108.0, "y": 188.0}, {"x": 108.0, "y": 199.0}, {"x": 80.0, "y": 199.0}]}, "description": " Name"}, {"boundingPoly": {"vertices": [{"x": 274.0, "y": 188.0}, {"x": 313.0, "y": 188.0}, {"x": 313.0, "y": 199.0}, {"x": 274.0, "y": 199.0}]}, "description": "Quantity"}, {"boundingPoly": {"vertices": [{"x": 357.0, "y": 188.0}, {"x": 382.0, "y": 189.0}, {"x": 381.0, "y": 199.0}, {"x": 356.0, "y": 198.0}]}, "description": "Price"}, {"boundingPoly": {"vertices": [{"x": 59.0, "y": 221.0}, {"x": 99.0, "y": 221.0}, {"x": 99.0, "y": 232.0}, {"x": 59.0, "y": 232.0}]}, "description": " Stir-Fried"}, {"boundingPoly": {"vertices": [{"x": 101.0, "y": 221.0}, {"x": 123.0, "y": 221.0}, {"x": 123.0, "y": 233.0}, {"x": 101.0, "y": 233.0}]}, "description": " Chilli"}, {"boundingPoly": {"vertices": [{"x": 125.0, "y": 221.0}, {"x": 209.0, "y": 221.0}, {"x": 209.0, "y": 233.0}, {"x": 125.0, "y": 233.0}]}, "description": " Paneer Superbowl"}, {"boundingPoly": {"vertices": [{"x": 349.0, "y": 221.0}, {"x": 380.0, "y": 221.0}, {"x": 380.0, "y": 231.0}, {"x": 349.0, "y": 231.0}]}, "description": "\u20b9180.0"}, {"boundingPoly": {"vertices": [{"x": 59.0, "y": 269.0}, {"x": 176.0, "y": 269.0}, {"x": 176.0, "y": 281.0}, {"x": 59.0, "y": 281.0}]}, "description": " Teriyaki Chicken Rice Bowl"}, {"boundingPoly": {"vertices": [{"x": 178.0, "y": 269.0}, {"x": 189.0, "y": 269.0}, {"x": 189.0, "y": 280.0}, {"x": 178.0, "y": 280.0}]}, "description": " 'n'"}, {"boundingPoly": {"vertices": [{"x": 192.0, "y": 269.0}, {"x": 242.0, "y": 269.0}, {"x": 242.0, "y": 280.0}, {"x": 192.0, "y": 280.0}]}, "description": " Cake Slice"}, {"boundingPoly": {"vertices": [{"x": 349.0, "y": 269.0}, {"x": 381.0, "y": 269.0}, {"x": 381.0, "y": 279.0}, {"x": 349.0, "y": 279.0}]}, "description": "\u20b9218.0"}, {"boundingPoly": {"vertices": [{"x": 296.0, "y": 318.0}, {"x": 336.0, "y": 319.0}, {"x": 336.0, "y": 328.0}, {"x": 296.0, "y": 328.0}]}, "description": "Subtotal"}, {"boundingPoly": {"vertices": [{"x": 347.0, "y": 318.0}, {"x": 380.0, "y": 318.0}, {"x": 380.0, "y": 328.0}, {"x": 347.0, "y": 327.0}]}, "description": "\u20b9545.0"}, {"boundingPoly": {"vertices": [{"x": 292.0, "y": 351.0}, {"x": 337.0, "y": 351.0}, {"x": 337.0, "y": 361.0}, {"x": 292.0, "y": 361.0}]}, "description": "Discount"}, {"boundingPoly": {"vertices": [{"x": 359.0, "y": 351.0}, {"x": 380.0, "y": 351.0}, {"x": 380.0, "y": 361.0}, {"x": 359.0, "y": 360.0}]}, "description": "\u20b93.0"}, {"boundingPoly": {"vertices": [{"x": 253.0, "y": 384.0}, {"x": 341.0, "y": 384.0}, {"x": 341.0, "y": 395.0}, {"x": 253.0, "y": 395.0}]}, "description": " Product Discount"}, {"boundingPoly": {"vertices": [{"x": 349.0, "y": 384.0}, {"x": 381.0, "y": 384.0}, {"x": 381.0, "y": 395.0}, {"x": 349.0, "y": 395.0}]}, "description": " \u20b9 147.0"}, {"boundingPoly": {"vertices": [{"x": 261.0, "y": 418.0}, {"x": 336.0, "y": 418.0}, {"x": 336.0, "y": 428.0}, {"x": 261.0, "y": 429.0}]}, "description": "Cashback Used"}, {"boundingPoly": {"vertices": [{"x": 359.0, "y": 418.0}, {"x": 380.0, "y": 418.0}, {"x": 380.0, "y": 428.0}, {"x": 359.0, "y": 428.0}]}, "description": "\u20b90.0"}, {"boundingPoly": {"vertices": [{"x": 284.0, "y": 451.0}, {"x": 337.0, "y": 451.0}, {"x": 337.0, "y": 461.0}, {"x": 284.0, "y": 461.0}]}, "description": "Bank Offer"}, {"boundingPoly": {"vertices": [{"x": 359.0, "y": 451.0}, {"x": 380.0, "y": 451.0}, {"x": 380.0, "y": 461.0}, {"x": 359.0, "y": 461.0}]}, "description": "\u20b90.0"}, {"boundingPoly": {"vertices": [{"x": 265.0, "y": 484.0}, {"x": 337.0, "y": 484.0}, {"x": 337.0, "y": 495.0}, {"x": 265.0, "y": 495.0}]}, "description": "Packaging Fee"}, {"boundingPoly": {"vertices": [{"x": 353.0, "y": 484.0}, {"x": 380.0, "y": 484.0}, {"x": 379.0, "y": 494.0}, {"x": 354.0, "y": 494.0}]}, "description": "\u20b942.0"}, {"boundingPoly": {"vertices": [{"x": 253.0, "y": 517.0}, {"x": 337.0, "y": 517.0}, {"x": 337.0, "y": 528.0}, {"x": 253.0, "y": 528.0}]}, "description": "Convenience Fee"}, {"boundingPoly": {"vertices": [{"x": 360.0, "y": 517.0}, {"x": 380.0, "y": 518.0}, {"x": 379.0, "y": 527.0}, {"x": 359.0, "y": 526.0}]}, "description": "30.0"}, {"boundingPoly": {"vertices": [{"x": 275.0, "y": 550.0}, {"x": 345.0, "y": 550.0}, {"x": 345.0, "y": 562.0}, {"x": 275.0, "y": 562.0}]}, "description": "CGST (2.5%)"}, {"boundingPoly": {"vertices": [{"x": 347.0, "y": 551.0}, {"x": 381.0, "y": 551.0}, {"x": 381.0, "y": 561.0}, {"x": 347.0, "y": 561.0}]}, "description": "\u20b910.93"}, {"boundingPoly": {"vertices": [{"x": 277.0, "y": 583.0}, {"x": 339.0, "y": 583.0}, {"x": 339.0, "y": 595.0}, {"x": 277.0, "y": 594.0}]}, "description": "SGST (2.5%)"}, {"boundingPoly": {"vertices": [{"x": 346.0, "y": 583.0}, {"x": 380.0, "y": 584.0}, {"x": 380.0, "y": 594.0}, {"x": 346.0, "y": 593.0}]}, "description": "\u20b910.93"}, {"boundingPoly": {"vertices": [{"x": 280.0, "y": 617.0}, {"x": 336.0, "y": 617.0}, {"x": 336.0, "y": 627.0}, {"x": 280.0, "y": 627.0}]}, "description": "Grand Total"}, {"boundingPoly": {"vertices": [{"x": 345.0, "y": 617.0}, {"x": 379.0, "y": 617.0}, {"x": 379.0, "y": 627.0}, {"x": 345.0, "y": 626.0}]}, "description": "\u20b9459.0"}]}