{"textAnnotations": [{"boundingPoly": {"vertices": [{"x": 45.0, "y": 128.0}, {"x": 306.0, "y": 128.0}, {"x": 306.0, "y": 154.0}, {"x": 45.0, "y": 154.0}]}, "description": "merchant name"}, {"boundingPoly": {"vertices": [{"x": 309.0, "y": 124.0}, {"x": 368.0, "y": 124.0}, {"x": 368.0, "y": 148.0}, {"x": 309.0, "y": 148.0}]}, "description": "merchant name"}, {"boundingPoly": {"vertices": [{"x": 107.0, "y": 157.0}, {"x": 308.0, "y": 151.0}, {"x": 308.0, "y": 171.0}, {"x": 107.0, "y": 175.0}]}, "description": "www.wildflowerbread.com"}, {"boundingPoly": {"vertices": [{"x": 306.0, "y": 193.0}, {"x": 396.0, "y": 190.0}, {"x": 396.0, "y": 210.0}, {"x": 307.0, "y": 213.0}]}, "description": "11/13/2013"}, {"boundingPoly": {"vertices": [{"x": 326.0, "y": 213.0}, {"x": 398.0, "y": 213.0}, {"x": 398.0, "y": 234.0}, {"x": 326.0, "y": 234.0}]}, "description": " 12:47 PM"}, {"boundingPoly": {"vertices": [{"x": 28.0, "y": 195.0}, {"x": 95.0, "y": 195.0}, {"x": 95.0, "y": 214.0}, {"x": 28.0, "y": 214.0}]}, "description": " Server:"}, {"boundingPoly": {"vertices": [{"x": 26.0, "y": 214.0}, {"x": 103.0, "y": 214.0}, {"x": 103.0, "y": 233.0}, {"x": 26.0, "y": 233.0}]}, "description": "RR 354/1"}, {"boundingPoly": {"vertices": [{"x": 28.0, "y": 236.0}, {"x": 98.0, "y": 236.0}, {"x": 98.0, "y": 255.0}, {"x": 28.0, "y": 255.0}]}, "description": " Guests:"}, {"boundingPoly": {"vertices": [{"x": 98.0, "y": 195.0}, {"x": 173.0, "y": 195.0}, {"x": 173.0, "y": 217.0}, {"x": 98.0, "y": 217.0}]}, "description": " REG2 016"}, {"boundingPoly": {"vertices": [{"x": 101.0, "y": 236.0}, {"x": 113.0, "y": 236.0}, {"x": 113.0, "y": 255.0}, {"x": 101.0, "y": 255.0}]}, "description": " 1"}, {"boundingPoly": {"vertices": [{"x": 286.0, "y": 259.0}, {"x": 396.0, "y": 255.0}, {"x": 397.0, "y": 278.0}, {"x": 286.0, "y": 282.0}]}, "description": "#20353"}, {"boundingPoly": {"vertices": [{"x": 29.0, "y": 280.0}, {"x": 124.0, "y": 280.0}, {"x": 124.0, "y": 300.0}, {"x": 29.0, "y": 300.0}]}, "description": " Reprint #:"}, {"boundingPoly": {"vertices": [{"x": 31.0, "y": 301.0}, {"x": 137.0, "y": 301.0}, {"x": 137.0, "y": 321.0}, {"x": 31.0, "y": 321.0}]}, "description": " Orcer Type:"}, {"boundingPoly": {"vertices": [{"x": 128.0, "y": 281.0}, {"x": 140.0, "y": 281.0}, {"x": 140.0, "y": 300.0}, {"x": 128.0, "y": 300.0}]}, "description": " 2"}, {"boundingPoly": {"vertices": [{"x": 145.0, "y": 303.0}, {"x": 166.0, "y": 303.0}, {"x": 166.0, "y": 322.0}, {"x": 145.0, "y": 322.0}]}, "description": " TG"}, {"boundingPoly": {"vertices": [{"x": 31.0, "y": 344.0}, {"x": 80.0, "y": 344.0}, {"x": 80.0, "y": 363.0}, {"x": 31.0, "y": 363.0}]}, "description": " Naked"}, {"boundingPoly": {"vertices": [{"x": 31.0, "y": 365.0}, {"x": 79.0, "y": 366.0}, {"x": 79.0, "y": 383.0}, {"x": 31.0, "y": 383.0}]}, "description": "Chips"}, {"boundingPoly": {"vertices": [{"x": 31.0, "y": 386.0}, {"x": 158.0, "y": 386.0}, {"x": 158.0, "y": 406.0}, {"x": 31.0, "y": 405.0}]}, "description": "Chcc & Custard"}, {"boundingPoly": {"vertices": [{"x": 30.0, "y": 409.0}, {"x": 159.0, "y": 409.0}, {"x": 159.0, "y": 428.0}, {"x": 30.0, "y": 427.0}]}, "description": "Airport Bagels"}, {"boundingPoly": {"vertices": [{"x": 48.0, "y": 431.0}, {"x": 174.0, "y": 432.0}, {"x": 174.0, "y": 451.0}, {"x": 48.0, "y": 449.0}]}, "description": "Cinnamon Bagel"}, {"boundingPoly": {"vertices": [{"x": 67.0, "y": 453.0}, {"x": 177.0, "y": 454.0}, {"x": 177.0, "y": 472.0}, {"x": 67.0, "y": 472.0}]}, "description": "add plain co"}, {"boundingPoly": {"vertices": [{"x": 83.0, "y": 344.0}, {"x": 97.0, "y": 344.0}, {"x": 97.0, "y": 362.0}, {"x": 83.0, "y": 362.0}]}, "description": " -"}, {"boundingPoly": {"vertices": [{"x": 101.0, "y": 344.0}, {"x": 140.0, "y": 344.0}, {"x": 140.0, "y": 363.0}, {"x": 101.0, "y": 363.0}]}, "description": " Blue"}, {"boundingPoly": {"vertices": [{"x": 361.0, "y": 346.0}, {"x": 400.0, "y": 346.0}, {"x": 400.0, "y": 363.0}, {"x": 360.0, "y": 363.0}]}, "description": "4 ., 23"}, {"boundingPoly": {"vertices": [{"x": 363.0, "y": 368.0}, {"x": 399.0, "y": 367.0}, {"x": 400.0, "y": 384.0}, {"x": 363.0, "y": 385.0}]}, "description": "1.99"}, {"boundingPoly": {"vertices": [{"x": 362.0, "y": 390.0}, {"x": 400.0, "y": 388.0}, {"x": 400.0, "y": 406.0}, {"x": 362.0, "y": 408.0}]}, "description": "2.99"}, {"boundingPoly": {"vertices": [{"x": 362.0, "y": 411.0}, {"x": 399.0, "y": 410.0}, {"x": 400.0, "y": 428.0}, {"x": 362.0, "y": 429.0}]}, "description": "0.00"}, {"boundingPoly": {"vertices": [{"x": 364.0, "y": 434.0}, {"x": 400.0, "y": 433.0}, {"x": 400.0, "y": 451.0}, {"x": 365.0, "y": 451.0}]}, "description": "1.63"}, {"boundingPoly": {"vertices": [{"x": 363.0, "y": 456.0}, {"x": 402.0, "y": 455.0}, {"x": 403.0, "y": 473.0}, {"x": 364.0, "y": 474.0}]}, "description": "1.30"}, {"boundingPoly": {"vertices": [{"x": 32.0, "y": 495.0}, {"x": 105.0, "y": 496.0}, {"x": 105.0, "y": 514.0}, {"x": 32.0, "y": 513.0}]}, "description": "Subtotal"}, {"boundingPoly": {"vertices": [{"x": 33.0, "y": 520.0}, {"x": 60.0, "y": 520.0}, {"x": 60.0, "y": 535.0}, {"x": 33.0, "y": 535.0}]}, "description": "Tax"}, {"boundingPoly": {"vertices": [{"x": 355.0, "y": 495.0}, {"x": 401.0, "y": 496.0}, {"x": 401.0, "y": 518.0}, {"x": 354.0, "y": 517.0}]}, "description": "12.25"}, {"boundingPoly": {"vertices": [{"x": 363.0, "y": 519.0}, {"x": 401.0, "y": 520.0}, {"x": 400.0, "y": 538.0}, {"x": 363.0, "y": 539.0}]}, "description": "1.05"}, {"boundingPoly": {"vertices": [{"x": 30.0, "y": 562.0}, {"x": 76.0, "y": 562.0}, {"x": 76.0, "y": 580.0}, {"x": 31.0, "y": 580.0}]}, "description": "Total"}, {"boundingPoly": {"vertices": [{"x": 356.0, "y": 561.0}, {"x": 399.0, "y": 561.0}, {"x": 398.0, "y": 584.0}, {"x": 355.0, "y": 584.0}]}, "description": "13.31"}, {"boundingPoly": {"vertices": [{"x": 31.0, "y": 607.0}, {"x": 220.0, "y": 603.0}, {"x": 221.0, "y": 623.0}, {"x": 31.0, "y": 627.0}]}, "description": "AMEX #XXXXXXXXXXX5002"}, {"boundingPoly": {"vertices": [{"x": 47.0, "y": 629.0}, {"x": 151.0, "y": 629.0}, {"x": 151.0, "y": 650.0}, {"x": 47.0, "y": 650.0}]}, "description": " Auth:509493"}, {"boundingPoly": {"vertices": [{"x": 356.0, "y": 606.0}, {"x": 394.0, "y": 607.0}, {"x": 394.0, "y": 630.0}, {"x": 356.0, "y": 629.0}]}, "description": "13.3"}, {"boundingPoly": {"vertices": [{"x": 72.0, "y": 780.0}, {"x": 351.0, "y": 781.0}, {"x": 351.0, "y": 810.0}, {"x": 72.0, "y": 808.0}]}, "description": "Operated by TLB Hospitality LLC"}, {"boundingPoly": {"vertices": [{"x": 71.0, "y": 827.0}, {"x": 361.0, "y": 828.0}, {"x": 361.0, "y": 857.0}, {"x": 71.0, "y": 855.0}]}, "description": "guestservice@wildflowerbread.com"}, {"boundingPoly": {"vertices": [{"x": 71.0, "y": 875.0}, {"x": 217.0, "y": 875.0}, {"x": 217.0, "y": 896.0}, {"x": 71.0, "y": 896.0}]}, "description": " General Manager:"}, {"boundingPoly": {"vertices": [{"x": 161.0, "y": 895.0}, {"x": 271.0, "y": 898.0}, {"x": 270.0, "y": 919.0}, {"x": 160.0, "y": 915.0}]}, "description": "merchant phone"}, {"boundingPoly": {"vertices": [{"x": 117.0, "y": 803.0}, {"x": 305.0, "y": 803.0}, {"x": 305.0, "y": 833.0}, {"x": 117.0, "y": 833.0}]}, "description": " Feedback welcome via:"}, {"boundingPoly": {"vertices": [{"x": 72.0, "y": 851.0}, {"x": 349.0, "y": 852.0}, {"x": 349.0, "y": 877.0}, {"x": 72.0, "y": 875.0}]}, "description": "www.wildflowerbread.com/contact"}, {"boundingPoly": {"vertices": [{"x": 221.0, "y": 875.0}, {"x": 344.0, "y": 875.0}, {"x": 344.0, "y": 896.0}, {"x": 221.0, "y": 896.0}]}, "description": " Sal DiGiovanni"}, {"boundingPoly": {"vertices": [{"x": 159.0, "y": 940.0}, {"x": 271.0, "y": 943.0}, {"x": 271.0, "y": 963.0}, {"x": 158.0, "y": 960.0}]}, "description": "Check Closed"}]}