{"textAnnotations": [{"boundingPoly": {"vertices": [{"x": 127.0, "y": 45.0}, {"x": 205.0, "y": 62.0}, {"x": 199.0, "y": 93.0}, {"x": 122.0, "y": 77.0}]}, "description": "VEG"}, {"boundingPoly": {"vertices": [{"x": 157.0, "y": 94.0}, {"x": 263.0, "y": 94.0}, {"x": 263.0, "y": 112.0}, {"x": 157.0, "y": 112.0}]}, "description": "Order online"}, {"boundingPoly": {"vertices": [{"x": 144.0, "y": 116.0}, {"x": 277.0, "y": 116.0}, {"x": 277.0, "y": 133.0}, {"x": 144.0, "y": 133.0}]}, "description": "merchant name"}, {"boundingPoly": {"vertices": [{"x": 22.0, "y": 74.0}, {"x": 34.0, "y": 74.0}, {"x": 34.0, "y": 92.0}, {"x": 22.0, "y": 92.0}]}, "description": " r"}, {"boundingPoly": {"vertices": [{"x": 37.0, "y": 74.0}, {"x": 143.0, "y": 74.0}, {"x": 143.0, "y": 93.0}, {"x": 37.0, "y": 93.0}]}, "description": " blazing 1de"}, {"boundingPoly": {"vertices": [{"x": 230.0, "y": 74.0}, {"x": 242.0, "y": 74.0}, {"x": 242.0, "y": 92.0}, {"x": 230.0, "y": 92.0}]}, "description": " 3"}, {"boundingPoly": {"vertices": [{"x": 245.0, "y": 74.0}, {"x": 415.0, "y": 74.0}, {"x": 415.0, "y": 92.0}, {"x": 245.0, "y": 92.0}]}, "description": " & Loya ..__ Donvito"}, {"boundingPoly": {"vertices": [{"x": 20.0, "y": 159.0}, {"x": 65.0, "y": 159.0}, {"x": 65.0, "y": 176.0}, {"x": 20.0, "y": 176.0}]}, "description": " Order"}, {"boundingPoly": {"vertices": [{"x": 19.0, "y": 179.0}, {"x": 108.0, "y": 179.0}, {"x": 108.0, "y": 197.0}, {"x": 19.0, "y": 197.0}]}, "description": "Order Time"}, {"boundingPoly": {"vertices": [{"x": 21.0, "y": 202.0}, {"x": 57.0, "y": 202.0}, {"x": 56.0, "y": 218.0}, {"x": 21.0, "y": 217.0}]}, "description": "Name"}, {"boundingPoly": {"vertices": [{"x": 18.0, "y": 221.0}, {"x": 81.0, "y": 221.0}, {"x": 81.0, "y": 239.0}, {"x": 18.0, "y": 239.0}]}, "description": "Contact"}, {"boundingPoly": {"vertices": [{"x": 17.0, "y": 241.0}, {"x": 164.0, "y": 241.0}, {"x": 164.0, "y": 264.0}, {"x": 17.0, "y": 264.0}]}, "description": "Delivery Address"}, {"boundingPoly": {"vertices": [{"x": 69.0, "y": 160.0}, {"x": 89.0, "y": 160.0}, {"x": 89.0, "y": 176.0}, {"x": 69.0, "y": 176.0}]}, "description": " no"}, {"boundingPoly": {"vertices": [{"x": 174.0, "y": 157.0}, {"x": 315.0, "y": 157.0}, {"x": 315.0, "y": 174.0}, {"x": 174.0, "y": 175.0}]}, "description": "6483379141870423"}, {"boundingPoly": {"vertices": [{"x": 175.0, "y": 178.0}, {"x": 315.0, "y": 178.0}, {"x": 315.0, "y": 197.0}, {"x": 175.0, "y": 197.0}]}, "description": " 29/11/19 4:45 PM"}, {"boundingPoly": {"vertices": [{"x": 175.0, "y": 221.0}, {"x": 298.0, "y": 220.0}, {"x": 299.0, "y": 238.0}, {"x": 175.0, "y": 239.0}]}, "description": "+91-9871330598"}, {"boundingPoly": {"vertices": [{"x": 198.0, "y": 240.0}, {"x": 347.0, "y": 240.0}, {"x": 347.0, "y": 264.0}, {"x": 198.0, "y": 264.0}]}, "description": " floor building no"}, {"boundingPoly": {"vertices": [{"x": 173.0, "y": 241.0}, {"x": 193.0, "y": 241.0}, {"x": 193.0, "y": 264.0}, {"x": 173.0, "y": 264.0}]}, "description": " 11"}, {"boundingPoly": {"vertices": [{"x": 352.0, "y": 240.0}, {"x": 366.0, "y": 240.0}, {"x": 366.0, "y": 264.0}, {"x": 352.0, "y": 264.0}]}, "description": " 5"}, {"boundingPoly": {"vertices": [{"x": 371.0, "y": 239.0}, {"x": 419.0, "y": 239.0}, {"x": 419.0, "y": 264.0}, {"x": 371.0, "y": 264.0}]}, "description": " tower"}, {"boundingPoly": {"vertices": [{"x": 173.0, "y": 285.0}, {"x": 193.0, "y": 285.0}, {"x": 193.0, "y": 305.0}, {"x": 173.0, "y": 305.0}]}, "description": " C,"}, {"boundingPoly": {"vertices": [{"x": 197.0, "y": 284.0}, {"x": 332.0, "y": 284.0}, {"x": 332.0, "y": 305.0}, {"x": 197.0, "y": 305.0}]}, "description": " DLF Cyber City,"}, {"boundingPoly": {"vertices": [{"x": 336.0, "y": 284.0}, {"x": 367.0, "y": 284.0}, {"x": 367.0, "y": 305.0}, {"x": 336.0, "y": 305.0}]}, "description": " DLF"}, {"boundingPoly": {"vertices": [{"x": 371.0, "y": 284.0}, {"x": 419.0, "y": 284.0}, {"x": 419.0, "y": 305.0}, {"x": 371.0, "y": 305.0}]}, "description": " Phase"}, {"boundingPoly": {"vertices": [{"x": 175.0, "y": 327.0}, {"x": 195.0, "y": 327.0}, {"x": 195.0, "y": 348.0}, {"x": 175.0, "y": 348.0}]}, "description": " 2,"}, {"boundingPoly": {"vertices": [{"x": 175.0, "y": 349.0}, {"x": 273.0, "y": 349.0}, {"x": 273.0, "y": 369.0}, {"x": 175.0, "y": 369.0}]}, "description": " Cyber City,"}, {"boundingPoly": {"vertices": [{"x": 176.0, "y": 371.0}, {"x": 231.0, "y": 371.0}, {"x": 231.0, "y": 390.0}, {"x": 176.0, "y": 390.0}]}, "description": " Sector"}, {"boundingPoly": {"vertices": [{"x": 175.0, "y": 392.0}, {"x": 231.0, "y": 392.0}, {"x": 231.0, "y": 410.0}, {"x": 175.0, "y": 410.0}]}, "description": "ZOMATO"}, {"boundingPoly": {"vertices": [{"x": 199.0, "y": 411.0}, {"x": 291.0, "y": 411.0}, {"x": 291.0, "y": 434.0}, {"x": 199.0, "y": 435.0}]}, "description": "2038042143"}, {"boundingPoly": {"vertices": [{"x": 198.0, "y": 326.0}, {"x": 403.0, "y": 326.0}, {"x": 403.0, "y": 348.0}, {"x": 198.0, "y": 348.0}]}, "description": " Sector 24, Gurugram,DLF"}, {"boundingPoly": {"vertices": [{"x": 276.0, "y": 349.0}, {"x": 386.0, "y": 349.0}, {"x": 386.0, "y": 368.0}, {"x": 276.0, "y": 368.0}]}, "description": " DLF Phase 2,"}, {"boundingPoly": {"vertices": [{"x": 269.0, "y": 371.0}, {"x": 344.0, "y": 371.0}, {"x": 344.0, "y": 391.0}, {"x": 269.0, "y": 391.0}]}, "description": " Gurugram,"}, {"boundingPoly": {"vertices": [{"x": 235.0, "y": 371.0}, {"x": 266.0, "y": 371.0}, {"x": 266.0, "y": 391.0}, {"x": 235.0, "y": 391.0}]}, "description": " 24,"}, {"boundingPoly": {"vertices": [{"x": 347.0, "y": 371.0}, {"x": 411.0, "y": 371.0}, {"x": 411.0, "y": 390.0}, {"x": 347.0, "y": 390.0}]}, "description": " Gurgaon"}, {"boundingPoly": {"vertices": [{"x": 18.0, "y": 393.0}, {"x": 153.0, "y": 393.0}, {"x": 153.0, "y": 411.0}, {"x": 18.0, "y": 411.0}]}, "description": "Channel Partner"}, {"boundingPoly": {"vertices": [{"x": 16.0, "y": 412.0}, {"x": 188.0, "y": 412.0}, {"x": 188.0, "y": 435.0}, {"x": 17.0, "y": 435.0}]}, "description": "Channel Partner ID"}, {"boundingPoly": {"vertices": [{"x": 21.0, "y": 459.0}, {"x": 58.0, "y": 459.0}, {"x": 58.0, "y": 476.0}, {"x": 21.0, "y": 475.0}]}, "description": "Item"}, {"boundingPoly": {"vertices": [{"x": 20.0, "y": 480.0}, {"x": 92.0, "y": 479.0}, {"x": 93.0, "y": 496.0}, {"x": 20.0, "y": 497.0}]}, "description": "00009963"}, {"boundingPoly": {"vertices": [{"x": 20.0, "y": 501.0}, {"x": 144.0, "y": 500.0}, {"x": 145.0, "y": 518.0}, {"x": 20.0, "y": 519.0}]}, "description": "Desi Chai Badi"}, {"boundingPoly": {"vertices": [{"x": 28.0, "y": 523.0}, {"x": 75.0, "y": 522.0}, {"x": 74.0, "y": 539.0}, {"x": 29.0, "y": 539.0}]}, "description": "Ketli"}, {"boundingPoly": {"vertices": [{"x": 20.0, "y": 545.0}, {"x": 32.0, "y": 546.0}, {"x": 31.0, "y": 560.0}, {"x": 20.0, "y": 559.0}]}, "description": "A"}, {"boundingPoly": {"vertices": [{"x": 21.0, "y": 565.0}, {"x": 92.0, "y": 564.0}, {"x": 92.0, "y": 581.0}, {"x": 21.0, "y": 582.0}]}, "description": "00009963"}, {"boundingPoly": {"vertices": [{"x": 21.0, "y": 586.0}, {"x": 176.0, "y": 585.0}, {"x": 176.0, "y": 605.0}, {"x": 21.0, "y": 606.0}]}, "description": "Packaging Charges"}, {"boundingPoly": {"vertices": [{"x": 176.0, "y": 455.0}, {"x": 208.0, "y": 455.0}, {"x": 206.0, "y": 478.0}, {"x": 175.0, "y": 478.0}]}, "description": "Qty"}, {"boundingPoly": {"vertices": [{"x": 225.0, "y": 454.0}, {"x": 276.0, "y": 454.0}, {"x": 276.0, "y": 477.0}, {"x": 224.0, "y": 477.0}]}, "description": "Price"}, {"boundingPoly": {"vertices": [{"x": 290.0, "y": 457.0}, {"x": 351.0, "y": 457.0}, {"x": 351.0, "y": 474.0}, {"x": 290.0, "y": 475.0}]}, "description": "Amount"}, {"boundingPoly": {"vertices": [{"x": 194.0, "y": 500.0}, {"x": 211.0, "y": 500.0}, {"x": 211.0, "y": 519.0}, {"x": 194.0, "y": 519.0}]}, "description": " 2"}, {"boundingPoly": {"vertices": [{"x": 226.0, "y": 499.0}, {"x": 286.0, "y": 499.0}, {"x": 286.0, "y": 518.0}, {"x": 226.0, "y": 518.0}]}, "description": " 371.43"}, {"boundingPoly": {"vertices": [{"x": 315.0, "y": 498.0}, {"x": 369.0, "y": 497.0}, {"x": 369.0, "y": 517.0}, {"x": 315.0, "y": 517.0}]}, "description": "742.86"}, {"boundingPoly": {"vertices": [{"x": 195.0, "y": 585.0}, {"x": 213.0, "y": 585.0}, {"x": 213.0, "y": 603.0}, {"x": 195.0, "y": 603.0}]}, "description": " 1"}, {"boundingPoly": {"vertices": [{"x": 228.0, "y": 584.0}, {"x": 275.0, "y": 584.0}, {"x": 275.0, "y": 603.0}, {"x": 228.0, "y": 603.0}]}, "description": " 74.29"}, {"boundingPoly": {"vertices": [{"x": 313.0, "y": 583.0}, {"x": 361.0, "y": 583.0}, {"x": 360.0, "y": 602.0}, {"x": 314.0, "y": 601.0}]}, "description": "74.29"}, {"boundingPoly": {"vertices": [{"x": 21.0, "y": 629.0}, {"x": 65.0, "y": 628.0}, {"x": 64.0, "y": 646.0}, {"x": 22.0, "y": 646.0}]}, "description": "Total"}, {"boundingPoly": {"vertices": [{"x": 22.0, "y": 650.0}, {"x": 182.0, "y": 648.0}, {"x": 182.0, "y": 667.0}, {"x": 22.0, "y": 669.0}]}, "description": "SGST/UTGST @ 2.50%"}, {"boundingPoly": {"vertices": [{"x": 63.0, "y": 670.0}, {"x": 129.0, "y": 670.0}, {"x": 129.0, "y": 689.0}, {"x": 63.0, "y": 689.0}]}, "description": " @ 2.50%"}, {"boundingPoly": {"vertices": [{"x": 22.0, "y": 693.0}, {"x": 102.0, "y": 691.0}, {"x": 102.0, "y": 710.0}, {"x": 22.0, "y": 711.0}]}, "description": "Round Off"}, {"boundingPoly": {"vertices": [{"x": 22.0, "y": 713.0}, {"x": 110.0, "y": 713.0}, {"x": 110.0, "y": 730.0}, {"x": 22.0, "y": 731.0}]}, "description": "Bill Total"}, {"boundingPoly": {"vertices": [{"x": 22.0, "y": 734.0}, {"x": 354.0, "y": 732.0}, {"x": 354.0, "y": 752.0}, {"x": 22.0, "y": 754.0}]}, "description": "Rs. eight hundred and fifty eight only"}, {"boundingPoly": {"vertices": [{"x": 314.0, "y": 626.0}, {"x": 369.0, "y": 626.0}, {"x": 369.0, "y": 644.0}, {"x": 314.0, "y": 644.0}]}, "description": "817.15"}, {"boundingPoly": {"vertices": [{"x": 314.0, "y": 648.0}, {"x": 361.0, "y": 648.0}, {"x": 361.0, "y": 666.0}, {"x": 314.0, "y": 665.0}]}, "description": "20.43"}, {"boundingPoly": {"vertices": [{"x": 315.0, "y": 670.0}, {"x": 362.0, "y": 669.0}, {"x": 362.0, "y": 686.0}, {"x": 315.0, "y": 687.0}]}, "description": "20.43"}, {"boundingPoly": {"vertices": [{"x": 320.0, "y": 690.0}, {"x": 361.0, "y": 690.0}, {"x": 361.0, "y": 707.0}, {"x": 321.0, "y": 709.0}]}, "description": "-0.01"}, {"boundingPoly": {"vertices": [{"x": 316.0, "y": 712.0}, {"x": 371.0, "y": 711.0}, {"x": 371.0, "y": 728.0}, {"x": 316.0, "y": 729.0}]}, "description": "858.00"}, {"boundingPoly": {"vertices": [{"x": 23.0, "y": 671.0}, {"x": 60.0, "y": 671.0}, {"x": 60.0, "y": 689.0}, {"x": 23.0, "y": 689.0}]}, "description": " CGST"}, {"boundingPoly": {"vertices": [{"x": 22.0, "y": 777.0}, {"x": 77.0, "y": 777.0}, {"x": 77.0, "y": 795.0}, {"x": 22.0, "y": 796.0}]}, "description": "Credit"}, {"boundingPoly": {"vertices": [{"x": 316.0, "y": 775.0}, {"x": 345.0, "y": 775.0}, {"x": 345.0, "y": 792.0}, {"x": 317.0, "y": 792.0}]}, "description": "858"}, {"boundingPoly": {"vertices": [{"x": 22.0, "y": 821.0}, {"x": 52.0, "y": 820.0}, {"x": 52.0, "y": 836.0}, {"x": 23.0, "y": 837.0}]}, "description": "CIN"}, {"boundingPoly": {"vertices": [{"x": 24.0, "y": 842.0}, {"x": 69.0, "y": 842.0}, {"x": 69.0, "y": 858.0}, {"x": 24.0, "y": 859.0}]}, "description": "GSTIN"}, {"boundingPoly": {"vertices": [{"x": 22.0, "y": 863.0}, {"x": 312.0, "y": 859.0}, {"x": 312.0, "y": 879.0}, {"x": 22.0, "y": 882.0}]}, "description": "merchant address"}, {"boundingPoly": {"vertices": [{"x": 83.0, "y": 883.0}, {"x": 277.0, "y": 883.0}, {"x": 277.0, "y": 903.0}, {"x": 83.0, "y": 903.0}]}, "description": "merchant address"}, {"boundingPoly": {"vertices": [{"x": 23.0, "y": 906.0}, {"x": 131.0, "y": 905.0}, {"x": 131.0, "y": 924.0}, {"x": 23.0, "y": 925.0}]}, "description": "merchant address"}, {"boundingPoly": {"vertices": [{"x": 169.0, "y": 818.0}, {"x": 422.0, "y": 815.0}, {"x": 423.0, "y": 834.0}, {"x": 169.0, "y": 837.0}]}, "description": "ADIOU55204DL2012PTC304447"}, {"boundingPoly": {"vertices": [{"x": 290.0, "y": 839.0}, {"x": 424.0, "y": 838.0}, {"x": 425.0, "y": 856.0}, {"x": 290.0, "y": 857.0}]}, "description": "06AARCS3853M1ZN"}, {"boundingPoly": {"vertices": [{"x": 23.0, "y": 885.0}, {"x": 53.0, "y": 885.0}, {"x": 53.0, "y": 903.0}, {"x": 23.0, "y": 903.0}]}, "description": "merchant address"}, {"boundingPoly": {"vertices": [{"x": 56.0, "y": 885.0}, {"x": 81.0, "y": 885.0}, {"x": 81.0, "y": 903.0}, {"x": 56.0, "y": 903.0}]}, "description": "merchant address"}, {"boundingPoly": {"vertices": [{"x": 24.0, "y": 950.0}, {"x": 198.0, "y": 947.0}, {"x": 198.0, "y": 966.0}, {"x": 24.0, "y": 969.0}]}, "description": "#experimentsWithchai"}]}