{"textAnnotations": [{"boundingPoly": {"vertices": [{"x": 126.0, "y": 70.0}, {"x": 246.0, "y": 69.0}, {"x": 246.0, "y": 95.0}, {"x": 126.0, "y": 96.0}]}, "description": "merchant name"}, {"boundingPoly": {"vertices": [{"x": 82.0, "y": 108.0}, {"x": 138.0, "y": 108.0}, {"x": 138.0, "y": 125.0}, {"x": 82.0, "y": 125.0}]}, "description": "merchant address"}, {"boundingPoly": {"vertices": [{"x": 71.0, "y": 129.0}, {"x": 99.0, "y": 129.0}, {"x": 99.0, "y": 145.0}, {"x": 71.0, "y": 145.0}]}, "description": "merchant address"}, {"boundingPoly": {"vertices": [{"x": 98.0, "y": 148.0}, {"x": 178.0, "y": 147.0}, {"x": 178.0, "y": 162.0}, {"x": 98.0, "y": 163.0}]}, "description": "merchant phone"}, {"boundingPoly": {"vertices": [{"x": 167.0, "y": 166.0}, {"x": 200.0, "y": 166.0}, {"x": 200.0, "y": 181.0}, {"x": 167.0, "y": 181.0}]}, "description": " TAFEL"}, {"boundingPoly": {"vertices": [{"x": 141.0, "y": 108.0}, {"x": 186.0, "y": 108.0}, {"x": 186.0, "y": 125.0}, {"x": 141.0, "y": 125.0}]}, "description": "merchant address"}, {"boundingPoly": {"vertices": [{"x": 132.0, "y": 129.0}, {"x": 200.0, "y": 129.0}, {"x": 200.0, "y": 144.0}, {"x": 132.0, "y": 144.0}]}, "description": "merchant address"}, {"boundingPoly": {"vertices": [{"x": 102.0, "y": 129.0}, {"x": 126.0, "y": 129.0}, {"x": 126.0, "y": 144.0}, {"x": 102.0, "y": 144.0}]}, "description": "merchant address"}, {"boundingPoly": {"vertices": [{"x": 49.0, "y": 167.0}, {"x": 154.0, "y": 167.0}, {"x": 154.0, "y": 184.0}, {"x": 49.0, "y": 184.0}]}, "description": " 12-12-19 23:07"}, {"boundingPoly": {"vertices": [{"x": 202.0, "y": 166.0}, {"x": 217.0, "y": 166.0}, {"x": 217.0, "y": 181.0}, {"x": 202.0, "y": 181.0}]}, "description": " : 1"}, {"boundingPoly": {"vertices": [{"x": 20.0, "y": 207.0}, {"x": 44.0, "y": 207.0}, {"x": 44.0, "y": 222.0}, {"x": 20.0, "y": 222.0}]}, "description": " 15x"}, {"boundingPoly": {"vertices": [{"x": 29.0, "y": 225.0}, {"x": 44.0, "y": 225.0}, {"x": 44.0, "y": 240.0}, {"x": 29.0, "y": 240.0}]}, "description": " 9\u00d7"}, {"boundingPoly": {"vertices": [{"x": 28.0, "y": 244.0}, {"x": 46.0, "y": 244.0}, {"x": 46.0, "y": 258.0}, {"x": 28.0, "y": 258.0}]}, "description": " 9\u00d7"}, {"boundingPoly": {"vertices": [{"x": 29.0, "y": 262.0}, {"x": 45.0, "y": 262.0}, {"x": 45.0, "y": 276.0}, {"x": 29.0, "y": 276.0}]}, "description": " 1\u00d7"}, {"boundingPoly": {"vertices": [{"x": 28.0, "y": 280.0}, {"x": 47.0, "y": 280.0}, {"x": 47.0, "y": 293.0}, {"x": 28.0, "y": 293.0}]}, "description": " 5x"}, {"boundingPoly": {"vertices": [{"x": 28.0, "y": 298.0}, {"x": 78.0, "y": 297.0}, {"x": 78.0, "y": 310.0}, {"x": 28.0, "y": 311.0}]}, "description": "1x MALT"}, {"boundingPoly": {"vertices": [{"x": 29.0, "y": 315.0}, {"x": 78.0, "y": 314.0}, {"x": 78.0, "y": 328.0}, {"x": 29.0, "y": 328.0}]}, "description": "7\u00d7 COLA"}, {"boundingPoly": {"vertices": [{"x": 48.0, "y": 331.0}, {"x": 112.0, "y": 331.0}, {"x": 112.0, "y": 346.0}, {"x": 48.0, "y": 346.0}]}, "description": " COLA ZERO"}, {"boundingPoly": {"vertices": [{"x": 50.0, "y": 349.0}, {"x": 87.0, "y": 349.0}, {"x": 87.0, "y": 363.0}, {"x": 50.0, "y": 363.0}]}, "description": " TONIC"}, {"boundingPoly": {"vertices": [{"x": 50.0, "y": 366.0}, {"x": 98.0, "y": 366.0}, {"x": 98.0, "y": 380.0}, {"x": 50.0, "y": 380.0}]}, "description": " ICE TEA"}, {"boundingPoly": {"vertices": [{"x": 49.0, "y": 383.0}, {"x": 73.0, "y": 383.0}, {"x": 73.0, "y": 396.0}, {"x": 49.0, "y": 396.0}]}, "description": " RUM"}, {"boundingPoly": {"vertices": [{"x": 31.0, "y": 399.0}, {"x": 131.0, "y": 398.0}, {"x": 132.0, "y": 411.0}, {"x": 31.0, "y": 412.0}]}, "description": "4x LYCHEE LIQOR"}, {"boundingPoly": {"vertices": [{"x": 29.0, "y": 415.0}, {"x": 91.0, "y": 415.0}, {"x": 91.0, "y": 429.0}, {"x": 29.0, "y": 430.0}]}, "description": "3\u00d7 KOFFIE"}, {"boundingPoly": {"vertices": [{"x": 32.0, "y": 434.0}, {"x": 45.0, "y": 434.0}, {"x": 45.0, "y": 448.0}, {"x": 32.0, "y": 448.0}]}, "description": " 1\u00d7"}, {"boundingPoly": {"vertices": [{"x": 29.0, "y": 450.0}, {"x": 117.0, "y": 450.0}, {"x": 117.0, "y": 465.0}, {"x": 29.0, "y": 465.0}]}, "description": "7\u00d7 CAPPUCCINO"}, {"boundingPoly": {"vertices": [{"x": 29.0, "y": 469.0}, {"x": 46.0, "y": 469.0}, {"x": 46.0, "y": 483.0}, {"x": 29.0, "y": 483.0}]}, "description": " 1\u00d7"}, {"boundingPoly": {"vertices": [{"x": 28.0, "y": 487.0}, {"x": 46.0, "y": 487.0}, {"x": 46.0, "y": 501.0}, {"x": 28.0, "y": 501.0}]}, "description": " 1x"}, {"boundingPoly": {"vertices": [{"x": 28.0, "y": 505.0}, {"x": 44.0, "y": 505.0}, {"x": 44.0, "y": 518.0}, {"x": 28.0, "y": 518.0}]}, "description": " 1x"}, {"boundingPoly": {"vertices": [{"x": 28.0, "y": 522.0}, {"x": 43.0, "y": 522.0}, {"x": 43.0, "y": 536.0}, {"x": 28.0, "y": 536.0}]}, "description": " 7\u00d7"}, {"boundingPoly": {"vertices": [{"x": 46.0, "y": 205.0}, {"x": 188.0, "y": 205.0}, {"x": 188.0, "y": 222.0}, {"x": 46.0, "y": 222.0}]}, "description": " MICHELIN BIBGOURMAND"}, {"boundingPoly": {"vertices": [{"x": 47.0, "y": 225.0}, {"x": 78.0, "y": 225.0}, {"x": 78.0, "y": 240.0}, {"x": 47.0, "y": 240.0}]}, "description": " BIER"}, {"boundingPoly": {"vertices": [{"x": 49.0, "y": 243.0}, {"x": 93.0, "y": 243.0}, {"x": 93.0, "y": 258.0}, {"x": 49.0, "y": 258.0}]}, "description": " THAISE"}, {"boundingPoly": {"vertices": [{"x": 47.0, "y": 261.0}, {"x": 133.0, "y": 261.0}, {"x": 133.0, "y": 276.0}, {"x": 47.0, "y": 276.0}]}, "description": " CHINESE BIER"}, {"boundingPoly": {"vertices": [{"x": 50.0, "y": 279.0}, {"x": 100.0, "y": 279.0}, {"x": 100.0, "y": 293.0}, {"x": 50.0, "y": 293.0}]}, "description": " JAPANSE"}, {"boundingPoly": {"vertices": [{"x": 220.0, "y": 202.0}, {"x": 264.0, "y": 202.0}, {"x": 264.0, "y": 216.0}, {"x": 220.0, "y": 217.0}]}, "description": "525.00"}, {"boundingPoly": {"vertices": [{"x": 227.0, "y": 221.0}, {"x": 264.0, "y": 221.0}, {"x": 264.0, "y": 235.0}, {"x": 227.0, "y": 235.0}]}, "description": "26.10"}, {"boundingPoly": {"vertices": [{"x": 227.0, "y": 240.0}, {"x": 263.0, "y": 239.0}, {"x": 262.0, "y": 252.0}, {"x": 227.0, "y": 253.0}]}, "description": "39.60"}, {"boundingPoly": {"vertices": [{"x": 234.0, "y": 258.0}, {"x": 262.0, "y": 258.0}, {"x": 262.0, "y": 271.0}, {"x": 233.0, "y": 271.0}]}, "description": "4.40"}, {"boundingPoly": {"vertices": [{"x": 226.0, "y": 276.0}, {"x": 261.0, "y": 275.0}, {"x": 261.0, "y": 289.0}, {"x": 226.0, "y": 290.0}]}, "description": "22.00"}, {"boundingPoly": {"vertices": [{"x": 232.0, "y": 294.0}, {"x": 262.0, "y": 293.0}, {"x": 261.0, "y": 306.0}, {"x": 232.0, "y": 307.0}]}, "description": "3.50"}, {"boundingPoly": {"vertices": [{"x": 225.0, "y": 311.0}, {"x": 261.0, "y": 311.0}, {"x": 261.0, "y": 325.0}, {"x": 224.0, "y": 325.0}]}, "description": "20.30"}, {"boundingPoly": {"vertices": [{"x": 225.0, "y": 329.0}, {"x": 260.0, "y": 329.0}, {"x": 260.0, "y": 343.0}, {"x": 225.0, "y": 343.0}]}, "description": "37.70"}, {"boundingPoly": {"vertices": [{"x": 231.0, "y": 347.0}, {"x": 260.0, "y": 347.0}, {"x": 260.0, "y": 359.0}, {"x": 231.0, "y": 360.0}]}, "description": "8.70"}, {"boundingPoly": {"vertices": [{"x": 230.0, "y": 364.0}, {"x": 260.0, "y": 364.0}, {"x": 260.0, "y": 377.0}, {"x": 231.0, "y": 378.0}]}, "description": "2.90"}, {"boundingPoly": {"vertices": [{"x": 225.0, "y": 382.0}, {"x": 259.0, "y": 381.0}, {"x": 260.0, "y": 395.0}, {"x": 226.0, "y": 395.0}]}, "description": "16.50"}, {"boundingPoly": {"vertices": [{"x": 223.0, "y": 398.0}, {"x": 260.0, "y": 398.0}, {"x": 260.0, "y": 412.0}, {"x": 223.0, "y": 412.0}]}, "description": "22.00"}, {"boundingPoly": {"vertices": [{"x": 230.0, "y": 416.0}, {"x": 259.0, "y": 416.0}, {"x": 259.0, "y": 430.0}, {"x": 231.0, "y": 430.0}]}, "description": "8.70"}, {"boundingPoly": {"vertices": [{"x": 230.0, "y": 434.0}, {"x": 260.0, "y": 434.0}, {"x": 259.0, "y": 448.0}, {"x": 230.0, "y": 448.0}]}, "description": "2.90"}, {"boundingPoly": {"vertices": [{"x": 223.0, "y": 452.0}, {"x": 260.0, "y": 452.0}, {"x": 259.0, "y": 465.0}, {"x": 223.0, "y": 467.0}]}, "description": "21.70"}, {"boundingPoly": {"vertices": [{"x": 230.0, "y": 470.0}, {"x": 260.0, "y": 470.0}, {"x": 259.0, "y": 484.0}, {"x": 230.0, "y": 484.0}]}, "description": "7.90"}, {"boundingPoly": {"vertices": [{"x": 230.0, "y": 488.0}, {"x": 260.0, "y": 488.0}, {"x": 260.0, "y": 502.0}, {"x": 230.0, "y": 502.0}]}, "description": "2.90"}, {"boundingPoly": {"vertices": [{"x": 230.0, "y": 506.0}, {"x": 261.0, "y": 506.0}, {"x": 260.0, "y": 520.0}, {"x": 230.0, "y": 519.0}]}, "description": "3.50"}, {"boundingPoly": {"vertices": [{"x": 225.0, "y": 523.0}, {"x": 261.0, "y": 525.0}, {"x": 260.0, "y": 538.0}, {"x": 224.0, "y": 537.0}]}, "description": "49.00"}, {"boundingPoly": {"vertices": [{"x": 95.0, "y": 242.0}, {"x": 126.0, "y": 242.0}, {"x": 126.0, "y": 257.0}, {"x": 95.0, "y": 257.0}]}, "description": " BIER"}, {"boundingPoly": {"vertices": [{"x": 102.0, "y": 279.0}, {"x": 134.0, "y": 279.0}, {"x": 134.0, "y": 292.0}, {"x": 102.0, "y": 292.0}]}, "description": " BIER"}, {"boundingPoly": {"vertices": [{"x": 24.0, "y": 332.0}, {"x": 46.0, "y": 332.0}, {"x": 46.0, "y": 346.0}, {"x": 24.0, "y": 346.0}]}, "description": " 13\u00d7"}, {"boundingPoly": {"vertices": [{"x": 30.0, "y": 350.0}, {"x": 47.0, "y": 350.0}, {"x": 47.0, "y": 363.0}, {"x": 30.0, "y": 363.0}]}, "description": " 3\u00d7"}, {"boundingPoly": {"vertices": [{"x": 31.0, "y": 367.0}, {"x": 47.0, "y": 367.0}, {"x": 47.0, "y": 380.0}, {"x": 31.0, "y": 380.0}]}, "description": " 1\u00d7"}, {"boundingPoly": {"vertices": [{"x": 30.0, "y": 383.0}, {"x": 46.0, "y": 383.0}, {"x": 46.0, "y": 396.0}, {"x": 30.0, "y": 396.0}]}, "description": " 3x"}, {"boundingPoly": {"vertices": [{"x": 47.0, "y": 434.0}, {"x": 104.0, "y": 434.0}, {"x": 104.0, "y": 448.0}, {"x": 47.0, "y": 448.0}]}, "description": " ESPRESSO"}, {"boundingPoly": {"vertices": [{"x": 49.0, "y": 469.0}, {"x": 131.0, "y": 469.0}, {"x": 131.0, "y": 483.0}, {"x": 49.0, "y": 483.0}]}, "description": " IRISH COFFEE"}, {"boundingPoly": {"vertices": [{"x": 48.0, "y": 486.0}, {"x": 76.0, "y": 486.0}, {"x": 76.0, "y": 500.0}, {"x": 48.0, "y": 500.0}]}, "description": " THEE"}, {"boundingPoly": {"vertices": [{"x": 46.0, "y": 504.0}, {"x": 92.0, "y": 504.0}, {"x": 92.0, "y": 519.0}, {"x": 46.0, "y": 519.0}]}, "description": " GROENE"}, {"boundingPoly": {"vertices": [{"x": 45.0, "y": 522.0}, {"x": 97.0, "y": 522.0}, {"x": 97.0, "y": 537.0}, {"x": 45.0, "y": 537.0}]}, "description": " MINERAL"}, {"boundingPoly": {"vertices": [{"x": 95.0, "y": 504.0}, {"x": 178.0, "y": 504.0}, {"x": 178.0, "y": 519.0}, {"x": 95.0, "y": 519.0}]}, "description": " THEE PER POT"}, {"boundingPoly": {"vertices": [{"x": 99.0, "y": 522.0}, {"x": 185.0, "y": 522.0}, {"x": 185.0, "y": 537.0}, {"x": 99.0, "y": 537.0}]}, "description": " WATER BOTTLE"}, {"boundingPoly": {"vertices": [{"x": 176.0, "y": 559.0}, {"x": 262.0, "y": 560.0}, {"x": 262.0, "y": 587.0}, {"x": 176.0, "y": 586.0}]}, "description": "825.30"}, {"boundingPoly": {"vertices": [{"x": 243.0, "y": 662.0}, {"x": 243.0, "y": 648.0}, {"x": 254.0, "y": 648.0}, {"x": 253.0, "y": 663.0}]}, "description": "31"}, {"boundingPoly": {"vertices": [{"x": 244.0, "y": 669.0}, {"x": 256.0, "y": 669.0}, {"x": 256.0, "y": 732.0}, {"x": 244.0, "y": 732.0}]}, "description": " Auth. code:"}, {"boundingPoly": {"vertices": [{"x": 244.0, "y": 746.0}, {"x": 258.0, "y": 746.0}, {"x": 258.0, "y": 836.0}, {"x": 244.0, "y": 836.0}]}, "description": " 12/12/2019 23:10"}, {"boundingPoly": {"vertices": [{"x": 154.0, "y": 670.0}, {"x": 166.0, "y": 670.0}, {"x": 166.0, "y": 729.0}, {"x": 154.0, "y": 729.0}]}, "description": " Transactie:"}, {"boundingPoly": {"vertices": [{"x": 156.0, "y": 765.0}, {"x": 167.0, "y": 765.0}, {"x": 167.0, "y": 787.0}, {"x": 156.0, "y": 787.0}]}, "description": " 9346"}, {"boundingPoly": {"vertices": [{"x": 156.0, "y": 789.0}, {"x": 168.0, "y": 789.0}, {"x": 168.0, "y": 836.0}, {"x": 156.0, "y": 836.0}]}, "description": " Periode:"}, {"boundingPoly": {"vertices": [{"x": 153.0, "y": 624.0}, {"x": 165.0, "y": 624.0}, {"x": 165.0, "y": 668.0}, {"x": 153.0, "y": 668.0}]}, "description": " 00026109"}, {"boundingPoly": {"vertices": [{"x": 296.0, "y": 733.0}, {"x": 295.0, "y": 624.0}, {"x": 315.0, "y": 624.0}, {"x": 316.0, "y": 733.0}]}, "description": "900,00 EUR"}, {"boundingPoly": {"vertices": [{"x": 297.0, "y": 756.0}, {"x": 319.0, "y": 756.0}, {"x": 319.0, "y": 839.0}, {"x": 297.0, "y": 839.0}]}, "description": " Totaal:"}, {"boundingPoly": {"vertices": [{"x": 92.0, "y": 759.0}, {"x": 92.0, "y": 701.0}, {"x": 103.0, "y": 701.0}, {"x": 103.0, "y": 759.0}]}, "description": "merchant address"}, {"boundingPoly": {"vertices": [{"x": 118.0, "y": 765.0}, {"x": 117.0, "y": 696.0}, {"x": 126.0, "y": 696.0}, {"x": 128.0, "y": 764.0}]}, "description": "merchant phone"}, {"boundingPoly": {"vertices": [{"x": 105.0, "y": 776.0}, {"x": 104.0, "y": 685.0}, {"x": 114.0, "y": 684.0}, {"x": 116.0, "y": 776.0}]}, "description": "merchant address"}, {"boundingPoly": {"vertices": [{"x": 337.0, "y": 775.0}, {"x": 336.0, "y": 699.0}, {"x": 355.0, "y": 699.0}, {"x": 355.0, "y": 774.0}]}, "description": "AKKOORD"}, {"boundingPoly": {"vertices": [{"x": 68.0, "y": 788.0}, {"x": 67.0, "y": 669.0}, {"x": 86.0, "y": 669.0}, {"x": 87.0, "y": 788.0}]}, "description": "merchant name"}, {"boundingPoly": {"vertices": [{"x": 42.0, "y": 826.0}, {"x": 39.0, "y": 647.0}, {"x": 53.0, "y": 647.0}, {"x": 56.0, "y": 826.0}]}, "description": "Kopie Kaarthouder"}, {"boundingPoly": {"vertices": [{"x": 143.0, "y": 785.0}, {"x": 155.0, "y": 785.0}, {"x": 155.0, "y": 835.0}, {"x": 143.0, "y": 835.0}]}, "description": " Terminal:"}, {"boundingPoly": {"vertices": [{"x": 141.0, "y": 680.0}, {"x": 154.0, "y": 680.0}, {"x": 154.0, "y": 782.0}, {"x": 141.0, "y": 782.0}]}, "description": " CT109972 Merchant:"}, {"boundingPoly": {"vertices": [{"x": 140.0, "y": 625.0}, {"x": 153.0, "y": 625.0}, {"x": 153.0, "y": 678.0}, {"x": 140.0, "y": 678.0}]}, "description": " 9534002365"}, {"boundingPoly": {"vertices": [{"x": 169.0, "y": 836.0}, {"x": 166.0, "y": 650.0}, {"x": 177.0, "y": 650.0}, {"x": 180.0, "y": 835.0}]}, "description": "AMERICAN EXPRESS (A000000025010801)"}, {"boundingPoly": {"vertices": [{"x": 183.0, "y": 800.0}, {"x": 194.0, "y": 800.0}, {"x": 194.0, "y": 836.0}, {"x": 183.0, "y": 836.0}]}, "description": " Kaart:"}, {"boundingPoly": {"vertices": [{"x": 180.0, "y": 718.0}, {"x": 193.0, "y": 718.0}, {"x": 193.0, "y": 798.0}, {"x": 180.0, "y": 798.0}]}, "description": " xxxxxxxxxxx1004"}, {"boundingPoly": {"vertices": [{"x": 195.0, "y": 790.0}, {"x": 207.0, "y": 790.0}, {"x": 207.0, "y": 836.0}, {"x": 195.0, "y": 836.0}]}, "description": " Kaartnr:"}, {"boundingPoly": {"vertices": [{"x": 194.0, "y": 776.0}, {"x": 205.0, "y": 776.0}, {"x": 205.0, "y": 787.0}, {"x": 194.0, "y": 787.0}]}, "description": " 00"}, {"boundingPoly": {"vertices": [{"x": 221.0, "y": 836.0}, {"x": 220.0, "y": 748.0}, {"x": 237.0, "y": 748.0}, {"x": 239.0, "y": 836.0}]}, "description": "BETALING"}, {"boundingPoly": {"vertices": [{"x": 272.0, "y": 837.0}, {"x": 270.0, "y": 688.0}, {"x": 281.0, "y": 688.0}, {"x": 283.0, "y": 837.0}]}, "description": "Visit www.americanexpress.nl"}]}