{"textAnnotations": [{"boundingPoly": {"vertices": [{"x": 74.0, "y": 251.0}, {"x": 288.0, "y": 250.0}, {"x": 288.0, "y": 274.0}, {"x": 74.0, "y": 275.0}]}, "description": "merchant name"}, {"boundingPoly": {"vertices": [{"x": 238.0, "y": 276.0}, {"x": 356.0, "y": 276.0}, {"x": 356.0, "y": 293.0}, {"x": 238.0, "y": 293.0}]}, "description": " 15/10/2019 11:07"}, {"boundingPoly": {"vertices": [{"x": 302.0, "y": 295.0}, {"x": 355.0, "y": 295.0}, {"x": 355.0, "y": 309.0}, {"x": 302.0, "y": 308.0}]}, "description": "316144"}, {"boundingPoly": {"vertices": [{"x": 315.0, "y": 315.0}, {"x": 354.0, "y": 315.0}, {"x": 354.0, "y": 328.0}, {"x": 315.0, "y": 328.0}]}, "description": "Price"}, {"boundingPoly": {"vertices": [{"x": 322.0, "y": 332.0}, {"x": 352.0, "y": 333.0}, {"x": 352.0, "y": 346.0}, {"x": 322.0, "y": 346.0}]}, "description": "3 50"}, {"boundingPoly": {"vertices": [{"x": 323.0, "y": 351.0}, {"x": 354.0, "y": 352.0}, {"x": 353.0, "y": 366.0}, {"x": 323.0, "y": 365.0}]}, "description": "4.50"}, {"boundingPoly": {"vertices": [{"x": 295.0, "y": 372.0}, {"x": 352.0, "y": 372.0}, {"x": 352.0, "y": 390.0}, {"x": 295.0, "y": 391.0}]}, "description": "$ 8.00"}, {"boundingPoly": {"vertices": [{"x": 15.0, "y": 277.0}, {"x": 30.0, "y": 277.0}, {"x": 30.0, "y": 289.0}, {"x": 15.0, "y": 289.0}]}, "description": "60"}, {"boundingPoly": {"vertices": [{"x": 15.0, "y": 314.0}, {"x": 27.0, "y": 314.0}, {"x": 27.0, "y": 327.0}, {"x": 15.0, "y": 327.0}]}, "description": " #"}, {"boundingPoly": {"vertices": [{"x": 16.0, "y": 332.0}, {"x": 27.0, "y": 333.0}, {"x": 27.0, "y": 344.0}, {"x": 15.0, "y": 343.0}]}, "description": "1"}, {"boundingPoly": {"vertices": [{"x": 17.0, "y": 351.0}, {"x": 31.0, "y": 351.0}, {"x": 31.0, "y": 365.0}, {"x": 17.0, "y": 365.0}]}, "description": " 1"}, {"boundingPoly": {"vertices": [{"x": 16.0, "y": 371.0}, {"x": 60.0, "y": 371.0}, {"x": 59.0, "y": 388.0}, {"x": 15.0, "y": 388.0}]}, "description": "Total"}, {"boundingPoly": {"vertices": [{"x": 36.0, "y": 314.0}, {"x": 65.0, "y": 314.0}, {"x": 65.0, "y": 328.0}, {"x": 36.0, "y": 328.0}]}, "description": " Item"}, {"boundingPoly": {"vertices": [{"x": 37.0, "y": 331.0}, {"x": 121.0, "y": 332.0}, {"x": 121.0, "y": 346.0}, {"x": 36.0, "y": 345.0}]}, "description": "Piccolo Latte"}, {"boundingPoly": {"vertices": [{"x": 36.0, "y": 351.0}, {"x": 130.0, "y": 351.0}, {"x": 130.0, "y": 366.0}, {"x": 36.0, "y": 366.0}]}, "description": " Lrg Flat White"}, {"boundingPoly": {"vertices": [{"x": 83.0, "y": 413.0}, {"x": 282.0, "y": 415.0}, {"x": 282.0, "y": 437.0}, {"x": 83.0, "y": 433.0}]}, "description": "No Split Bills - Sorry"}, {"boundingPoly": {"vertices": [{"x": 98.0, "y": 492.0}, {"x": 268.0, "y": 495.0}, {"x": 268.0, "y": 510.0}, {"x": 97.0, "y": 506.0}]}, "description": "events@wildsage.com.au"}, {"boundingPoly": {"vertices": [{"x": 137.0, "y": 509.0}, {"x": 228.0, "y": 511.0}, {"x": 227.0, "y": 526.0}, {"x": 137.0, "y": 524.0}]}, "description": "THANK YOU!"}, {"boundingPoly": {"vertices": [{"x": 128.0, "y": 544.0}, {"x": 238.0, "y": 546.0}, {"x": 238.0, "y": 561.0}, {"x": 127.0, "y": 559.0}]}, "description": "GST INCLUDED"}, {"boundingPoly": {"vertices": [{"x": 112.0, "y": 562.0}, {"x": 146.0, "y": 562.0}, {"x": 146.0, "y": 578.0}, {"x": 112.0, "y": 578.0}]}, "description": " ABN:"}, {"boundingPoly": {"vertices": [{"x": 148.0, "y": 563.0}, {"x": 255.0, "y": 563.0}, {"x": 255.0, "y": 581.0}, {"x": 148.0, "y": 581.0}]}, "description": " 93 616 745 156"}, {"boundingPoly": {"vertices": [{"x": 14.0, "y": 592.0}, {"x": 172.0, "y": 595.0}, {"x": 172.0, "y": 612.0}, {"x": 14.0, "y": 608.0}]}, "description": "merchant name"}, {"boundingPoly": {"vertices": [{"x": 14.0, "y": 611.0}, {"x": 238.0, "y": 615.0}, {"x": 237.0, "y": 631.0}, {"x": 14.0, "y": 626.0}]}, "description": "merchant address"}, {"boundingPoly": {"vertices": [{"x": 15.0, "y": 629.0}, {"x": 129.0, "y": 630.0}, {"x": 129.0, "y": 645.0}, {"x": 15.0, "y": 645.0}]}, "description": "merchant address"}, {"boundingPoly": {"vertices": [{"x": 16.0, "y": 646.0}, {"x": 125.0, "y": 647.0}, {"x": 125.0, "y": 663.0}, {"x": 16.0, "y": 662.0}]}, "description": "merchant phone"}, {"boundingPoly": {"vertices": [{"x": 15.0, "y": 666.0}, {"x": 159.0, "y": 667.0}, {"x": 159.0, "y": 682.0}, {"x": 15.0, "y": 680.0}]}, "description": "www.wildsage.com.au"}]}