{"textAnnotations": [{"boundingPoly": {"vertices": [{"x": 213.0, "y": 269.0}, {"x": 312.0, "y": 266.0}, {"x": 312.0, "y": 310.0}, {"x": 214.0, "y": 312.0}]}, "description": "merchant name"}, {"boundingPoly": {"vertices": [{"x": 233.0, "y": 312.0}, {"x": 300.0, "y": 310.0}, {"x": 300.0, "y": 322.0}, {"x": 233.0, "y": 324.0}]}, "description": "merchant name"}, {"boundingPoly": {"vertices": [{"x": 628.0, "y": 252.0}, {"x": 755.0, "y": 253.0}, {"x": 755.0, "y": 275.0}, {"x": 628.0, "y": 274.0}]}, "description": "merchant name"}, {"boundingPoly": {"vertices": [{"x": 583.0, "y": 276.0}, {"x": 754.0, "y": 276.0}, {"x": 753.0, "y": 318.0}, {"x": 583.0, "y": 317.0}]}, "description": "\u5bcc\u90a6\u94f6\u884c"}, {"boundingPoly": {"vertices": [{"x": 554.0, "y": 318.0}, {"x": 703.0, "y": 318.0}, {"x": 703.0, "y": 333.0}, {"x": 554.0, "y": 332.0}]}, "description": "merchant name"}, {"boundingPoly": {"vertices": [{"x": 552.0, "y": 337.0}, {"x": 702.0, "y": 338.0}, {"x": 702.0, "y": 352.0}, {"x": 551.0, "y": 351.0}]}, "description": "merchant address"}, {"boundingPoly": {"vertices": [{"x": 544.0, "y": 355.0}, {"x": 709.0, "y": 356.0}, {"x": 709.0, "y": 370.0}, {"x": 544.0, "y": 370.0}]}, "description": "merchant address"}, {"boundingPoly": {"vertices": [{"x": 172.0, "y": 351.0}, {"x": 249.0, "y": 351.0}, {"x": 249.0, "y": 372.0}, {"x": 172.0, "y": 372.0}]}, "description": " Location:"}, {"boundingPoly": {"vertices": [{"x": 253.0, "y": 351.0}, {"x": 334.0, "y": 351.0}, {"x": 334.0, "y": 370.0}, {"x": 253.0, "y": 370.0}]}, "description": "merchant address"}, {"boundingPoly": {"vertices": [{"x": 142.0, "y": 374.0}, {"x": 368.0, "y": 369.0}, {"x": 369.0, "y": 388.0}, {"x": 142.0, "y": 393.0}]}, "description": "merchant address"}, {"boundingPoly": {"vertices": [{"x": 206.0, "y": 391.0}, {"x": 309.0, "y": 391.0}, {"x": 309.0, "y": 406.0}, {"x": 206.0, "y": 406.0}]}, "description": "merchant address"}, {"boundingPoly": {"vertices": [{"x": 171.0, "y": 409.0}, {"x": 342.0, "y": 408.0}, {"x": 342.0, "y": 424.0}, {"x": 171.0, "y": 425.0}]}, "description": "merchant address"}, {"boundingPoly": {"vertices": [{"x": 86.0, "y": 427.0}, {"x": 207.0, "y": 427.0}, {"x": 207.0, "y": 444.0}, {"x": 86.0, "y": 444.0}]}, "description": "106 Matt Chung"}, {"boundingPoly": {"vertices": [{"x": 509.0, "y": 407.0}, {"x": 572.0, "y": 407.0}, {"x": 572.0, "y": 421.0}, {"x": 509.0, "y": 421.0}]}, "description": " \u65e5 \u671f DATE:"}, {"boundingPoly": {"vertices": [{"x": 505.0, "y": 424.0}, {"x": 585.0, "y": 424.0}, {"x": 585.0, "y": 438.0}, {"x": 505.0, "y": 438.0}]}, "description": "22/11/2019"}, {"boundingPoly": {"vertices": [{"x": 506.0, "y": 442.0}, {"x": 617.0, "y": 442.0}, {"x": 617.0, "y": 458.0}, {"x": 506.0, "y": 458.0}]}, "description": " ALEXSE BATCH NO:"}, {"boundingPoly": {"vertices": [{"x": 507.0, "y": 461.0}, {"x": 558.0, "y": 461.0}, {"x": 558.0, "y": 476.0}, {"x": 507.0, "y": 475.0}]}, "description": "000107"}, {"boundingPoly": {"vertices": [{"x": 509.0, "y": 480.0}, {"x": 578.0, "y": 480.0}, {"x": 578.0, "y": 496.0}, {"x": 509.0, "y": 496.0}]}, "description": " \u5546 \u6237 \u9009 MID:"}, {"boundingPoly": {"vertices": [{"x": 506.0, "y": 499.0}, {"x": 592.0, "y": 500.0}, {"x": 592.0, "y": 516.0}, {"x": 506.0, "y": 515.0}]}, "description": "9810277855"}, {"boundingPoly": {"vertices": [{"x": 661.0, "y": 409.0}, {"x": 721.0, "y": 409.0}, {"x": 721.0, "y": 424.0}, {"x": 661.0, "y": 424.0}]}, "description": " Em TIME:"}, {"boundingPoly": {"vertices": [{"x": 660.0, "y": 426.0}, {"x": 717.0, "y": 426.0}, {"x": 717.0, "y": 441.0}, {"x": 660.0, "y": 441.0}]}, "description": " 10:43:25"}, {"boundingPoly": {"vertices": [{"x": 663.0, "y": 444.0}, {"x": 752.0, "y": 444.0}, {"x": 752.0, "y": 460.0}, {"x": 663.0, "y": 460.0}]}, "description": " \u83e0 \u83dc \u6216 INV NO:"}, {"boundingPoly": {"vertices": [{"x": 660.0, "y": 463.0}, {"x": 713.0, "y": 464.0}, {"x": 713.0, "y": 478.0}, {"x": 660.0, "y": 477.0}]}, "description": "014069"}, {"boundingPoly": {"vertices": [{"x": 664.0, "y": 483.0}, {"x": 730.0, "y": 483.0}, {"x": 730.0, "y": 497.0}, {"x": 664.0, "y": 497.0}]}, "description": " \u7ec8 \u7aef \u865f TID:"}, {"boundingPoly": {"vertices": [{"x": 662.0, "y": 502.0}, {"x": 731.0, "y": 502.0}, {"x": 730.0, "y": 517.0}, {"x": 662.0, "y": 516.0}]}, "description": "31691608"}, {"boundingPoly": {"vertices": [{"x": 165.0, "y": 463.0}, {"x": 317.0, "y": 462.0}, {"x": 317.0, "y": 481.0}, {"x": 165.0, "y": 482.0}]}, "description": "CHK 27611"}, {"boundingPoly": {"vertices": [{"x": 181.0, "y": 505.0}, {"x": 303.0, "y": 504.0}, {"x": 303.0, "y": 523.0}, {"x": 181.0, "y": 524.0}]}, "description": "Dine In"}, {"boundingPoly": {"vertices": [{"x": 99.0, "y": 527.0}, {"x": 296.0, "y": 527.0}, {"x": 296.0, "y": 548.0}, {"x": 99.0, "y": 548.0}]}, "description": " Reg Classic Cappuccino"}, {"boundingPoly": {"vertices": [{"x": 85.0, "y": 528.0}, {"x": 95.0, "y": 528.0}, {"x": 95.0, "y": 548.0}, {"x": 85.0, "y": 548.0}]}, "description": " 1"}, {"boundingPoly": {"vertices": [{"x": 87.0, "y": 550.0}, {"x": 96.0, "y": 550.0}, {"x": 96.0, "y": 570.0}, {"x": 87.0, "y": 570.0}]}, "description": " 1"}, {"boundingPoly": {"vertices": [{"x": 329.0, "y": 524.0}, {"x": 375.0, "y": 524.0}, {"x": 375.0, "y": 543.0}, {"x": 330.0, "y": 544.0}]}, "description": "52.00"}, {"boundingPoly": {"vertices": [{"x": 99.0, "y": 544.0}, {"x": 376.0, "y": 544.0}, {"x": 376.0, "y": 570.0}, {"x": 99.0, "y": 570.0}]}, "description": " Reg Wellington Flat White 52.00"}, {"boundingPoly": {"vertices": [{"x": 119.0, "y": 570.0}, {"x": 237.0, "y": 568.0}, {"x": 238.0, "y": 588.0}, {"x": 119.0, "y": 590.0}]}, "description": "Classic Blend"}, {"boundingPoly": {"vertices": [{"x": 102.0, "y": 592.0}, {"x": 201.0, "y": 589.0}, {"x": 202.0, "y": 610.0}, {"x": 102.0, "y": 613.0}]}, "description": "Credit Card"}, {"boundingPoly": {"vertices": [{"x": 539.0, "y": 533.0}, {"x": 725.0, "y": 535.0}, {"x": 725.0, "y": 555.0}, {"x": 539.0, "y": 553.0}]}, "description": "\u62cd\u5361\u9500\u552e CNTLS SALE"}, {"boundingPoly": {"vertices": [{"x": 311.0, "y": 589.0}, {"x": 376.0, "y": 588.0}, {"x": 376.0, "y": 607.0}, {"x": 311.0, "y": 609.0}]}, "description": "$104.00"}, {"boundingPoly": {"vertices": [{"x": 506.0, "y": 580.0}, {"x": 580.0, "y": 580.0}, {"x": 580.0, "y": 596.0}, {"x": 506.0, "y": 596.0}]}, "description": " CARD NUM:"}, {"boundingPoly": {"vertices": [{"x": 508.0, "y": 601.0}, {"x": 611.0, "y": 601.0}, {"x": 611.0, "y": 617.0}, {"x": 508.0, "y": 617.0}]}, "description": " \u6709 \u6548 \u671f EXP DATE:"}, {"boundingPoly": {"vertices": [{"x": 582.0, "y": 580.0}, {"x": 712.0, "y": 580.0}, {"x": 712.0, "y": 599.0}, {"x": 582.0, "y": 599.0}]}, "description": " *********** 3007 (T)"}, {"boundingPoly": {"vertices": [{"x": 655.0, "y": 603.0}, {"x": 758.0, "y": 603.0}, {"x": 758.0, "y": 620.0}, {"x": 655.0, "y": 620.0}]}, "description": " \u5361 \u522b CARD TYPE:"}, {"boundingPoly": {"vertices": [{"x": 652.0, "y": 623.0}, {"x": 698.0, "y": 623.0}, {"x": 698.0, "y": 638.0}, {"x": 652.0, "y": 638.0}]}, "description": "AMEX"}, {"boundingPoly": {"vertices": [{"x": 655.0, "y": 642.0}, {"x": 731.0, "y": 643.0}, {"x": 731.0, "y": 654.0}, {"x": 655.0, "y": 653.0}]}, "description": "\u7531\u4e8e\u7ad9 RRN."}, {"boundingPoly": {"vertices": [{"x": 661.0, "y": 655.0}, {"x": 768.0, "y": 656.0}, {"x": 767.0, "y": 668.0}, {"x": 661.0, "y": 666.0}]}, "description": "451565047659"}, {"boundingPoly": {"vertices": [{"x": 533.0, "y": 666.0}, {"x": 685.0, "y": 666.0}, {"x": 685.0, "y": 684.0}, {"x": 533.0, "y": 684.0}]}, "description": " 110BA21F67A587D2"}, {"boundingPoly": {"vertices": [{"x": 507.0, "y": 685.0}, {"x": 539.0, "y": 685.0}, {"x": 539.0, "y": 700.0}, {"x": 507.0, "y": 700.0}]}, "description": " AID:"}, {"boundingPoly": {"vertices": [{"x": 509.0, "y": 705.0}, {"x": 590.0, "y": 705.0}, {"x": 590.0, "y": 723.0}, {"x": 509.0, "y": 723.0}]}, "description": " Appl Label:"}, {"boundingPoly": {"vertices": [{"x": 103.0, "y": 634.0}, {"x": 174.0, "y": 635.0}, {"x": 174.0, "y": 653.0}, {"x": 103.0, "y": 653.0}]}, "description": "Subtotal"}, {"boundingPoly": {"vertices": [{"x": 98.0, "y": 654.0}, {"x": 160.0, "y": 653.0}, {"x": 161.0, "y": 670.0}, {"x": 98.0, "y": 671.0}]}, "description": "Payment"}, {"boundingPoly": {"vertices": [{"x": 65.0, "y": 672.0}, {"x": 246.0, "y": 669.0}, {"x": 246.0, "y": 687.0}, {"x": 66.0, "y": 691.0}]}, "description": "Change Due"}, {"boundingPoly": {"vertices": [{"x": 312.0, "y": 632.0}, {"x": 374.0, "y": 632.0}, {"x": 375.0, "y": 648.0}, {"x": 312.0, "y": 649.0}]}, "description": "$104.00"}, {"boundingPoly": {"vertices": [{"x": 310.0, "y": 650.0}, {"x": 374.0, "y": 649.0}, {"x": 374.0, "y": 664.0}, {"x": 310.0, "y": 665.0}]}, "description": "$104.00"}, {"boundingPoly": {"vertices": [{"x": 336.0, "y": 666.0}, {"x": 426.0, "y": 664.0}, {"x": 426.0, "y": 682.0}, {"x": 336.0, "y": 685.0}]}, "description": "$0.00"}, {"boundingPoly": {"vertices": [{"x": 506.0, "y": 638.0}, {"x": 625.0, "y": 640.0}, {"x": 625.0, "y": 651.0}, {"x": 506.0, "y": 648.0}]}, "description": "HR AUCODE"}, {"boundingPoly": {"vertices": [{"x": 506.0, "y": 650.0}, {"x": 568.0, "y": 651.0}, {"x": 567.0, "y": 664.0}, {"x": 506.0, "y": 662.0}]}, "description": "870274"}, {"boundingPoly": {"vertices": [{"x": 508.0, "y": 666.0}, {"x": 531.0, "y": 666.0}, {"x": 531.0, "y": 681.0}, {"x": 508.0, "y": 681.0}]}, "description": " TC:"}, {"boundingPoly": {"vertices": [{"x": 541.0, "y": 685.0}, {"x": 691.0, "y": 685.0}, {"x": 691.0, "y": 704.0}, {"x": 541.0, "y": 704.0}]}, "description": " A000000025010801"}, {"boundingPoly": {"vertices": [{"x": 164.0, "y": 711.0}, {"x": 300.0, "y": 710.0}, {"x": 300.0, "y": 730.0}, {"x": 164.0, "y": 732.0}]}, "description": "- Check Closed"}, {"boundingPoly": {"vertices": [{"x": 156.0, "y": 732.0}, {"x": 328.0, "y": 732.0}, {"x": 328.0, "y": 757.0}, {"x": 156.0, "y": 757.0}]}, "description": " 22 Nov'19 10:43 AM"}, {"boundingPoly": {"vertices": [{"x": 593.0, "y": 706.0}, {"x": 749.0, "y": 706.0}, {"x": 749.0, "y": 726.0}, {"x": 593.0, "y": 726.0}]}, "description": " AMERICAN EXPRESS"}, {"boundingPoly": {"vertices": [{"x": 514.0, "y": 747.0}, {"x": 599.0, "y": 747.0}, {"x": 599.0, "y": 768.0}, {"x": 514.0, "y": 768.0}]}, "description": " \u539f \u984d BASE:"}, {"boundingPoly": {"vertices": [{"x": 515.0, "y": 774.0}, {"x": 591.0, "y": 774.0}, {"x": 591.0, "y": 794.0}, {"x": 515.0, "y": 794.0}]}, "description": " \u5c0f \u8d39 TIPS:"}, {"boundingPoly": {"vertices": [{"x": 515.0, "y": 800.0}, {"x": 614.0, "y": 800.0}, {"x": 614.0, "y": 821.0}, {"x": 515.0, "y": 821.0}]}, "description": " \u5fb7 \u989d TOTAL:"}, {"boundingPoly": {"vertices": [{"x": 651.0, "y": 753.0}, {"x": 689.0, "y": 753.0}, {"x": 689.0, "y": 770.0}, {"x": 651.0, "y": 770.0}]}, "description": "HKD"}, {"boundingPoly": {"vertices": [{"x": 653.0, "y": 779.0}, {"x": 694.0, "y": 778.0}, {"x": 694.0, "y": 795.0}, {"x": 653.0, "y": 796.0}]}, "description": "HKD"}, {"boundingPoly": {"vertices": [{"x": 654.0, "y": 804.0}, {"x": 697.0, "y": 804.0}, {"x": 697.0, "y": 822.0}, {"x": 654.0, "y": 822.0}]}, "description": "HKD"}, {"boundingPoly": {"vertices": [{"x": 734.0, "y": 754.0}, {"x": 791.0, "y": 753.0}, {"x": 791.0, "y": 770.0}, {"x": 734.0, "y": 770.0}]}, "description": "104.00"}, {"boundingPoly": {"vertices": [{"x": 104.0, "y": 781.0}, {"x": 368.0, "y": 779.0}, {"x": 368.0, "y": 802.0}, {"x": 104.0, "y": 805.0}]}, "description": "Thank you and see you again."}, {"boundingPoly": {"vertices": [{"x": 40.0, "y": 830.0}, {"x": 225.0, "y": 830.0}, {"x": 225.0, "y": 853.0}, {"x": 40.0, "y": 853.0}]}, "description": " Fuel Espresso Asia:"}, {"boundingPoly": {"vertices": [{"x": 36.0, "y": 854.0}, {"x": 350.0, "y": 854.0}, {"x": 350.0, "y": 877.0}, {"x": 36.0, "y": 877.0}]}, "description": "IFC mall, Shop 3023, Central, HK"}, {"boundingPoly": {"vertices": [{"x": 29.0, "y": 878.0}, {"x": 351.0, "y": 878.0}, {"x": 351.0, "y": 903.0}, {"x": 29.0, "y": 903.0}]}, "description": "Landmark, Shop B47A, Central, HK"}, {"boundingPoly": {"vertices": [{"x": 22.0, "y": 904.0}, {"x": 388.0, "y": 904.0}, {"x": 387.0, "y": 928.0}, {"x": 22.0, "y": 927.0}]}, "description": "Chater House, G/F Lobby, Central, HK"}, {"boundingPoly": {"vertices": [{"x": 17.0, "y": 928.0}, {"x": 407.0, "y": 931.0}, {"x": 407.0, "y": 955.0}, {"x": 16.0, "y": 953.0}]}, "description": "Pacific Place, Shop 206, Admiralty, HK"}, {"boundingPoly": {"vertices": [{"x": 16.0, "y": 954.0}, {"x": 407.0, "y": 958.0}, {"x": 407.0, "y": 983.0}, {"x": 16.0, "y": 979.0}]}, "description": "ICC, Sky100 Main Entrance, Kowloon, HK"}, {"boundingPoly": {"vertices": [{"x": 11.0, "y": 981.0}, {"x": 407.0, "y": 986.0}, {"x": 406.0, "y": 1011.0}, {"x": 11.0, "y": 1006.0}]}, "description": "One Tai Koo Place, G/F, Quarry Bay, HK"}, {"boundingPoly": {"vertices": [{"x": 551.0, "y": 879.0}, {"x": 768.0, "y": 882.0}, {"x": 767.0, "y": 903.0}, {"x": 550.0, "y": 900.0}]}, "description": "NO SIGNATURE REQUIRED"}, {"boundingPoly": {"vertices": [{"x": 605.0, "y": 928.0}, {"x": 718.0, "y": 931.0}, {"x": 718.0, "y": 944.0}, {"x": 605.0, "y": 941.0}]}, "description": "VALUED CUSTOMER"}, {"boundingPoly": {"vertices": [{"x": 550.0, "y": 961.0}, {"x": 762.0, "y": 967.0}, {"x": 761.0, "y": 980.0}, {"x": 550.0, "y": 973.0}]}, "description": "NO REFUND - IACKNOWLEDGE SATISFACTORY"}, {"boundingPoly": {"vertices": [{"x": 564.0, "y": 976.0}, {"x": 746.0, "y": 981.0}, {"x": 746.0, "y": 991.0}, {"x": 563.0, "y": 985.0}]}, "description": "RECEIPT OF RELATIVE GOODS / SERVICES"}, {"boundingPoly": {"vertices": [{"x": 553.0, "y": 1000.0}, {"x": 752.0, "y": 1007.0}, {"x": 751.0, "y": 1017.0}, {"x": 553.0, "y": 1010.0}]}, "description": "I AGREE TO PAY THE ABOVE TOTAL AMOUNT"}, {"boundingPoly": {"vertices": [{"x": 8.0, "y": 1008.0}, {"x": 344.0, "y": 1012.0}, {"x": 344.0, "y": 1039.0}, {"x": 8.0, "y": 1035.0}]}, "description": "Shanghai IFC, Shop L2-44, Pudong"}, {"boundingPoly": {"vertices": [{"x": 557.0, "y": 1012.0}, {"x": 750.0, "y": 1019.0}, {"x": 750.0, "y": 1030.0}, {"x": 557.0, "y": 1022.0}]}, "description": "ACCORDING TO CARD ISSUER AGREEMENT"}, {"boundingPoly": {"vertices": [{"x": 537.0, "y": 1044.0}, {"x": 760.0, "y": 1052.0}, {"x": 759.0, "y": 1067.0}, {"x": 537.0, "y": 1058.0}]}, "description": "\u00b7\u00b7 \u5ba2\u6237\u5b58\u6839 CUSTOMER COPY **"}, {"boundingPoly": {"vertices": [{"x": 582.0, "y": 1080.0}, {"x": 710.0, "y": 1080.0}, {"x": 710.0, "y": 1095.0}, {"x": 582.0, "y": 1095.0}]}, "description": " EFT_EDC v1 07.6 (2018-12:07)"}]}