{"textAnnotations": [{"boundingPoly": {"vertices": [{"x": 245.0, "y": 127.0}, {"x": 299.0, "y": 128.0}, {"x": 298.0, "y": 153.0}, {"x": 244.0, "y": 152.0}]}, "description": "merchant name"}, {"boundingPoly": {"vertices": [{"x": 225.0, "y": 168.0}, {"x": 316.0, "y": 168.0}, {"x": 316.0, "y": 183.0}, {"x": 225.0, "y": 182.0}]}, "description": "merchant address"}, {"boundingPoly": {"vertices": [{"x": 245.0, "y": 184.0}, {"x": 297.0, "y": 184.0}, {"x": 297.0, "y": 199.0}, {"x": 245.0, "y": 199.0}]}, "description": "merchant address"}, {"boundingPoly": {"vertices": [{"x": 164.0, "y": 197.0}, {"x": 379.0, "y": 199.0}, {"x": 379.0, "y": 215.0}, {"x": 164.0, "y": 213.0}]}, "description": "merchant address"}, {"boundingPoly": {"vertices": [{"x": 241.0, "y": 214.0}, {"x": 297.0, "y": 215.0}, {"x": 297.0, "y": 229.0}, {"x": 240.0, "y": 229.0}]}, "description": "10007 USA"}, {"boundingPoly": {"vertices": [{"x": 142.0, "y": 245.0}, {"x": 173.0, "y": 245.0}, {"x": 173.0, "y": 260.0}, {"x": 142.0, "y": 260.0}]}, "description": " POS:"}, {"boundingPoly": {"vertices": [{"x": 175.0, "y": 245.0}, {"x": 215.0, "y": 245.0}, {"x": 215.0, "y": 260.0}, {"x": 175.0, "y": 260.0}]}, "description": " 113C01"}, {"boundingPoly": {"vertices": [{"x": 195.0, "y": 260.0}, {"x": 339.0, "y": 261.0}, {"x": 339.0, "y": 275.0}, {"x": 195.0, "y": 275.0}]}, "description": "TRANSACTION NUM. 125537"}, {"boundingPoly": {"vertices": [{"x": 144.0, "y": 276.0}, {"x": 254.0, "y": 276.0}, {"x": 254.0, "y": 291.0}, {"x": 144.0, "y": 291.0}]}, "description": " TRANSACTION DATE:"}, {"boundingPoly": {"vertices": [{"x": 220.0, "y": 292.0}, {"x": 277.0, "y": 292.0}, {"x": 277.0, "y": 306.0}, {"x": 220.0, "y": 306.0}]}, "description": " CASHIER .:"}, {"boundingPoly": {"vertices": [{"x": 257.0, "y": 277.0}, {"x": 322.0, "y": 277.0}, {"x": 322.0, "y": 292.0}, {"x": 257.0, "y": 292.0}]}, "description": " 12/07/2019"}, {"boundingPoly": {"vertices": [{"x": 279.0, "y": 292.0}, {"x": 314.0, "y": 292.0}, {"x": 314.0, "y": 306.0}, {"x": 279.0, "y": 306.0}]}, "description": " Mario"}, {"boundingPoly": {"vertices": [{"x": 143.0, "y": 321.0}, {"x": 195.0, "y": 321.0}, {"x": 195.0, "y": 334.0}, {"x": 143.0, "y": 334.0}]}, "description": "Articles"}, {"boundingPoly": {"vertices": [{"x": 144.0, "y": 335.0}, {"x": 195.0, "y": 335.0}, {"x": 195.0, "y": 348.0}, {"x": 144.0, "y": 348.0}]}, "description": "BIG CONE"}, {"boundingPoly": {"vertices": [{"x": 144.0, "y": 348.0}, {"x": 215.0, "y": 349.0}, {"x": 214.0, "y": 362.0}, {"x": 144.0, "y": 362.0}]}, "description": "TOPPING 1 $"}, {"boundingPoly": {"vertices": [{"x": 285.0, "y": 321.0}, {"x": 342.0, "y": 321.0}, {"x": 342.0, "y": 334.0}, {"x": 285.0, "y": 334.0}]}, "description": "Qty. Total"}, {"boundingPoly": {"vertices": [{"x": 296.0, "y": 336.0}, {"x": 341.0, "y": 336.0}, {"x": 341.0, "y": 348.0}, {"x": 296.0, "y": 348.0}]}, "description": "x 1.000"}, {"boundingPoly": {"vertices": [{"x": 297.0, "y": 350.0}, {"x": 307.0, "y": 350.0}, {"x": 307.0, "y": 363.0}, {"x": 297.0, "y": 363.0}]}, "description": " \u00d7"}, {"boundingPoly": {"vertices": [{"x": 364.0, "y": 321.0}, {"x": 397.0, "y": 322.0}, {"x": 397.0, "y": 335.0}, {"x": 364.0, "y": 334.0}]}, "description": "Price"}, {"boundingPoly": {"vertices": [{"x": 364.0, "y": 335.0}, {"x": 391.0, "y": 335.0}, {"x": 390.0, "y": 348.0}, {"x": 363.0, "y": 348.0}]}, "description": "7.12"}, {"boundingPoly": {"vertices": [{"x": 364.0, "y": 349.0}, {"x": 392.0, "y": 349.0}, {"x": 391.0, "y": 362.0}, {"x": 365.0, "y": 362.0}]}, "description": "0.92"}, {"boundingPoly": {"vertices": [{"x": 309.0, "y": 350.0}, {"x": 343.0, "y": 350.0}, {"x": 343.0, "y": 362.0}, {"x": 309.0, "y": 362.0}]}, "description": " 1.000"}, {"boundingPoly": {"vertices": [{"x": 142.0, "y": 394.0}, {"x": 206.0, "y": 394.0}, {"x": 207.0, "y": 408.0}, {"x": 142.0, "y": 408.0}]}, "description": "VAT DESCR."}, {"boundingPoly": {"vertices": [{"x": 287.0, "y": 393.0}, {"x": 334.0, "y": 393.0}, {"x": 334.0, "y": 407.0}, {"x": 287.0, "y": 407.0}]}, "description": "TAXABLE"}, {"boundingPoly": {"vertices": [{"x": 373.0, "y": 393.0}, {"x": 396.0, "y": 393.0}, {"x": 396.0, "y": 406.0}, {"x": 373.0, "y": 407.0}]}, "description": "TAX"}, {"boundingPoly": {"vertices": [{"x": 141.0, "y": 425.0}, {"x": 226.0, "y": 424.0}, {"x": 226.0, "y": 439.0}, {"x": 141.0, "y": 440.0}]}, "description": "Tax 8.875 NYC"}, {"boundingPoly": {"vertices": [{"x": 306.0, "y": 424.0}, {"x": 334.0, "y": 424.0}, {"x": 333.0, "y": 438.0}, {"x": 306.0, "y": 439.0}]}, "description": "8.04"}, {"boundingPoly": {"vertices": [{"x": 369.0, "y": 424.0}, {"x": 395.0, "y": 424.0}, {"x": 395.0, "y": 438.0}, {"x": 369.0, "y": 438.0}]}, "description": "0.71"}, {"boundingPoly": {"vertices": [{"x": 139.0, "y": 473.0}, {"x": 241.0, "y": 472.0}, {"x": 241.0, "y": 488.0}, {"x": 139.0, "y": 489.0}]}, "description": "SubTotal"}, {"boundingPoly": {"vertices": [{"x": 346.0, "y": 472.0}, {"x": 397.0, "y": 471.0}, {"x": 397.0, "y": 486.0}, {"x": 346.0, "y": 487.0}]}, "description": "8.04"}, {"boundingPoly": {"vertices": [{"x": 137.0, "y": 506.0}, {"x": 217.0, "y": 506.0}, {"x": 217.0, "y": 534.0}, {"x": 137.0, "y": 534.0}]}, "description": " Total"}, {"boundingPoly": {"vertices": [{"x": 135.0, "y": 551.0}, {"x": 159.0, "y": 550.0}, {"x": 159.0, "y": 565.0}, {"x": 135.0, "y": 566.0}]}, "description": "POS"}, {"boundingPoly": {"vertices": [{"x": 226.0, "y": 507.0}, {"x": 271.0, "y": 507.0}, {"x": 271.0, "y": 533.0}, {"x": 226.0, "y": 533.0}]}, "description": " USD"}, {"boundingPoly": {"vertices": [{"x": 345.0, "y": 505.0}, {"x": 398.0, "y": 504.0}, {"x": 399.0, "y": 531.0}, {"x": 346.0, "y": 531.0}]}, "description": "8,75"}, {"boundingPoly": {"vertices": [{"x": 372.0, "y": 548.0}, {"x": 402.0, "y": 547.0}, {"x": 403.0, "y": 563.0}, {"x": 373.0, "y": 564.0}]}, "description": "8,75"}, {"boundingPoly": {"vertices": [{"x": 209.0, "y": 601.0}, {"x": 330.0, "y": 600.0}, {"x": 330.0, "y": 617.0}, {"x": 209.0, "y": 619.0}]}, "description": "Thank you bye bye!"}]}