{"textAnnotations": [{"boundingPoly": {"vertices": [{"x": 127.0, "y": 320.0}, {"x": 290.0, "y": 320.0}, {"x": 290.0, "y": 359.0}, {"x": 127.0, "y": 359.0}]}, "description": "merchant name"}, {"boundingPoly": {"vertices": [{"x": 125.0, "y": 365.0}, {"x": 598.0, "y": 365.0}, {"x": 598.0, "y": 410.0}, {"x": 125.0, "y": 410.0}]}, "description": "merchant address"}, {"boundingPoly": {"vertices": [{"x": 279.0, "y": 411.0}, {"x": 795.0, "y": 420.0}, {"x": 794.0, "y": 462.0}, {"x": 279.0, "y": 453.0}]}, "description": "TVA N\u00ba FR91000050434"}, {"boundingPoly": {"vertices": [{"x": 119.0, "y": 462.0}, {"x": 458.0, "y": 464.0}, {"x": 458.0, "y": 508.0}, {"x": 119.0, "y": 506.0}]}, "description": "161 Whittaker"}, {"boundingPoly": {"vertices": [{"x": 112.0, "y": 534.0}, {"x": 198.0, "y": 533.0}, {"x": 198.0, "y": 547.0}, {"x": 112.0, "y": 548.0}]}, "description": "----"}, {"boundingPoly": {"vertices": [{"x": 306.0, "y": 320.0}, {"x": 442.0, "y": 320.0}, {"x": 442.0, "y": 361.0}, {"x": 306.0, "y": 361.0}]}, "description": "merchant name"}, {"boundingPoly": {"vertices": [{"x": 458.0, "y": 322.0}, {"x": 643.0, "y": 322.0}, {"x": 643.0, "y": 364.0}, {"x": 458.0, "y": 364.0}]}, "description": "merchant name"}, {"boundingPoly": {"vertices": [{"x": 657.0, "y": 326.0}, {"x": 792.0, "y": 326.0}, {"x": 792.0, "y": 367.0}, {"x": 657.0, "y": 367.0}]}, "description": "merchant name"}, {"boundingPoly": {"vertices": [{"x": 608.0, "y": 371.0}, {"x": 751.0, "y": 371.0}, {"x": 751.0, "y": 414.0}, {"x": 608.0, "y": 414.0}]}, "description": "merchant address"}, {"boundingPoly": {"vertices": [{"x": 804.0, "y": 330.0}, {"x": 935.0, "y": 330.0}, {"x": 935.0, "y": 370.0}, {"x": 804.0, "y": 370.0}]}, "description": "merchant name"}, {"boundingPoly": {"vertices": [{"x": 758.0, "y": 374.0}, {"x": 918.0, "y": 374.0}, {"x": 918.0, "y": 418.0}, {"x": 758.0, "y": 418.0}]}, "description": "merchant address"}, {"boundingPoly": {"vertices": [{"x": 113.0, "y": 572.0}, {"x": 322.0, "y": 573.0}, {"x": 322.0, "y": 626.0}, {"x": 113.0, "y": 624.0}]}, "description": "102/1"}, {"boundingPoly": {"vertices": [{"x": 534.0, "y": 576.0}, {"x": 751.0, "y": 577.0}, {"x": 750.0, "y": 627.0}, {"x": 534.0, "y": 625.0}]}, "description": "3473"}, {"boundingPoly": {"vertices": [{"x": 351.0, "y": 634.0}, {"x": 731.0, "y": 634.0}, {"x": 731.0, "y": 689.0}, {"x": 351.0, "y": 689.0}]}, "description": " 11NOV'19 11:55"}, {"boundingPoly": {"vertices": [{"x": 97.0, "y": 716.0}, {"x": 436.0, "y": 718.0}, {"x": 436.0, "y": 731.0}, {"x": 97.0, "y": 729.0}]}, "description": "-------------"}, {"boundingPoly": {"vertices": [{"x": 854.0, "y": 585.0}, {"x": 950.0, "y": 585.0}, {"x": 950.0, "y": 629.0}, {"x": 854.0, "y": 629.0}]}, "description": " COV"}, {"boundingPoly": {"vertices": [{"x": 963.0, "y": 585.0}, {"x": 987.0, "y": 585.0}, {"x": 987.0, "y": 628.0}, {"x": 963.0, "y": 628.0}]}, "description": " 1"}, {"boundingPoly": {"vertices": [{"x": 154.0, "y": 759.0}, {"x": 184.0, "y": 759.0}, {"x": 184.0, "y": 816.0}, {"x": 154.0, "y": 816.0}]}, "description": " 1"}, {"boundingPoly": {"vertices": [{"x": 174.0, "y": 824.0}, {"x": 308.0, "y": 824.0}, {"x": 308.0, "y": 879.0}, {"x": 174.0, "y": 879.0}]}, "description": " 0.00"}, {"boundingPoly": {"vertices": [{"x": 170.0, "y": 890.0}, {"x": 305.0, "y": 890.0}, {"x": 305.0, "y": 943.0}, {"x": 170.0, "y": 943.0}]}, "description": " 0.64"}, {"boundingPoly": {"vertices": [{"x": 90.0, "y": 954.0}, {"x": 955.0, "y": 954.0}, {"x": 955.0, "y": 1012.0}, {"x": 90.0, "y": 1012.0}]}, "description": " 11:55 Total Du 7.00 Eur"}, {"boundingPoly": {"vertices": [{"x": 195.0, "y": 759.0}, {"x": 653.0, "y": 759.0}, {"x": 653.0, "y": 816.0}, {"x": 195.0, "y": 816.0}]}, "description": " Gunpowder The Ve"}, {"boundingPoly": {"vertices": [{"x": 785.0, "y": 759.0}, {"x": 898.0, "y": 758.0}, {"x": 900.0, "y": 812.0}, {"x": 785.0, "y": 811.0}]}, "description": "7.00"}, {"boundingPoly": {"vertices": [{"x": 840.0, "y": 824.0}, {"x": 958.0, "y": 822.0}, {"x": 959.0, "y": 874.0}, {"x": 840.0, "y": 876.0}]}, "description": "0.00"}, {"boundingPoly": {"vertices": [{"x": 846.0, "y": 889.0}, {"x": 965.0, "y": 886.0}, {"x": 965.0, "y": 940.0}, {"x": 847.0, "y": 942.0}]}, "description": "7.00"}, {"boundingPoly": {"vertices": [{"x": 343.0, "y": 824.0}, {"x": 601.0, "y": 824.0}, {"x": 601.0, "y": 879.0}, {"x": 343.0, "y": 879.0}]}, "description": " TVA 20.0%"}, {"boundingPoly": {"vertices": [{"x": 342.0, "y": 891.0}, {"x": 446.0, "y": 891.0}, {"x": 446.0, "y": 943.0}, {"x": 342.0, "y": 943.0}]}, "description": " TVA"}, {"boundingPoly": {"vertices": [{"x": 483.0, "y": 892.0}, {"x": 628.0, "y": 892.0}, {"x": 628.0, "y": 943.0}, {"x": 483.0, "y": 943.0}]}, "description": " 10.0%"}, {"boundingPoly": {"vertices": [{"x": 74.0, "y": 1090.0}, {"x": 431.0, "y": 1090.0}, {"x": 431.0, "y": 1150.0}, {"x": 74.0, "y": 1152.0}]}, "description": "CHAMBRE/ROOM"}, {"boundingPoly": {"vertices": [{"x": 908.0, "y": 1139.0}, {"x": 1007.0, "y": 1140.0}, {"x": 1007.0, "y": 1153.0}, {"x": 908.0, "y": 1153.0}]}, "description": "----------"}, {"boundingPoly": {"vertices": [{"x": 67.0, "y": 1237.0}, {"x": 309.0, "y": 1235.0}, {"x": 309.0, "y": 1294.0}, {"x": 68.0, "y": 1297.0}]}, "description": "NOM/NAME"}, {"boundingPoly": {"vertices": [{"x": 64.0, "y": 1308.0}, {"x": 674.0, "y": 1308.0}, {"x": 674.0, "y": 1370.0}, {"x": 64.0, "y": 1371.0}]}, "description": "Carte Cercle requise"}, {"boundingPoly": {"vertices": [{"x": 676.0, "y": 1283.0}, {"x": 772.0, "y": 1282.0}, {"x": 772.0, "y": 1297.0}, {"x": 676.0, "y": 1298.0}]}, "description": "---------"}, {"boundingPoly": {"vertices": [{"x": 745.0, "y": 1309.0}, {"x": 1017.0, "y": 1309.0}, {"x": 1017.0, "y": 1366.0}, {"x": 745.0, "y": 1366.0}]}, "description": " requested"}, {"boundingPoly": {"vertices": [{"x": 687.0, "y": 1319.0}, {"x": 729.0, "y": 1319.0}, {"x": 729.0, "y": 1366.0}, {"x": 687.0, "y": 1366.0}]}, "description": " /"}, {"boundingPoly": {"vertices": [{"x": 65.0, "y": 1459.0}, {"x": 342.0, "y": 1457.0}, {"x": 342.0, "y": 1517.0}, {"x": 65.0, "y": 1519.0}]}, "description": "SIGNATURE"}, {"boundingPoly": {"vertices": [{"x": 129.0, "y": 1608.0}, {"x": 927.0, "y": 1601.0}, {"x": 928.0, "y": 1660.0}, {"x": 130.0, "y": 1666.0}]}, "description": "Join us at the Blue Gin bar"}, {"boundingPoly": {"vertices": [{"x": 98.0, "y": 1676.0}, {"x": 959.0, "y": 1674.0}, {"x": 959.0, "y": 1735.0}, {"x": 98.0, "y": 1738.0}]}, "description": "DJ Thursday, Friday, Saturday"}, {"boundingPoly": {"vertices": [{"x": 132.0, "y": 1749.0}, {"x": 929.0, "y": 1744.0}, {"x": 930.0, "y": 1802.0}, {"x": 132.0, "y": 1807.0}]}, "description": "Finger food by Marcel Ravin"}]}