{"textAnnotations": [{"boundingPoly": {"vertices": [{"x": 196.0, "y": 100.0}, {"x": 446.0, "y": 122.0}, {"x": 444.0, "y": 144.0}, {"x": 194.0, "y": 121.0}]}, "description": "Thank You For Visiting the"}, {"boundingPoly": {"vertices": [{"x": 166.0, "y": 148.0}, {"x": 462.0, "y": 171.0}, {"x": 460.0, "y": 192.0}, {"x": 165.0, "y": 169.0}]}, "description": "Nadine Varella, General Manager"}, {"boundingPoly": {"vertices": [{"x": 208.0, "y": 201.0}, {"x": 416.0, "y": 213.0}, {"x": 415.0, "y": 234.0}, {"x": 207.0, "y": 221.0}]}, "description": "We Love Your Feedback!"}, {"boundingPoly": {"vertices": [{"x": 178.0, "y": 123.0}, {"x": 456.0, "y": 146.0}, {"x": 455.0, "y": 168.0}, {"x": 177.0, "y": 146.0}]}, "description": "merchant name"}, {"boundingPoly": {"vertices": [{"x": 253.0, "y": 178.0}, {"x": 386.0, "y": 187.0}, {"x": 384.0, "y": 209.0}, {"x": 252.0, "y": 201.0}]}, "description": "merchant phone"}, {"boundingPoly": {"vertices": [{"x": 203.0, "y": 224.0}, {"x": 421.0, "y": 237.0}, {"x": 420.0, "y": 258.0}, {"x": 201.0, "y": 245.0}]}, "description": "Text @LTF41042 to 73940"}, {"boundingPoly": {"vertices": [{"x": 114.0, "y": 291.0}, {"x": 310.0, "y": 298.0}, {"x": 309.0, "y": 320.0}, {"x": 113.0, "y": 312.0}]}, "description": "Chef Spec/Phila Roll"}, {"boundingPoly": {"vertices": [{"x": 113.0, "y": 339.0}, {"x": 244.0, "y": 342.0}, {"x": 243.0, "y": 362.0}, {"x": 112.0, "y": 359.0}]}, "description": "Dessert Bites"}, {"boundingPoly": {"vertices": [{"x": 467.0, "y": 285.0}, {"x": 497.0, "y": 287.0}, {"x": 495.0, "y": 305.0}, {"x": 466.0, "y": 304.0}]}, "description": "USO"}, {"boundingPoly": {"vertices": [{"x": 458.0, "y": 307.0}, {"x": 497.0, "y": 309.0}, {"x": 496.0, "y": 328.0}, {"x": 458.0, "y": 326.0}]}, "description": "7.49"}, {"boundingPoly": {"vertices": [{"x": 455.0, "y": 329.0}, {"x": 494.0, "y": 331.0}, {"x": 493.0, "y": 349.0}, {"x": 454.0, "y": 348.0}]}, "description": "3.44"}, {"boundingPoly": {"vertices": [{"x": 452.0, "y": 351.0}, {"x": 490.0, "y": 352.0}, {"x": 488.0, "y": 371.0}, {"x": 452.0, "y": 370.0}]}, "description": "0.65"}, {"boundingPoly": {"vertices": [{"x": 113.0, "y": 316.0}, {"x": 298.0, "y": 322.0}, {"x": 298.0, "y": 342.0}, {"x": 113.0, "y": 336.0}]}, "description": "Monster Energy 16oz"}, {"boundingPoly": {"vertices": [{"x": 327.0, "y": 389.0}, {"x": 407.0, "y": 390.0}, {"x": 407.0, "y": 410.0}, {"x": 326.0, "y": 409.0}]}, "description": "Sub Total"}, {"boundingPoly": {"vertices": [{"x": 324.0, "y": 412.0}, {"x": 417.0, "y": 413.0}, {"x": 417.0, "y": 431.0}, {"x": 324.0, "y": 430.0}]}, "description": "Tax Amount"}, {"boundingPoly": {"vertices": [{"x": 443.0, "y": 392.0}, {"x": 485.0, "y": 394.0}, {"x": 484.0, "y": 411.0}, {"x": 443.0, "y": 411.0}]}, "description": "11.58"}, {"boundingPoly": {"vertices": [{"x": 446.0, "y": 413.0}, {"x": 481.0, "y": 413.0}, {"x": 481.0, "y": 430.0}, {"x": 446.0, "y": 430.0}]}, "description": "0.81"}, {"boundingPoly": {"vertices": [{"x": 96.0, "y": 473.0}, {"x": 268.0, "y": 473.0}, {"x": 268.0, "y": 508.0}, {"x": 96.0, "y": 508.0}]}, "description": "Total USD"}, {"boundingPoly": {"vertices": [{"x": 394.0, "y": 471.0}, {"x": 480.0, "y": 470.0}, {"x": 480.0, "y": 502.0}, {"x": 394.0, "y": 503.0}]}, "description": "12.39"}, {"boundingPoly": {"vertices": [{"x": 87.0, "y": 576.0}, {"x": 289.0, "y": 572.0}, {"x": 290.0, "y": 592.0}, {"x": 87.0, "y": 596.0}]}, "description": "5009 AMERICAN EXPRESS"}, {"boundingPoly": {"vertices": [{"x": 430.0, "y": 567.0}, {"x": 473.0, "y": 566.0}, {"x": 474.0, "y": 585.0}, {"x": 430.0, "y": 586.0}]}, "description": "12.39"}, {"boundingPoly": {"vertices": [{"x": 81.0, "y": 645.0}, {"x": 116.0, "y": 646.0}, {"x": 116.0, "y": 664.0}, {"x": 81.0, "y": 666.0}]}, "description": "Tax"}, {"boundingPoly": {"vertices": [{"x": 238.0, "y": 635.0}, {"x": 373.0, "y": 635.0}, {"x": 373.0, "y": 659.0}, {"x": 238.0, "y": 659.0}]}, "description": " Taxable Amount"}, {"boundingPoly": {"vertices": [{"x": 317.0, "y": 658.0}, {"x": 363.0, "y": 657.0}, {"x": 364.0, "y": 675.0}, {"x": 318.0, "y": 678.0}]}, "description": "11.58"}, {"boundingPoly": {"vertices": [{"x": 381.0, "y": 631.0}, {"x": 472.0, "y": 631.0}, {"x": 472.0, "y": 654.0}, {"x": 381.0, "y": 654.0}]}, "description": " Tax Amount"}, {"boundingPoly": {"vertices": [{"x": 432.0, "y": 654.0}, {"x": 468.0, "y": 653.0}, {"x": 468.0, "y": 670.0}, {"x": 432.0, "y": 672.0}]}, "description": "0.81"}, {"boundingPoly": {"vertices": [{"x": 85.0, "y": 662.0}, {"x": 153.0, "y": 665.0}, {"x": 153.0, "y": 685.0}, {"x": 84.0, "y": 689.0}]}, "description": "( 7.00"}, {"boundingPoly": {"vertices": [{"x": 72.0, "y": 726.0}, {"x": 282.0, "y": 726.0}, {"x": 282.0, "y": 761.0}, {"x": 72.0, "y": 761.0}]}, "description": " 11/13/2019 01:18 PM #:"}, {"boundingPoly": {"vertices": [{"x": 70.0, "y": 760.0}, {"x": 129.0, "y": 760.0}, {"x": 129.0, "y": 785.0}, {"x": 70.0, "y": 785.0}]}, "description": " 102 S:"}, {"boundingPoly": {"vertices": [{"x": 285.0, "y": 718.0}, {"x": 467.0, "y": 718.0}, {"x": 467.0, "y": 748.0}, {"x": 285.0, "y": 748.0}]}, "description": " 18716 Op:3053 C:113"}, {"boundingPoly": {"vertices": [{"x": 132.0, "y": 757.0}, {"x": 172.0, "y": 757.0}, {"x": 172.0, "y": 780.0}, {"x": 132.0, "y": 780.0}]}, "description": " 1131"}, {"boundingPoly": {"vertices": [{"x": 65.0, "y": 780.0}, {"x": 174.0, "y": 780.0}, {"x": 174.0, "y": 810.0}, {"x": 65.0, "y": 810.0}]}, "description": " Served you"}, {"boundingPoly": {"vertices": [{"x": 177.0, "y": 771.0}, {"x": 314.0, "y": 771.0}, {"x": 314.0, "y": 802.0}, {"x": 177.0, "y": 802.0}]}, "description": " : Marie Leonce"}, {"boundingPoly": {"vertices": [{"x": 149.0, "y": 876.0}, {"x": 355.0, "y": 861.0}, {"x": 357.0, "y": 882.0}, {"x": 150.0, "y": 897.0}]}, "description": "*** Customer copy ***"}, {"boundingPoly": {"vertices": [{"x": 164.0, "y": 924.0}, {"x": 343.0, "y": 906.0}, {"x": 345.0, "y": 927.0}, {"x": 166.0, "y": 946.0}]}, "description": "AMEX Sunrise 937-7"}, {"boundingPoly": {"vertices": [{"x": 128.0, "y": 981.0}, {"x": 366.0, "y": 953.0}, {"x": 369.0, "y": 973.0}, {"x": 130.0, "y": 1004.0}]}, "description": "according to card issuer"}, {"boundingPoly": {"vertices": [{"x": 204.0, "y": 1049.0}, {"x": 283.0, "y": 1039.0}, {"x": 286.0, "y": 1059.0}, {"x": 206.0, "y": 1070.0}]}, "description": "records,"}, {"boundingPoly": {"vertices": [{"x": 56.0, "y": 964.0}, {"x": 423.0, "y": 921.0}, {"x": 426.0, "y": 943.0}, {"x": 58.0, "y": 989.0}]}, "description": "I agree to pay the above total amount"}, {"boundingPoly": {"vertices": [{"x": 70.0, "y": 1039.0}, {"x": 401.0, "y": 999.0}, {"x": 404.0, "y": 1021.0}, {"x": 73.0, "y": 1064.0}]}, "description": "Voucher)Retain this copy for your"}, {"boundingPoly": {"vertices": [{"x": 34.0, "y": 1116.0}, {"x": 235.0, "y": 1094.0}, {"x": 237.0, "y": 1124.0}, {"x": 35.0, "y": 1146.0}]}, "description": "PURCHASE / APPROVED"}, {"boundingPoly": {"vertices": [{"x": 31.0, "y": 1166.0}, {"x": 191.0, "y": 1158.0}, {"x": 192.0, "y": 1181.0}, {"x": 32.0, "y": 1187.0}]}, "description": "*********** 7008"}, {"boundingPoly": {"vertices": [{"x": 30.0, "y": 1191.0}, {"x": 147.0, "y": 1186.0}, {"x": 148.0, "y": 1209.0}, {"x": 31.0, "y": 1216.0}]}, "description": "CHIP READ /"}, {"boundingPoly": {"vertices": [{"x": 41.0, "y": 1019.0}, {"x": 429.0, "y": 969.0}, {"x": 433.0, "y": 990.0}, {"x": 43.0, "y": 1043.0}]}, "description": "agreement. (Merchant agreement if Credit"}, {"boundingPoly": {"vertices": [{"x": 34.0, "y": 1142.0}, {"x": 204.0, "y": 1129.0}, {"x": 206.0, "y": 1155.0}, {"x": 36.0, "y": 1168.0}]}, "description": "AMERICAN EXPRESS"}]}