{"textAnnotations": [{"boundingPoly": {"vertices": [{"x": 130.0, "y": 158.0}, {"x": 402.0, "y": 162.0}, {"x": 401.0, "y": 206.0}, {"x": 129.0, "y": 201.0}]}, "description": "Thank you for dining with"}, {"boundingPoly": {"vertices": [{"x": 141.0, "y": 213.0}, {"x": 401.0, "y": 217.0}, {"x": 400.0, "y": 258.0}, {"x": 141.0, "y": 252.0}]}, "description": "merchant address"}, {"boundingPoly": {"vertices": [{"x": 129.0, "y": 189.0}, {"x": 407.0, "y": 193.0}, {"x": 406.0, "y": 231.0}, {"x": 129.0, "y": 225.0}]}, "description": "merchant name"}, {"boundingPoly": {"vertices": [{"x": 172.0, "y": 242.0}, {"x": 299.0, "y": 242.0}, {"x": 299.0, "y": 273.0}, {"x": 172.0, "y": 273.0}]}, "description": "merchant address"}, {"boundingPoly": {"vertices": [{"x": 305.0, "y": 245.0}, {"x": 367.0, "y": 245.0}, {"x": 367.0, "y": 279.0}, {"x": 305.0, "y": 279.0}]}, "description": " 85085"}, {"boundingPoly": {"vertices": [{"x": 47.0, "y": 312.0}, {"x": 127.0, "y": 312.0}, {"x": 127.0, "y": 343.0}, {"x": 47.0, "y": 343.0}]}, "description": " Server:"}, {"boundingPoly": {"vertices": [{"x": 106.0, "y": 363.0}, {"x": 153.0, "y": 363.0}, {"x": 153.0, "y": 390.0}, {"x": 106.0, "y": 390.0}]}, "description": " 31/1"}, {"boundingPoly": {"vertices": [{"x": 130.0, "y": 305.0}, {"x": 197.0, "y": 305.0}, {"x": 197.0, "y": 336.0}, {"x": 130.0, "y": 336.0}]}, "description": " Victor"}, {"boundingPoly": {"vertices": [{"x": 47.0, "y": 339.0}, {"x": 136.0, "y": 339.0}, {"x": 136.0, "y": 367.0}, {"x": 47.0, "y": 367.0}]}, "description": " 01:25 PM"}, {"boundingPoly": {"vertices": [{"x": 47.0, "y": 366.0}, {"x": 103.0, "y": 366.0}, {"x": 103.0, "y": 393.0}, {"x": 47.0, "y": 393.0}]}, "description": " Tabl:"}, {"boundingPoly": {"vertices": [{"x": 325.0, "y": 307.0}, {"x": 377.0, "y": 307.0}, {"x": 377.0, "y": 337.0}, {"x": 325.0, "y": 337.0}]}, "description": " DOB:"}, {"boundingPoly": {"vertices": [{"x": 379.0, "y": 312.0}, {"x": 490.0, "y": 312.0}, {"x": 490.0, "y": 348.0}, {"x": 379.0, "y": 348.0}]}, "description": " 11/20/2019"}, {"boundingPoly": {"vertices": [{"x": 413.0, "y": 371.0}, {"x": 484.0, "y": 376.0}, {"x": 482.0, "y": 400.0}, {"x": 411.0, "y": 394.0}]}, "description": "2/20007"}, {"boundingPoly": {"vertices": [{"x": 380.0, "y": 342.0}, {"x": 486.0, "y": 351.0}, {"x": 484.0, "y": 374.0}, {"x": 379.0, "y": 364.0}]}, "description": "11/20/2019"}, {"boundingPoly": {"vertices": [{"x": 243.0, "y": 404.0}, {"x": 291.0, "y": 407.0}, {"x": 289.0, "y": 431.0}, {"x": 240.0, "y": 428.0}]}, "description": "SALE"}, {"boundingPoly": {"vertices": [{"x": 36.0, "y": 475.0}, {"x": 82.0, "y": 473.0}, {"x": 82.0, "y": 495.0}, {"x": 37.0, "y": 497.0}]}, "description": "AMEX"}, {"boundingPoly": {"vertices": [{"x": 414.0, "y": 476.0}, {"x": 490.0, "y": 481.0}, {"x": 489.0, "y": 504.0}, {"x": 412.0, "y": 499.0}]}, "description": "2097155"}, {"boundingPoly": {"vertices": [{"x": 35.0, "y": 501.0}, {"x": 266.0, "y": 489.0}, {"x": 267.0, "y": 516.0}, {"x": 36.0, "y": 527.0}]}, "description": "Card #XXXXXXXXXXX2 009"}, {"boundingPoly": {"vertices": [{"x": 247.0, "y": 549.0}, {"x": 266.0, "y": 549.0}, {"x": 266.0, "y": 577.0}, {"x": 247.0, "y": 577.0}]}, "description": " S"}, {"boundingPoly": {"vertices": [{"x": 33.0, "y": 523.0}, {"x": 276.0, "y": 523.0}, {"x": 276.0, "y": 556.0}, {"x": 33.0, "y": 556.0}]}, "description": " Magnetic card present:"}, {"boundingPoly": {"vertices": [{"x": 34.0, "y": 550.0}, {"x": 240.0, "y": 550.0}, {"x": 240.0, "y": 583.0}, {"x": 34.0, "y": 583.0}]}, "description": " Card Entry Method:"}, {"boundingPoly": {"vertices": [{"x": 30.0, "y": 612.0}, {"x": 132.0, "y": 612.0}, {"x": 132.0, "y": 640.0}, {"x": 30.0, "y": 640.0}]}, "description": " Approval:"}, {"boundingPoly": {"vertices": [{"x": 136.0, "y": 609.0}, {"x": 209.0, "y": 609.0}, {"x": 209.0, "y": 636.0}, {"x": 136.0, "y": 636.0}]}, "description": " 559542"}, {"boundingPoly": {"vertices": [{"x": 249.0, "y": 669.0}, {"x": 312.0, "y": 669.0}, {"x": 312.0, "y": 691.0}, {"x": 249.0, "y": 691.0}]}, "description": " Amount"}, {"boundingPoly": {"vertices": [{"x": 316.0, "y": 669.0}, {"x": 328.0, "y": 669.0}, {"x": 328.0, "y": 692.0}, {"x": 316.0, "y": 692.0}]}, "description": " :"}, {"boundingPoly": {"vertices": [{"x": 413.0, "y": 670.0}, {"x": 491.0, "y": 670.0}, {"x": 491.0, "y": 693.0}, {"x": 413.0, "y": 693.0}]}, "description": "$308.75"}, {"boundingPoly": {"vertices": [{"x": 259.0, "y": 718.0}, {"x": 310.0, "y": 718.0}, {"x": 310.0, "y": 749.0}, {"x": 259.0, "y": 749.0}]}, "description": " + Tip"}, {"boundingPoly": {"vertices": [{"x": 313.0, "y": 712.0}, {"x": 487.0, "y": 712.0}, {"x": 487.0, "y": 753.0}, {"x": 313.0, "y": 753.0}]}, "description": " : C2 C2"}, {"boundingPoly": {"vertices": [{"x": 334.0, "y": 763.0}, {"x": 491.0, "y": 767.0}, {"x": 490.0, "y": 813.0}, {"x": 334.0, "y": 807.0}]}, "description": "378.75"}, {"boundingPoly": {"vertices": [{"x": 236.0, "y": 778.0}, {"x": 332.0, "y": 778.0}, {"x": 332.0, "y": 805.0}, {"x": 236.0, "y": 805.0}]}, "description": " = Total:"}, {"boundingPoly": {"vertices": [{"x": 122.0, "y": 864.0}, {"x": 392.0, "y": 861.0}, {"x": 392.0, "y": 892.0}, {"x": 122.0, "y": 895.0}]}, "description": "I agree to pay the above"}, {"boundingPoly": {"vertices": [{"x": 90.0, "y": 895.0}, {"x": 412.0, "y": 893.0}, {"x": 413.0, "y": 919.0}, {"x": 90.0, "y": 921.0}]}, "description": "total amount according to the"}, {"boundingPoly": {"vertices": [{"x": 133.0, "y": 925.0}, {"x": 379.0, "y": 924.0}, {"x": 379.0, "y": 949.0}, {"x": 133.0, "y": 950.0}]}, "description": "card issuer agreement."}, {"boundingPoly": {"vertices": [{"x": 18.0, "y": 982.0}, {"x": 35.0, "y": 983.0}, {"x": 34.0, "y": 1004.0}, {"x": 17.0, "y": 1003.0}]}, "description": "X"}, {"boundingPoly": {"vertices": [{"x": 20.0, "y": 1037.0}, {"x": 483.0, "y": 1027.0}, {"x": 484.0, "y": 1051.0}, {"x": 21.0, "y": 1057.0}]}, "description": "******************************************"}, {"boundingPoly": {"vertices": [{"x": 76.0, "y": 1080.0}, {"x": 415.0, "y": 1078.0}, {"x": 416.0, "y": 1107.0}, {"x": 76.0, "y": 1110.0}]}, "description": "Don't forget to give your phone"}, {"boundingPoly": {"vertices": [{"x": 238.0, "y": 1133.0}, {"x": 381.0, "y": 1133.0}, {"x": 381.0, "y": 1159.0}, {"x": 238.0, "y": 1159.0}]}, "description": " today's meal."}, {"boundingPoly": {"vertices": [{"x": 87.0, "y": 1052.0}, {"x": 405.0, "y": 1052.0}, {"x": 405.0, "y": 1085.0}, {"x": 87.0, "y": 1085.0}]}, "description": " P.F. Chang's Rewards Members:"}, {"boundingPoly": {"vertices": [{"x": 87.0, "y": 1109.0}, {"x": 404.0, "y": 1106.0}, {"x": 404.0, "y": 1131.0}, {"x": 87.0, "y": 1134.0}]}, "description": "number to your server to earn"}, {"boundingPoly": {"vertices": [{"x": 123.0, "y": 1134.0}, {"x": 215.0, "y": 1134.0}, {"x": 215.0, "y": 1160.0}, {"x": 123.0, "y": 1160.0}]}, "description": " points fo"}, {"boundingPoly": {"vertices": [{"x": 219.0, "y": 1134.0}, {"x": 234.0, "y": 1134.0}, {"x": 234.0, "y": 1159.0}, {"x": 219.0, "y": 1159.0}]}, "description": " -"}, {"boundingPoly": {"vertices": [{"x": 21.0, "y": 1159.0}, {"x": 475.0, "y": 1156.0}, {"x": 475.0, "y": 1178.0}, {"x": 21.0, "y": 1181.0}]}, "description": "******************************************"}, {"boundingPoly": {"vertices": [{"x": 131.0, "y": 1184.0}, {"x": 360.0, "y": 1183.0}, {"x": 360.0, "y": 1207.0}, {"x": 131.0, "y": 1208.0}]}, "description": "Gratuity Not Included"}, {"boundingPoly": {"vertices": [{"x": 195.0, "y": 1256.0}, {"x": 302.0, "y": 1257.0}, {"x": 301.0, "y": 1280.0}, {"x": 195.0, "y": 1278.0}]}, "description": "Thank You!"}, {"boundingPoly": {"vertices": [{"x": 15.0, "y": 1305.0}, {"x": 40.0, "y": 1305.0}, {"x": 38.0, "y": 1321.0}, {"x": 15.0, "y": 1319.0}]}, "description": "CS"}, {"boundingPoly": {"vertices": [{"x": 50.0, "y": 1300.0}, {"x": 135.0, "y": 1301.0}, {"x": 135.0, "y": 1315.0}, {"x": 50.0, "y": 1314.0}]}, "description": "Scanned with"}, {"boundingPoly": {"vertices": [{"x": 51.0, "y": 1316.0}, {"x": 133.0, "y": 1318.0}, {"x": 132.0, "y": 1331.0}, {"x": 51.0, "y": 1329.0}]}, "description": "CamScanner"}]}