{"textAnnotations": [{"boundingPoly": {"vertices": [{"x": 768.0, "y": 29.0}, {"x": 891.0, "y": 29.0}, {"x": 891.0, "y": 50.0}, {"x": 768.0, "y": 50.0}]}, "description": "e pr\u00e9l\u00e8veme"}, {"boundingPoly": {"vertices": [{"x": 770.0, "y": 52.0}, {"x": 886.0, "y": 53.0}, {"x": 886.0, "y": 74.0}, {"x": 770.0, "y": 72.0}]}, "description": "\u00e9l\u00e8vement"}, {"boundingPoly": {"vertices": [{"x": 774.0, "y": 75.0}, {"x": 892.0, "y": 77.0}, {"x": 891.0, "y": 98.0}, {"x": 774.0, "y": 97.0}]}, "description": "le r\u00e8glemer"}, {"boundingPoly": {"vertices": [{"x": 596.0, "y": 87.0}, {"x": 640.0, "y": 89.0}, {"x": 639.0, "y": 134.0}, {"x": 596.0, "y": 132.0}]}, "description": "5,"}, {"boundingPoly": {"vertices": [{"x": 333.0, "y": 205.0}, {"x": 486.0, "y": 223.0}, {"x": 482.0, "y": 252.0}, {"x": 331.0, "y": 235.0}]}, "description": "merchant name"}, {"boundingPoly": {"vertices": [{"x": 334.0, "y": 273.0}, {"x": 490.0, "y": 286.0}, {"x": 487.0, "y": 316.0}, {"x": 333.0, "y": 303.0}]}, "description": "merchant address"}, {"boundingPoly": {"vertices": [{"x": 277.0, "y": 340.0}, {"x": 340.0, "y": 340.0}, {"x": 340.0, "y": 374.0}, {"x": 277.0, "y": 374.0}]}, "description": " TEL:"}, {"boundingPoly": {"vertices": [{"x": 219.0, "y": 224.0}, {"x": 610.0, "y": 251.0}, {"x": 608.0, "y": 282.0}, {"x": 217.0, "y": 263.0}]}, "description": "merchant address"}, {"boundingPoly": {"vertices": [{"x": 374.0, "y": 312.0}, {"x": 456.0, "y": 318.0}, {"x": 454.0, "y": 346.0}, {"x": 372.0, "y": 340.0}]}, "description": "merchant address"}, {"boundingPoly": {"vertices": [{"x": 343.0, "y": 344.0}, {"x": 543.0, "y": 344.0}, {"x": 543.0, "y": 381.0}, {"x": 343.0, "y": 381.0}]}, "description": "merchant phone"}, {"boundingPoly": {"vertices": [{"x": 408.0, "y": 380.0}, {"x": 643.0, "y": 380.0}, {"x": 643.0, "y": 409.0}, {"x": 408.0, "y": 409.0}]}, "description": " TVA FR95825272180"}, {"boundingPoly": {"vertices": [{"x": 785.0, "y": 210.0}, {"x": 813.0, "y": 210.0}, {"x": 813.0, "y": 233.0}, {"x": 786.0, "y": 233.0}]}, "description": "JL"}, {"boundingPoly": {"vertices": [{"x": 790.0, "y": 271.0}, {"x": 891.0, "y": 271.0}, {"x": 892.0, "y": 294.0}, {"x": 790.0, "y": 296.0}]}, "description": "OURBE"}, {"boundingPoly": {"vertices": [{"x": 789.0, "y": 304.0}, {"x": 874.0, "y": 304.0}, {"x": 874.0, "y": 329.0}, {"x": 789.0, "y": 330.0}]}, "description": "IENTS"}, {"boundingPoly": {"vertices": [{"x": 790.0, "y": 339.0}, {"x": 889.0, "y": 338.0}, {"x": 889.0, "y": 363.0}, {"x": 790.0, "y": 365.0}]}, "description": "OLAS S"}, {"boundingPoly": {"vertices": [{"x": 176.0, "y": 365.0}, {"x": 389.0, "y": 365.0}, {"x": 389.0, "y": 406.0}, {"x": 176.0, "y": 406.0}]}, "description": " CODE NAF 5610A"}, {"boundingPoly": {"vertices": [{"x": 285.0, "y": 405.0}, {"x": 528.0, "y": 415.0}, {"x": 527.0, "y": 443.0}, {"x": 284.0, "y": 432.0}]}, "description": "SIRET 825 272 180"}, {"boundingPoly": {"vertices": [{"x": 93.0, "y": 460.0}, {"x": 182.0, "y": 465.0}, {"x": 179.0, "y": 515.0}, {"x": 91.0, "y": 510.0}]}, "description": "TABLE"}, {"boundingPoly": {"vertices": [{"x": 92.0, "y": 515.0}, {"x": 227.0, "y": 521.0}, {"x": 226.0, "y": 551.0}, {"x": 91.0, "y": 545.0}]}, "description": "COUVERTS"}, {"boundingPoly": {"vertices": [{"x": 87.0, "y": 553.0}, {"x": 184.0, "y": 553.0}, {"x": 184.0, "y": 587.0}, {"x": 87.0, "y": 587.0}]}, "description": " SALLE"}, {"boundingPoly": {"vertices": [{"x": 798.0, "y": 430.0}, {"x": 886.0, "y": 425.0}, {"x": 887.0, "y": 450.0}, {"x": 799.0, "y": 456.0}]}, "description": "registre"}, {"boundingPoly": {"vertices": [{"x": 234.0, "y": 470.0}, {"x": 280.0, "y": 472.0}, {"x": 278.0, "y": 519.0}, {"x": 232.0, "y": 517.0}]}, "description": "42"}, {"boundingPoly": {"vertices": [{"x": 314.0, "y": 528.0}, {"x": 315.0, "y": 555.0}, {"x": 299.0, "y": 555.0}, {"x": 298.0, "y": 528.0}]}, "description": "O"}, {"boundingPoly": {"vertices": [{"x": 188.0, "y": 558.0}, {"x": 448.0, "y": 558.0}, {"x": 448.0, "y": 591.0}, {"x": 188.0, "y": 591.0}]}, "description": " : SALLE DE DEVANT"}, {"boundingPoly": {"vertices": [{"x": 250.0, "y": 634.0}, {"x": 586.0, "y": 634.0}, {"x": 586.0, "y": 665.0}, {"x": 250.0, "y": 665.0}]}, "description": " MER 27 NOV 2019 11:28"}, {"boundingPoly": {"vertices": [{"x": 121.0, "y": 710.0}, {"x": 371.0, "y": 709.0}, {"x": 371.0, "y": 739.0}, {"x": 121.0, "y": 742.0}]}, "description": "QTE DESIGNATION"}, {"boundingPoly": {"vertices": [{"x": 534.0, "y": 706.0}, {"x": 593.0, "y": 706.0}, {"x": 593.0, "y": 737.0}, {"x": 534.0, "y": 737.0}]}, "description": " P.U"}, {"boundingPoly": {"vertices": [{"x": 611.0, "y": 704.0}, {"x": 750.0, "y": 704.0}, {"x": 750.0, "y": 737.0}, {"x": 611.0, "y": 737.0}]}, "description": " Total \u20ac T"}, {"boundingPoly": {"vertices": [{"x": 156.0, "y": 789.0}, {"x": 176.0, "y": 789.0}, {"x": 176.0, "y": 822.0}, {"x": 156.0, "y": 822.0}]}, "description": " 1"}, {"boundingPoly": {"vertices": [{"x": 182.0, "y": 786.0}, {"x": 356.0, "y": 786.0}, {"x": 356.0, "y": 821.0}, {"x": 182.0, "y": 821.0}]}, "description": " CAFE CREME"}, {"boundingPoly": {"vertices": [{"x": 523.0, "y": 783.0}, {"x": 589.0, "y": 782.0}, {"x": 590.0, "y": 812.0}, {"x": 523.0, "y": 813.0}]}, "description": "5.00"}, {"boundingPoly": {"vertices": [{"x": 658.0, "y": 780.0}, {"x": 755.0, "y": 780.0}, {"x": 755.0, "y": 810.0}, {"x": 658.0, "y": 811.0}]}, "description": "5.00 0"}, {"boundingPoly": {"vertices": [{"x": 381.0, "y": 868.0}, {"x": 533.0, "y": 865.0}, {"x": 533.0, "y": 921.0}, {"x": 382.0, "y": 924.0}]}, "description": "TOTAL TTC"}, {"boundingPoly": {"vertices": [{"x": 662.0, "y": 861.0}, {"x": 744.0, "y": 860.0}, {"x": 745.0, "y": 917.0}, {"x": 661.0, "y": 917.0}]}, "description": "5.00\u20ac"}, {"boundingPoly": {"vertices": [{"x": 470.0, "y": 972.0}, {"x": 470.0, "y": 995.0}, {"x": 457.0, "y": 995.0}, {"x": 457.0, "y": 971.0}]}, "description": "-"}, {"boundingPoly": {"vertices": [{"x": 63.0, "y": 988.0}, {"x": 351.0, "y": 974.0}, {"x": 353.0, "y": 1000.0}, {"x": 64.0, "y": 1015.0}]}, "description": "NOMBRE LIGNES ARTICLES"}, {"boundingPoly": {"vertices": [{"x": 60.0, "y": 1077.0}, {"x": 118.0, "y": 1074.0}, {"x": 119.0, "y": 1100.0}, {"x": 63.0, "y": 1103.0}]}, "description": "CODE"}, {"boundingPoly": {"vertices": [{"x": 74.0, "y": 1116.0}, {"x": 152.0, "y": 1116.0}, {"x": 152.0, "y": 1146.0}, {"x": 74.0, "y": 1146.0}]}, "description": " 0 TVA"}, {"boundingPoly": {"vertices": [{"x": 297.0, "y": 1063.0}, {"x": 338.0, "y": 1062.0}, {"x": 338.0, "y": 1088.0}, {"x": 299.0, "y": 1089.0}]}, "description": "TVA"}, {"boundingPoly": {"vertices": [{"x": 293.0, "y": 1105.0}, {"x": 348.0, "y": 1104.0}, {"x": 348.0, "y": 1129.0}, {"x": 294.0, "y": 1130.0}]}, "description": "0.45"}, {"boundingPoly": {"vertices": [{"x": 296.0, "y": 1147.0}, {"x": 349.0, "y": 1146.0}, {"x": 350.0, "y": 1164.0}, {"x": 297.0, "y": 1165.0}]}, "description": "0 45"}, {"boundingPoly": {"vertices": [{"x": 431.0, "y": 1055.0}, {"x": 458.0, "y": 1055.0}, {"x": 458.0, "y": 1080.0}, {"x": 431.0, "y": 1081.0}]}, "description": "HT"}, {"boundingPoly": {"vertices": [{"x": 419.0, "y": 1099.0}, {"x": 472.0, "y": 1096.0}, {"x": 474.0, "y": 1120.0}, {"x": 421.0, "y": 1122.0}]}, "description": "4.55"}, {"boundingPoly": {"vertices": [{"x": 420.0, "y": 1139.0}, {"x": 471.0, "y": 1138.0}, {"x": 472.0, "y": 1160.0}, {"x": 421.0, "y": 1163.0}]}, "description": "4.55"}, {"boundingPoly": {"vertices": [{"x": 541.0, "y": 1052.0}, {"x": 580.0, "y": 1051.0}, {"x": 581.0, "y": 1075.0}, {"x": 542.0, "y": 1076.0}]}, "description": "TTC"}, {"boundingPoly": {"vertices": [{"x": 541.0, "y": 1093.0}, {"x": 591.0, "y": 1092.0}, {"x": 590.0, "y": 1116.0}, {"x": 541.0, "y": 1116.0}]}, "description": "5.00"}, {"boundingPoly": {"vertices": [{"x": 542.0, "y": 1133.0}, {"x": 593.0, "y": 1133.0}, {"x": 593.0, "y": 1157.0}, {"x": 542.0, "y": 1157.0}]}, "description": "5.00"}, {"boundingPoly": {"vertices": [{"x": 167.0, "y": 1111.0}, {"x": 250.0, "y": 1111.0}, {"x": 250.0, "y": 1141.0}, {"x": 167.0, "y": 1141.0}]}, "description": " 10.00%"}]}