{"textAnnotations": [{"boundingPoly": {"vertices": [{"x": 345.0, "y": 255.0}, {"x": 581.0, "y": 253.0}, {"x": 582.0, "y": 285.0}, {"x": 345.0, "y": 288.0}]}, "description": "merchant name"}, {"boundingPoly": {"vertices": [{"x": 312.0, "y": 293.0}, {"x": 601.0, "y": 292.0}, {"x": 601.0, "y": 325.0}, {"x": 312.0, "y": 327.0}]}, "description": "merchant address"}, {"boundingPoly": {"vertices": [{"x": 475.0, "y": 330.0}, {"x": 614.0, "y": 330.0}, {"x": 614.0, "y": 365.0}, {"x": 475.0, "y": 365.0}]}, "description": "merchant address"}, {"boundingPoly": {"vertices": [{"x": 492.0, "y": 367.0}, {"x": 570.0, "y": 367.0}, {"x": 570.0, "y": 408.0}, {"x": 492.0, "y": 408.0}]}, "description": "merchant phone"}, {"boundingPoly": {"vertices": [{"x": 312.0, "y": 333.0}, {"x": 470.0, "y": 333.0}, {"x": 470.0, "y": 368.0}, {"x": 312.0, "y": 368.0}]}, "description": "merchant address"}, {"boundingPoly": {"vertices": [{"x": 365.0, "y": 369.0}, {"x": 485.0, "y": 369.0}, {"x": 485.0, "y": 411.0}, {"x": 365.0, "y": 411.0}]}, "description": "merchant phone"}, {"boundingPoly": {"vertices": [{"x": 111.0, "y": 418.0}, {"x": 204.0, "y": 418.0}, {"x": 204.0, "y": 452.0}, {"x": 111.0, "y": 452.0}]}, "description": " Host:"}, {"boundingPoly": {"vertices": [{"x": 211.0, "y": 417.0}, {"x": 315.0, "y": 417.0}, {"x": 315.0, "y": 450.0}, {"x": 211.0, "y": 450.0}]}, "description": " Robert"}, {"boundingPoly": {"vertices": [{"x": 648.0, "y": 406.0}, {"x": 818.0, "y": 403.0}, {"x": 819.0, "y": 436.0}, {"x": 649.0, "y": 440.0}]}, "description": "11/13/2019"}, {"boundingPoly": {"vertices": [{"x": 699.0, "y": 444.0}, {"x": 818.0, "y": 444.0}, {"x": 818.0, "y": 479.0}, {"x": 699.0, "y": 479.0}]}, "description": " 5:56 PM"}, {"boundingPoly": {"vertices": [{"x": 732.0, "y": 486.0}, {"x": 820.0, "y": 483.0}, {"x": 820.0, "y": 514.0}, {"x": 732.0, "y": 517.0}]}, "description": "20307"}, {"boundingPoly": {"vertices": [{"x": 107.0, "y": 578.0}, {"x": 471.0, "y": 571.0}, {"x": 471.0, "y": 605.0}, {"x": 107.0, "y": 612.0}]}, "description": "Chicken Wonton Noodle"}, {"boundingPoly": {"vertices": [{"x": 737.0, "y": 563.0}, {"x": 826.0, "y": 559.0}, {"x": 827.0, "y": 598.0}, {"x": 737.0, "y": 602.0}]}, "description": "13. 75"}, {"boundingPoly": {"vertices": [{"x": 104.0, "y": 658.0}, {"x": 238.0, "y": 657.0}, {"x": 239.0, "y": 688.0}, {"x": 105.0, "y": 689.0}]}, "description": "Subtotal"}, {"boundingPoly": {"vertices": [{"x": 102.0, "y": 695.0}, {"x": 160.0, "y": 694.0}, {"x": 159.0, "y": 734.0}, {"x": 102.0, "y": 735.0}]}, "description": "Tax"}, {"boundingPoly": {"vertices": [{"x": 743.0, "y": 641.0}, {"x": 831.0, "y": 639.0}, {"x": 832.0, "y": 678.0}, {"x": 744.0, "y": 680.0}]}, "description": "13. 75"}, {"boundingPoly": {"vertices": [{"x": 760.0, "y": 685.0}, {"x": 834.0, "y": 684.0}, {"x": 833.0, "y": 716.0}, {"x": 760.0, "y": 716.0}]}, "description": "1.22"}, {"boundingPoly": {"vertices": [{"x": 100.0, "y": 781.0}, {"x": 476.0, "y": 773.0}, {"x": 477.0, "y": 807.0}, {"x": 101.0, "y": 816.0}]}, "description": "To Go Total"}, {"boundingPoly": {"vertices": [{"x": 662.0, "y": 767.0}, {"x": 836.0, "y": 766.0}, {"x": 837.0, "y": 801.0}, {"x": 662.0, "y": 803.0}]}, "description": "14.97"}, {"boundingPoly": {"vertices": [{"x": 89.0, "y": 870.0}, {"x": 166.0, "y": 871.0}, {"x": 165.0, "y": 901.0}, {"x": 89.0, "y": 901.0}]}, "description": "Amex"}, {"boundingPoly": {"vertices": [{"x": 122.0, "y": 909.0}, {"x": 204.0, "y": 909.0}, {"x": 204.0, "y": 946.0}, {"x": 122.0, "y": 946.0}]}, "description": " Auth:"}, {"boundingPoly": {"vertices": [{"x": 754.0, "y": 850.0}, {"x": 840.0, "y": 849.0}, {"x": 841.0, "y": 888.0}, {"x": 754.0, "y": 889.0}]}, "description": "14.97"}, {"boundingPoly": {"vertices": [{"x": 210.0, "y": 904.0}, {"x": 325.0, "y": 904.0}, {"x": 325.0, "y": 944.0}, {"x": 210.0, "y": 944.0}]}, "description": " 530963"}, {"boundingPoly": {"vertices": [{"x": 375.0, "y": 1038.0}, {"x": 554.0, "y": 1035.0}, {"x": 555.0, "y": 1073.0}, {"x": 376.0, "y": 1076.0}]}, "description": "Thank You!"}, {"boundingPoly": {"vertices": [{"x": 284.0, "y": 1142.0}, {"x": 341.0, "y": 1142.0}, {"x": 341.0, "y": 1159.0}, {"x": 284.0, "y": 1159.0}]}, "description": "---"}, {"boundingPoly": {"vertices": [{"x": 354.0, "y": 1129.0}, {"x": 582.0, "y": 1126.0}, {"x": 583.0, "y": 1167.0}, {"x": 355.0, "y": 1170.0}]}, "description": "Check Closed"}, {"boundingPoly": {"vertices": [{"x": 593.0, "y": 1134.0}, {"x": 653.0, "y": 1133.0}, {"x": 653.0, "y": 1156.0}, {"x": 594.0, "y": 1157.0}]}, "description": "---"}]}