{"textAnnotations": [{"boundingPoly": {"vertices": [{"x": 330.0, "y": 293.0}, {"x": 719.0, "y": 301.0}, {"x": 719.0, "y": 334.0}, {"x": 330.0, "y": 323.0}]}, "description": "Thank You For Visiting the"}, {"boundingPoly": {"vertices": [{"x": 401.0, "y": 364.0}, {"x": 645.0, "y": 364.0}, {"x": 645.0, "y": 396.0}, {"x": 401.0, "y": 396.0}]}, "description": "Matthew Fraysier"}, {"boundingPoly": {"vertices": [{"x": 407.0, "y": 399.0}, {"x": 640.0, "y": 399.0}, {"x": 640.0, "y": 431.0}, {"x": 407.0, "y": 431.0}]}, "description": "General Manager"}, {"boundingPoly": {"vertices": [{"x": 423.0, "y": 435.0}, {"x": 626.0, "y": 434.0}, {"x": 626.0, "y": 465.0}, {"x": 423.0, "y": 467.0}]}, "description": "merchant phone"}, {"boundingPoly": {"vertices": [{"x": 356.0, "y": 470.0}, {"x": 690.0, "y": 470.0}, {"x": 690.0, "y": 501.0}, {"x": 356.0, "y": 502.0}]}, "description": "We Love Your Feedback!"}, {"boundingPoly": {"vertices": [{"x": 348.0, "y": 504.0}, {"x": 700.0, "y": 505.0}, {"x": 700.0, "y": 538.0}, {"x": 348.0, "y": 537.0}]}, "description": "Text @LTF11479 to 73940"}, {"boundingPoly": {"vertices": [{"x": 333.0, "y": 328.0}, {"x": 712.0, "y": 332.0}, {"x": 712.0, "y": 363.0}, {"x": 333.0, "y": 359.0}]}, "description": "merchant name"}, {"boundingPoly": {"vertices": [{"x": 216.0, "y": 597.0}, {"x": 527.0, "y": 616.0}, {"x": 525.0, "y": 650.0}, {"x": 215.0, "y": 631.0}]}, "description": "Starbucks Drip Coffe"}, {"boundingPoly": {"vertices": [{"x": 793.0, "y": 581.0}, {"x": 842.0, "y": 580.0}, {"x": 841.0, "y": 611.0}, {"x": 793.0, "y": 611.0}]}, "description": "USD"}, {"boundingPoly": {"vertices": [{"x": 782.0, "y": 618.0}, {"x": 842.0, "y": 616.0}, {"x": 843.0, "y": 649.0}, {"x": 782.0, "y": 649.0}]}, "description": "1.80"}, {"boundingPoly": {"vertices": [{"x": 569.0, "y": 682.0}, {"x": 708.0, "y": 684.0}, {"x": 708.0, "y": 713.0}, {"x": 568.0, "y": 711.0}]}, "description": "Sub Total"}, {"boundingPoly": {"vertices": [{"x": 571.0, "y": 715.0}, {"x": 726.0, "y": 720.0}, {"x": 724.0, "y": 750.0}, {"x": 570.0, "y": 744.0}]}, "description": "Tax Amount"}, {"boundingPoly": {"vertices": [{"x": 783.0, "y": 690.0}, {"x": 842.0, "y": 689.0}, {"x": 843.0, "y": 717.0}, {"x": 784.0, "y": 719.0}]}, "description": "1.80"}, {"boundingPoly": {"vertices": [{"x": 781.0, "y": 726.0}, {"x": 844.0, "y": 723.0}, {"x": 846.0, "y": 752.0}, {"x": 781.0, "y": 753.0}]}, "description": "0.16"}, {"boundingPoly": {"vertices": [{"x": 190.0, "y": 808.0}, {"x": 482.0, "y": 813.0}, {"x": 481.0, "y": 869.0}, {"x": 189.0, "y": 864.0}]}, "description": "Total USD"}, {"boundingPoly": {"vertices": [{"x": 730.0, "y": 828.0}, {"x": 852.0, "y": 827.0}, {"x": 853.0, "y": 884.0}, {"x": 731.0, "y": 884.0}]}, "description": "1.96"}, {"boundingPoly": {"vertices": [{"x": 184.0, "y": 980.0}, {"x": 339.0, "y": 984.0}, {"x": 338.0, "y": 1017.0}, {"x": 184.0, "y": 1014.0}]}, "description": "5008 AMEX"}, {"boundingPoly": {"vertices": [{"x": 798.0, "y": 994.0}, {"x": 864.0, "y": 993.0}, {"x": 863.0, "y": 1026.0}, {"x": 799.0, "y": 1026.0}]}, "description": "1.96"}, {"boundingPoly": {"vertices": [{"x": 180.0, "y": 1101.0}, {"x": 235.0, "y": 1102.0}, {"x": 234.0, "y": 1134.0}, {"x": 179.0, "y": 1134.0}]}, "description": "Tax"}, {"boundingPoly": {"vertices": [{"x": 183.0, "y": 1141.0}, {"x": 318.0, "y": 1140.0}, {"x": 319.0, "y": 1176.0}, {"x": 183.0, "y": 1178.0}]}, "description": "() 8.875"}, {"boundingPoly": {"vertices": [{"x": 445.0, "y": 1101.0}, {"x": 872.0, "y": 1108.0}, {"x": 871.0, "y": 1143.0}, {"x": 445.0, "y": 1137.0}]}, "description": "Taxable Amount Tax Amount"}, {"boundingPoly": {"vertices": [{"x": 614.0, "y": 1146.0}, {"x": 677.0, "y": 1146.0}, {"x": 677.0, "y": 1178.0}, {"x": 614.0, "y": 1178.0}]}, "description": "1.80"}, {"boundingPoly": {"vertices": [{"x": 804.0, "y": 1148.0}, {"x": 873.0, "y": 1148.0}, {"x": 873.0, "y": 1180.0}, {"x": 805.0, "y": 1182.0}]}, "description": "0.16"}, {"boundingPoly": {"vertices": [{"x": 175.0, "y": 1263.0}, {"x": 873.0, "y": 1263.0}, {"x": 873.0, "y": 1304.0}, {"x": 175.0, "y": 1304.0}]}, "description": " 11/11/2019 03:14 PM #:36450 Op:4025 C:111"}, {"boundingPoly": {"vertices": [{"x": 179.0, "y": 1306.0}, {"x": 346.0, "y": 1306.0}, {"x": 346.0, "y": 1343.0}, {"x": 179.0, "y": 1343.0}]}, "description": " 121 S:1111"}, {"boundingPoly": {"vertices": [{"x": 169.0, "y": 1349.0}, {"x": 351.0, "y": 1349.0}, {"x": 351.0, "y": 1387.0}, {"x": 169.0, "y": 1387.0}]}, "description": " Served you"}, {"boundingPoly": {"vertices": [{"x": 357.0, "y": 1348.0}, {"x": 647.0, "y": 1348.0}, {"x": 647.0, "y": 1387.0}, {"x": 357.0, "y": 1387.0}]}, "description": " : Graciela Chavez"}, {"boundingPoly": {"vertices": [{"x": 321.0, "y": 1520.0}, {"x": 686.0, "y": 1521.0}, {"x": 686.0, "y": 1557.0}, {"x": 321.0, "y": 1556.0}]}, "description": "*** Customer copy ***"}, {"boundingPoly": {"vertices": [{"x": 372.0, "y": 1605.0}, {"x": 634.0, "y": 1603.0}, {"x": 634.0, "y": 1643.0}, {"x": 372.0, "y": 1644.0}]}, "description": "AMEX NY937 (16)"}, {"boundingPoly": {"vertices": [{"x": 160.0, "y": 1695.0}, {"x": 498.0, "y": 1694.0}, {"x": 498.0, "y": 1732.0}, {"x": 160.0, "y": 1734.0}]}, "description": "PURCHASE / APPROVED"}, {"boundingPoly": {"vertices": [{"x": 161.0, "y": 1743.0}, {"x": 236.0, "y": 1743.0}, {"x": 234.0, "y": 1778.0}, {"x": 161.0, "y": 1778.0}]}, "description": "AMEX"}, {"boundingPoly": {"vertices": [{"x": 161.0, "y": 1787.0}, {"x": 429.0, "y": 1785.0}, {"x": 429.0, "y": 1822.0}, {"x": 161.0, "y": 1823.0}]}, "description": "*********** 1009"}, {"boundingPoly": {"vertices": [{"x": 155.0, "y": 1833.0}, {"x": 518.0, "y": 1830.0}, {"x": 519.0, "y": 1870.0}, {"x": 155.0, "y": 1873.0}]}, "description": "CONTACTLESS / No CVM"}, {"boundingPoly": {"vertices": [{"x": 154.0, "y": 1923.0}, {"x": 500.0, "y": 1923.0}, {"x": 500.0, "y": 1968.0}, {"x": 154.0, "y": 1968.0}]}, "description": " 2019/11/11 15:14:57"}, {"boundingPoly": {"vertices": [{"x": 151.0, "y": 1975.0}, {"x": 209.0, "y": 1975.0}, {"x": 208.0, "y": 2015.0}, {"x": 151.0, "y": 2014.0}]}, "description": "TID"}, {"boundingPoly": {"vertices": [{"x": 147.0, "y": 2026.0}, {"x": 209.0, "y": 2025.0}, {"x": 208.0, "y": 2063.0}, {"x": 147.0, "y": 2064.0}]}, "description": "MID"}, {"boundingPoly": {"vertices": [{"x": 144.0, "y": 2076.0}, {"x": 316.0, "y": 2073.0}, {"x": 317.0, "y": 2115.0}, {"x": 144.0, "y": 2117.0}]}, "description": "REFERENCE"}, {"boundingPoly": {"vertices": [{"x": 143.0, "y": 2127.0}, {"x": 313.0, "y": 2125.0}, {"x": 314.0, "y": 2167.0}, {"x": 143.0, "y": 2169.0}]}, "description": "AUTH CODE"}, {"boundingPoly": {"vertices": [{"x": 727.0, "y": 1969.0}, {"x": 872.0, "y": 1965.0}, {"x": 873.0, "y": 2001.0}, {"x": 728.0, "y": 2005.0}]}, "description": "**** 9204"}, {"boundingPoly": {"vertices": [{"x": 747.0, "y": 2016.0}, {"x": 875.0, "y": 2011.0}, {"x": 876.0, "y": 2051.0}, {"x": 747.0, "y": 2056.0}]}, "description": "6634459"}, {"boundingPoly": {"vertices": [{"x": 418.0, "y": 2072.0}, {"x": 877.0, "y": 2059.0}, {"x": 878.0, "y": 2101.0}, {"x": 419.0, "y": 2114.0}]}, "description": "S1111T111121#36450@193422"}, {"boundingPoly": {"vertices": [{"x": 768.0, "y": 2112.0}, {"x": 878.0, "y": 2109.0}, {"x": 877.0, "y": 2148.0}, {"x": 769.0, "y": 2153.0}]}, "description": "506648"}]}