{"textAnnotations": [{"boundingPoly": {"vertices": [{"x": 313.0, "y": 215.0}, {"x": 905.0, "y": 212.0}, {"x": 905.0, "y": 246.0}, {"x": 313.0, "y": 249.0}]}, "description": "merchant name"}, {"boundingPoly": {"vertices": [{"x": 210.0, "y": 254.0}, {"x": 1089.0, "y": 249.0}, {"x": 1089.0, "y": 292.0}, {"x": 210.0, "y": 299.0}]}, "description": "merchant address"}, {"boundingPoly": {"vertices": [{"x": 807.0, "y": 298.0}, {"x": 1189.0, "y": 298.0}, {"x": 1189.0, "y": 346.0}, {"x": 807.0, "y": 346.0}]}, "description": " 27AAQFG0888A1ZA"}, {"boundingPoly": {"vertices": [{"x": 506.0, "y": 356.0}, {"x": 840.0, "y": 352.0}, {"x": 841.0, "y": 397.0}, {"x": 506.0, "y": 401.0}]}, "description": "merchant phone"}, {"boundingPoly": {"vertices": [{"x": 920.0, "y": 209.0}, {"x": 1053.0, "y": 209.0}, {"x": 1053.0, "y": 243.0}, {"x": 920.0, "y": 243.0}]}, "description": "merchant name"}, {"boundingPoly": {"vertices": [{"x": 178.0, "y": 305.0}, {"x": 293.0, "y": 305.0}, {"x": 293.0, "y": 350.0}, {"x": 178.0, "y": 350.0}]}, "description": " VAT:"}, {"boundingPoly": {"vertices": [{"x": 300.0, "y": 301.0}, {"x": 799.0, "y": 301.0}, {"x": 799.0, "y": 350.0}, {"x": 300.0, "y": 350.0}]}, "description": " 27661483006V / GST:"}, {"boundingPoly": {"vertices": [{"x": 132.0, "y": 469.0}, {"x": 312.0, "y": 469.0}, {"x": 312.0, "y": 518.0}, {"x": 132.0, "y": 518.0}]}, "description": " BillNo"}, {"boundingPoly": {"vertices": [{"x": 286.0, "y": 520.0}, {"x": 647.0, "y": 520.0}, {"x": 647.0, "y": 586.0}, {"x": 286.0, "y": 586.0}]}, "description": " : L14 Covers"}, {"boundingPoly": {"vertices": [{"x": 322.0, "y": 465.0}, {"x": 538.0, "y": 465.0}, {"x": 538.0, "y": 517.0}, {"x": 322.0, "y": 517.0}]}, "description": " : F11448"}, {"boundingPoly": {"vertices": [{"x": 604.0, "y": 466.0}, {"x": 727.0, "y": 466.0}, {"x": 727.0, "y": 515.0}, {"x": 604.0, "y": 515.0}]}, "description": " Date"}, {"boundingPoly": {"vertices": [{"x": 737.0, "y": 464.0}, {"x": 1280.0, "y": 464.0}, {"x": 1280.0, "y": 515.0}, {"x": 737.0, "y": 515.0}]}, "description": " : 21-11-2019 18:31 PM"}, {"boundingPoly": {"vertices": [{"x": 659.0, "y": 520.0}, {"x": 933.0, "y": 520.0}, {"x": 933.0, "y": 584.0}, {"x": 659.0, "y": 584.0}]}, "description": " : 2 Waiter"}, {"boundingPoly": {"vertices": [{"x": 125.0, "y": 522.0}, {"x": 275.0, "y": 522.0}, {"x": 275.0, "y": 586.0}, {"x": 125.0, "y": 586.0}]}, "description": " Table"}, {"boundingPoly": {"vertices": [{"x": 945.0, "y": 520.0}, {"x": 1152.0, "y": 520.0}, {"x": 1152.0, "y": 584.0}, {"x": 945.0, "y": 584.0}]}, "description": " : Waiter"}, {"boundingPoly": {"vertices": [{"x": 128.0, "y": 653.0}, {"x": 235.0, "y": 655.0}, {"x": 234.0, "y": 703.0}, {"x": 127.0, "y": 701.0}]}, "description": "Item"}, {"boundingPoly": {"vertices": [{"x": 766.0, "y": 644.0}, {"x": 875.0, "y": 644.0}, {"x": 875.0, "y": 707.0}, {"x": 766.0, "y": 707.0}]}, "description": " Qty"}, {"boundingPoly": {"vertices": [{"x": 890.0, "y": 644.0}, {"x": 1003.0, "y": 644.0}, {"x": 1003.0, "y": 707.0}, {"x": 890.0, "y": 707.0}]}, "description": " Rate"}, {"boundingPoly": {"vertices": [{"x": 1104.0, "y": 649.0}, {"x": 1267.0, "y": 647.0}, {"x": 1267.0, "y": 696.0}, {"x": 1105.0, "y": 699.0}]}, "description": "Amount"}, {"boundingPoly": {"vertices": [{"x": 119.0, "y": 782.0}, {"x": 288.0, "y": 780.0}, {"x": 288.0, "y": 830.0}, {"x": 119.0, "y": 832.0}]}, "description": "*Food*"}, {"boundingPoly": {"vertices": [{"x": 112.0, "y": 844.0}, {"x": 701.0, "y": 839.0}, {"x": 701.0, "y": 896.0}, {"x": 112.0, "y": 900.0}]}, "description": "Grilled Chicken Salad"}, {"boundingPoly": {"vertices": [{"x": 106.0, "y": 911.0}, {"x": 508.0, "y": 907.0}, {"x": 508.0, "y": 963.0}, {"x": 106.0, "y": 967.0}]}, "description": "Parmesan Puffs"}, {"boundingPoly": {"vertices": [{"x": 771.0, "y": 838.0}, {"x": 860.0, "y": 837.0}, {"x": 860.0, "y": 899.0}, {"x": 771.0, "y": 899.0}]}, "description": "1.0"}, {"boundingPoly": {"vertices": [{"x": 776.0, "y": 908.0}, {"x": 858.0, "y": 905.0}, {"x": 859.0, "y": 954.0}, {"x": 778.0, "y": 957.0}]}, "description": "1.0"}, {"boundingPoly": {"vertices": [{"x": 933.0, "y": 838.0}, {"x": 1072.0, "y": 835.0}, {"x": 1071.0, "y": 886.0}, {"x": 932.0, "y": 888.0}]}, "description": "410.0"}, {"boundingPoly": {"vertices": [{"x": 928.0, "y": 902.0}, {"x": 1075.0, "y": 900.0}, {"x": 1076.0, "y": 951.0}, {"x": 929.0, "y": 953.0}]}, "description": "395.0"}, {"boundingPoly": {"vertices": [{"x": 1147.0, "y": 833.0}, {"x": 1305.0, "y": 832.0}, {"x": 1306.0, "y": 884.0}, {"x": 1147.0, "y": 885.0}]}, "description": "410.00"}, {"boundingPoly": {"vertices": [{"x": 1147.0, "y": 898.0}, {"x": 1317.0, "y": 896.0}, {"x": 1317.0, "y": 947.0}, {"x": 1147.0, "y": 948.0}]}, "description": "395.00"}, {"boundingPoly": {"vertices": [{"x": 802.0, "y": 1029.0}, {"x": 1043.0, "y": 1028.0}, {"x": 1044.0, "y": 1090.0}, {"x": 803.0, "y": 1093.0}]}, "description": "SubTotal"}, {"boundingPoly": {"vertices": [{"x": 746.0, "y": 1101.0}, {"x": 1047.0, "y": 1098.0}, {"x": 1047.0, "y": 1163.0}, {"x": 746.0, "y": 1166.0}]}, "description": "SC 10.00 %"}, {"boundingPoly": {"vertices": [{"x": 856.0, "y": 1174.0}, {"x": 1045.0, "y": 1174.0}, {"x": 1045.0, "y": 1232.0}, {"x": 856.0, "y": 1232.0}]}, "description": " 2.50 %"}, {"boundingPoly": {"vertices": [{"x": 858.0, "y": 1239.0}, {"x": 1055.0, "y": 1239.0}, {"x": 1055.0, "y": 1306.0}, {"x": 858.0, "y": 1306.0}]}, "description": " 2.50 %"}, {"boundingPoly": {"vertices": [{"x": 895.0, "y": 1315.0}, {"x": 1048.0, "y": 1315.0}, {"x": 1048.0, "y": 1375.0}, {"x": 895.0, "y": 1375.0}]}, "description": " Total"}, {"boundingPoly": {"vertices": [{"x": 1152.0, "y": 1031.0}, {"x": 1322.0, "y": 1028.0}, {"x": 1323.0, "y": 1081.0}, {"x": 1153.0, "y": 1085.0}]}, "description": "805.00"}, {"boundingPoly": {"vertices": [{"x": 1183.0, "y": 1098.0}, {"x": 1322.0, "y": 1097.0}, {"x": 1323.0, "y": 1148.0}, {"x": 1184.0, "y": 1153.0}]}, "description": "80.50"}, {"boundingPoly": {"vertices": [{"x": 1188.0, "y": 1168.0}, {"x": 1329.0, "y": 1166.0}, {"x": 1328.0, "y": 1220.0}, {"x": 1189.0, "y": 1223.0}]}, "description": "22.15"}, {"boundingPoly": {"vertices": [{"x": 1188.0, "y": 1236.0}, {"x": 1333.0, "y": 1233.0}, {"x": 1334.0, "y": 1294.0}, {"x": 1188.0, "y": 1297.0}]}, "description": "22.15"}, {"boundingPoly": {"vertices": [{"x": 1160.0, "y": 1306.0}, {"x": 1337.0, "y": 1302.0}, {"x": 1337.0, "y": 1365.0}, {"x": 1161.0, "y": 1368.0}]}, "description": "929.80"}, {"boundingPoly": {"vertices": [{"x": 690.0, "y": 1175.0}, {"x": 831.0, "y": 1175.0}, {"x": 831.0, "y": 1234.0}, {"x": 690.0, "y": 1234.0}]}, "description": " SGST"}, {"boundingPoly": {"vertices": [{"x": 691.0, "y": 1242.0}, {"x": 837.0, "y": 1242.0}, {"x": 837.0, "y": 1309.0}, {"x": 691.0, "y": 1309.0}]}, "description": " CGST"}, {"boundingPoly": {"vertices": [{"x": 1058.0, "y": 1314.0}, {"x": 1091.0, "y": 1314.0}, {"x": 1091.0, "y": 1370.0}, {"x": 1058.0, "y": 1370.0}]}, "description": " :"}, {"boundingPoly": {"vertices": [{"x": 117.0, "y": 1481.0}, {"x": 573.0, "y": 1481.0}, {"x": 573.0, "y": 1551.0}, {"x": 117.0, "y": 1551.0}]}, "description": " Total (RS)"}, {"boundingPoly": {"vertices": [{"x": 596.0, "y": 1481.0}, {"x": 640.0, "y": 1481.0}, {"x": 640.0, "y": 1535.0}, {"x": 596.0, "y": 1535.0}]}, "description": " :"}, {"boundingPoly": {"vertices": [{"x": 725.0, "y": 1477.0}, {"x": 853.0, "y": 1474.0}, {"x": 854.0, "y": 1520.0}, {"x": 726.0, "y": 1525.0}]}, "description": "930"}]}