{"textAnnotations": [{"boundingPoly": {"vertices": [{"x": 152.0, "y": 123.0}, {"x": 277.0, "y": 125.0}, {"x": 276.0, "y": 144.0}, {"x": 152.0, "y": 142.0}]}, "description": "OPERATED BY"}, {"boundingPoly": {"vertices": [{"x": 150.0, "y": 162.0}, {"x": 265.0, "y": 163.0}, {"x": 265.0, "y": 195.0}, {"x": 150.0, "y": 194.0}]}, "description": "merchant name"}, {"boundingPoly": {"vertices": [{"x": 143.0, "y": 197.0}, {"x": 269.0, "y": 198.0}, {"x": 269.0, "y": 213.0}, {"x": 143.0, "y": 212.0}]}, "description": "merchant name"}, {"boundingPoly": {"vertices": [{"x": 137.0, "y": 230.0}, {"x": 225.0, "y": 230.0}, {"x": 225.0, "y": 248.0}, {"x": 137.0, "y": 248.0}]}, "description": "merchant address"}, {"boundingPoly": {"vertices": [{"x": 136.0, "y": 250.0}, {"x": 276.0, "y": 250.0}, {"x": 276.0, "y": 267.0}, {"x": 136.0, "y": 267.0}]}, "description": "merchant address"}, {"boundingPoly": {"vertices": [{"x": 229.0, "y": 231.0}, {"x": 255.0, "y": 231.0}, {"x": 255.0, "y": 248.0}, {"x": 229.0, "y": 248.0}]}, "description": "merchant address"}, {"boundingPoly": {"vertices": [{"x": 258.0, "y": 231.0}, {"x": 283.0, "y": 231.0}, {"x": 283.0, "y": 248.0}, {"x": 258.0, "y": 248.0}]}, "description": "merchant address"}, {"boundingPoly": {"vertices": [{"x": 279.0, "y": 249.0}, {"x": 353.0, "y": 249.0}, {"x": 353.0, "y": 267.0}, {"x": 279.0, "y": 267.0}]}, "description": "merchant address"}, {"boundingPoly": {"vertices": [{"x": 52.0, "y": 249.0}, {"x": 131.0, "y": 249.0}, {"x": 131.0, "y": 267.0}, {"x": 52.0, "y": 267.0}]}, "description": "merchant address"}, {"boundingPoly": {"vertices": [{"x": 41.0, "y": 288.0}, {"x": 175.0, "y": 289.0}, {"x": 175.0, "y": 306.0}, {"x": 41.0, "y": 304.0}]}, "description": "407487 Rebeca"}, {"boundingPoly": {"vertices": [{"x": 38.0, "y": 325.0}, {"x": 119.0, "y": 326.0}, {"x": 119.0, "y": 344.0}, {"x": 38.0, "y": 344.0}]}, "description": "2285"}, {"boundingPoly": {"vertices": [{"x": 320.0, "y": 327.0}, {"x": 370.0, "y": 327.0}, {"x": 370.0, "y": 344.0}, {"x": 320.0, "y": 344.0}]}, "description": "GST 1"}, {"boundingPoly": {"vertices": [{"x": 124.0, "y": 347.0}, {"x": 213.0, "y": 347.0}, {"x": 214.0, "y": 363.0}, {"x": 124.0, "y": 364.0}]}, "description": "NOV21'19"}, {"boundingPoly": {"vertices": [{"x": 226.0, "y": 347.0}, {"x": 290.0, "y": 347.0}, {"x": 290.0, "y": 364.0}, {"x": 226.0, "y": 364.0}]}, "description": " 6:06PM"}, {"boundingPoly": {"vertices": [{"x": 90.0, "y": 386.0}, {"x": 142.0, "y": 386.0}, {"x": 142.0, "y": 403.0}, {"x": 90.0, "y": 403.0}]}, "description": "TO GO"}, {"boundingPoly": {"vertices": [{"x": 59.0, "y": 426.0}, {"x": 73.0, "y": 426.0}, {"x": 73.0, "y": 443.0}, {"x": 59.0, "y": 443.0}]}, "description": " 1"}, {"boundingPoly": {"vertices": [{"x": 76.0, "y": 425.0}, {"x": 127.0, "y": 425.0}, {"x": 127.0, "y": 443.0}, {"x": 76.0, "y": 443.0}]}, "description": " PNNI"}, {"boundingPoly": {"vertices": [{"x": 79.0, "y": 445.0}, {"x": 203.0, "y": 445.0}, {"x": 204.0, "y": 461.0}, {"x": 79.0, "y": 462.0}]}, "description": "786162001511"}, {"boundingPoly": {"vertices": [{"x": 58.0, "y": 466.0}, {"x": 114.0, "y": 466.0}, {"x": 114.0, "y": 483.0}, {"x": 58.0, "y": 483.0}]}, "description": " 1 WTR"}, {"boundingPoly": {"vertices": [{"x": 78.0, "y": 485.0}, {"x": 229.0, "y": 485.0}, {"x": 229.0, "y": 501.0}, {"x": 78.0, "y": 501.0}]}, "description": " BTL Smartwater"}, {"boundingPoly": {"vertices": [{"x": 100.0, "y": 502.0}, {"x": 177.0, "y": 502.0}, {"x": 177.0, "y": 519.0}, {"x": 100.0, "y": 519.0}]}, "description": " BTL WIR"}, {"boundingPoly": {"vertices": [{"x": 76.0, "y": 521.0}, {"x": 141.0, "y": 521.0}, {"x": 141.0, "y": 538.0}, {"x": 76.0, "y": 538.0}]}, "description": " COOKIE"}, {"boundingPoly": {"vertices": [{"x": 77.0, "y": 541.0}, {"x": 242.0, "y": 540.0}, {"x": 242.0, "y": 556.0}, {"x": 77.0, "y": 557.0}]}, "description": "AT813255 XXX1000"}, {"boundingPoly": {"vertices": [{"x": 76.0, "y": 560.0}, {"x": 149.0, "y": 560.0}, {"x": 149.0, "y": 576.0}, {"x": 76.0, "y": 577.0}]}, "description": "AMEX CC"}, {"boundingPoly": {"vertices": [{"x": 131.0, "y": 425.0}, {"x": 237.0, "y": 425.0}, {"x": 237.0, "y": 442.0}, {"x": 131.0, "y": 442.0}]}, "description": " TURK BERRY"}, {"boundingPoly": {"vertices": [{"x": 289.0, "y": 425.0}, {"x": 339.0, "y": 425.0}, {"x": 338.0, "y": 441.0}, {"x": 290.0, "y": 442.0}]}, "description": "11.29"}, {"boundingPoly": {"vertices": [{"x": 119.0, "y": 466.0}, {"x": 178.0, "y": 466.0}, {"x": 178.0, "y": 483.0}, {"x": 119.0, "y": 483.0}]}, "description": " SMART"}, {"boundingPoly": {"vertices": [{"x": 184.0, "y": 466.0}, {"x": 225.0, "y": 466.0}, {"x": 225.0, "y": 483.0}, {"x": 184.0, "y": 483.0}]}, "description": " 700m"}, {"boundingPoly": {"vertices": [{"x": 298.0, "y": 465.0}, {"x": 338.0, "y": 465.0}, {"x": 338.0, "y": 481.0}, {"x": 297.0, "y": 481.0}]}, "description": "4.79"}, {"boundingPoly": {"vertices": [{"x": 234.0, "y": 484.0}, {"x": 327.0, "y": 484.0}, {"x": 327.0, "y": 501.0}, {"x": 234.0, "y": 501.0}]}, "description": " 700ML PET"}, {"boundingPoly": {"vertices": [{"x": 295.0, "y": 502.0}, {"x": 336.0, "y": 502.0}, {"x": 336.0, "y": 518.0}, {"x": 295.0, "y": 518.0}]}, "description": "0.05"}, {"boundingPoly": {"vertices": [{"x": 294.0, "y": 521.0}, {"x": 335.0, "y": 521.0}, {"x": 335.0, "y": 537.0}, {"x": 294.0, "y": 538.0}]}, "description": "3.09"}, {"boundingPoly": {"vertices": [{"x": 183.0, "y": 502.0}, {"x": 215.0, "y": 502.0}, {"x": 215.0, "y": 519.0}, {"x": 183.0, "y": 519.0}]}, "description": " TAX"}, {"boundingPoly": {"vertices": [{"x": 58.0, "y": 521.0}, {"x": 73.0, "y": 521.0}, {"x": 73.0, "y": 538.0}, {"x": 58.0, "y": 538.0}]}, "description": " 1"}, {"boundingPoly": {"vertices": [{"x": 284.0, "y": 560.0}, {"x": 336.0, "y": 560.0}, {"x": 336.0, "y": 577.0}, {"x": 283.0, "y": 577.0}]}, "description": "21.42"}, {"boundingPoly": {"vertices": [{"x": 73.0, "y": 599.0}, {"x": 157.0, "y": 599.0}, {"x": 157.0, "y": 615.0}, {"x": 73.0, "y": 616.0}]}, "description": "SUBTOTAL"}, {"boundingPoly": {"vertices": [{"x": 73.0, "y": 619.0}, {"x": 240.0, "y": 618.0}, {"x": 240.0, "y": 635.0}, {"x": 73.0, "y": 636.0}]}, "description": "FOODTX ADD207001"}, {"boundingPoly": {"vertices": [{"x": 226.0, "y": 638.0}, {"x": 327.0, "y": 638.0}, {"x": 327.0, "y": 655.0}, {"x": 226.0, "y": 656.0}]}, "description": "21.42"}, {"boundingPoly": {"vertices": [{"x": 29.0, "y": 658.0}, {"x": 361.0, "y": 658.0}, {"x": 361.0, "y": 676.0}, {"x": 29.0, "y": 676.0}]}, "description": " -- 407487 Closed NOV21 06:07PM ---"}, {"boundingPoly": {"vertices": [{"x": 283.0, "y": 599.0}, {"x": 334.0, "y": 599.0}, {"x": 334.0, "y": 616.0}, {"x": 283.0, "y": 616.0}]}, "description": "19.22"}, {"boundingPoly": {"vertices": [{"x": 292.0, "y": 619.0}, {"x": 333.0, "y": 618.0}, {"x": 333.0, "y": 635.0}, {"x": 292.0, "y": 635.0}]}, "description": "2.20"}, {"boundingPoly": {"vertices": [{"x": 72.0, "y": 639.0}, {"x": 141.0, "y": 639.0}, {"x": 141.0, "y": 657.0}, {"x": 72.0, "y": 657.0}]}, "description": " AMOUNT"}, {"boundingPoly": {"vertices": [{"x": 145.0, "y": 639.0}, {"x": 189.0, "y": 639.0}, {"x": 189.0, "y": 656.0}, {"x": 145.0, "y": 656.0}]}, "description": " PAID"}, {"boundingPoly": {"vertices": [{"x": 37.0, "y": 699.0}, {"x": 64.0, "y": 699.0}, {"x": 64.0, "y": 717.0}, {"x": 37.0, "y": 717.0}]}, "description": " WE"}, {"boundingPoly": {"vertices": [{"x": 36.0, "y": 719.0}, {"x": 104.0, "y": 719.0}, {"x": 104.0, "y": 738.0}, {"x": 36.0, "y": 738.0}]}, "description": " PLEASE"}, {"boundingPoly": {"vertices": [{"x": 34.0, "y": 740.0}, {"x": 351.0, "y": 737.0}, {"x": 351.0, "y": 754.0}, {"x": 35.0, "y": 757.0}]}, "description": "OR CUSTOMERSERVICE@HMSHOST.COM"}, {"boundingPoly": {"vertices": [{"x": 152.0, "y": 758.0}, {"x": 197.0, "y": 758.0}, {"x": 197.0, "y": 776.0}, {"x": 152.0, "y": 776.0}]}, "description": " YOUR"}, {"boundingPoly": {"vertices": [{"x": 67.0, "y": 698.0}, {"x": 118.0, "y": 698.0}, {"x": 118.0, "y": 717.0}, {"x": 67.0, "y": 717.0}]}, "description": " WANT"}, {"boundingPoly": {"vertices": [{"x": 109.0, "y": 718.0}, {"x": 190.0, "y": 718.0}, {"x": 190.0, "y": 736.0}, {"x": 109.0, "y": 736.0}]}, "description": " CONTACT"}, {"boundingPoly": {"vertices": [{"x": 121.0, "y": 698.0}, {"x": 149.0, "y": 698.0}, {"x": 149.0, "y": 716.0}, {"x": 121.0, "y": 716.0}]}, "description": " TO"}, {"boundingPoly": {"vertices": [{"x": 152.0, "y": 698.0}, {"x": 201.0, "y": 698.0}, {"x": 201.0, "y": 716.0}, {"x": 152.0, "y": 716.0}]}, "description": " HEAR"}, {"boundingPoly": {"vertices": [{"x": 205.0, "y": 697.0}, {"x": 253.0, "y": 697.0}, {"x": 253.0, "y": 715.0}, {"x": 205.0, "y": 715.0}]}, "description": " YOUR"}, {"boundingPoly": {"vertices": [{"x": 195.0, "y": 718.0}, {"x": 340.0, "y": 718.0}, {"x": 340.0, "y": 736.0}, {"x": 195.0, "y": 736.0}]}, "description": "merchant phone"}, {"boundingPoly": {"vertices": [{"x": 256.0, "y": 697.0}, {"x": 351.0, "y": 697.0}, {"x": 351.0, "y": 715.0}, {"x": 256.0, "y": 715.0}]}, "description": " FEEDBACK!"}, {"boundingPoly": {"vertices": [{"x": 56.0, "y": 759.0}, {"x": 146.0, "y": 759.0}, {"x": 146.0, "y": 777.0}, {"x": 56.0, "y": 777.0}]}, "description": " TO SHARE"}, {"boundingPoly": {"vertices": [{"x": 202.0, "y": 758.0}, {"x": 316.0, "y": 758.0}, {"x": 316.0, "y": 775.0}, {"x": 202.0, "y": 775.0}]}, "description": " EXPERIENCE."}, {"boundingPoly": {"vertices": [{"x": 97.0, "y": 797.0}, {"x": 186.0, "y": 797.0}, {"x": 186.0, "y": 816.0}, {"x": 97.0, "y": 816.0}]}, "description": " STOREID:"}, {"boundingPoly": {"vertices": [{"x": 76.0, "y": 817.0}, {"x": 166.0, "y": 817.0}, {"x": 166.0, "y": 835.0}, {"x": 76.0, "y": 835.0}]}, "description": " GRATUITY"}, {"boundingPoly": {"vertices": [{"x": 147.0, "y": 837.0}, {"x": 174.0, "y": 837.0}, {"x": 174.0, "y": 854.0}, {"x": 147.0, "y": 854.0}]}, "description": " NO"}, {"boundingPoly": {"vertices": [{"x": 156.0, "y": 857.0}, {"x": 216.0, "y": 857.0}, {"x": 216.0, "y": 875.0}, {"x": 156.0, "y": 875.0}]}, "description": " PARTY"}, {"boundingPoly": {"vertices": [{"x": 22.0, "y": 876.0}, {"x": 214.0, "y": 876.0}, {"x": 214.0, "y": 897.0}, {"x": 22.0, "y": 897.0}]}, "description": " 18% DE PROPINA POR"}, {"boundingPoly": {"vertices": [{"x": 157.0, "y": 896.0}, {"x": 173.0, "y": 896.0}, {"x": 173.0, "y": 913.0}, {"x": 157.0, "y": 913.0}]}, "description": " 0"}, {"boundingPoly": {"vertices": [{"x": 189.0, "y": 796.0}, {"x": 273.0, "y": 796.0}, {"x": 273.0, "y": 814.0}, {"x": 189.0, "y": 814.0}]}, "description": " ORDTAP01"}, {"boundingPoly": {"vertices": [{"x": 211.0, "y": 816.0}, {"x": 295.0, "y": 816.0}, {"x": 295.0, "y": 834.0}, {"x": 211.0, "y": 834.0}]}, "description": " INCLUDED"}, {"boundingPoly": {"vertices": [{"x": 179.0, "y": 836.0}, {"x": 314.0, "y": 836.0}, {"x": 314.0, "y": 854.0}, {"x": 179.0, "y": 854.0}]}, "description": " ESTA INCLUIDA"}, {"boundingPoly": {"vertices": [{"x": 220.0, "y": 856.0}, {"x": 246.0, "y": 856.0}, {"x": 246.0, "y": 874.0}, {"x": 220.0, "y": 874.0}]}, "description": " OF"}, {"boundingPoly": {"vertices": [{"x": 218.0, "y": 875.0}, {"x": 307.0, "y": 875.0}, {"x": 307.0, "y": 893.0}, {"x": 218.0, "y": 893.0}]}, "description": " UN GRUPO"}, {"boundingPoly": {"vertices": [{"x": 169.0, "y": 817.0}, {"x": 208.0, "y": 817.0}, {"x": 208.0, "y": 834.0}, {"x": 169.0, "y": 834.0}]}, "description": " NOT"}, {"boundingPoly": {"vertices": [{"x": 65.0, "y": 838.0}, {"x": 142.0, "y": 838.0}, {"x": 142.0, "y": 856.0}, {"x": 65.0, "y": 856.0}]}, "description": " PROPINA"}, {"boundingPoly": {"vertices": [{"x": 22.0, "y": 858.0}, {"x": 153.0, "y": 858.0}, {"x": 153.0, "y": 878.0}, {"x": 22.0, "y": 878.0}]}, "description": " 18% GRATUITY"}, {"boundingPoly": {"vertices": [{"x": 250.0, "y": 856.0}, {"x": 266.0, "y": 856.0}, {"x": 266.0, "y": 873.0}, {"x": 250.0, "y": 873.0}]}, "description": " 6"}, {"boundingPoly": {"vertices": [{"x": 271.0, "y": 856.0}, {"x": 298.0, "y": 856.0}, {"x": 298.0, "y": 873.0}, {"x": 271.0, "y": 873.0}]}, "description": " OR"}, {"boundingPoly": {"vertices": [{"x": 301.0, "y": 856.0}, {"x": 346.0, "y": 856.0}, {"x": 346.0, "y": 873.0}, {"x": 301.0, "y": 873.0}]}, "description": " MORE"}, {"boundingPoly": {"vertices": [{"x": 310.0, "y": 875.0}, {"x": 338.0, "y": 875.0}, {"x": 338.0, "y": 893.0}, {"x": 310.0, "y": 893.0}]}, "description": " DE"}, {"boundingPoly": {"vertices": [{"x": 342.0, "y": 875.0}, {"x": 356.0, "y": 875.0}, {"x": 356.0, "y": 893.0}, {"x": 342.0, "y": 893.0}]}, "description": " 6"}, {"boundingPoly": {"vertices": [{"x": 176.0, "y": 896.0}, {"x": 210.0, "y": 896.0}, {"x": 210.0, "y": 913.0}, {"x": 176.0, "y": 913.0}]}, "description": " MAS"}]}