{"textAnnotations": [{"boundingPoly": {"vertices": [{"x": 129.0, "y": 68.0}, {"x": 279.0, "y": 68.0}, {"x": 279.0, "y": 87.0}, {"x": 129.0, "y": 87.0}]}, "description": " Zomato Order:"}, {"boundingPoly": {"vertices": [{"x": 134.0, "y": 90.0}, {"x": 394.0, "y": 94.0}, {"x": 393.0, "y": 112.0}, {"x": 134.0, "y": 108.0}]}, "description": "merchant name"}, {"boundingPoly": {"vertices": [{"x": 206.0, "y": 115.0}, {"x": 318.0, "y": 117.0}, {"x": 318.0, "y": 134.0}, {"x": 206.0, "y": 132.0}]}, "description": "merchant name"}, {"boundingPoly": {"vertices": [{"x": 202.0, "y": 139.0}, {"x": 325.0, "y": 139.0}, {"x": 325.0, "y": 158.0}, {"x": 202.0, "y": 158.0}]}, "description": "merchant address"}, {"boundingPoly": {"vertices": [{"x": 285.0, "y": 69.0}, {"x": 399.0, "y": 69.0}, {"x": 399.0, "y": 87.0}, {"x": 285.0, "y": 87.0}]}, "description": " 1656903777"}, {"boundingPoly": {"vertices": [{"x": 167.0, "y": 182.0}, {"x": 357.0, "y": 182.0}, {"x": 357.0, "y": 200.0}, {"x": 167.0, "y": 200.0}]}, "description": " 29/:1/19 at 03:13 PM"}, {"boundingPoly": {"vertices": [{"x": 153.0, "y": 224.0}, {"x": 369.0, "y": 227.0}, {"x": 369.0, "y": 246.0}, {"x": 153.0, "y": 242.0}]}, "description": "Delivered By Zomato"}, {"boundingPoly": {"vertices": [{"x": 91.0, "y": 271.0}, {"x": 153.0, "y": 271.0}, {"x": 153.0, "y": 289.0}, {"x": 91.0, "y": 289.0}]}, "description": " Name:"}, {"boundingPoly": {"vertices": [{"x": 92.0, "y": 295.0}, {"x": 187.0, "y": 295.0}, {"x": 187.0, "y": 313.0}, {"x": 92.0, "y": 313.0}]}, "description": " Address:"}, {"boundingPoly": {"vertices": [{"x": 91.0, "y": 316.0}, {"x": 175.0, "y": 317.0}, {"x": 175.0, "y": 334.0}, {"x": 91.0, "y": 332.0}]}, "description": "GURGAON."}, {"boundingPoly": {"vertices": [{"x": 92.0, "y": 342.0}, {"x": 142.0, "y": 342.0}, {"x": 142.0, "y": 361.0}, {"x": 92.0, "y": 361.0}]}, "description": " OTP:"}, {"boundingPoly": {"vertices": [{"x": 190.0, "y": 295.0}, {"x": 346.0, "y": 295.0}, {"x": 346.0, "y": 316.0}, {"x": 190.0, "y": 316.0}]}, "description": " [LF CYBER CITY,"}, {"boundingPoly": {"vertices": [{"x": 146.0, "y": 342.0}, {"x": 203.0, "y": 342.0}, {"x": 203.0, "y": 361.0}, {"x": 146.0, "y": 361.0}]}, "description": " 0598"}, {"boundingPoly": {"vertices": [{"x": 225.0, "y": 392.0}, {"x": 291.0, "y": 392.0}, {"x": 291.0, "y": 411.0}, {"x": 225.0, "y": 411.0}]}, "description": "Order"}, {"boundingPoly": {"vertices": [{"x": 161.0, "y": 423.0}, {"x": 231.0, "y": 423.0}, {"x": 231.0, "y": 439.0}, {"x": 161.0, "y": 439.0}]}, "description": " Pakora"}, {"boundingPoly": {"vertices": [{"x": 95.0, "y": 423.0}, {"x": 153.0, "y": 423.0}, {"x": 153.0, "y": 439.0}, {"x": 95.0, "y": 439.0}]}, "description": " Bread"}, {"boundingPoly": {"vertices": [{"x": 94.0, "y": 451.0}, {"x": 122.0, "y": 451.0}, {"x": 122.0, "y": 469.0}, {"x": 94.0, "y": 469.0}]}, "description": " 30"}, {"boundingPoly": {"vertices": [{"x": 127.0, "y": 452.0}, {"x": 176.0, "y": 452.0}, {"x": 176.0, "y": 470.0}, {"x": 127.0, "y": 470.0}]}, "description": " 2 828"}, {"boundingPoly": {"vertices": [{"x": 374.0, "y": 454.0}, {"x": 424.0, "y": 455.0}, {"x": 424.0, "y": 473.0}, {"x": 374.0, "y": 472.0}]}, "description": "\u20b9840"}, {"boundingPoly": {"vertices": [{"x": 89.0, "y": 505.0}, {"x": 230.0, "y": 507.0}, {"x": 229.0, "y": 524.0}, {"x": 89.0, "y": 523.0}]}, "description": "Plain Dho la"}, {"boundingPoly": {"vertices": [{"x": 93.0, "y": 532.0}, {"x": 176.0, "y": 533.0}, {"x": 176.0, "y": 551.0}, {"x": 93.0, "y": 551.0}]}, "description": "Quantity"}, {"boundingPoly": {"vertices": [{"x": 93.0, "y": 554.0}, {"x": 137.0, "y": 556.0}, {"x": 136.0, "y": 573.0}, {"x": 93.0, "y": 571.0}]}, "description": "1 Kg"}, {"boundingPoly": {"vertices": [{"x": 385.0, "y": 587.0}, {"x": 423.0, "y": 587.0}, {"x": 423.0, "y": 604.0}, {"x": 385.0, "y": 602.0}]}, "description": "290"}, {"boundingPoly": {"vertices": [{"x": 93.0, "y": 635.0}, {"x": 161.0, "y": 636.0}, {"x": 161.0, "y": 653.0}, {"x": 93.0, "y": 652.0}]}, "description": "Jalebi"}, {"boundingPoly": {"vertices": [{"x": 93.0, "y": 663.0}, {"x": 177.0, "y": 663.0}, {"x": 176.0, "y": 681.0}, {"x": 93.0, "y": 680.0}]}, "description": "Quantity"}, {"boundingPoly": {"vertices": [{"x": 93.0, "y": 683.0}, {"x": 136.0, "y": 686.0}, {"x": 135.0, "y": 702.0}, {"x": 93.0, "y": 700.0}]}, "description": "1 kg"}, {"boundingPoly": {"vertices": [{"x": 94.0, "y": 711.0}, {"x": 109.0, "y": 711.0}, {"x": 109.0, "y": 729.0}, {"x": 94.0, "y": 729.0}]}, "description": " 1"}, {"boundingPoly": {"vertices": [{"x": 112.0, "y": 712.0}, {"x": 173.0, "y": 712.0}, {"x": 173.0, "y": 730.0}, {"x": 112.0, "y": 730.0}]}, "description": " x \u20b9 280"}, {"boundingPoly": {"vertices": [{"x": 372.0, "y": 714.0}, {"x": 423.0, "y": 714.0}, {"x": 423.0, "y": 732.0}, {"x": 372.0, "y": 732.0}]}, "description": "\u5929289"}, {"boundingPoly": {"vertices": [{"x": 90.0, "y": 766.0}, {"x": 273.0, "y": 767.0}, {"x": 272.0, "y": 785.0}, {"x": 90.0, "y": 783.0}]}, "description": "Restaurant Promo"}, {"boundingPoly": {"vertices": [{"x": 92.0, "y": 796.0}, {"x": 150.0, "y": 797.0}, {"x": 150.0, "y": 813.0}, {"x": 91.0, "y": 812.0}]}, "description": "Taxes"}, {"boundingPoly": {"vertices": [{"x": 353.0, "y": 768.0}, {"x": 423.0, "y": 770.0}, {"x": 423.0, "y": 788.0}, {"x": 353.0, "y": 785.0}]}, "description": "\u20b9211.5"}, {"boundingPoly": {"vertices": [{"x": 352.0, "y": 798.0}, {"x": 423.0, "y": 800.0}, {"x": 422.0, "y": 817.0}, {"x": 352.0, "y": 815.0}]}, "description": "\u20b959.92"}, {"boundingPoly": {"vertices": [{"x": 387.0, "y": 829.0}, {"x": 423.0, "y": 830.0}, {"x": 422.0, "y": 848.0}, {"x": 387.0, "y": 847.0}]}, "description": "\u00a510"}, {"boundingPoly": {"vertices": [{"x": 290.0, "y": 860.0}, {"x": 424.0, "y": 862.0}, {"x": 423.0, "y": 888.0}, {"x": 290.0, "y": 885.0}]}, "description": "\u20b91268.42"}, {"boundingPoly": {"vertices": [{"x": 92.0, "y": 827.0}, {"x": 196.0, "y": 827.0}, {"x": 196.0, "y": 847.0}, {"x": 92.0, "y": 847.0}]}, "description": " Packaging"}, {"boundingPoly": {"vertices": [{"x": 91.0, "y": 857.0}, {"x": 170.0, "y": 858.0}, {"x": 170.0, "y": 883.0}, {"x": 91.0, "y": 882.0}]}, "description": "Total"}, {"boundingPoly": {"vertices": [{"x": 203.0, "y": 828.0}, {"x": 272.0, "y": 828.0}, {"x": 272.0, "y": 848.0}, {"x": 203.0, "y": 848.0}]}, "description": " Charge"}]}