{"textAnnotations": [{"boundingPoly": {"vertices": [{"x": 661.0, "y": 303.0}, {"x": 1107.0, "y": 293.0}, {"x": 1108.0, "y": 367.0}, {"x": 661.0, "y": 375.0}]}, "description": "merchant name"}, {"boundingPoly": {"vertices": [{"x": 790.0, "y": 476.0}, {"x": 963.0, "y": 465.0}, {"x": 968.0, "y": 516.0}, {"x": 793.0, "y": 529.0}]}, "description": "merchant name"}, {"boundingPoly": {"vertices": [{"x": 589.0, "y": 559.0}, {"x": 1149.0, "y": 552.0}, {"x": 1150.0, "y": 604.0}, {"x": 590.0, "y": 613.0}]}, "description": "www.bombayny.com"}, {"boundingPoly": {"vertices": [{"x": 605.0, "y": 612.0}, {"x": 1114.0, "y": 602.0}, {"x": 1115.0, "y": 652.0}, {"x": 606.0, "y": 659.0}]}, "description": "bombayny@gmail.com"}, {"boundingPoly": {"vertices": [{"x": 746.0, "y": 672.0}, {"x": 991.0, "y": 669.0}, {"x": 992.0, "y": 717.0}, {"x": 746.0, "y": 720.0}]}, "description": "merchant address"}, {"boundingPoly": {"vertices": [{"x": 636.0, "y": 732.0}, {"x": 1095.0, "y": 729.0}, {"x": 1096.0, "y": 780.0}, {"x": 636.0, "y": 783.0}]}, "description": "merchant address"}, {"boundingPoly": {"vertices": [{"x": 704.0, "y": 794.0}, {"x": 1028.0, "y": 793.0}, {"x": 1029.0, "y": 844.0}, {"x": 704.0, "y": 848.0}]}, "description": "merchant phone"}, {"boundingPoly": {"vertices": [{"x": 634.0, "y": 853.0}, {"x": 1089.0, "y": 847.0}, {"x": 1089.0, "y": 907.0}, {"x": 634.0, "y": 912.0}]}, "description": "(212) 742-2227 (Fax)"}, {"boundingPoly": {"vertices": [{"x": 729.0, "y": 967.0}, {"x": 997.0, "y": 963.0}, {"x": 998.0, "y": 1016.0}, {"x": 730.0, "y": 1021.0}]}, "description": "DELIVERY"}, {"boundingPoly": {"vertices": [{"x": 720.0, "y": 1036.0}, {"x": 1002.0, "y": 1037.0}, {"x": 1001.0, "y": 1089.0}, {"x": 720.0, "y": 1087.0}]}, "description": "ORDER #312"}, {"boundingPoly": {"vertices": [{"x": 288.0, "y": 1153.0}, {"x": 441.0, "y": 1153.0}, {"x": 441.0, "y": 1202.0}, {"x": 288.0, "y": 1202.0}]}, "description": " Name:"}, {"boundingPoly": {"vertices": [{"x": 282.0, "y": 1215.0}, {"x": 487.0, "y": 1215.0}, {"x": 487.0, "y": 1271.0}, {"x": 282.0, "y": 1271.0}]}, "description": " Address:"}, {"boundingPoly": {"vertices": [{"x": 279.0, "y": 1283.0}, {"x": 336.0, "y": 1284.0}, {"x": 335.0, "y": 1332.0}, {"x": 278.0, "y": 1330.0}]}, "description": "St"}, {"boundingPoly": {"vertices": [{"x": 271.0, "y": 1349.0}, {"x": 436.0, "y": 1349.0}, {"x": 436.0, "y": 1406.0}, {"x": 271.0, "y": 1406.0}]}, "description": " Phone:"}, {"boundingPoly": {"vertices": [{"x": 498.0, "y": 1208.0}, {"x": 1396.0, "y": 1208.0}, {"x": 1396.0, "y": 1271.0}, {"x": 498.0, "y": 1271.0}]}, "description": "merchant address"}, {"boundingPoly": {"vertices": [{"x": 445.0, "y": 1350.0}, {"x": 793.0, "y": 1350.0}, {"x": 793.0, "y": 1410.0}, {"x": 445.0, "y": 1410.0}]}, "description": "merchant phone"}, {"boundingPoly": {"vertices": [{"x": 261.0, "y": 1464.0}, {"x": 527.0, "y": 1466.0}, {"x": 526.0, "y": 1515.0}, {"x": 261.0, "y": 1510.0}]}, "description": "Invoice #2315"}, {"boundingPoly": {"vertices": [{"x": 260.0, "y": 1516.0}, {"x": 469.0, "y": 1515.0}, {"x": 470.0, "y": 1564.0}, {"x": 260.0, "y": 1565.0}]}, "description": "Abhijeet V"}, {"boundingPoly": {"vertices": [{"x": 974.0, "y": 1457.0}, {"x": 1434.0, "y": 1457.0}, {"x": 1434.0, "y": 1510.0}, {"x": 974.0, "y": 1510.0}]}, "description": " Tue, 11/26/2019 8:42 PM"}, {"boundingPoly": {"vertices": [{"x": 251.0, "y": 1631.0}, {"x": 302.0, "y": 1631.0}, {"x": 302.0, "y": 1695.0}, {"x": 251.0, "y": 1695.0}]}, "description": " 1"}, {"boundingPoly": {"vertices": [{"x": 314.0, "y": 1630.0}, {"x": 896.0, "y": 1630.0}, {"x": 896.0, "y": 1695.0}, {"x": 314.0, "y": 1695.0}]}, "description": " App + Entree + Naan"}, {"boundingPoly": {"vertices": [{"x": 310.0, "y": 1704.0}, {"x": 705.0, "y": 1703.0}, {"x": 706.0, "y": 1769.0}, {"x": 310.0, "y": 1771.0}]}, "description": "(A) Papdi Chaat"}, {"boundingPoly": {"vertices": [{"x": 309.0, "y": 1777.0}, {"x": 626.0, "y": 1777.0}, {"x": 626.0, "y": 1837.0}, {"x": 309.0, "y": 1837.0}]}, "description": "Dal Makhani"}, {"boundingPoly": {"vertices": [{"x": 304.0, "y": 1857.0}, {"x": 606.0, "y": 1857.0}, {"x": 606.0, "y": 1918.0}, {"x": 304.0, "y": 1918.0}]}, "description": " Rose Lassi"}, {"boundingPoly": {"vertices": [{"x": 1267.0, "y": 1634.0}, {"x": 1439.0, "y": 1634.0}, {"x": 1438.0, "y": 1693.0}, {"x": 1267.0, "y": 1692.0}]}, "description": "$15.95"}, {"boundingPoly": {"vertices": [{"x": 233.0, "y": 1862.0}, {"x": 283.0, "y": 1862.0}, {"x": 283.0, "y": 1918.0}, {"x": 233.0, "y": 1918.0}]}, "description": " 1"}, {"boundingPoly": {"vertices": [{"x": 1291.0, "y": 1862.0}, {"x": 1447.0, "y": 1862.0}, {"x": 1445.0, "y": 1926.0}, {"x": 1294.0, "y": 1924.0}]}, "description": "$3.95"}, {"boundingPoly": {"vertices": [{"x": 777.0, "y": 1994.0}, {"x": 1046.0, "y": 1994.0}, {"x": 1046.0, "y": 2051.0}, {"x": 777.0, "y": 2051.0}]}, "description": " SUBTOTAL"}, {"boundingPoly": {"vertices": [{"x": 949.0, "y": 2073.0}, {"x": 1046.0, "y": 2073.0}, {"x": 1046.0, "y": 2128.0}, {"x": 949.0, "y": 2128.0}]}, "description": " TAX"}, {"boundingPoly": {"vertices": [{"x": 881.0, "y": 2151.0}, {"x": 1050.0, "y": 2151.0}, {"x": 1050.0, "y": 2210.0}, {"x": 881.0, "y": 2210.0}]}, "description": " TOTAL"}, {"boundingPoly": {"vertices": [{"x": 477.0, "y": 2224.0}, {"x": 1040.0, "y": 2224.0}, {"x": 1040.0, "y": 2297.0}, {"x": 477.0, "y": 2297.0}]}, "description": " CREDIT CARD (AMEX)"}, {"boundingPoly": {"vertices": [{"x": 980.0, "y": 2333.0}, {"x": 1188.0, "y": 2307.0}, {"x": 1207.0, "y": 2411.0}, {"x": 992.0, "y": 2444.0}]}, "description": "Tips"}, {"boundingPoly": {"vertices": [{"x": 413.0, "y": 2466.0}, {"x": 1537.0, "y": 2477.0}, {"x": 1536.0, "y": 2572.0}, {"x": 412.0, "y": 2549.0}]}, "description": "15%=$2.99, 18%=$3.58, 20%=$3.98 $2."}, {"boundingPoly": {"vertices": [{"x": 1056.0, "y": 1996.0}, {"x": 1089.0, "y": 1996.0}, {"x": 1089.0, "y": 2051.0}, {"x": 1056.0, "y": 2051.0}]}, "description": " :"}, {"boundingPoly": {"vertices": [{"x": 1057.0, "y": 2074.0}, {"x": 1086.0, "y": 2074.0}, {"x": 1086.0, "y": 2128.0}, {"x": 1057.0, "y": 2128.0}]}, "description": " :"}, {"boundingPoly": {"vertices": [{"x": 1059.0, "y": 2152.0}, {"x": 1087.0, "y": 2152.0}, {"x": 1087.0, "y": 2211.0}, {"x": 1059.0, "y": 2211.0}]}, "description": " :"}, {"boundingPoly": {"vertices": [{"x": 1052.0, "y": 2228.0}, {"x": 1083.0, "y": 2228.0}, {"x": 1083.0, "y": 2298.0}, {"x": 1052.0, "y": 2298.0}]}, "description": " :"}, {"boundingPoly": {"vertices": [{"x": 1276.0, "y": 2001.0}, {"x": 1447.0, "y": 2002.0}, {"x": 1446.0, "y": 2060.0}, {"x": 1276.0, "y": 2057.0}]}, "description": "$19.90"}, {"boundingPoly": {"vertices": [{"x": 1326.0, "y": 2079.0}, {"x": 1446.0, "y": 2084.0}, {"x": 1443.0, "y": 2139.0}, {"x": 1322.0, "y": 2136.0}]}, "description": "$1.77"}, {"boundingPoly": {"vertices": [{"x": 1292.0, "y": 2158.0}, {"x": 1450.0, "y": 2160.0}, {"x": 1445.0, "y": 2218.0}, {"x": 1291.0, "y": 2214.0}]}, "description": "$21.67"}, {"boundingPoly": {"vertices": [{"x": 1294.0, "y": 2235.0}, {"x": 1451.0, "y": 2239.0}, {"x": 1450.0, "y": 2298.0}, {"x": 1290.0, "y": 2293.0}]}, "description": "$21.67"}, {"boundingPoly": {"vertices": [{"x": 1278.0, "y": 2323.0}, {"x": 1458.0, "y": 2323.0}, {"x": 1458.0, "y": 2403.0}, {"x": 1278.0, "y": 2403.0}]}, "description": " 12:33"}, {"boundingPoly": {"vertices": [{"x": 696.0, "y": 2383.0}, {"x": 955.0, "y": 2383.0}, {"x": 955.0, "y": 2454.0}, {"x": 696.0, "y": 2457.0}]}, "description": "Tip Guide"}, {"boundingPoly": {"vertices": [{"x": 194.0, "y": 2738.0}, {"x": 267.0, "y": 2741.0}, {"x": 266.0, "y": 2827.0}, {"x": 192.0, "y": 2824.0}]}, "description": "C"}, {"boundingPoly": {"vertices": [{"x": 347.0, "y": 2717.0}, {"x": 1162.0, "y": 2735.0}, {"x": 1159.0, "y": 2816.0}, {"x": 345.0, "y": 2784.0}]}, "description": "REDMI NOTE 5 (BRO ) 567-7917"}, {"boundingPoly": {"vertices": [{"x": 340.0, "y": 2789.0}, {"x": 814.0, "y": 2793.0}, {"x": 814.0, "y": 2849.0}, {"x": 340.0, "y": 2844.0}]}, "description": "MI DUAL CAMERA"}]}