{"textAnnotations": [{"boundingPoly": {"vertices": [{"x": 207.0, "y": 0.0}, {"x": 270.0, "y": 2.0}, {"x": 268.0, "y": 20.0}, {"x": 207.0, "y": 16.0}]}, "description": "merchant name"}, {"boundingPoly": {"vertices": [{"x": 205.0, "y": 81.0}, {"x": 265.0, "y": 79.0}, {"x": 266.0, "y": 92.0}, {"x": 205.0, "y": 94.0}]}, "description": "merchant name"}, {"boundingPoly": {"vertices": [{"x": 159.0, "y": 97.0}, {"x": 309.0, "y": 92.0}, {"x": 310.0, "y": 105.0}, {"x": 160.0, "y": 111.0}]}, "description": "merchant address"}, {"boundingPoly": {"vertices": [{"x": 196.0, "y": 126.0}, {"x": 269.0, "y": 125.0}, {"x": 269.0, "y": 138.0}, {"x": 196.0, "y": 140.0}]}, "description": "merchant phone"}, {"boundingPoly": {"vertices": [{"x": 169.0, "y": 113.0}, {"x": 297.0, "y": 108.0}, {"x": 297.0, "y": 121.0}, {"x": 169.0, "y": 126.0}]}, "description": "merchant address"}, {"boundingPoly": {"vertices": [{"x": 187.0, "y": 156.0}, {"x": 258.0, "y": 156.0}, {"x": 258.0, "y": 176.0}, {"x": 187.0, "y": 176.0}]}, "description": " ORDER:"}, {"boundingPoly": {"vertices": [{"x": 207.0, "y": 181.0}, {"x": 260.0, "y": 181.0}, {"x": 260.0, "y": 199.0}, {"x": 207.0, "y": 199.0}]}, "description": "To Go"}, {"boundingPoly": {"vertices": [{"x": 262.0, "y": 156.0}, {"x": 281.0, "y": 156.0}, {"x": 281.0, "y": 176.0}, {"x": 262.0, "y": 176.0}]}, "description": " oi"}, {"boundingPoly": {"vertices": [{"x": 98.0, "y": 205.0}, {"x": 145.0, "y": 205.0}, {"x": 145.0, "y": 218.0}, {"x": 98.0, "y": 218.0}]}, "description": " Cashier:"}, {"boundingPoly": {"vertices": [{"x": 96.0, "y": 219.0}, {"x": 230.0, "y": 219.0}, {"x": 230.0, "y": 233.0}, {"x": 96.0, "y": 233.0}]}, "description": " 06-Dec-2019 8:39:17P"}, {"boundingPoly": {"vertices": [{"x": 147.0, "y": 205.0}, {"x": 186.0, "y": 205.0}, {"x": 186.0, "y": 217.0}, {"x": 147.0, "y": 217.0}]}, "description": " Normi"}, {"boundingPoly": {"vertices": [{"x": 119.0, "y": 250.0}, {"x": 169.0, "y": 251.0}, {"x": 169.0, "y": 263.0}, {"x": 119.0, "y": 262.0}]}, "description": "Brownie"}, {"boundingPoly": {"vertices": [{"x": 120.0, "y": 266.0}, {"x": 152.0, "y": 266.0}, {"x": 152.0, "y": 278.0}, {"x": 119.0, "y": 277.0}]}, "description": "Latte"}, {"boundingPoly": {"vertices": [{"x": 333.0, "y": 250.0}, {"x": 368.0, "y": 251.0}, {"x": 368.0, "y": 263.0}, {"x": 333.0, "y": 263.0}]}, "description": "$4.50"}, {"boundingPoly": {"vertices": [{"x": 332.0, "y": 266.0}, {"x": 368.0, "y": 266.0}, {"x": 368.0, "y": 278.0}, {"x": 332.0, "y": 279.0}]}, "description": "$4.25"}, {"boundingPoly": {"vertices": [{"x": 284.0, "y": 280.0}, {"x": 369.0, "y": 280.0}, {"x": 369.0, "y": 291.0}, {"x": 284.0, "y": 292.0}]}, "description": "Medium $0.25"}, {"boundingPoly": {"vertices": [{"x": 261.0, "y": 294.0}, {"x": 369.0, "y": 293.0}, {"x": 369.0, "y": 305.0}, {"x": 261.0, "y": 306.0}]}, "description": "Caffeinated $0.00"}, {"boundingPoly": {"vertices": [{"x": 259.0, "y": 308.0}, {"x": 372.0, "y": 307.0}, {"x": 372.0, "y": 320.0}, {"x": 259.0, "y": 322.0}]}, "description": "Regular Milk $0.00"}, {"boundingPoly": {"vertices": [{"x": 94.0, "y": 357.0}, {"x": 147.0, "y": 356.0}, {"x": 147.0, "y": 369.0}, {"x": 94.0, "y": 370.0}]}, "description": "Subtotal"}, {"boundingPoly": {"vertices": [{"x": 94.0, "y": 374.0}, {"x": 116.0, "y": 374.0}, {"x": 116.0, "y": 385.0}, {"x": 94.0, "y": 386.0}]}, "description": "Tax"}, {"boundingPoly": {"vertices": [{"x": 340.0, "y": 353.0}, {"x": 375.0, "y": 353.0}, {"x": 374.0, "y": 365.0}, {"x": 340.0, "y": 366.0}]}, "description": "$9.00"}, {"boundingPoly": {"vertices": [{"x": 341.0, "y": 369.0}, {"x": 373.0, "y": 369.0}, {"x": 374.0, "y": 381.0}, {"x": 341.0, "y": 382.0}]}, "description": "$0.80"}, {"boundingPoly": {"vertices": [{"x": 94.0, "y": 405.0}, {"x": 126.0, "y": 405.0}, {"x": 126.0, "y": 417.0}, {"x": 94.0, "y": 418.0}]}, "description": "Total"}, {"boundingPoly": {"vertices": [{"x": 340.0, "y": 400.0}, {"x": 375.0, "y": 400.0}, {"x": 375.0, "y": 413.0}, {"x": 340.0, "y": 413.0}]}, "description": "$9.80"}, {"boundingPoly": {"vertices": [{"x": 150.0, "y": 451.0}, {"x": 193.0, "y": 451.0}, {"x": 193.0, "y": 465.0}, {"x": 150.0, "y": 465.0}]}, "description": " Online:"}, {"boundingPoly": {"vertices": [{"x": 195.0, "y": 447.0}, {"x": 317.0, "y": 447.0}, {"x": 317.0, "y": 464.0}, {"x": 195.0, "y": 464.0}]}, "description": " https://clover.com/r"}, {"boundingPoly": {"vertices": [{"x": 176.0, "y": 466.0}, {"x": 296.0, "y": 462.0}, {"x": 296.0, "y": 475.0}, {"x": 176.0, "y": 479.0}]}, "description": "/J9GGHEWXZOENR"}, {"boundingPoly": {"vertices": [{"x": 180.0, "y": 528.0}, {"x": 296.0, "y": 526.0}, {"x": 297.0, "y": 539.0}, {"x": 180.0, "y": 542.0}]}, "description": "J9GGHEWXZOENR"}, {"boundingPoly": {"vertices": [{"x": 96.0, "y": 562.0}, {"x": 185.0, "y": 561.0}, {"x": 185.0, "y": 575.0}, {"x": 96.0, "y": 576.0}]}, "description": "Customer Info"}, {"boundingPoly": {"vertices": [{"x": 96.0, "y": 580.0}, {"x": 137.0, "y": 580.0}, {"x": 137.0, "y": 592.0}, {"x": 96.0, "y": 592.0}]}, "description": " Name:"}]}