{"textAnnotations": [{"boundingPoly": {"vertices": [{"x": 510.0, "y": 384.0}, {"x": 755.0, "y": 357.0}, {"x": 758.0, "y": 383.0}, {"x": 513.0, "y": 410.0}]}, "description": "merchant name"}, {"boundingPoly": {"vertices": [{"x": 541.0, "y": 433.0}, {"x": 726.0, "y": 415.0}, {"x": 728.0, "y": 439.0}, {"x": 544.0, "y": 457.0}]}, "description": "merchant address"}, {"boundingPoly": {"vertices": [{"x": 717.0, "y": 480.0}, {"x": 841.0, "y": 480.0}, {"x": 841.0, "y": 518.0}, {"x": 717.0, "y": 518.0}]}, "description": " 7:56am"}, {"boundingPoly": {"vertices": [{"x": 548.0, "y": 407.0}, {"x": 720.0, "y": 391.0}, {"x": 722.0, "y": 414.0}, {"x": 551.0, "y": 431.0}]}, "description": "merchant address"}, {"boundingPoly": {"vertices": [{"x": 571.0, "y": 456.0}, {"x": 700.0, "y": 444.0}, {"x": 702.0, "y": 467.0}, {"x": 571.0, "y": 480.0}]}, "description": "merchant phone"}, {"boundingPoly": {"vertices": [{"x": 578.0, "y": 503.0}, {"x": 692.0, "y": 496.0}, {"x": 693.0, "y": 520.0}, {"x": 579.0, "y": 528.0}]}, "description": "11/03/19-A"}, {"boundingPoly": {"vertices": [{"x": 425.0, "y": 508.0}, {"x": 543.0, "y": 505.0}, {"x": 544.0, "y": 528.0}, {"x": 425.0, "y": 532.0}]}, "description": "Cntr 204"}, {"boundingPoly": {"vertices": [{"x": 426.0, "y": 531.0}, {"x": 521.0, "y": 531.0}, {"x": 521.0, "y": 556.0}, {"x": 426.0, "y": 556.0}]}, "description": " Guests 1"}, {"boundingPoly": {"vertices": [{"x": 525.0, "y": 524.0}, {"x": 665.0, "y": 524.0}, {"x": 665.0, "y": 555.0}, {"x": 525.0, "y": 555.0}]}, "description": " Pick A Bagel"}, {"boundingPoly": {"vertices": [{"x": 681.0, "y": 506.0}, {"x": 842.0, "y": 506.0}, {"x": 842.0, "y": 547.0}, {"x": 681.0, "y": 547.0}]}, "description": " Table (STANDEE)"}, {"boundingPoly": {"vertices": [{"x": 795.0, "y": 567.0}, {"x": 839.0, "y": 561.0}, {"x": 841.0, "y": 583.0}, {"x": 798.0, "y": 589.0}]}, "description": "6.25"}, {"boundingPoly": {"vertices": [{"x": 799.0, "y": 592.0}, {"x": 840.0, "y": 589.0}, {"x": 842.0, "y": 612.0}, {"x": 800.0, "y": 615.0}]}, "description": "3.75"}, {"boundingPoly": {"vertices": [{"x": 790.0, "y": 621.0}, {"x": 843.0, "y": 617.0}, {"x": 844.0, "y": 639.0}, {"x": 790.0, "y": 642.0}]}, "description": "11.80"}, {"boundingPoly": {"vertices": [{"x": 422.0, "y": 582.0}, {"x": 571.0, "y": 579.0}, {"x": 571.0, "y": 602.0}, {"x": 422.0, "y": 605.0}]}, "description": "1 .. Fruit Salad"}, {"boundingPoly": {"vertices": [{"x": 421.0, "y": 606.0}, {"x": 608.0, "y": 603.0}, {"x": 608.0, "y": 628.0}, {"x": 421.0, "y": 630.0}]}, "description": "1 .. Regular Muffins"}, {"boundingPoly": {"vertices": [{"x": 422.0, "y": 630.0}, {"x": 607.0, "y": 629.0}, {"x": 607.0, "y": 653.0}, {"x": 422.0, "y": 655.0}]}, "description": "1 .. Grilled Chicken"}, {"boundingPoly": {"vertices": [{"x": 442.0, "y": 656.0}, {"x": 605.0, "y": 655.0}, {"x": 605.0, "y": 678.0}, {"x": 442.0, "y": 679.0}]}, "description": "American Cheese"}, {"boundingPoly": {"vertices": [{"x": 416.0, "y": 681.0}, {"x": 562.0, "y": 680.0}, {"x": 562.0, "y": 704.0}, {"x": 416.0, "y": 705.0}]}, "description": "1 .. Lg Hot Choc"}, {"boundingPoly": {"vertices": [{"x": 796.0, "y": 674.0}, {"x": 844.0, "y": 672.0}, {"x": 844.0, "y": 696.0}, {"x": 796.0, "y": 698.0}]}, "description": "2.55"}, {"boundingPoly": {"vertices": [{"x": 613.0, "y": 732.0}, {"x": 667.0, "y": 734.0}, {"x": 665.0, "y": 755.0}, {"x": 611.0, "y": 752.0}]}, "description": "Items"}, {"boundingPoly": {"vertices": [{"x": 634.0, "y": 759.0}, {"x": 669.0, "y": 761.0}, {"x": 668.0, "y": 781.0}, {"x": 632.0, "y": 779.0}]}, "description": "Tax"}, {"boundingPoly": {"vertices": [{"x": 494.0, "y": 782.0}, {"x": 660.0, "y": 784.0}, {"x": 660.0, "y": 808.0}, {"x": 494.0, "y": 806.0}]}, "description": "Subtotal"}, {"boundingPoly": {"vertices": [{"x": 784.0, "y": 730.0}, {"x": 842.0, "y": 728.0}, {"x": 842.0, "y": 751.0}, {"x": 784.0, "y": 752.0}]}, "description": "24.35"}, {"boundingPoly": {"vertices": [{"x": 793.0, "y": 757.0}, {"x": 840.0, "y": 756.0}, {"x": 839.0, "y": 778.0}, {"x": 794.0, "y": 779.0}]}, "description": "2.16"}, {"boundingPoly": {"vertices": [{"x": 727.0, "y": 784.0}, {"x": 834.0, "y": 783.0}, {"x": 834.0, "y": 808.0}, {"x": 727.0, "y": 809.0}]}, "description": "26.51"}, {"boundingPoly": {"vertices": [{"x": 633.0, "y": 863.0}, {"x": 665.0, "y": 865.0}, {"x": 664.0, "y": 888.0}, {"x": 631.0, "y": 886.0}]}, "description": "Tip"}, {"boundingPoly": {"vertices": [{"x": 607.0, "y": 942.0}, {"x": 662.0, "y": 945.0}, {"x": 660.0, "y": 968.0}, {"x": 607.0, "y": 965.0}]}, "description": "TOTAL"}, {"boundingPoly": {"vertices": [{"x": 407.0, "y": 985.0}, {"x": 676.0, "y": 998.0}, {"x": 675.0, "y": 1023.0}, {"x": 407.0, "y": 1009.0}]}, "description": "01.45800225 AMEX#1000 Chp"}, {"boundingPoly": {"vertices": [{"x": 427.0, "y": 1036.0}, {"x": 598.0, "y": 1047.0}, {"x": 597.0, "y": 1071.0}, {"x": 425.0, "y": 1061.0}]}, "description": "AMERICAN EXPRESS"}, {"boundingPoly": {"vertices": [{"x": 432.0, "y": 1012.0}, {"x": 673.0, "y": 1012.0}, {"x": 673.0, "y": 1051.0}, {"x": 432.0, "y": 1051.0}]}, "description": " 11-03-2019 07:56:35 NOS"}, {"boundingPoly": {"vertices": [{"x": 656.0, "y": 1053.0}, {"x": 836.0, "y": 1065.0}, {"x": 834.0, "y": 1090.0}, {"x": 654.0, "y": 1077.0}]}, "description": "A000000025010801"}, {"boundingPoly": {"vertices": [{"x": 777.0, "y": 1033.0}, {"x": 835.0, "y": 1037.0}, {"x": 833.0, "y": 1061.0}, {"x": 775.0, "y": 1056.0}]}, "description": "26.51"}, {"boundingPoly": {"vertices": [{"x": 422.0, "y": 1064.0}, {"x": 838.0, "y": 1093.0}, {"x": 836.0, "y": 1119.0}, {"x": 421.0, "y": 1088.0}]}, "description": "0000008000/F800 06600103602002/865484"}, {"boundingPoly": {"vertices": [{"x": 468.0, "y": 1121.0}, {"x": 756.0, "y": 1144.0}, {"x": 753.0, "y": 1172.0}, {"x": 466.0, "y": 1148.0}]}, "description": "Customer Copy"}, {"boundingPoly": {"vertices": [{"x": 406.0, "y": 1201.0}, {"x": 821.0, "y": 1237.0}, {"x": 819.0, "y": 1265.0}, {"x": 405.0, "y": 1226.0}]}, "description": "amount according to issuer agreement."}, {"boundingPoly": {"vertices": [{"x": 386.0, "y": 1168.0}, {"x": 836.0, "y": 1207.0}, {"x": 833.0, "y": 1236.0}, {"x": 384.0, "y": 1197.0}]}, "description": "Cardholder agrees to pay the above TOTAL"}, {"boundingPoly": {"vertices": [{"x": 444.0, "y": 1258.0}, {"x": 770.0, "y": 1291.0}, {"x": 768.0, "y": 1320.0}, {"x": 442.0, "y": 1286.0}]}, "description": "Thank you for your patronage."}, {"boundingPoly": {"vertices": [{"x": 468.0, "y": 1322.0}, {"x": 725.0, "y": 1345.0}, {"x": 723.0, "y": 1374.0}, {"x": 466.0, "y": 1350.0}]}, "description": "W pickabageltogo.com"}]}