{"textAnnotations": [{"boundingPoly": {"vertices": [{"x": 174.0, "y": 103.0}, {"x": 315.0, "y": 102.0}, {"x": 315.0, "y": 139.0}, {"x": 174.0, "y": 141.0}]}, "description": "merchant name"}, {"boundingPoly": {"vertices": [{"x": 119.0, "y": 143.0}, {"x": 364.0, "y": 142.0}, {"x": 364.0, "y": 166.0}, {"x": 119.0, "y": 167.0}]}, "description": "merchant address"}, {"boundingPoly": {"vertices": [{"x": 152.0, "y": 168.0}, {"x": 336.0, "y": 168.0}, {"x": 336.0, "y": 192.0}, {"x": 152.0, "y": 193.0}]}, "description": "merchant address"}, {"boundingPoly": {"vertices": [{"x": 189.0, "y": 196.0}, {"x": 297.0, "y": 196.0}, {"x": 298.0, "y": 219.0}, {"x": 189.0, "y": 220.0}]}, "description": "merchant address"}, {"boundingPoly": {"vertices": [{"x": 146.0, "y": 248.0}, {"x": 338.0, "y": 247.0}, {"x": 338.0, "y": 269.0}, {"x": 147.0, "y": 270.0}]}, "description": "ABN 16 008 749 031"}, {"boundingPoly": {"vertices": [{"x": 186.0, "y": 301.0}, {"x": 303.0, "y": 300.0}, {"x": 304.0, "y": 322.0}, {"x": 186.0, "y": 324.0}]}, "description": "TAX INVOICE"}, {"boundingPoly": {"vertices": [{"x": 20.0, "y": 432.0}, {"x": 43.0, "y": 432.0}, {"x": 43.0, "y": 452.0}, {"x": 19.0, "y": 452.0}]}, "description": "#1"}, {"boundingPoly": {"vertices": [{"x": 80.0, "y": 429.0}, {"x": 213.0, "y": 429.0}, {"x": 213.0, "y": 455.0}, {"x": 80.0, "y": 455.0}]}, "description": " \u00d7 FLAT WHITE"}, {"boundingPoly": {"vertices": [{"x": 102.0, "y": 456.0}, {"x": 137.0, "y": 456.0}, {"x": 137.0, "y": 478.0}, {"x": 102.0, "y": 477.0}]}, "description": "T/A"}, {"boundingPoly": {"vertices": [{"x": 217.0, "y": 429.0}, {"x": 235.0, "y": 429.0}, {"x": 235.0, "y": 453.0}, {"x": 217.0, "y": 453.0}]}, "description": " -"}, {"boundingPoly": {"vertices": [{"x": 240.0, "y": 428.0}, {"x": 287.0, "y": 428.0}, {"x": 287.0, "y": 453.0}, {"x": 240.0, "y": 453.0}]}, "description": " 120Z"}, {"boundingPoly": {"vertices": [{"x": 383.0, "y": 427.0}, {"x": 429.0, "y": 426.0}, {"x": 428.0, "y": 448.0}, {"x": 384.0, "y": 448.0}]}, "description": "5.70"}, {"boundingPoly": {"vertices": [{"x": 143.0, "y": 484.0}, {"x": 260.0, "y": 484.0}, {"x": 260.0, "y": 522.0}, {"x": 143.0, "y": 522.0}]}, "description": " SALE TOTAL:"}, {"boundingPoly": {"vertices": [{"x": 205.0, "y": 523.0}, {"x": 245.0, "y": 523.0}, {"x": 245.0, "y": 543.0}, {"x": 205.0, "y": 543.0}]}, "description": " CASH"}, {"boundingPoly": {"vertices": [{"x": 186.0, "y": 550.0}, {"x": 244.0, "y": 550.0}, {"x": 244.0, "y": 572.0}, {"x": 186.0, "y": 572.0}]}, "description": " CHANGE"}, {"boundingPoly": {"vertices": [{"x": 373.0, "y": 481.0}, {"x": 430.0, "y": 478.0}, {"x": 429.0, "y": 515.0}, {"x": 374.0, "y": 518.0}]}, "description": "$5.70"}, {"boundingPoly": {"vertices": [{"x": 373.0, "y": 522.0}, {"x": 426.0, "y": 520.0}, {"x": 426.0, "y": 541.0}, {"x": 373.0, "y": 542.0}]}, "description": "$6.00"}, {"boundingPoly": {"vertices": [{"x": 373.0, "y": 547.0}, {"x": 428.0, "y": 546.0}, {"x": 428.0, "y": 568.0}, {"x": 373.0, "y": 569.0}]}, "description": "$0.30"}, {"boundingPoly": {"vertices": [{"x": 249.0, "y": 523.0}, {"x": 257.0, "y": 523.0}, {"x": 257.0, "y": 543.0}, {"x": 249.0, "y": 543.0}]}, "description": " :"}, {"boundingPoly": {"vertices": [{"x": 248.0, "y": 550.0}, {"x": 258.0, "y": 550.0}, {"x": 258.0, "y": 571.0}, {"x": 248.0, "y": 571.0}]}, "description": " :"}, {"boundingPoly": {"vertices": [{"x": 69.0, "y": 601.0}, {"x": 256.0, "y": 601.0}, {"x": 256.0, "y": 626.0}, {"x": 69.0, "y": 626.0}]}, "description": " TAX total in sale:"}, {"boundingPoly": {"vertices": [{"x": 373.0, "y": 600.0}, {"x": 428.0, "y": 600.0}, {"x": 428.0, "y": 622.0}, {"x": 374.0, "y": 623.0}]}, "description": "$0.52"}, {"boundingPoly": {"vertices": [{"x": 13.0, "y": 656.0}, {"x": 153.0, "y": 656.0}, {"x": 153.0, "y": 681.0}, {"x": 13.0, "y": 681.0}]}, "description": " Reprinted By:"}, {"boundingPoly": {"vertices": [{"x": 158.0, "y": 655.0}, {"x": 227.0, "y": 655.0}, {"x": 227.0, "y": 679.0}, {"x": 158.0, "y": 679.0}]}, "description": " DAIANE"}, {"boundingPoly": {"vertices": [{"x": 13.0, "y": 709.0}, {"x": 124.0, "y": 709.0}, {"x": 124.0, "y": 734.0}, {"x": 13.0, "y": 734.0}]}, "description": " Receipt #:"}, {"boundingPoly": {"vertices": [{"x": 72.0, "y": 736.0}, {"x": 248.0, "y": 736.0}, {"x": 248.0, "y": 759.0}, {"x": 72.0, "y": 759.0}]}, "description": " 4/11/2019 Time:"}, {"boundingPoly": {"vertices": [{"x": 13.0, "y": 762.0}, {"x": 80.0, "y": 762.0}, {"x": 80.0, "y": 786.0}, {"x": 13.0, "y": 786.0}]}, "description": " Clerk:"}, {"boundingPoly": {"vertices": [{"x": 14.0, "y": 788.0}, {"x": 113.0, "y": 788.0}, {"x": 113.0, "y": 812.0}, {"x": 14.0, "y": 812.0}]}, "description": " Terminal:"}, {"boundingPoly": {"vertices": [{"x": 128.0, "y": 708.0}, {"x": 194.0, "y": 708.0}, {"x": 194.0, "y": 733.0}, {"x": 128.0, "y": 733.0}]}, "description": " 739965"}, {"boundingPoly": {"vertices": [{"x": 11.0, "y": 737.0}, {"x": 69.0, "y": 737.0}, {"x": 69.0, "y": 759.0}, {"x": 11.0, "y": 759.0}]}, "description": " Date:"}, {"boundingPoly": {"vertices": [{"x": 252.0, "y": 736.0}, {"x": 364.0, "y": 736.0}, {"x": 364.0, "y": 759.0}, {"x": 252.0, "y": 759.0}]}, "description": " 6:50:08 AM"}, {"boundingPoly": {"vertices": [{"x": 85.0, "y": 762.0}, {"x": 195.0, "y": 762.0}, {"x": 195.0, "y": 786.0}, {"x": 85.0, "y": 786.0}]}, "description": " 277 DAIANE"}, {"boundingPoly": {"vertices": [{"x": 118.0, "y": 787.0}, {"x": 365.0, "y": 787.0}, {"x": 365.0, "y": 812.0}, {"x": 118.0, "y": 812.0}]}, "description": " 138 SYD T3 - TOBY'S 138"}]}