{"textAnnotations": [{"boundingPoly": {"vertices": [{"x": 139.0, "y": 58.0}, {"x": 339.0, "y": 41.0}, {"x": 341.0, "y": 62.0}, {"x": 141.0, "y": 80.0}]}, "description": "merchant name"}, {"boundingPoly": {"vertices": [{"x": 175.0, "y": 99.0}, {"x": 295.0, "y": 93.0}, {"x": 296.0, "y": 113.0}, {"x": 176.0, "y": 120.0}]}, "description": "merchant address"}, {"boundingPoly": {"vertices": [{"x": 211.0, "y": 136.0}, {"x": 314.0, "y": 136.0}, {"x": 314.0, "y": 163.0}, {"x": 211.0, "y": 163.0}]}, "description": " 161 7091 19"}, {"boundingPoly": {"vertices": [{"x": 169.0, "y": 79.0}, {"x": 305.0, "y": 68.0}, {"x": 306.0, "y": 88.0}, {"x": 171.0, "y": 99.0}]}, "description": "merchant address"}, {"boundingPoly": {"vertices": [{"x": 173.0, "y": 122.0}, {"x": 291.0, "y": 115.0}, {"x": 293.0, "y": 135.0}, {"x": 174.0, "y": 142.0}]}, "description": "merchant address"}, {"boundingPoly": {"vertices": [{"x": 166.0, "y": 143.0}, {"x": 208.0, "y": 143.0}, {"x": 208.0, "y": 165.0}, {"x": 166.0, "y": 165.0}]}, "description": " VAT:"}, {"boundingPoly": {"vertices": [{"x": 148.0, "y": 164.0}, {"x": 206.0, "y": 164.0}, {"x": 206.0, "y": 187.0}, {"x": 148.0, "y": 187.0}]}, "description": " Phone:"}, {"boundingPoly": {"vertices": [{"x": 468.0, "y": 122.0}, {"x": 701.0, "y": 113.0}, {"x": 702.0, "y": 132.0}, {"x": 469.0, "y": 141.0}]}, "description": "CUSTOMER RECEIPT"}, {"boundingPoly": {"vertices": [{"x": 472.0, "y": 159.0}, {"x": 751.0, "y": 146.0}, {"x": 752.0, "y": 165.0}, {"x": 472.0, "y": 179.0}]}, "description": "merchant address"}, {"boundingPoly": {"vertices": [{"x": 468.0, "y": 179.0}, {"x": 513.0, "y": 177.0}, {"x": 512.0, "y": 196.0}, {"x": 468.0, "y": 197.0}]}, "description": "WIE"}, {"boundingPoly": {"vertices": [{"x": 468.0, "y": 200.0}, {"x": 509.0, "y": 200.0}, {"x": 509.0, "y": 220.0}, {"x": 468.0, "y": 221.0}]}, "description": "5 LB"}, {"boundingPoly": {"vertices": [{"x": 470.0, "y": 141.0}, {"x": 845.0, "y": 121.0}, {"x": 846.0, "y": 142.0}, {"x": 470.0, "y": 158.0}]}, "description": "merchant address"}, {"boundingPoly": {"vertices": [{"x": 785.0, "y": 142.0}, {"x": 899.0, "y": 135.0}, {"x": 900.0, "y": 155.0}, {"x": 786.0, "y": 162.0}]}, "description": "merchant address"}, {"boundingPoly": {"vertices": [{"x": 948.0, "y": 132.0}, {"x": 965.0, "y": 131.0}, {"x": 966.0, "y": 151.0}, {"x": 949.0, "y": 152.0}]}, "description": "merchant address"}, {"boundingPoly": {"vertices": [{"x": 209.0, "y": 158.0}, {"x": 323.0, "y": 158.0}, {"x": 323.0, "y": 185.0}, {"x": 209.0, "y": 185.0}]}, "description": "merchant phone"}, {"boundingPoly": {"vertices": [{"x": 67.0, "y": 211.0}, {"x": 166.0, "y": 208.0}, {"x": 166.0, "y": 228.0}, {"x": 67.0, "y": 231.0}]}, "description": "28 Vassel N"}, {"boundingPoly": {"vertices": [{"x": 469.0, "y": 216.0}, {"x": 747.0, "y": 216.0}, {"x": 747.0, "y": 248.0}, {"x": 469.0, "y": 248.0}]}, "description": " 11/11/2019 19:58:22"}, {"boundingPoly": {"vertices": [{"x": 521.0, "y": 267.0}, {"x": 665.0, "y": 267.0}, {"x": 665.0, "y": 291.0}, {"x": 521.0, "y": 291.0}]}, "description": " XXXXX17718"}, {"boundingPoly": {"vertices": [{"x": 467.0, "y": 293.0}, {"x": 525.0, "y": 294.0}, {"x": 524.0, "y": 313.0}, {"x": 467.0, "y": 314.0}]}, "description": "3042"}, {"boundingPoly": {"vertices": [{"x": 505.0, "y": 314.0}, {"x": 750.0, "y": 314.0}, {"x": 750.0, "y": 338.0}, {"x": 505.0, "y": 338.0}]}, "description": " : A000000025010801"}, {"boundingPoly": {"vertices": [{"x": 466.0, "y": 339.0}, {"x": 689.0, "y": 337.0}, {"x": 689.0, "y": 357.0}, {"x": 467.0, "y": 359.0}]}, "description": "AMERICAN EXPRESS"}, {"boundingPoly": {"vertices": [{"x": 465.0, "y": 359.0}, {"x": 716.0, "y": 359.0}, {"x": 716.0, "y": 380.0}, {"x": 465.0, "y": 381.0}]}, "description": "XXXX XXXX XXX 1002"}, {"boundingPoly": {"vertices": [{"x": 462.0, "y": 382.0}, {"x": 619.0, "y": 382.0}, {"x": 619.0, "y": 403.0}, {"x": 462.0, "y": 403.0}]}, "description": " PAN SEQ NO."}, {"boundingPoly": {"vertices": [{"x": 464.0, "y": 404.0}, {"x": 504.0, "y": 404.0}, {"x": 504.0, "y": 423.0}, {"x": 464.0, "y": 423.0}]}, "description": "ICC"}, {"boundingPoly": {"vertices": [{"x": 462.0, "y": 423.0}, {"x": 518.0, "y": 424.0}, {"x": 518.0, "y": 443.0}, {"x": 462.0, "y": 443.0}]}, "description": "SALE"}, {"boundingPoly": {"vertices": [{"x": 465.0, "y": 445.0}, {"x": 516.0, "y": 446.0}, {"x": 516.0, "y": 466.0}, {"x": 464.0, "y": 466.0}]}, "description": "4.25"}, {"boundingPoly": {"vertices": [{"x": 463.0, "y": 468.0}, {"x": 527.0, "y": 468.0}, {"x": 527.0, "y": 489.0}, {"x": 463.0, "y": 488.0}]}, "description": "TOTAL"}, {"boundingPoly": {"vertices": [{"x": 462.0, "y": 490.0}, {"x": 515.0, "y": 491.0}, {"x": 515.0, "y": 512.0}, {"x": 462.0, "y": 511.0}]}, "description": "4.25"}, {"boundingPoly": {"vertices": [{"x": 55.0, "y": 253.0}, {"x": 138.0, "y": 252.0}, {"x": 139.0, "y": 271.0}, {"x": 55.0, "y": 273.0}]}, "description": "Tb1 335/1"}, {"boundingPoly": {"vertices": [{"x": 197.0, "y": 249.0}, {"x": 273.0, "y": 248.0}, {"x": 273.0, "y": 267.0}, {"x": 197.0, "y": 268.0}]}, "description": "Chk 7481"}, {"boundingPoly": {"vertices": [{"x": 226.0, "y": 270.0}, {"x": 239.0, "y": 271.0}, {"x": 238.0, "y": 289.0}, {"x": 225.0, "y": 288.0}]}, "description": "M"}, {"boundingPoly": {"vertices": [{"x": 160.0, "y": 289.0}, {"x": 311.0, "y": 289.0}, {"x": 311.0, "y": 313.0}, {"x": 160.0, "y": 313.0}]}, "description": " Nov11'19 07:57PM"}, {"boundingPoly": {"vertices": [{"x": 362.0, "y": 245.0}, {"x": 420.0, "y": 243.0}, {"x": 421.0, "y": 262.0}, {"x": 362.0, "y": 264.0}]}, "description": "Gst 0"}, {"boundingPoly": {"vertices": [{"x": 467.0, "y": 245.0}, {"x": 619.0, "y": 245.0}, {"x": 619.0, "y": 269.0}, {"x": 467.0, "y": 269.0}]}, "description": " RECEIPT NO."}, {"boundingPoly": {"vertices": [{"x": 623.0, "y": 241.0}, {"x": 728.0, "y": 241.0}, {"x": 728.0, "y": 266.0}, {"x": 623.0, "y": 266.0}]}, "description": " : 124198"}, {"boundingPoly": {"vertices": [{"x": 466.0, "y": 271.0}, {"x": 517.0, "y": 271.0}, {"x": 517.0, "y": 292.0}, {"x": 466.0, "y": 292.0}]}, "description": " MID:"}, {"boundingPoly": {"vertices": [{"x": 819.0, "y": 259.0}, {"x": 879.0, "y": 259.0}, {"x": 879.0, "y": 284.0}, {"x": 819.0, "y": 284.0}]}, "description": " TID:"}, {"boundingPoly": {"vertices": [{"x": 883.0, "y": 255.0}, {"x": 948.0, "y": 255.0}, {"x": 948.0, "y": 281.0}, {"x": 883.0, "y": 281.0}]}, "description": " XXXX"}, {"boundingPoly": {"vertices": [{"x": 466.0, "y": 317.0}, {"x": 501.0, "y": 317.0}, {"x": 501.0, "y": 338.0}, {"x": 466.0, "y": 338.0}]}, "description": " AID"}, {"boundingPoly": {"vertices": [{"x": 90.0, "y": 337.0}, {"x": 217.0, "y": 336.0}, {"x": 217.0, "y": 356.0}, {"x": 90.0, "y": 357.0}]}, "description": "Dine In"}, {"boundingPoly": {"vertices": [{"x": 75.0, "y": 361.0}, {"x": 193.0, "y": 359.0}, {"x": 194.0, "y": 377.0}, {"x": 75.0, "y": 380.0}]}, "description": "1 Smoke Shack"}, {"boundingPoly": {"vertices": [{"x": 74.0, "y": 380.0}, {"x": 224.0, "y": 379.0}, {"x": 224.0, "y": 399.0}, {"x": 74.0, "y": 401.0}]}, "description": "1 Smoke Shack Dbl"}, {"boundingPoly": {"vertices": [{"x": 72.0, "y": 403.0}, {"x": 135.0, "y": 403.0}, {"x": 135.0, "y": 422.0}, {"x": 72.0, "y": 422.0}]}, "description": "1 Fries"}, {"boundingPoly": {"vertices": [{"x": 71.0, "y": 423.0}, {"x": 207.0, "y": 424.0}, {"x": 207.0, "y": 444.0}, {"x": 71.0, "y": 443.0}]}, "description": "1 HrbMayo Bacon"}, {"boundingPoly": {"vertices": [{"x": 72.0, "y": 444.0}, {"x": 169.0, "y": 446.0}, {"x": 169.0, "y": 465.0}, {"x": 71.0, "y": 463.0}]}, "description": "1 R Ice Tea"}, {"boundingPoly": {"vertices": [{"x": 71.0, "y": 466.0}, {"x": 160.0, "y": 467.0}, {"x": 159.0, "y": 486.0}, {"x": 71.0, "y": 485.0}]}, "description": "1 Pt Lager"}, {"boundingPoly": {"vertices": [{"x": 85.0, "y": 486.0}, {"x": 153.0, "y": 487.0}, {"x": 153.0, "y": 505.0}, {"x": 84.0, "y": 505.0}]}, "description": "VISA SS"}, {"boundingPoly": {"vertices": [{"x": 353.0, "y": 354.0}, {"x": 393.0, "y": 354.0}, {"x": 392.0, "y": 373.0}, {"x": 352.0, "y": 373.0}]}, "description": "7.50"}, {"boundingPoly": {"vertices": [{"x": 346.0, "y": 377.0}, {"x": 393.0, "y": 377.0}, {"x": 392.0, "y": 396.0}, {"x": 347.0, "y": 396.0}]}, "description": "10.75"}, {"boundingPoly": {"vertices": [{"x": 352.0, "y": 399.0}, {"x": 391.0, "y": 400.0}, {"x": 391.0, "y": 419.0}, {"x": 352.0, "y": 418.0}]}, "description": "3.00"}, {"boundingPoly": {"vertices": [{"x": 353.0, "y": 421.0}, {"x": 392.0, "y": 421.0}, {"x": 391.0, "y": 440.0}, {"x": 353.0, "y": 440.0}]}, "description": "4.50"}, {"boundingPoly": {"vertices": [{"x": 350.0, "y": 445.0}, {"x": 393.0, "y": 444.0}, {"x": 392.0, "y": 463.0}, {"x": 350.0, "y": 463.0}]}, "description": "3.00"}, {"boundingPoly": {"vertices": [{"x": 349.0, "y": 467.0}, {"x": 391.0, "y": 466.0}, {"x": 390.0, "y": 484.0}, {"x": 349.0, "y": 485.0}]}, "description": "5.50"}, {"boundingPoly": {"vertices": [{"x": 340.0, "y": 488.0}, {"x": 390.0, "y": 488.0}, {"x": 390.0, "y": 506.0}, {"x": 339.0, "y": 505.0}]}, "description": "34.25"}, {"boundingPoly": {"vertices": [{"x": 628.0, "y": 383.0}, {"x": 673.0, "y": 383.0}, {"x": 673.0, "y": 403.0}, {"x": 628.0, "y": 403.0}]}, "description": " : 00"}, {"boundingPoly": {"vertices": [{"x": 853.0, "y": 418.0}, {"x": 912.0, "y": 418.0}, {"x": 911.0, "y": 438.0}, {"x": 852.0, "y": 440.0}]}, "description": "GBP3"}, {"boundingPoly": {"vertices": [{"x": 858.0, "y": 464.0}, {"x": 918.0, "y": 462.0}, {"x": 919.0, "y": 482.0}, {"x": 858.0, "y": 485.0}]}, "description": "GBP3"}, {"boundingPoly": {"vertices": [{"x": 79.0, "y": 526.0}, {"x": 152.0, "y": 526.0}, {"x": 152.0, "y": 546.0}, {"x": 79.0, "y": 546.0}]}, "description": "Subtotal"}, {"boundingPoly": {"vertices": [{"x": 75.0, "y": 549.0}, {"x": 141.0, "y": 549.0}, {"x": 141.0, "y": 569.0}, {"x": 74.0, "y": 569.0}]}, "description": "Payment"}, {"boundingPoly": {"vertices": [{"x": 335.0, "y": 527.0}, {"x": 387.0, "y": 527.0}, {"x": 386.0, "y": 545.0}, {"x": 334.0, "y": 546.0}]}, "description": "34.25"}, {"boundingPoly": {"vertices": [{"x": 285.0, "y": 548.0}, {"x": 383.0, "y": 548.0}, {"x": 383.0, "y": 570.0}, {"x": 285.0, "y": 570.0}]}, "description": "34.25"}, {"boundingPoly": {"vertices": [{"x": 460.0, "y": 536.0}, {"x": 784.0, "y": 537.0}, {"x": 784.0, "y": 560.0}, {"x": 460.0, "y": 560.0}]}, "description": "PLEASE DEBIT MY ACCOUNT"}, {"boundingPoly": {"vertices": [{"x": 459.0, "y": 560.0}, {"x": 625.0, "y": 560.0}, {"x": 625.0, "y": 582.0}, {"x": 459.0, "y": 581.0}]}, "description": "PIN VERIFIED"}, {"boundingPoly": {"vertices": [{"x": 459.0, "y": 584.0}, {"x": 923.0, "y": 586.0}, {"x": 923.0, "y": 610.0}, {"x": 459.0, "y": 606.0}]}, "description": "PLEASE KEEP THIS RECEIPT FOR YOU"}, {"boundingPoly": {"vertices": [{"x": 460.0, "y": 629.0}, {"x": 555.0, "y": 629.0}, {"x": 555.0, "y": 649.0}, {"x": 460.0, "y": 648.0}]}, "description": "RECORDS"}, {"boundingPoly": {"vertices": [{"x": 462.0, "y": 650.0}, {"x": 624.0, "y": 650.0}, {"x": 624.0, "y": 675.0}, {"x": 462.0, "y": 675.0}]}, "description": " AUTH CODE:74"}, {"boundingPoly": {"vertices": [{"x": 70.0, "y": 593.0}, {"x": 138.0, "y": 594.0}, {"x": 138.0, "y": 615.0}, {"x": 70.0, "y": 613.0}]}, "description": "20% VAT"}, {"boundingPoly": {"vertices": [{"x": 342.0, "y": 595.0}, {"x": 382.0, "y": 596.0}, {"x": 381.0, "y": 617.0}, {"x": 342.0, "y": 617.0}]}, "description": "5.71"}, {"boundingPoly": {"vertices": [{"x": 460.0, "y": 609.0}, {"x": 476.0, "y": 607.0}, {"x": 477.0, "y": 624.0}, {"x": 461.0, "y": 626.0}]}, "description": "R"}, {"boundingPoly": {"vertices": [{"x": 115.0, "y": 638.0}, {"x": 266.0, "y": 640.0}, {"x": 266.0, "y": 662.0}, {"x": 115.0, "y": 660.0}]}, "description": "5.71 =20% VAT of"}, {"boundingPoly": {"vertices": [{"x": 115.0, "y": 663.0}, {"x": 181.0, "y": 664.0}, {"x": 181.0, "y": 684.0}, {"x": 115.0, "y": 682.0}]}, "description": "Net TTL"}, {"boundingPoly": {"vertices": [{"x": 114.0, "y": 685.0}, {"x": 266.0, "y": 687.0}, {"x": 266.0, "y": 707.0}, {"x": 114.0, "y": 704.0}]}, "description": "0.00 =20% VAT of"}, {"boundingPoly": {"vertices": [{"x": 116.0, "y": 706.0}, {"x": 185.0, "y": 707.0}, {"x": 184.0, "y": 725.0}, {"x": 116.0, "y": 724.0}]}, "description": "Net TTL"}, {"boundingPoly": {"vertices": [{"x": 96.0, "y": 727.0}, {"x": 337.0, "y": 727.0}, {"x": 337.0, "y": 751.0}, {"x": 96.0, "y": 751.0}]}, "description": " -28 Check Closed 07:58PM-"}, {"boundingPoly": {"vertices": [{"x": 353.0, "y": 643.0}, {"x": 404.0, "y": 644.0}, {"x": 404.0, "y": 664.0}, {"x": 351.0, "y": 663.0}]}, "description": "34.25"}, {"boundingPoly": {"vertices": [{"x": 353.0, "y": 666.0}, {"x": 403.0, "y": 667.0}, {"x": 403.0, "y": 686.0}, {"x": 353.0, "y": 686.0}]}, "description": "28.54"}, {"boundingPoly": {"vertices": [{"x": 362.0, "y": 689.0}, {"x": 403.0, "y": 690.0}, {"x": 403.0, "y": 708.0}, {"x": 361.0, "y": 707.0}]}, "description": "0,00"}, {"boundingPoly": {"vertices": [{"x": 363.0, "y": 712.0}, {"x": 404.0, "y": 712.0}, {"x": 403.0, "y": 730.0}, {"x": 362.0, "y": 729.0}]}, "description": "0.00"}, {"boundingPoly": {"vertices": [{"x": 124.0, "y": 774.0}, {"x": 322.0, "y": 779.0}, {"x": 321.0, "y": 801.0}, {"x": 124.0, "y": 795.0}]}, "description": "www.shakeshack.co.uk"}]}