{"textAnnotations": [{"boundingPoly": {"vertices": [{"x": 339.0, "y": 27.0}, {"x": 455.0, "y": 24.0}, {"x": 456.0, "y": 57.0}, {"x": 339.0, "y": 60.0}]}, "description": "TASTE ABOVE ALL"}, {"boundingPoly": {"vertices": [{"x": 335.0, "y": 93.0}, {"x": 445.0, "y": 93.0}, {"x": 445.0, "y": 113.0}, {"x": 335.0, "y": 112.0}]}, "description": "merchant name"}, {"boundingPoly": {"vertices": [{"x": 328.0, "y": 114.0}, {"x": 451.0, "y": 112.0}, {"x": 452.0, "y": 130.0}, {"x": 328.0, "y": 131.0}]}, "description": "merchant address"}, {"boundingPoly": {"vertices": [{"x": 318.0, "y": 133.0}, {"x": 463.0, "y": 131.0}, {"x": 463.0, "y": 149.0}, {"x": 318.0, "y": 151.0}]}, "description": "merchant address"}, {"boundingPoly": {"vertices": [{"x": 311.0, "y": 153.0}, {"x": 477.0, "y": 152.0}, {"x": 477.0, "y": 170.0}, {"x": 311.0, "y": 171.0}]}, "description": "merchant address"}, {"boundingPoly": {"vertices": [{"x": 304.0, "y": 171.0}, {"x": 477.0, "y": 171.0}, {"x": 477.0, "y": 189.0}, {"x": 304.0, "y": 190.0}]}, "description": "rsvp@TheMasalalala.com"}, {"boundingPoly": {"vertices": [{"x": 448.0, "y": 207.0}, {"x": 555.0, "y": 207.0}, {"x": 555.0, "y": 226.0}, {"x": 448.0, "y": 226.0}]}, "description": "Order# 166466"}, {"boundingPoly": {"vertices": [{"x": 443.0, "y": 228.0}, {"x": 493.0, "y": 228.0}, {"x": 493.0, "y": 246.0}, {"x": 443.0, "y": 246.0}]}, "description": " Table:"}, {"boundingPoly": {"vertices": [{"x": 419.0, "y": 246.0}, {"x": 554.0, "y": 246.0}, {"x": 554.0, "y": 265.0}, {"x": 419.0, "y": 265.0}]}, "description": " 11/11/19, 7:57 PM"}, {"boundingPoly": {"vertices": [{"x": 496.0, "y": 228.0}, {"x": 554.0, "y": 228.0}, {"x": 554.0, "y": 246.0}, {"x": 496.0, "y": 246.0}]}, "description": " Table 6"}, {"boundingPoly": {"vertices": [{"x": 371.0, "y": 247.0}, {"x": 416.0, "y": 247.0}, {"x": 416.0, "y": 265.0}, {"x": 371.0, "y": 265.0}]}, "description": " Date:"}, {"boundingPoly": {"vertices": [{"x": 224.0, "y": 284.0}, {"x": 318.0, "y": 284.0}, {"x": 318.0, "y": 302.0}, {"x": 224.0, "y": 302.0}]}, "description": " Merchant ID:"}, {"boundingPoly": {"vertices": [{"x": 225.0, "y": 302.0}, {"x": 319.0, "y": 302.0}, {"x": 319.0, "y": 320.0}, {"x": 225.0, "y": 320.0}]}, "description": " Terminal ID:"}, {"boundingPoly": {"vertices": [{"x": 224.0, "y": 322.0}, {"x": 262.0, "y": 322.0}, {"x": 262.0, "y": 338.0}, {"x": 224.0, "y": 338.0}]}, "description": " Type:"}, {"boundingPoly": {"vertices": [{"x": 497.0, "y": 284.0}, {"x": 549.0, "y": 284.0}, {"x": 549.0, "y": 301.0}, {"x": 497.0, "y": 301.0}]}, "description": "1266351"}, {"boundingPoly": {"vertices": [{"x": 450.0, "y": 303.0}, {"x": 551.0, "y": 303.0}, {"x": 551.0, "y": 320.0}, {"x": 450.0, "y": 320.0}]}, "description": "4445032752693"}, {"boundingPoly": {"vertices": [{"x": 487.0, "y": 323.0}, {"x": 552.0, "y": 323.0}, {"x": 552.0, "y": 339.0}, {"x": 487.0, "y": 339.0}]}, "description": "Pre Auth"}, {"boundingPoly": {"vertices": [{"x": 222.0, "y": 358.0}, {"x": 315.0, "y": 358.0}, {"x": 315.0, "y": 377.0}, {"x": 222.0, "y": 377.0}]}, "description": " Reference #:"}, {"boundingPoly": {"vertices": [{"x": 220.0, "y": 377.0}, {"x": 323.0, "y": 377.0}, {"x": 323.0, "y": 395.0}, {"x": 220.0, "y": 395.0}]}, "description": " Entry Method:"}, {"boundingPoly": {"vertices": [{"x": 219.0, "y": 396.0}, {"x": 261.0, "y": 396.0}, {"x": 261.0, "y": 412.0}, {"x": 219.0, "y": 412.0}]}, "description": " Mode:"}, {"boundingPoly": {"vertices": [{"x": 219.0, "y": 415.0}, {"x": 354.0, "y": 415.0}, {"x": 354.0, "y": 432.0}, {"x": 219.0, "y": 432.0}]}, "description": " AMERICAN EXPRESS:"}, {"boundingPoly": {"vertices": [{"x": 222.0, "y": 432.0}, {"x": 239.0, "y": 432.0}, {"x": 239.0, "y": 449.0}, {"x": 222.0, "y": 449.0}]}, "description": " ARC"}, {"boundingPoly": {"vertices": [{"x": 218.0, "y": 452.0}, {"x": 336.0, "y": 452.0}, {"x": 336.0, "y": 470.0}, {"x": 218.0, "y": 470.0}]}, "description": " Transaction ID:"}, {"boundingPoly": {"vertices": [{"x": 217.0, "y": 471.0}, {"x": 333.0, "y": 471.0}, {"x": 333.0, "y": 490.0}, {"x": 217.0, "y": 490.0}]}, "description": " Approval Code:"}, {"boundingPoly": {"vertices": [{"x": 216.0, "y": 491.0}, {"x": 329.0, "y": 491.0}, {"x": 329.0, "y": 509.0}, {"x": 216.0, "y": 509.0}]}, "description": " Response Code:"}, {"boundingPoly": {"vertices": [{"x": 215.0, "y": 509.0}, {"x": 298.0, "y": 509.0}, {"x": 298.0, "y": 528.0}, {"x": 215.0, "y": 528.0}]}, "description": " Paid With:"}, {"boundingPoly": {"vertices": [{"x": 214.0, "y": 527.0}, {"x": 256.0, "y": 527.0}, {"x": 256.0, "y": 545.0}, {"x": 214.0, "y": 545.0}]}, "description": " Bill:"}, {"boundingPoly": {"vertices": [{"x": 214.0, "y": 547.0}, {"x": 263.0, "y": 547.0}, {"x": 263.0, "y": 565.0}, {"x": 214.0, "y": 565.0}]}, "description": " Total:"}, {"boundingPoly": {"vertices": [{"x": 489.0, "y": 360.0}, {"x": 553.0, "y": 360.0}, {"x": 553.0, "y": 376.0}, {"x": 489.0, "y": 377.0}]}, "description": "10166466"}, {"boundingPoly": {"vertices": [{"x": 476.0, "y": 378.0}, {"x": 553.0, "y": 379.0}, {"x": 553.0, "y": 396.0}, {"x": 476.0, "y": 395.0}]}, "description": "Chip Read"}, {"boundingPoly": {"vertices": [{"x": 505.0, "y": 398.0}, {"x": 551.0, "y": 399.0}, {"x": 551.0, "y": 415.0}, {"x": 505.0, "y": 413.0}]}, "description": "Issuer"}, {"boundingPoly": {"vertices": [{"x": 423.0, "y": 415.0}, {"x": 551.0, "y": 415.0}, {"x": 551.0, "y": 433.0}, {"x": 423.0, "y": 433.0}]}, "description": "A000000025010801"}, {"boundingPoly": {"vertices": [{"x": 400.0, "y": 433.0}, {"x": 551.0, "y": 434.0}, {"x": 551.0, "y": 453.0}, {"x": 400.0, "y": 452.0}]}, "description": "TC ECA918CB750EFF28"}, {"boundingPoly": {"vertices": [{"x": 476.0, "y": 454.0}, {"x": 549.0, "y": 454.0}, {"x": 549.0, "y": 472.0}, {"x": 476.0, "y": 472.0}]}, "description": "921485271"}, {"boundingPoly": {"vertices": [{"x": 501.0, "y": 473.0}, {"x": 549.0, "y": 473.0}, {"x": 549.0, "y": 490.0}, {"x": 502.0, "y": 490.0}]}, "description": "887680"}, {"boundingPoly": {"vertices": [{"x": 533.0, "y": 494.0}, {"x": 550.0, "y": 495.0}, {"x": 549.0, "y": 509.0}, {"x": 532.0, "y": 508.0}]}, "description": "00"}, {"boundingPoly": {"vertices": [{"x": 485.0, "y": 514.0}, {"x": 551.0, "y": 513.0}, {"x": 551.0, "y": 528.0}, {"x": 485.0, "y": 529.0}]}, "description": "xxxx2008"}, {"boundingPoly": {"vertices": [{"x": 493.0, "y": 550.0}, {"x": 551.0, "y": 550.0}, {"x": 552.0, "y": 567.0}, {"x": 493.0, "y": 568.0}]}, "description": "$104.52"}, {"boundingPoly": {"vertices": [{"x": 242.0, "y": 432.0}, {"x": 249.0, "y": 432.0}, {"x": 249.0, "y": 449.0}, {"x": 242.0, "y": 449.0}]}, "description": " :"}, {"boundingPoly": {"vertices": [{"x": 301.0, "y": 510.0}, {"x": 338.0, "y": 510.0}, {"x": 338.0, "y": 528.0}, {"x": 301.0, "y": 528.0}]}, "description": " AMEX"}, {"boundingPoly": {"vertices": [{"x": 211.0, "y": 585.0}, {"x": 245.0, "y": 585.0}, {"x": 245.0, "y": 606.0}, {"x": 211.0, "y": 606.0}]}, "description": " Tip:"}, {"boundingPoly": {"vertices": [{"x": 404.0, "y": 586.0}, {"x": 473.0, "y": 583.0}, {"x": 474.0, "y": 608.0}, {"x": 406.0, "y": 610.0}]}, "description": "$ 20"}, {"boundingPoly": {"vertices": [{"x": 404.0, "y": 623.0}, {"x": 550.0, "y": 618.0}, {"x": 551.0, "y": 647.0}, {"x": 404.0, "y": 650.0}]}, "description": "$ 12452"}, {"boundingPoly": {"vertices": [{"x": 513.0, "y": 584.0}, {"x": 537.0, "y": 584.0}, {"x": 537.0, "y": 600.0}, {"x": 512.0, "y": 600.0}]}, "description": "OE"}, {"boundingPoly": {"vertices": [{"x": 209.0, "y": 624.0}, {"x": 258.0, "y": 624.0}, {"x": 258.0, "y": 645.0}, {"x": 209.0, "y": 645.0}]}, "description": " Total:"}, {"boundingPoly": {"vertices": [{"x": 344.0, "y": 728.0}, {"x": 421.0, "y": 729.0}, {"x": 420.0, "y": 747.0}, {"x": 344.0, "y": 746.0}]}, "description": "Signature"}, {"boundingPoly": {"vertices": [{"x": 343.0, "y": 789.0}, {"x": 412.0, "y": 790.0}, {"x": 411.0, "y": 810.0}, {"x": 342.0, "y": 808.0}]}, "description": "APPROVED"}, {"boundingPoly": {"vertices": [{"x": 241.0, "y": 829.0}, {"x": 553.0, "y": 835.0}, {"x": 553.0, "y": 857.0}, {"x": 240.0, "y": 850.0}]}, "description": "I agree to pay the above total amount"}, {"boundingPoly": {"vertices": [{"x": 265.0, "y": 852.0}, {"x": 553.0, "y": 858.0}, {"x": 552.0, "y": 878.0}, {"x": 264.0, "y": 872.0}]}, "description": "according to card issuer agreement"}, {"boundingPoly": {"vertices": [{"x": 293.0, "y": 958.0}, {"x": 449.0, "y": 963.0}, {"x": 448.0, "y": 986.0}, {"x": 293.0, "y": 980.0}]}, "description": "Suggested Gratuity"}, {"boundingPoly": {"vertices": [{"x": 415.0, "y": 984.0}, {"x": 440.0, "y": 986.0}, {"x": 438.0, "y": 1006.0}, {"x": 414.0, "y": 1004.0}]}, "description": "Tip"}, {"boundingPoly": {"vertices": [{"x": 386.0, "y": 1005.0}, {"x": 458.0, "y": 1010.0}, {"x": 456.0, "y": 1028.0}, {"x": 386.0, "y": 1025.0}]}, "description": "$17.28 ="}, {"boundingPoly": {"vertices": [{"x": 387.0, "y": 1028.0}, {"x": 458.0, "y": 1031.0}, {"x": 458.0, "y": 1050.0}, {"x": 387.0, "y": 1048.0}]}, "description": "$19.20 ="}, {"boundingPoly": {"vertices": [{"x": 384.0, "y": 1051.0}, {"x": 457.0, "y": 1053.0}, {"x": 456.0, "y": 1074.0}, {"x": 383.0, "y": 1071.0}]}, "description": "$21.12 ="}, {"boundingPoly": {"vertices": [{"x": 193.0, "y": 999.0}, {"x": 322.0, "y": 999.0}, {"x": 322.0, "y": 1025.0}, {"x": 193.0, "y": 1025.0}]}, "description": " 18.00% of sale:"}, {"boundingPoly": {"vertices": [{"x": 510.0, "y": 988.0}, {"x": 551.0, "y": 989.0}, {"x": 550.0, "y": 1010.0}, {"x": 510.0, "y": 1009.0}]}, "description": "Total"}, {"boundingPoly": {"vertices": [{"x": 489.0, "y": 1010.0}, {"x": 552.0, "y": 1011.0}, {"x": 552.0, "y": 1032.0}, {"x": 489.0, "y": 1031.0}]}, "description": "$121.80"}, {"boundingPoly": {"vertices": [{"x": 489.0, "y": 1032.0}, {"x": 552.0, "y": 1034.0}, {"x": 552.0, "y": 1055.0}, {"x": 489.0, "y": 1053.0}]}, "description": "$123.72"}, {"boundingPoly": {"vertices": [{"x": 488.0, "y": 1055.0}, {"x": 555.0, "y": 1056.0}, {"x": 555.0, "y": 1078.0}, {"x": 488.0, "y": 1077.0}]}, "description": "$125.64"}, {"boundingPoly": {"vertices": [{"x": 190.0, "y": 1022.0}, {"x": 321.0, "y": 1022.0}, {"x": 321.0, "y": 1046.0}, {"x": 190.0, "y": 1046.0}]}, "description": " 20.00% of sale:"}, {"boundingPoly": {"vertices": [{"x": 188.0, "y": 1045.0}, {"x": 319.0, "y": 1045.0}, {"x": 319.0, "y": 1069.0}, {"x": 188.0, "y": 1069.0}]}, "description": " 22.00% of sale:"}]}