{"textAnnotations": [{"boundingPoly": {"vertices": [{"x": 25.0, "y": 25.0}, {"x": 160.0, "y": 24.0}, {"x": 160.0, "y": 50.0}, {"x": 25.0, "y": 50.0}]}, "description": "merchant name"}, {"boundingPoly": {"vertices": [{"x": 271.0, "y": 24.0}, {"x": 300.0, "y": 24.0}, {"x": 300.0, "y": 37.0}, {"x": 271.0, "y": 37.0}]}, "description": " Total:"}, {"boundingPoly": {"vertices": [{"x": 243.0, "y": 41.0}, {"x": 342.0, "y": 41.0}, {"x": 342.0, "y": 53.0}, {"x": 243.0, "y": 54.0}]}, "description": "Sat, Nov 23, 2019"}, {"boundingPoly": {"vertices": [{"x": 302.0, "y": 24.0}, {"x": 341.0, "y": 24.0}, {"x": 341.0, "y": 37.0}, {"x": 302.0, "y": 37.0}]}, "description": " $25.91"}, {"boundingPoly": {"vertices": [{"x": 29.0, "y": 100.0}, {"x": 328.0, "y": 102.0}, {"x": 327.0, "y": 137.0}, {"x": 29.0, "y": 132.0}]}, "description": "Thanks for tipping,"}, {"boundingPoly": {"vertices": [{"x": 27.0, "y": 187.0}, {"x": 313.0, "y": 187.0}, {"x": 313.0, "y": 212.0}, {"x": 27.0, "y": 212.0}]}, "description": "Here's your updated receipt for"}, {"boundingPoly": {"vertices": [{"x": 29.0, "y": 215.0}, {"x": 147.0, "y": 216.0}, {"x": 147.0, "y": 234.0}, {"x": 29.0, "y": 234.0}]}, "description": "India Palace."}, {"boundingPoly": {"vertices": [{"x": 29.0, "y": 474.0}, {"x": 89.0, "y": 473.0}, {"x": 89.0, "y": 497.0}, {"x": 28.0, "y": 498.0}]}, "description": "Total"}, {"boundingPoly": {"vertices": [{"x": 260.0, "y": 474.0}, {"x": 339.0, "y": 474.0}, {"x": 339.0, "y": 497.0}, {"x": 260.0, "y": 497.0}]}, "description": "$25.91"}, {"boundingPoly": {"vertices": [{"x": 40.0, "y": 566.0}, {"x": 52.0, "y": 565.0}, {"x": 51.0, "y": 579.0}, {"x": 40.0, "y": 579.0}]}, "description": "1"}, {"boundingPoly": {"vertices": [{"x": 63.0, "y": 567.0}, {"x": 169.0, "y": 567.0}, {"x": 169.0, "y": 582.0}, {"x": 63.0, "y": 582.0}]}, "description": "Chicken Naan"}, {"boundingPoly": {"vertices": [{"x": 300.0, "y": 566.0}, {"x": 342.0, "y": 566.0}, {"x": 342.0, "y": 582.0}, {"x": 300.0, "y": 582.0}]}, "description": "$3.50"}, {"boundingPoly": {"vertices": [{"x": 39.0, "y": 606.0}, {"x": 47.0, "y": 605.0}, {"x": 47.0, "y": 617.0}, {"x": 39.0, "y": 618.0}]}, "description": "1"}, {"boundingPoly": {"vertices": [{"x": 64.0, "y": 605.0}, {"x": 226.0, "y": 605.0}, {"x": 226.0, "y": 621.0}, {"x": 64.0, "y": 620.0}]}, "description": "Chicken Tikka Masala"}, {"boundingPoly": {"vertices": [{"x": 291.0, "y": 605.0}, {"x": 342.0, "y": 605.0}, {"x": 342.0, "y": 620.0}, {"x": 291.0, "y": 621.0}]}, "description": "$13.95"}, {"boundingPoly": {"vertices": [{"x": 29.0, "y": 696.0}, {"x": 94.0, "y": 697.0}, {"x": 94.0, "y": 712.0}, {"x": 29.0, "y": 711.0}]}, "description": "Subtotal"}, {"boundingPoly": {"vertices": [{"x": 290.0, "y": 696.0}, {"x": 342.0, "y": 696.0}, {"x": 342.0, "y": 712.0}, {"x": 290.0, "y": 712.0}]}, "description": "$17.45"}, {"boundingPoly": {"vertices": [{"x": 29.0, "y": 735.0}, {"x": 56.0, "y": 735.0}, {"x": 55.0, "y": 750.0}, {"x": 30.0, "y": 750.0}]}, "description": "Tax"}, {"boundingPoly": {"vertices": [{"x": 300.0, "y": 734.0}, {"x": 342.0, "y": 734.0}, {"x": 342.0, "y": 750.0}, {"x": 300.0, "y": 750.0}]}, "description": "$1.50"}, {"boundingPoly": {"vertices": [{"x": 29.0, "y": 773.0}, {"x": 113.0, "y": 773.0}, {"x": 113.0, "y": 789.0}, {"x": 29.0, "y": 789.0}]}, "description": "Service fee"}, {"boundingPoly": {"vertices": [{"x": 300.0, "y": 773.0}, {"x": 342.0, "y": 774.0}, {"x": 342.0, "y": 789.0}, {"x": 300.0, "y": 789.0}]}, "description": "$2.62"}, {"boundingPoly": {"vertices": [{"x": 29.0, "y": 812.0}, {"x": 138.0, "y": 811.0}, {"x": 138.0, "y": 827.0}, {"x": 29.0, "y": 829.0}]}, "description": "Delivery fee @"}, {"boundingPoly": {"vertices": [{"x": 300.0, "y": 811.0}, {"x": 341.0, "y": 811.0}, {"x": 341.0, "y": 826.0}, {"x": 300.0, "y": 827.0}]}, "description": "$1.99"}, {"boundingPoly": {"vertices": [{"x": 29.0, "y": 849.0}, {"x": 54.0, "y": 850.0}, {"x": 54.0, "y": 868.0}, {"x": 28.0, "y": 867.0}]}, "description": "Tip"}, {"boundingPoly": {"vertices": [{"x": 300.0, "y": 850.0}, {"x": 342.0, "y": 850.0}, {"x": 342.0, "y": 865.0}, {"x": 300.0, "y": 866.0}]}, "description": "$2.35"}, {"boundingPoly": {"vertices": [{"x": 30.0, "y": 942.0}, {"x": 158.0, "y": 942.0}, {"x": 158.0, "y": 959.0}, {"x": 30.0, "y": 958.0}]}, "description": "Amount Charged"}, {"boundingPoly": {"vertices": [{"x": 42.0, "y": 978.0}, {"x": 63.0, "y": 978.0}, {"x": 64.0, "y": 989.0}, {"x": 42.0, "y": 989.0}]}, "description": "AM"}, {"boundingPoly": {"vertices": [{"x": 42.0, "y": 985.0}, {"x": 64.0, "y": 984.0}, {"x": 64.0, "y": 997.0}, {"x": 42.0, "y": 996.0}]}, "description": "EX"}, {"boundingPoly": {"vertices": [{"x": 73.0, "y": 981.0}, {"x": 139.0, "y": 981.0}, {"x": 139.0, "y": 998.0}, {"x": 73.0, "y": 998.0}]}, "description": " .... 1006"}, {"boundingPoly": {"vertices": [{"x": 142.0, "y": 983.0}, {"x": 196.0, "y": 983.0}, {"x": 196.0, "y": 998.0}, {"x": 142.0, "y": 998.0}]}, "description": " Switch"}, {"boundingPoly": {"vertices": [{"x": 291.0, "y": 985.0}, {"x": 340.0, "y": 985.0}, {"x": 340.0, "y": 1000.0}, {"x": 291.0, "y": 1001.0}]}, "description": "$25.91"}]}