{"textAnnotations": [{"boundingPoly": {"vertices": [{"x": 66.0, "y": 90.0}, {"x": 190.0, "y": 92.0}, {"x": 189.0, "y": 131.0}, {"x": 66.0, "y": 129.0}]}, "description": "merchant name"}, {"boundingPoly": {"vertices": [{"x": 61.0, "y": 135.0}, {"x": 242.0, "y": 135.0}, {"x": 242.0, "y": 192.0}, {"x": 61.0, "y": 192.0}]}, "description": " GST NO:"}, {"boundingPoly": {"vertices": [{"x": 250.0, "y": 143.0}, {"x": 620.0, "y": 143.0}, {"x": 620.0, "y": 208.0}, {"x": 250.0, "y": 208.0}]}, "description": " 06AABCD5534A1Z9"}, {"boundingPoly": {"vertices": [{"x": 275.0, "y": 202.0}, {"x": 481.0, "y": 210.0}, {"x": 479.0, "y": 262.0}, {"x": 273.0, "y": 253.0}]}, "description": "KOT - 38"}, {"boundingPoly": {"vertices": [{"x": 60.0, "y": 375.0}, {"x": 249.0, "y": 375.0}, {"x": 249.0, "y": 426.0}, {"x": 60.0, "y": 426.0}]}, "description": " Invoice"}, {"boundingPoly": {"vertices": [{"x": 54.0, "y": 433.0}, {"x": 190.0, "y": 433.0}, {"x": 190.0, "y": 484.0}, {"x": 54.0, "y": 484.0}]}, "description": " Name:"}, {"boundingPoly": {"vertices": [{"x": 52.0, "y": 490.0}, {"x": 337.0, "y": 490.0}, {"x": 337.0, "y": 546.0}, {"x": 52.0, "y": 546.0}]}, "description": " Order Time:"}, {"boundingPoly": {"vertices": [{"x": 50.0, "y": 552.0}, {"x": 356.0, "y": 552.0}, {"x": 356.0, "y": 606.0}, {"x": 50.0, "y": 606.0}]}, "description": " OrderStatus:"}, {"boundingPoly": {"vertices": [{"x": 51.0, "y": 621.0}, {"x": 566.0, "y": 621.0}, {"x": 566.0, "y": 678.0}, {"x": 51.0, "y": 678.0}]}, "description": " Blue Berry Blast Muf"}, {"boundingPoly": {"vertices": [{"x": 275.0, "y": 379.0}, {"x": 568.0, "y": 379.0}, {"x": 568.0, "y": 432.0}, {"x": 275.0, "y": 432.0}]}, "description": " #COSAAQ48381"}, {"boundingPoly": {"vertices": [{"x": 346.0, "y": 490.0}, {"x": 739.0, "y": 490.0}, {"x": 739.0, "y": 546.0}, {"x": 346.0, "y": 546.0}]}, "description": " 14:04 18-11-2019"}, {"boundingPoly": {"vertices": [{"x": 365.0, "y": 553.0}, {"x": 596.0, "y": 553.0}, {"x": 596.0, "y": 606.0}, {"x": 365.0, "y": 606.0}]}, "description": " delivered"}, {"boundingPoly": {"vertices": [{"x": 583.0, "y": 615.0}, {"x": 809.0, "y": 615.0}, {"x": 809.0, "y": 675.0}, {"x": 583.0, "y": 675.0}]}, "description": " 2 \u00d7 64. 76"}, {"boundingPoly": {"vertices": [{"x": 49.0, "y": 740.0}, {"x": 570.0, "y": 740.0}, {"x": 570.0, "y": 799.0}, {"x": 49.0, "y": 799.0}]}, "description": " Triple Chocolate Muf"}, {"boundingPoly": {"vertices": [{"x": 583.0, "y": 739.0}, {"x": 621.0, "y": 739.0}, {"x": 621.0, "y": 796.0}, {"x": 583.0, "y": 796.0}]}, "description": " 1"}, {"boundingPoly": {"vertices": [{"x": 631.0, "y": 737.0}, {"x": 810.0, "y": 737.0}, {"x": 810.0, "y": 795.0}, {"x": 631.0, "y": 795.0}]}, "description": " \u00d7 68.57"}, {"boundingPoly": {"vertices": [{"x": 1131.0, "y": 726.0}, {"x": 1640.0, "y": 731.0}, {"x": 1639.0, "y": 791.0}, {"x": 1131.0, "y": 784.0}]}, "description": "CashPoint Order Slip"}, {"boundingPoly": {"vertices": [{"x": 1008.0, "y": 925.0}, {"x": 1214.0, "y": 930.0}, {"x": 1213.0, "y": 985.0}, {"x": 1007.0, "y": 981.0}]}, "description": "Order No"}, {"boundingPoly": {"vertices": [{"x": 1006.0, "y": 994.0}, {"x": 1253.0, "y": 996.0}, {"x": 1253.0, "y": 1047.0}, {"x": 1005.0, "y": 1045.0}]}, "description": "Order Pin"}, {"boundingPoly": {"vertices": [{"x": 1307.0, "y": 931.0}, {"x": 1625.0, "y": 931.0}, {"x": 1625.0, "y": 983.0}, {"x": 1307.0, "y": 983.0}]}, "description": " : COSAAQ48381"}, {"boundingPoly": {"vertices": [{"x": 1299.0, "y": 993.0}, {"x": 1521.0, "y": 993.0}, {"x": 1521.0, "y": 1048.0}, {"x": 1299.0, "y": 1048.0}]}, "description": " : 426985"}, {"boundingPoly": {"vertices": [{"x": 41.0, "y": 1052.0}, {"x": 568.0, "y": 1052.0}, {"x": 568.0, "y": 1117.0}, {"x": 41.0, "y": 1117.0}]}, "description": " Triple Chocolate Muf"}, {"boundingPoly": {"vertices": [{"x": 582.0, "y": 1051.0}, {"x": 619.0, "y": 1051.0}, {"x": 619.0, "y": 1108.0}, {"x": 582.0, "y": 1108.0}]}, "description": " 1"}, {"boundingPoly": {"vertices": [{"x": 629.0, "y": 1048.0}, {"x": 811.0, "y": 1048.0}, {"x": 811.0, "y": 1107.0}, {"x": 629.0, "y": 1107.0}]}, "description": " \u00d7 68.57"}, {"boundingPoly": {"vertices": [{"x": 1008.0, "y": 1124.0}, {"x": 1118.0, "y": 1125.0}, {"x": 1116.0, "y": 1173.0}, {"x": 1006.0, "y": 1171.0}]}, "description": "Name"}, {"boundingPoly": {"vertices": [{"x": 1012.0, "y": 1187.0}, {"x": 1288.0, "y": 1187.0}, {"x": 1288.0, "y": 1241.0}, {"x": 1012.0, "y": 1241.0}]}, "description": " Order Time"}, {"boundingPoly": {"vertices": [{"x": 1315.0, "y": 1124.0}, {"x": 1492.0, "y": 1124.0}, {"x": 1492.0, "y": 1175.0}, {"x": 1315.0, "y": 1175.0}]}, "description": "merchant name"}, {"boundingPoly": {"vertices": [{"x": 1309.0, "y": 1187.0}, {"x": 1694.0, "y": 1187.0}, {"x": 1694.0, "y": 1241.0}, {"x": 1309.0, "y": 1241.0}]}, "description": " : 14:04, 18-Nov"}, {"boundingPoly": {"vertices": [{"x": 36.0, "y": 1277.0}, {"x": 489.0, "y": 1271.0}, {"x": 490.0, "y": 1328.0}, {"x": 36.0, "y": 1336.0}]}, "description": "Cappuccino Regular"}, {"boundingPoly": {"vertices": [{"x": 586.0, "y": 1267.0}, {"x": 820.0, "y": 1263.0}, {"x": 821.0, "y": 1318.0}, {"x": 587.0, "y": 1322.0}]}, "description": "6 \u00d7 64. 76"}, {"boundingPoly": {"vertices": [{"x": 1312.0, "y": 1317.0}, {"x": 1450.0, "y": 1317.0}, {"x": 1450.0, "y": 1370.0}, {"x": 1312.0, "y": 1370.0}]}, "description": " Total"}, {"boundingPoly": {"vertices": [{"x": 1459.0, "y": 1314.0}, {"x": 1658.0, "y": 1314.0}, {"x": 1658.0, "y": 1370.0}, {"x": 1459.0, "y": 1370.0}]}, "description": " = 995. 0"}, {"boundingPoly": {"vertices": [{"x": 26.0, "y": 1397.0}, {"x": 566.0, "y": 1397.0}, {"x": 566.0, "y": 1463.0}, {"x": 26.0, "y": 1463.0}]}, "description": " Frostino Classic Col"}, {"boundingPoly": {"vertices": [{"x": 580.0, "y": 1396.0}, {"x": 621.0, "y": 1396.0}, {"x": 621.0, "y": 1455.0}, {"x": 580.0, "y": 1455.0}]}, "description": " 1"}, {"boundingPoly": {"vertices": [{"x": 632.0, "y": 1391.0}, {"x": 842.0, "y": 1391.0}, {"x": 842.0, "y": 1454.0}, {"x": 632.0, "y": 1454.0}]}, "description": " \u00d7 170.48"}, {"boundingPoly": {"vertices": [{"x": 27.0, "y": 1529.0}, {"x": 558.0, "y": 1529.0}, {"x": 558.0, "y": 1591.0}, {"x": 27.0, "y": 1591.0}]}, "description": " Tandoori Chicken Tik"}, {"boundingPoly": {"vertices": [{"x": 581.0, "y": 1528.0}, {"x": 619.0, "y": 1528.0}, {"x": 619.0, "y": 1587.0}, {"x": 581.0, "y": 1587.0}]}, "description": " 1"}, {"boundingPoly": {"vertices": [{"x": 630.0, "y": 1524.0}, {"x": 840.0, "y": 1524.0}, {"x": 840.0, "y": 1586.0}, {"x": 630.0, "y": 1586.0}]}, "description": " \u00d7 121.92"}, {"boundingPoly": {"vertices": [{"x": 255.0, "y": 1726.0}, {"x": 769.0, "y": 1722.0}, {"x": 769.0, "y": 1777.0}, {"x": 255.0, "y": 1783.0}]}, "description": "CGST @ 2.50% = 23.69"}, {"boundingPoly": {"vertices": [{"x": 259.0, "y": 1790.0}, {"x": 769.0, "y": 1787.0}, {"x": 769.0, "y": 1839.0}, {"x": 260.0, "y": 1843.0}]}, "description": "SGST @ 2.50% = 23.69"}, {"boundingPoly": {"vertices": [{"x": 479.0, "y": 1849.0}, {"x": 671.0, "y": 1849.0}, {"x": 671.0, "y": 1905.0}, {"x": 479.0, "y": 1905.0}]}, "description": " = 995. 0"}, {"boundingPoly": {"vertices": [{"x": 341.0, "y": 1853.0}, {"x": 470.0, "y": 1853.0}, {"x": 470.0, "y": 1908.0}, {"x": 341.0, "y": 1908.0}]}, "description": " Total"}, {"boundingPoly": {"vertices": [{"x": 169.0, "y": 1985.0}, {"x": 819.0, "y": 1985.0}, {"x": 819.0, "y": 2046.0}, {"x": 169.0, "y": 2046.0}]}, "description": " -14:06:10 18-11-2019 ------"}, {"boundingPoly": {"vertices": [{"x": 343.0, "y": 2122.0}, {"x": 516.0, "y": 2122.0}, {"x": 516.0, "y": 2177.0}, {"x": 343.0, "y": 2177.0}]}, "description": "-1.0.57"}, {"boundingPoly": {"vertices": [{"x": 520.0, "y": 2128.0}, {"x": 846.0, "y": 2128.0}, {"x": 846.0, "y": 2159.0}, {"x": 520.0, "y": 2161.0}]}, "description": "-------------"}]}