{"textAnnotations": [{"boundingPoly": {"vertices": [{"x": 62.0, "y": 24.0}, {"x": 84.0, "y": 24.0}, {"x": 84.0, "y": 34.0}, {"x": 62.0, "y": 34.0}]}, "description": " Thank"}, {"boundingPoly": {"vertices": [{"x": 63.0, "y": 34.0}, {"x": 92.0, "y": 34.0}, {"x": 92.0, "y": 44.0}, {"x": 63.0, "y": 44.0}]}, "description": "merchant name"}, {"boundingPoly": {"vertices": [{"x": 81.0, "y": 44.0}, {"x": 110.0, "y": 44.0}, {"x": 110.0, "y": 53.0}, {"x": 81.0, "y": 53.0}]}, "description": " Matthew"}, {"boundingPoly": {"vertices": [{"x": 83.0, "y": 53.0}, {"x": 112.0, "y": 53.0}, {"x": 112.0, "y": 63.0}, {"x": 83.0, "y": 63.0}]}, "description": " General"}, {"boundingPoly": {"vertices": [{"x": 86.0, "y": 63.0}, {"x": 141.0, "y": 61.0}, {"x": 141.0, "y": 70.0}, {"x": 86.0, "y": 72.0}]}, "description": "merchant phone"}, {"boundingPoly": {"vertices": [{"x": 80.0, "y": 72.0}, {"x": 117.0, "y": 72.0}, {"x": 117.0, "y": 83.0}, {"x": 80.0, "y": 83.0}]}, "description": " Love Your"}, {"boundingPoly": {"vertices": [{"x": 85.0, "y": 81.0}, {"x": 100.0, "y": 81.0}, {"x": 100.0, "y": 92.0}, {"x": 85.0, "y": 92.0}]}, "description": " OLIF"}, {"boundingPoly": {"vertices": [{"x": 85.0, "y": 23.0}, {"x": 168.0, "y": 23.0}, {"x": 168.0, "y": 34.0}, {"x": 85.0, "y": 34.0}]}, "description": " You For Visiting the"}, {"boundingPoly": {"vertices": [{"x": 142.0, "y": 32.0}, {"x": 166.0, "y": 32.0}, {"x": 166.0, "y": 42.0}, {"x": 142.0, "y": 42.0}]}, "description": " - WFC"}, {"boundingPoly": {"vertices": [{"x": 112.0, "y": 42.0}, {"x": 147.0, "y": 42.0}, {"x": 147.0, "y": 53.0}, {"x": 112.0, "y": 53.0}]}, "description": " Fraysier"}, {"boundingPoly": {"vertices": [{"x": 113.0, "y": 52.0}, {"x": 143.0, "y": 52.0}, {"x": 143.0, "y": 62.0}, {"x": 113.0, "y": 62.0}]}, "description": " Manager"}, {"boundingPoly": {"vertices": [{"x": 94.0, "y": 33.0}, {"x": 120.0, "y": 33.0}, {"x": 120.0, "y": 44.0}, {"x": 94.0, "y": 44.0}]}, "description": "merchant name"}, {"boundingPoly": {"vertices": [{"x": 122.0, "y": 33.0}, {"x": 140.0, "y": 33.0}, {"x": 140.0, "y": 43.0}, {"x": 122.0, "y": 43.0}]}, "description": "merchant name"}, {"boundingPoly": {"vertices": [{"x": 68.0, "y": 73.0}, {"x": 78.0, "y": 73.0}, {"x": 78.0, "y": 83.0}, {"x": 68.0, "y": 83.0}]}, "description": " Me"}, {"boundingPoly": {"vertices": [{"x": 67.0, "y": 82.0}, {"x": 83.0, "y": 82.0}, {"x": 83.0, "y": 92.0}, {"x": 67.0, "y": 92.0}]}, "description": " Text"}, {"boundingPoly": {"vertices": [{"x": 118.0, "y": 69.0}, {"x": 157.0, "y": 69.0}, {"x": 157.0, "y": 81.0}, {"x": 118.0, "y": 81.0}]}, "description": " Feedback!"}, {"boundingPoly": {"vertices": [{"x": 102.0, "y": 79.0}, {"x": 160.0, "y": 79.0}, {"x": 160.0, "y": 92.0}, {"x": 102.0, "y": 92.0}]}, "description": " 11479 to 73940"}, {"boundingPoly": {"vertices": [{"x": 32.0, "y": 111.0}, {"x": 93.0, "y": 111.0}, {"x": 93.0, "y": 121.0}, {"x": 32.0, "y": 121.0}]}, "description": "Cappuccino 12oz"}, {"boundingPoly": {"vertices": [{"x": 180.0, "y": 107.0}, {"x": 200.0, "y": 106.0}, {"x": 200.0, "y": 117.0}, {"x": 181.0, "y": 118.0}]}, "description": "3.40"}, {"boundingPoly": {"vertices": [{"x": 123.0, "y": 129.0}, {"x": 162.0, "y": 129.0}, {"x": 163.0, "y": 139.0}, {"x": 123.0, "y": 139.0}]}, "description": "Sub Total"}, {"boundingPoly": {"vertices": [{"x": 124.0, "y": 139.0}, {"x": 167.0, "y": 139.0}, {"x": 167.0, "y": 149.0}, {"x": 124.0, "y": 149.0}]}, "description": "Tax Amount"}, {"boundingPoly": {"vertices": [{"x": 180.0, "y": 129.0}, {"x": 201.0, "y": 129.0}, {"x": 200.0, "y": 138.0}, {"x": 180.0, "y": 137.0}]}, "description": "3.40"}, {"boundingPoly": {"vertices": [{"x": 179.0, "y": 138.0}, {"x": 200.0, "y": 138.0}, {"x": 200.0, "y": 148.0}, {"x": 179.0, "y": 148.0}]}, "description": "0.30"}, {"boundingPoly": {"vertices": [{"x": 28.0, "y": 170.0}, {"x": 71.0, "y": 170.0}, {"x": 71.0, "y": 187.0}, {"x": 28.0, "y": 187.0}]}, "description": " Total"}, {"boundingPoly": {"vertices": [{"x": 74.0, "y": 169.0}, {"x": 102.0, "y": 169.0}, {"x": 102.0, "y": 187.0}, {"x": 74.0, "y": 187.0}]}, "description": " USD"}, {"boundingPoly": {"vertices": [{"x": 162.0, "y": 169.0}, {"x": 199.0, "y": 169.0}, {"x": 199.0, "y": 186.0}, {"x": 162.0, "y": 186.0}]}, "description": "3.70"}, {"boundingPoly": {"vertices": [{"x": 25.0, "y": 215.0}, {"x": 114.0, "y": 215.0}, {"x": 114.0, "y": 225.0}, {"x": 25.0, "y": 225.0}]}, "description": "5009 AMERICAN EXPRESS"}, {"boundingPoly": {"vertices": [{"x": 180.0, "y": 216.0}, {"x": 200.0, "y": 215.0}, {"x": 200.0, "y": 225.0}, {"x": 181.0, "y": 225.0}]}, "description": "3.70"}, {"boundingPoly": {"vertices": [{"x": 30.0, "y": 245.0}, {"x": 43.0, "y": 246.0}, {"x": 42.0, "y": 254.0}, {"x": 29.0, "y": 254.0}]}, "description": "Tax"}, {"boundingPoly": {"vertices": [{"x": 28.0, "y": 254.0}, {"x": 62.0, "y": 254.0}, {"x": 62.0, "y": 264.0}, {"x": 28.0, "y": 264.0}]}, "description": "() 8.875"}, {"boundingPoly": {"vertices": [{"x": 91.0, "y": 245.0}, {"x": 199.0, "y": 246.0}, {"x": 199.0, "y": 256.0}, {"x": 91.0, "y": 255.0}]}, "description": "Taxable Amount Tax Amount"}, {"boundingPoly": {"vertices": [{"x": 131.0, "y": 256.0}, {"x": 151.0, "y": 256.0}, {"x": 151.0, "y": 265.0}, {"x": 131.0, "y": 265.0}]}, "description": "3.40"}, {"boundingPoly": {"vertices": [{"x": 179.0, "y": 256.0}, {"x": 201.0, "y": 256.0}, {"x": 201.0, "y": 266.0}, {"x": 179.0, "y": 266.0}]}, "description": "0.30"}, {"boundingPoly": {"vertices": [{"x": 28.0, "y": 281.0}, {"x": 150.0, "y": 281.0}, {"x": 150.0, "y": 296.0}, {"x": 28.0, "y": 296.0}]}, "description": " 12/11/2019 08:45 AM #:19028 Op:"}, {"boundingPoly": {"vertices": [{"x": 22.0, "y": 303.0}, {"x": 66.0, "y": 303.0}, {"x": 66.0, "y": 316.0}, {"x": 22.0, "y": 316.0}]}, "description": " Served you"}, {"boundingPoly": {"vertices": [{"x": 152.0, "y": 286.0}, {"x": 202.0, "y": 286.0}, {"x": 202.0, "y": 298.0}, {"x": 152.0, "y": 298.0}]}, "description": " 4032 C:111"}, {"boundingPoly": {"vertices": [{"x": 25.0, "y": 291.0}, {"x": 67.0, "y": 291.0}, {"x": 67.0, "y": 304.0}, {"x": 25.0, "y": 304.0}]}, "description": " 108 5:1111"}, {"boundingPoly": {"vertices": [{"x": 68.0, "y": 305.0}, {"x": 126.0, "y": 305.0}, {"x": 126.0, "y": 318.0}, {"x": 68.0, "y": 318.0}]}, "description": " : Fnu Yangdon"}]}