{"textAnnotations": [{"boundingPoly": {"vertices": [{"x": 356.0, "y": 206.0}, {"x": 1053.0, "y": 181.0}, {"x": 1054.0, "y": 229.0}, {"x": 358.0, "y": 257.0}]}, "description": "merchant name"}, {"boundingPoly": {"vertices": [{"x": 473.0, "y": 312.0}, {"x": 903.0, "y": 300.0}, {"x": 904.0, "y": 351.0}, {"x": 475.0, "y": 364.0}]}, "description": "merchant address"}, {"boundingPoly": {"vertices": [{"x": 572.0, "y": 367.0}, {"x": 801.0, "y": 365.0}, {"x": 802.0, "y": 411.0}, {"x": 572.0, "y": 414.0}]}, "description": "Game Room"}, {"boundingPoly": {"vertices": [{"x": 600.0, "y": 413.0}, {"x": 1009.0, "y": 413.0}, {"x": 1009.0, "y": 473.0}, {"x": 600.0, "y": 473.0}]}, "description": " Nov11'19 08:26PM"}, {"boundingPoly": {"vertices": [{"x": 596.0, "y": 485.0}, {"x": 702.0, "y": 485.0}, {"x": 701.0, "y": 528.0}, {"x": 595.0, "y": 528.0}]}, "description": "Amex"}, {"boundingPoly": {"vertices": [{"x": 593.0, "y": 542.0}, {"x": 985.0, "y": 533.0}, {"x": 986.0, "y": 582.0}, {"x": 593.0, "y": 590.0}]}, "description": "XXXXXXXXXXX1009"}, {"boundingPoly": {"vertices": [{"x": 589.0, "y": 604.0}, {"x": 727.0, "y": 604.0}, {"x": 727.0, "y": 657.0}, {"x": 589.0, "y": 657.0}]}, "description": " KEYED"}, {"boundingPoly": {"vertices": [{"x": 589.0, "y": 661.0}, {"x": 805.0, "y": 661.0}, {"x": 805.0, "y": 720.0}, {"x": 589.0, "y": 720.0}]}, "description": " PURCHASE"}, {"boundingPoly": {"vertices": [{"x": 455.0, "y": 256.0}, {"x": 951.0, "y": 246.0}, {"x": 953.0, "y": 294.0}, {"x": 456.0, "y": 306.0}]}, "description": "merchant address"}, {"boundingPoly": {"vertices": [{"x": 300.0, "y": 436.0}, {"x": 425.0, "y": 436.0}, {"x": 425.0, "y": 485.0}, {"x": 300.0, "y": 485.0}]}, "description": " Date:"}, {"boundingPoly": {"vertices": [{"x": 296.0, "y": 488.0}, {"x": 547.0, "y": 488.0}, {"x": 547.0, "y": 542.0}, {"x": 296.0, "y": 542.0}]}, "description": " Card Type:"}, {"boundingPoly": {"vertices": [{"x": 300.0, "y": 546.0}, {"x": 471.0, "y": 546.0}, {"x": 471.0, "y": 602.0}, {"x": 300.0, "y": 602.0}]}, "description": " Acct #:"}, {"boundingPoly": {"vertices": [{"x": 294.0, "y": 606.0}, {"x": 579.0, "y": 606.0}, {"x": 579.0, "y": 665.0}, {"x": 294.0, "y": 665.0}]}, "description": " Card Entry:"}, {"boundingPoly": {"vertices": [{"x": 293.0, "y": 666.0}, {"x": 580.0, "y": 666.0}, {"x": 580.0, "y": 724.0}, {"x": 293.0, "y": 724.0}]}, "description": " Trans Type:"}, {"boundingPoly": {"vertices": [{"x": 292.0, "y": 730.0}, {"x": 567.0, "y": 730.0}, {"x": 567.0, "y": 783.0}, {"x": 292.0, "y": 783.0}]}, "description": " Trans Key:"}, {"boundingPoly": {"vertices": [{"x": 292.0, "y": 794.0}, {"x": 553.0, "y": 794.0}, {"x": 553.0, "y": 847.0}, {"x": 292.0, "y": 847.0}]}, "description": " Auth Code:"}, {"boundingPoly": {"vertices": [{"x": 285.0, "y": 855.0}, {"x": 440.0, "y": 855.0}, {"x": 440.0, "y": 909.0}, {"x": 285.0, "y": 909.0}]}, "description": " Check:"}, {"boundingPoly": {"vertices": [{"x": 284.0, "y": 917.0}, {"x": 437.0, "y": 917.0}, {"x": 437.0, "y": 969.0}, {"x": 284.0, "y": 969.0}]}, "description": " Table:"}, {"boundingPoly": {"vertices": [{"x": 284.0, "y": 980.0}, {"x": 518.0, "y": 980.0}, {"x": 518.0, "y": 1036.0}, {"x": 284.0, "y": 1036.0}]}, "description": " Check ID:"}, {"boundingPoly": {"vertices": [{"x": 282.0, "y": 1047.0}, {"x": 428.0, "y": 1047.0}, {"x": 428.0, "y": 1099.0}, {"x": 282.0, "y": 1099.0}]}, "description": " Server"}, {"boundingPoly": {"vertices": [{"x": 588.0, "y": 716.0}, {"x": 985.0, "y": 716.0}, {"x": 985.0, "y": 782.0}, {"x": 588.0, "y": 782.0}]}, "description": " GIG010604222009"}, {"boundingPoly": {"vertices": [{"x": 583.0, "y": 795.0}, {"x": 755.0, "y": 792.0}, {"x": 756.0, "y": 840.0}, {"x": 584.0, "y": 845.0}]}, "description": "103534"}, {"boundingPoly": {"vertices": [{"x": 598.0, "y": 856.0}, {"x": 702.0, "y": 855.0}, {"x": 701.0, "y": 904.0}, {"x": 599.0, "y": 906.0}]}, "description": "9284"}, {"boundingPoly": {"vertices": [{"x": 592.0, "y": 918.0}, {"x": 725.0, "y": 915.0}, {"x": 724.0, "y": 967.0}, {"x": 592.0, "y": 968.0}]}, "description": "24D/1"}, {"boundingPoly": {"vertices": [{"x": 588.0, "y": 1042.0}, {"x": 908.0, "y": 1034.0}, {"x": 910.0, "y": 1082.0}, {"x": 589.0, "y": 1091.0}]}, "description": "2593 Jesse M"}, {"boundingPoly": {"vertices": [{"x": 437.0, "y": 1050.0}, {"x": 466.0, "y": 1050.0}, {"x": 466.0, "y": 1099.0}, {"x": 437.0, "y": 1099.0}]}, "description": " :"}, {"boundingPoly": {"vertices": [{"x": 279.0, "y": 1169.0}, {"x": 508.0, "y": 1169.0}, {"x": 508.0, "y": 1226.0}, {"x": 279.0, "y": 1226.0}]}, "description": " Subtotal:"}, {"boundingPoly": {"vertices": [{"x": 750.0, "y": 1151.0}, {"x": 1073.0, "y": 1141.0}, {"x": 1075.0, "y": 1202.0}, {"x": 752.0, "y": 1212.0}]}, "description": "179.52"}, {"boundingPoly": {"vertices": [{"x": 780.0, "y": 1211.0}, {"x": 1073.0, "y": 1226.0}, {"x": 1072.0, "y": 1312.0}, {"x": 779.0, "y": 1302.0}]}, "description": "30. 52"}, {"boundingPoly": {"vertices": [{"x": 573.0, "y": 1355.0}, {"x": 1070.0, "y": 1366.0}, {"x": 1069.0, "y": 1467.0}, {"x": 573.0, "y": 1464.0}]}, "description": "209. 52"}, {"boundingPoly": {"vertices": [{"x": 275.0, "y": 1301.0}, {"x": 513.0, "y": 1301.0}, {"x": 513.0, "y": 1357.0}, {"x": 275.0, "y": 1357.0}]}, "description": " Gratuity:"}, {"boundingPoly": {"vertices": [{"x": 264.0, "y": 1430.0}, {"x": 426.0, "y": 1430.0}, {"x": 426.0, "y": 1487.0}, {"x": 264.0, "y": 1487.0}]}, "description": " Total:"}, {"boundingPoly": {"vertices": [{"x": 264.0, "y": 1635.0}, {"x": 513.0, "y": 1637.0}, {"x": 513.0, "y": 1694.0}, {"x": 264.0, "y": 1693.0}]}, "description": "Signature"}, {"boundingPoly": {"vertices": [{"x": 265.0, "y": 1702.0}, {"x": 979.0, "y": 1697.0}, {"x": 979.0, "y": 1762.0}, {"x": 265.0, "y": 1765.0}]}, "description": "I agree to pay above total"}, {"boundingPoly": {"vertices": [{"x": 266.0, "y": 1776.0}, {"x": 1007.0, "y": 1773.0}, {"x": 1008.0, "y": 1833.0}, {"x": 266.0, "y": 1836.0}]}, "description": "according to my card issuer"}, {"boundingPoly": {"vertices": [{"x": 261.0, "y": 1846.0}, {"x": 530.0, "y": 1846.0}, {"x": 530.0, "y": 1903.0}, {"x": 261.0, "y": 1904.0}]}, "description": "agreement ."}, {"boundingPoly": {"vertices": [{"x": 255.0, "y": 1989.0}, {"x": 1083.0, "y": 1992.0}, {"x": 1082.0, "y": 2047.0}, {"x": 254.0, "y": 2043.0}]}, "description": "* * * * Merchant Copy * * * *"}]}