{"textAnnotations": [{"boundingPoly": {"vertices": [{"x": 570.0, "y": 403.0}, {"x": 694.0, "y": 400.0}, {"x": 695.0, "y": 431.0}, {"x": 571.0, "y": 435.0}]}, "description": "merchant name"}, {"boundingPoly": {"vertices": [{"x": 440.0, "y": 478.0}, {"x": 825.0, "y": 455.0}, {"x": 827.0, "y": 490.0}, {"x": 441.0, "y": 514.0}]}, "description": "merchant address"}, {"boundingPoly": {"vertices": [{"x": 1575.0, "y": 395.0}, {"x": 1716.0, "y": 398.0}, {"x": 1717.0, "y": 447.0}, {"x": 1578.0, "y": 453.0}]}, "description": "merchant name"}, {"boundingPoly": {"vertices": [{"x": 1439.0, "y": 495.0}, {"x": 1870.0, "y": 483.0}, {"x": 1871.0, "y": 522.0}, {"x": 1439.0, "y": 532.0}]}, "description": "merchant address"}, {"boundingPoly": {"vertices": [{"x": 505.0, "y": 441.0}, {"x": 769.0, "y": 428.0}, {"x": 771.0, "y": 460.0}, {"x": 507.0, "y": 475.0}]}, "description": "merchant address"}, {"boundingPoly": {"vertices": [{"x": 517.0, "y": 511.0}, {"x": 742.0, "y": 498.0}, {"x": 744.0, "y": 534.0}, {"x": 519.0, "y": 548.0}]}, "description": "merchant phone"}, {"boundingPoly": {"vertices": [{"x": 1511.0, "y": 453.0}, {"x": 1796.0, "y": 447.0}, {"x": 1796.0, "y": 482.0}, {"x": 1511.0, "y": 488.0}]}, "description": "merchant address"}, {"boundingPoly": {"vertices": [{"x": 1525.0, "y": 527.0}, {"x": 1782.0, "y": 523.0}, {"x": 1783.0, "y": 561.0}, {"x": 1525.0, "y": 567.0}]}, "description": "merchant phone"}, {"boundingPoly": {"vertices": [{"x": 283.0, "y": 634.0}, {"x": 449.0, "y": 634.0}, {"x": 449.0, "y": 671.0}, {"x": 283.0, "y": 671.0}]}, "description": " Date/Time:"}, {"boundingPoly": {"vertices": [{"x": 281.0, "y": 670.0}, {"x": 501.0, "y": 670.0}, {"x": 501.0, "y": 710.0}, {"x": 281.0, "y": 710.0}]}, "description": " Order Number:"}, {"boundingPoly": {"vertices": [{"x": 530.0, "y": 608.0}, {"x": 852.0, "y": 608.0}, {"x": 852.0, "y": 662.0}, {"x": 530.0, "y": 662.0}]}, "description": " 2019-11-27 06:03 PM"}, {"boundingPoly": {"vertices": [{"x": 525.0, "y": 665.0}, {"x": 613.0, "y": 663.0}, {"x": 612.0, "y": 696.0}, {"x": 523.0, "y": 698.0}]}, "description": "79146"}, {"boundingPoly": {"vertices": [{"x": 503.0, "y": 704.0}, {"x": 623.0, "y": 702.0}, {"x": 624.0, "y": 738.0}, {"x": 503.0, "y": 740.0}]}, "description": "CREDIT"}, {"boundingPoly": {"vertices": [{"x": 1295.0, "y": 610.0}, {"x": 1392.0, "y": 610.0}, {"x": 1392.0, "y": 650.0}, {"x": 1295.0, "y": 650.0}]}, "description": " Server"}, {"boundingPoly": {"vertices": [{"x": 1400.0, "y": 608.0}, {"x": 1534.0, "y": 608.0}, {"x": 1534.0, "y": 650.0}, {"x": 1400.0, "y": 650.0}]}, "description": " : kevin"}, {"boundingPoly": {"vertices": [{"x": 1842.0, "y": 602.0}, {"x": 1999.0, "y": 602.0}, {"x": 1999.0, "y": 645.0}, {"x": 1842.0, "y": 645.0}]}, "description": " Station:"}, {"boundingPoly": {"vertices": [{"x": 2007.0, "y": 601.0}, {"x": 2034.0, "y": 601.0}, {"x": 2034.0, "y": 645.0}, {"x": 2007.0, "y": 645.0}]}, "description": " 2"}, {"boundingPoly": {"vertices": [{"x": 271.0, "y": 707.0}, {"x": 496.0, "y": 707.0}, {"x": 496.0, "y": 748.0}, {"x": 271.0, "y": 748.0}]}, "description": " Account Type:"}, {"boundingPoly": {"vertices": [{"x": 267.0, "y": 747.0}, {"x": 466.0, "y": 747.0}, {"x": 466.0, "y": 787.0}, {"x": 267.0, "y": 787.0}]}, "description": " EDC Tran ID:"}, {"boundingPoly": {"vertices": [{"x": 256.0, "y": 791.0}, {"x": 350.0, "y": 791.0}, {"x": 350.0, "y": 827.0}, {"x": 256.0, "y": 827.0}]}, "description": " Server"}, {"boundingPoly": {"vertices": [{"x": 250.0, "y": 830.0}, {"x": 348.0, "y": 830.0}, {"x": 348.0, "y": 864.0}, {"x": 250.0, "y": 864.0}]}, "description": " Table:"}, {"boundingPoly": {"vertices": [{"x": 519.0, "y": 740.0}, {"x": 673.0, "y": 735.0}, {"x": 675.0, "y": 773.0}, {"x": 519.0, "y": 779.0}]}, "description": "143440247"}, {"boundingPoly": {"vertices": [{"x": 507.0, "y": 787.0}, {"x": 598.0, "y": 784.0}, {"x": 600.0, "y": 817.0}, {"x": 506.0, "y": 820.0}]}, "description": "kevin"}, {"boundingPoly": {"vertices": [{"x": 506.0, "y": 824.0}, {"x": 542.0, "y": 821.0}, {"x": 542.0, "y": 855.0}, {"x": 507.0, "y": 858.0}]}, "description": "21"}, {"boundingPoly": {"vertices": [{"x": 1288.0, "y": 697.0}, {"x": 1448.0, "y": 697.0}, {"x": 1448.0, "y": 737.0}, {"x": 1288.0, "y": 737.0}]}, "description": " Order #:"}, {"boundingPoly": {"vertices": [{"x": 1291.0, "y": 737.0}, {"x": 1408.0, "y": 737.0}, {"x": 1408.0, "y": 778.0}, {"x": 1291.0, "y": 778.0}]}, "description": " Table:"}, {"boundingPoly": {"vertices": [{"x": 1455.0, "y": 696.0}, {"x": 1550.0, "y": 696.0}, {"x": 1550.0, "y": 737.0}, {"x": 1455.0, "y": 737.0}]}, "description": " 79146"}, {"boundingPoly": {"vertices": [{"x": 1414.0, "y": 741.0}, {"x": 1458.0, "y": 741.0}, {"x": 1458.0, "y": 778.0}, {"x": 1414.0, "y": 778.0}]}, "description": " 21"}, {"boundingPoly": {"vertices": [{"x": 1897.0, "y": 689.0}, {"x": 2045.0, "y": 687.0}, {"x": 2046.0, "y": 729.0}, {"x": 1897.0, "y": 731.0}]}, "description": "Dine In"}, {"boundingPoly": {"vertices": [{"x": 2021.0, "y": 734.0}, {"x": 2045.0, "y": 734.0}, {"x": 2045.0, "y": 774.0}, {"x": 2021.0, "y": 774.0}]}, "description": " 1"}, {"boundingPoly": {"vertices": [{"x": 1863.0, "y": 735.0}, {"x": 2013.0, "y": 735.0}, {"x": 2013.0, "y": 780.0}, {"x": 1863.0, "y": 780.0}]}, "description": " Guests:"}, {"boundingPoly": {"vertices": [{"x": 355.0, "y": 791.0}, {"x": 375.0, "y": 791.0}, {"x": 375.0, "y": 827.0}, {"x": 355.0, "y": 827.0}]}, "description": " :"}, {"boundingPoly": {"vertices": [{"x": 1290.0, "y": 822.0}, {"x": 1311.0, "y": 822.0}, {"x": 1311.0, "y": 862.0}, {"x": 1290.0, "y": 862.0}]}, "description": " 1"}, {"boundingPoly": {"vertices": [{"x": 1282.0, "y": 864.0}, {"x": 1306.0, "y": 864.0}, {"x": 1306.0, "y": 906.0}, {"x": 1282.0, "y": 906.0}]}, "description": " 1"}, {"boundingPoly": {"vertices": [{"x": 1281.0, "y": 911.0}, {"x": 1305.0, "y": 911.0}, {"x": 1305.0, "y": 952.0}, {"x": 1281.0, "y": 952.0}]}, "description": " 1"}, {"boundingPoly": {"vertices": [{"x": 1316.0, "y": 823.0}, {"x": 1569.0, "y": 823.0}, {"x": 1569.0, "y": 865.0}, {"x": 1316.0, "y": 865.0}]}, "description": " Bhuttey Kebab"}, {"boundingPoly": {"vertices": [{"x": 1312.0, "y": 865.0}, {"x": 1523.0, "y": 865.0}, {"x": 1523.0, "y": 908.0}, {"x": 1312.0, "y": 908.0}]}, "description": " Mango Lassi"}, {"boundingPoly": {"vertices": [{"x": 1311.0, "y": 912.0}, {"x": 1469.0, "y": 912.0}, {"x": 1469.0, "y": 952.0}, {"x": 1311.0, "y": 952.0}]}, "description": " Rasmalai"}, {"boundingPoly": {"vertices": [{"x": 1971.0, "y": 823.0}, {"x": 2052.0, "y": 820.0}, {"x": 2053.0, "y": 856.0}, {"x": 1971.0, "y": 858.0}]}, "description": "8.00"}, {"boundingPoly": {"vertices": [{"x": 1966.0, "y": 867.0}, {"x": 2056.0, "y": 864.0}, {"x": 2057.0, "y": 901.0}, {"x": 1966.0, "y": 904.0}]}, "description": "5.00"}, {"boundingPoly": {"vertices": [{"x": 1969.0, "y": 914.0}, {"x": 2056.0, "y": 910.0}, {"x": 2057.0, "y": 949.0}, {"x": 1970.0, "y": 951.0}]}, "description": "8.00"}, {"boundingPoly": {"vertices": [{"x": 233.0, "y": 914.0}, {"x": 377.0, "y": 913.0}, {"x": 374.0, "y": 983.0}, {"x": 233.0, "y": 982.0}]}, "description": "PURCHASE"}, {"boundingPoly": {"vertices": [{"x": 220.0, "y": 985.0}, {"x": 364.0, "y": 984.0}, {"x": 366.0, "y": 1052.0}, {"x": 217.0, "y": 1052.0}]}, "description": "APPROVAL"}, {"boundingPoly": {"vertices": [{"x": 202.0, "y": 1097.0}, {"x": 394.0, "y": 1097.0}, {"x": 394.0, "y": 1141.0}, {"x": 202.0, "y": 1141.0}]}, "description": " Entry Mode:"}, {"boundingPoly": {"vertices": [{"x": 195.0, "y": 1143.0}, {"x": 406.0, "y": 1143.0}, {"x": 406.0, "y": 1184.0}, {"x": 195.0, "y": 1184.0}]}, "description": " Card Number:"}, {"boundingPoly": {"vertices": [{"x": 188.0, "y": 1188.0}, {"x": 404.0, "y": 1188.0}, {"x": 404.0, "y": 1230.0}, {"x": 188.0, "y": 1230.0}]}, "description": " Card Expire:"}, {"boundingPoly": {"vertices": [{"x": 181.0, "y": 1234.0}, {"x": 368.0, "y": 1234.0}, {"x": 368.0, "y": 1278.0}, {"x": 181.0, "y": 1278.0}]}, "description": " Card Type:"}, {"boundingPoly": {"vertices": [{"x": 172.0, "y": 1278.0}, {"x": 461.0, "y": 1278.0}, {"x": 461.0, "y": 1324.0}, {"x": 172.0, "y": 1324.0}]}, "description": " Cardholder Name:"}, {"boundingPoly": {"vertices": [{"x": 168.0, "y": 1327.0}, {"x": 417.0, "y": 1327.0}, {"x": 417.0, "y": 1373.0}, {"x": 168.0, "y": 1373.0}]}, "description": " Approval Code:"}, {"boundingPoly": {"vertices": [{"x": 151.0, "y": 1376.0}, {"x": 473.0, "y": 1376.0}, {"x": 473.0, "y": 1422.0}, {"x": 151.0, "y": 1422.0}]}, "description": " Reference Number:"}, {"boundingPoly": {"vertices": [{"x": 1280.0, "y": 1002.0}, {"x": 1473.0, "y": 1002.0}, {"x": 1473.0, "y": 1049.0}, {"x": 1280.0, "y": 1049.0}]}, "description": " SUB TOTAL:"}, {"boundingPoly": {"vertices": [{"x": 1273.0, "y": 1048.0}, {"x": 1523.0, "y": 1048.0}, {"x": 1523.0, "y": 1099.0}, {"x": 1273.0, "y": 1099.0}]}, "description": " NY State Tax:"}, {"boundingPoly": {"vertices": [{"x": 1957.0, "y": 1004.0}, {"x": 2061.0, "y": 1002.0}, {"x": 2064.0, "y": 1046.0}, {"x": 1958.0, "y": 1048.0}]}, "description": "21.00"}, {"boundingPoly": {"vertices": [{"x": 1986.0, "y": 1054.0}, {"x": 2072.0, "y": 1050.0}, {"x": 2073.0, "y": 1090.0}, {"x": 1986.0, "y": 1092.0}]}, "description": "1.86"}, {"boundingPoly": {"vertices": [{"x": 1985.0, "y": 1099.0}, {"x": 2074.0, "y": 1098.0}, {"x": 2073.0, "y": 1139.0}, {"x": 1986.0, "y": 1140.0}]}, "description": "0.00"}, {"boundingPoly": {"vertices": [{"x": 1907.0, "y": 1157.0}, {"x": 2075.0, "y": 1155.0}, {"x": 2076.0, "y": 1186.0}, {"x": 1907.0, "y": 1187.0}]}, "description": "========"}, {"boundingPoly": {"vertices": [{"x": 1951.0, "y": 1201.0}, {"x": 2093.0, "y": 1197.0}, {"x": 2095.0, "y": 1281.0}, {"x": 1953.0, "y": 1282.0}]}, "description": "$22.86"}, {"boundingPoly": {"vertices": [{"x": 554.0, "y": 1089.0}, {"x": 665.0, "y": 1090.0}, {"x": 664.0, "y": 1126.0}, {"x": 555.0, "y": 1126.0}]}, "description": "Swiped"}, {"boundingPoly": {"vertices": [{"x": 541.0, "y": 1132.0}, {"x": 825.0, "y": 1125.0}, {"x": 826.0, "y": 1169.0}, {"x": 541.0, "y": 1174.0}]}, "description": "XXXXXXXXXXX1006"}, {"boundingPoly": {"vertices": [{"x": 542.0, "y": 1178.0}, {"x": 638.0, "y": 1178.0}, {"x": 638.0, "y": 1220.0}, {"x": 542.0, "y": 1220.0}]}, "description": "XX/XX"}, {"boundingPoly": {"vertices": [{"x": 536.0, "y": 1228.0}, {"x": 840.0, "y": 1225.0}, {"x": 840.0, "y": 1266.0}, {"x": 536.0, "y": 1269.0}]}, "description": "American Express"}, {"boundingPoly": {"vertices": [{"x": 529.0, "y": 1319.0}, {"x": 642.0, "y": 1320.0}, {"x": 641.0, "y": 1362.0}, {"x": 529.0, "y": 1361.0}]}, "description": "564446"}, {"boundingPoly": {"vertices": [{"x": 517.0, "y": 1373.0}, {"x": 597.0, "y": 1374.0}, {"x": 597.0, "y": 1414.0}, {"x": 516.0, "y": 1413.0}]}, "description": "8825"}, {"boundingPoly": {"vertices": [{"x": 1274.0, "y": 1096.0}, {"x": 1391.0, "y": 1096.0}, {"x": 1391.0, "y": 1142.0}, {"x": 1274.0, "y": 1142.0}]}, "description": " Tax 2:"}, {"boundingPoly": {"vertices": [{"x": 1263.0, "y": 1197.0}, {"x": 1337.0, "y": 1197.0}, {"x": 1337.0, "y": 1272.0}, {"x": 1263.0, "y": 1272.0}]}, "description": " TOTAL"}, {"boundingPoly": {"vertices": [{"x": 1350.0, "y": 1198.0}, {"x": 1381.0, "y": 1198.0}, {"x": 1381.0, "y": 1273.0}, {"x": 1350.0, "y": 1273.0}]}, "description": " :"}, {"boundingPoly": {"vertices": [{"x": 1473.0, "y": 1329.0}, {"x": 1721.0, "y": 1329.0}, {"x": 1721.0, "y": 1412.0}, {"x": 1473.0, "y": 1412.0}]}, "description": " >> Ticket #:"}, {"boundingPoly": {"vertices": [{"x": 1733.0, "y": 1332.0}, {"x": 1864.0, "y": 1332.0}, {"x": 1864.0, "y": 1412.0}, {"x": 1733.0, "y": 1412.0}]}, "description": " 51 <<"}, {"boundingPoly": {"vertices": [{"x": 1441.0, "y": 1407.0}, {"x": 1883.0, "y": 1407.0}, {"x": 1883.0, "y": 1461.0}, {"x": 1441.0, "y": 1461.0}]}, "description": " 11/27/2019 5:33:34 PM"}, {"boundingPoly": {"vertices": [{"x": 123.0, "y": 1473.0}, {"x": 302.0, "y": 1473.0}, {"x": 302.0, "y": 1558.0}, {"x": 123.0, "y": 1558.0}]}, "description": " PURCHASE:"}, {"boundingPoly": {"vertices": [{"x": 104.0, "y": 1610.0}, {"x": 282.0, "y": 1610.0}, {"x": 282.0, "y": 1701.0}, {"x": 104.0, "y": 1701.0}]}, "description": " Gratuity:"}, {"boundingPoly": {"vertices": [{"x": 77.0, "y": 1748.0}, {"x": 211.0, "y": 1748.0}, {"x": 211.0, "y": 1837.0}, {"x": 77.0, "y": 1837.0}]}, "description": " Total:"}, {"boundingPoly": {"vertices": [{"x": 113.0, "y": 1890.0}, {"x": 799.0, "y": 1894.0}, {"x": 799.0, "y": 1951.0}, {"x": 113.0, "y": 1946.0}]}, "description": "Cardmember acknowledges receipt of"}, {"boundingPoly": {"vertices": [{"x": 81.0, "y": 1954.0}, {"x": 797.0, "y": 1955.0}, {"x": 797.0, "y": 2009.0}, {"x": 81.0, "y": 2006.0}]}, "description": "goods and/or services in the amount"}, {"boundingPoly": {"vertices": [{"x": 83.0, "y": 2009.0}, {"x": 790.0, "y": 2019.0}, {"x": 790.0, "y": 2072.0}, {"x": 83.0, "y": 2063.0}]}, "description": "of the total shown heron and agrees"}, {"boundingPoly": {"vertices": [{"x": 766.0, "y": 1467.0}, {"x": 899.0, "y": 1466.0}, {"x": 898.0, "y": 1550.0}, {"x": 766.0, "y": 1551.0}]}, "description": "$22.86"}, {"boundingPoly": {"vertices": [{"x": 722.0, "y": 1570.0}, {"x": 899.0, "y": 1559.0}, {"x": 904.0, "y": 1672.0}, {"x": 727.0, "y": 1683.0}]}, "description": "8.2.14"}, {"boundingPoly": {"vertices": [{"x": 746.0, "y": 1694.0}, {"x": 949.0, "y": 1694.0}, {"x": 949.0, "y": 1826.0}, {"x": 746.0, "y": 1826.0}]}, "description": " 25 0"}, {"boundingPoly": {"vertices": [{"x": 1565.0, "y": 1511.0}, {"x": 1778.0, "y": 1517.0}, {"x": 1776.0, "y": 1571.0}, {"x": 1563.0, "y": 1564.0}]}, "description": "THANK YOU!"}, {"boundingPoly": {"vertices": [{"x": 708.0, "y": 1712.0}, {"x": 733.0, "y": 1712.0}, {"x": 733.0, "y": 1829.0}, {"x": 708.0, "y": 1829.0}]}, "description": " $"}, {"boundingPoly": {"vertices": [{"x": 67.0, "y": 2068.0}, {"x": 813.0, "y": 2076.0}, {"x": 812.0, "y": 2134.0}, {"x": 66.0, "y": 2124.0}]}, "description": "to perform the obligations set forth"}, {"boundingPoly": {"vertices": [{"x": 319.0, "y": 2238.0}, {"x": 815.0, "y": 2160.0}, {"x": 836.0, "y": 2273.0}, {"x": 337.0, "y": 2366.0}]}, "description": "MNaver"}, {"boundingPoly": {"vertices": [{"x": 36.0, "y": 2122.0}, {"x": 800.0, "y": 2134.0}, {"x": 799.0, "y": 2195.0}, {"x": 34.0, "y": 2181.0}]}, "description": "by cardmember's agreement with issuer"}, {"boundingPoly": {"vertices": [{"x": 68.0, "y": 2310.0}, {"x": 274.0, "y": 2316.0}, {"x": 273.0, "y": 2374.0}, {"x": 67.0, "y": 2370.0}]}, "description": "Signature"}, {"boundingPoly": {"vertices": [{"x": 354.0, "y": 2724.0}, {"x": 856.0, "y": 2735.0}, {"x": 855.0, "y": 2792.0}, {"x": 353.0, "y": 2781.0}]}, "description": "REDMI NOTE 5 PRO"}, {"boundingPoly": {"vertices": [{"x": 350.0, "y": 2794.0}, {"x": 815.0, "y": 2806.0}, {"x": 814.0, "y": 2862.0}, {"x": 349.0, "y": 2850.0}]}, "description": "MI DUAL CAMERA"}]}