{"textAnnotations": [{"boundingPoly": {"vertices": [{"x": 262.0, "y": 134.0}, {"x": 359.0, "y": 134.0}, {"x": 359.0, "y": 155.0}, {"x": 262.0, "y": 155.0}]}, "description": "merchant name"}, {"boundingPoly": {"vertices": [{"x": 252.0, "y": 161.0}, {"x": 372.0, "y": 161.0}, {"x": 372.0, "y": 183.0}, {"x": 252.0, "y": 183.0}]}, "description": "merchant name"}, {"boundingPoly": {"vertices": [{"x": 188.0, "y": 188.0}, {"x": 431.0, "y": 188.0}, {"x": 431.0, "y": 210.0}, {"x": 188.0, "y": 211.0}]}, "description": "merchant address"}, {"boundingPoly": {"vertices": [{"x": 246.0, "y": 216.0}, {"x": 376.0, "y": 214.0}, {"x": 377.0, "y": 236.0}, {"x": 247.0, "y": 238.0}]}, "description": "merchant address"}, {"boundingPoly": {"vertices": [{"x": 280.0, "y": 243.0}, {"x": 343.0, "y": 241.0}, {"x": 343.0, "y": 262.0}, {"x": 280.0, "y": 264.0}]}, "description": "merchant address"}, {"boundingPoly": {"vertices": [{"x": 48.0, "y": 293.0}, {"x": 101.0, "y": 293.0}, {"x": 101.0, "y": 312.0}, {"x": 48.0, "y": 312.0}]}, "description": " Tbl:0"}, {"boundingPoly": {"vertices": [{"x": 51.0, "y": 321.0}, {"x": 145.0, "y": 321.0}, {"x": 145.0, "y": 342.0}, {"x": 51.0, "y": 342.0}]}, "description": " Guests:1"}, {"boundingPoly": {"vertices": [{"x": 461.0, "y": 292.0}, {"x": 566.0, "y": 292.0}, {"x": 566.0, "y": 315.0}, {"x": 461.0, "y": 315.0}]}, "description": " Ref:87744"}, {"boundingPoly": {"vertices": [{"x": 451.0, "y": 322.0}, {"x": 563.0, "y": 322.0}, {"x": 563.0, "y": 342.0}, {"x": 451.0, "y": 342.0}]}, "description": " Chk:87744"}, {"boundingPoly": {"vertices": [{"x": 354.0, "y": 355.0}, {"x": 559.0, "y": 355.0}, {"x": 559.0, "y": 378.0}, {"x": 354.0, "y": 378.0}]}, "description": " 11/22/2019 10:02 am"}, {"boundingPoly": {"vertices": [{"x": 272.0, "y": 391.0}, {"x": 323.0, "y": 391.0}, {"x": 323.0, "y": 398.0}, {"x": 272.0, "y": 399.0}]}, "description": "------."}, {"boundingPoly": {"vertices": [{"x": 86.0, "y": 412.0}, {"x": 276.0, "y": 411.0}, {"x": 276.0, "y": 432.0}, {"x": 86.0, "y": 433.0}]}, "description": "Evolution Frsh 11oz"}, {"boundingPoly": {"vertices": [{"x": 83.0, "y": 441.0}, {"x": 295.0, "y": 439.0}, {"x": 295.0, "y": 468.0}, {"x": 83.0, "y": 470.0}]}, "description": "Spicy Chorizo Sndwic"}, {"boundingPoly": {"vertices": [{"x": 272.0, "y": 486.0}, {"x": 322.0, "y": 485.0}, {"x": 323.0, "y": 493.0}, {"x": 272.0, "y": 493.0}]}, "description": "--------"}, {"boundingPoly": {"vertices": [{"x": 520.0, "y": 417.0}, {"x": 563.0, "y": 417.0}, {"x": 562.0, "y": 436.0}, {"x": 520.0, "y": 436.0}]}, "description": "4.95"}, {"boundingPoly": {"vertices": [{"x": 521.0, "y": 449.0}, {"x": 566.0, "y": 448.0}, {"x": 566.0, "y": 469.0}, {"x": 521.0, "y": 469.0}]}, "description": "4.95"}, {"boundingPoly": {"vertices": [{"x": 254.0, "y": 505.0}, {"x": 350.0, "y": 506.0}, {"x": 350.0, "y": 529.0}, {"x": 254.0, "y": 528.0}]}, "description": "SubTotal"}, {"boundingPoly": {"vertices": [{"x": 246.0, "y": 534.0}, {"x": 350.0, "y": 535.0}, {"x": 350.0, "y": 558.0}, {"x": 246.0, "y": 556.0}]}, "description": "Sales Tax"}, {"boundingPoly": {"vertices": [{"x": 523.0, "y": 511.0}, {"x": 569.0, "y": 512.0}, {"x": 569.0, "y": 534.0}, {"x": 523.0, "y": 533.0}]}, "description": "9.90"}, {"boundingPoly": {"vertices": [{"x": 526.0, "y": 539.0}, {"x": 571.0, "y": 539.0}, {"x": 571.0, "y": 562.0}, {"x": 525.0, "y": 561.0}]}, "description": "0.59"}, {"boundingPoly": {"vertices": [{"x": 492.0, "y": 576.0}, {"x": 573.0, "y": 577.0}, {"x": 573.0, "y": 586.0}, {"x": 491.0, "y": 585.0}]}, "description": "----------"}, {"boundingPoly": {"vertices": [{"x": 295.0, "y": 591.0}, {"x": 351.0, "y": 592.0}, {"x": 350.0, "y": 614.0}, {"x": 295.0, "y": 614.0}]}, "description": "Total"}, {"boundingPoly": {"vertices": [{"x": 515.0, "y": 597.0}, {"x": 573.0, "y": 597.0}, {"x": 573.0, "y": 620.0}, {"x": 516.0, "y": 620.0}]}, "description": "10.49"}, {"boundingPoly": {"vertices": [{"x": 116.0, "y": 647.0}, {"x": 349.0, "y": 649.0}, {"x": 348.0, "y": 676.0}, {"x": 116.0, "y": 672.0}]}, "description": "AMEX ************ 1007"}, {"boundingPoly": {"vertices": [{"x": 515.0, "y": 655.0}, {"x": 574.0, "y": 654.0}, {"x": 574.0, "y": 678.0}, {"x": 516.0, "y": 678.0}]}, "description": "10.49"}, {"boundingPoly": {"vertices": [{"x": 206.0, "y": 707.0}, {"x": 350.0, "y": 710.0}, {"x": 350.0, "y": 735.0}, {"x": 205.0, "y": 732.0}]}, "description": "Amount Paid"}, {"boundingPoly": {"vertices": [{"x": 512.0, "y": 710.0}, {"x": 573.0, "y": 709.0}, {"x": 574.0, "y": 736.0}, {"x": 512.0, "y": 737.0}]}, "description": "10.49"}]}