{"textAnnotations": [{"boundingPoly": {"vertices": [{"x": 172.0, "y": 102.0}, {"x": 506.0, "y": 100.0}, {"x": 506.0, "y": 129.0}, {"x": 172.0, "y": 131.0}]}, "description": "Thank You For Visiting the"}, {"boundingPoly": {"vertices": [{"x": 220.0, "y": 130.0}, {"x": 465.0, "y": 129.0}, {"x": 466.0, "y": 159.0}, {"x": 220.0, "y": 160.0}]}, "description": "merchant name"}, {"boundingPoly": {"vertices": [{"x": 221.0, "y": 157.0}, {"x": 468.0, "y": 157.0}, {"x": 468.0, "y": 189.0}, {"x": 221.0, "y": 189.0}]}, "description": "merchant address"}, {"boundingPoly": {"vertices": [{"x": 249.0, "y": 187.0}, {"x": 432.0, "y": 187.0}, {"x": 432.0, "y": 218.0}, {"x": 249.0, "y": 218.0}]}, "description": "merchant address"}, {"boundingPoly": {"vertices": [{"x": 199.0, "y": 215.0}, {"x": 481.0, "y": 215.0}, {"x": 481.0, "y": 246.0}, {"x": 199.0, "y": 246.0}]}, "description": "We Love Your Feedback!"}, {"boundingPoly": {"vertices": [{"x": 198.0, "y": 243.0}, {"x": 495.0, "y": 243.0}, {"x": 495.0, "y": 275.0}, {"x": 198.0, "y": 276.0}]}, "description": "Text @LTF23016 to 73940"}, {"boundingPoly": {"vertices": [{"x": 572.0, "y": 302.0}, {"x": 613.0, "y": 302.0}, {"x": 614.0, "y": 325.0}, {"x": 572.0, "y": 326.0}]}, "description": "CAD"}, {"boundingPoly": {"vertices": [{"x": 560.0, "y": 333.0}, {"x": 610.0, "y": 332.0}, {"x": 609.0, "y": 357.0}, {"x": 560.0, "y": 357.0}]}, "description": "1.71"}, {"boundingPoly": {"vertices": [{"x": 562.0, "y": 364.0}, {"x": 611.0, "y": 363.0}, {"x": 610.0, "y": 388.0}, {"x": 562.0, "y": 388.0}]}, "description": "1.71"}, {"boundingPoly": {"vertices": [{"x": 563.0, "y": 394.0}, {"x": 613.0, "y": 394.0}, {"x": 611.0, "y": 418.0}, {"x": 563.0, "y": 418.0}]}, "description": "1.71"}, {"boundingPoly": {"vertices": [{"x": 565.0, "y": 424.0}, {"x": 618.0, "y": 424.0}, {"x": 617.0, "y": 449.0}, {"x": 566.0, "y": 448.0}]}, "description": "1.29"}, {"boundingPoly": {"vertices": [{"x": 85.0, "y": 328.0}, {"x": 256.0, "y": 334.0}, {"x": 255.0, "y": 359.0}, {"x": 84.0, "y": 353.0}]}, "description": "Coffee Medium"}, {"boundingPoly": {"vertices": [{"x": 86.0, "y": 358.0}, {"x": 256.0, "y": 365.0}, {"x": 255.0, "y": 389.0}, {"x": 85.0, "y": 382.0}]}, "description": "Coffee Medium"}, {"boundingPoly": {"vertices": [{"x": 87.0, "y": 388.0}, {"x": 259.0, "y": 394.0}, {"x": 258.0, "y": 420.0}, {"x": 87.0, "y": 412.0}]}, "description": "Coffee Medium"}, {"boundingPoly": {"vertices": [{"x": 86.0, "y": 418.0}, {"x": 220.0, "y": 421.0}, {"x": 219.0, "y": 446.0}, {"x": 85.0, "y": 442.0}]}, "description": "Hand Fruit"}, {"boundingPoly": {"vertices": [{"x": 382.0, "y": 614.0}, {"x": 502.0, "y": 612.0}, {"x": 502.0, "y": 637.0}, {"x": 382.0, "y": 639.0}]}, "description": "Sub Total"}, {"boundingPoly": {"vertices": [{"x": 384.0, "y": 645.0}, {"x": 520.0, "y": 643.0}, {"x": 520.0, "y": 669.0}, {"x": 384.0, "y": 670.0}]}, "description": "Tax Amount"}, {"boundingPoly": {"vertices": [{"x": 566.0, "y": 611.0}, {"x": 624.0, "y": 612.0}, {"x": 623.0, "y": 636.0}, {"x": 567.0, "y": 636.0}]}, "description": "6.42"}, {"boundingPoly": {"vertices": [{"x": 568.0, "y": 642.0}, {"x": 624.0, "y": 643.0}, {"x": 623.0, "y": 668.0}, {"x": 568.0, "y": 667.0}]}, "description": "0.83"}, {"boundingPoly": {"vertices": [{"x": 75.0, "y": 725.0}, {"x": 313.0, "y": 736.0}, {"x": 310.0, "y": 782.0}, {"x": 73.0, "y": 771.0}]}, "description": "Total CAD"}, {"boundingPoly": {"vertices": [{"x": 518.0, "y": 740.0}, {"x": 624.0, "y": 739.0}, {"x": 623.0, "y": 786.0}, {"x": 517.0, "y": 786.0}]}, "description": "7.25"}, {"boundingPoly": {"vertices": [{"x": 75.0, "y": 868.0}, {"x": 292.0, "y": 878.0}, {"x": 291.0, "y": 905.0}, {"x": 74.0, "y": 896.0}]}, "description": "5000 Credit Card"}, {"boundingPoly": {"vertices": [{"x": 577.0, "y": 884.0}, {"x": 635.0, "y": 884.0}, {"x": 634.0, "y": 911.0}, {"x": 576.0, "y": 909.0}]}, "description": "7.25"}, {"boundingPoly": {"vertices": [{"x": 73.0, "y": 967.0}, {"x": 634.0, "y": 967.0}, {"x": 634.0, "y": 1010.0}, {"x": 73.0, "y": 1010.0}]}, "description": " 11/05/2019 09:07 AM #:27327 Op:5021 C:121"}, {"boundingPoly": {"vertices": [{"x": 74.0, "y": 1037.0}, {"x": 220.0, "y": 1037.0}, {"x": 220.0, "y": 1068.0}, {"x": 74.0, "y": 1068.0}]}, "description": " Served you"}, {"boundingPoly": {"vertices": [{"x": 77.0, "y": 1002.0}, {"x": 211.0, "y": 1002.0}, {"x": 211.0, "y": 1032.0}, {"x": 77.0, "y": 1032.0}]}, "description": " 102 S:1211"}, {"boundingPoly": {"vertices": [{"x": 225.0, "y": 1040.0}, {"x": 372.0, "y": 1040.0}, {"x": 372.0, "y": 1071.0}, {"x": 225.0, "y": 1071.0}]}, "description": " : Mary Zhao"}, {"boundingPoly": {"vertices": [{"x": 73.0, "y": 1104.0}, {"x": 363.0, "y": 1109.0}, {"x": 362.0, "y": 1138.0}, {"x": 73.0, "y": 1132.0}]}, "description": "Global Rewards Points"}, {"boundingPoly": {"vertices": [{"x": 72.0, "y": 1139.0}, {"x": 320.0, "y": 1139.0}, {"x": 320.0, "y": 1171.0}, {"x": 72.0, "y": 1171.0}]}, "description": " Previous Balance:"}, {"boundingPoly": {"vertices": [{"x": 75.0, "y": 1174.0}, {"x": 247.0, "y": 1174.0}, {"x": 247.0, "y": 1205.0}, {"x": 75.0, "y": 1205.0}]}, "description": " Accrued (new)"}, {"boundingPoly": {"vertices": [{"x": 73.0, "y": 1208.0}, {"x": 273.0, "y": 1208.0}, {"x": 273.0, "y": 1239.0}, {"x": 73.0, "y": 1239.0}]}, "description": " Redeemed (used)"}, {"boundingPoly": {"vertices": [{"x": 71.0, "y": 1244.0}, {"x": 242.0, "y": 1244.0}, {"x": 242.0, "y": 1274.0}, {"x": 71.0, "y": 1274.0}]}, "description": " New Balance:"}, {"boundingPoly": {"vertices": [{"x": 331.0, "y": 1144.0}, {"x": 348.0, "y": 1144.0}, {"x": 348.0, "y": 1171.0}, {"x": 331.0, "y": 1171.0}]}, "description": " 0"}, {"boundingPoly": {"vertices": [{"x": 332.0, "y": 1179.0}, {"x": 362.0, "y": 1179.0}, {"x": 360.0, "y": 1205.0}, {"x": 332.0, "y": 1204.0}]}, "description": "20"}, {"boundingPoly": {"vertices": [{"x": 332.0, "y": 1215.0}, {"x": 352.0, "y": 1216.0}, {"x": 352.0, "y": 1238.0}, {"x": 332.0, "y": 1237.0}]}, "description": "0"}, {"boundingPoly": {"vertices": [{"x": 336.0, "y": 1248.0}, {"x": 365.0, "y": 1248.0}, {"x": 364.0, "y": 1273.0}, {"x": 336.0, "y": 1273.0}]}, "description": "20"}, {"boundingPoly": {"vertices": [{"x": 252.0, "y": 1176.0}, {"x": 268.0, "y": 1176.0}, {"x": 268.0, "y": 1205.0}, {"x": 252.0, "y": 1205.0}]}, "description": " :"}, {"boundingPoly": {"vertices": [{"x": 279.0, "y": 1211.0}, {"x": 296.0, "y": 1211.0}, {"x": 296.0, "y": 1240.0}, {"x": 279.0, "y": 1240.0}]}, "description": " :"}, {"boundingPoly": {"vertices": [{"x": 211.0, "y": 1315.0}, {"x": 516.0, "y": 1317.0}, {"x": 515.0, "y": 1346.0}, {"x": 211.0, "y": 1343.0}]}, "description": "GST# 88778 3355 RT0001"}]}