{"textAnnotations": [{"boundingPoly": {"vertices": [{"x": 145.0, "y": 105.0}, {"x": 249.0, "y": 106.0}, {"x": 249.0, "y": 123.0}, {"x": 145.0, "y": 122.0}]}, "description": "merchant name"}, {"boundingPoly": {"vertices": [{"x": 145.0, "y": 125.0}, {"x": 247.0, "y": 125.0}, {"x": 247.0, "y": 143.0}, {"x": 145.0, "y": 142.0}]}, "description": "merchant address"}, {"boundingPoly": {"vertices": [{"x": 130.0, "y": 145.0}, {"x": 266.0, "y": 145.0}, {"x": 266.0, "y": 162.0}, {"x": 130.0, "y": 162.0}]}, "description": "merchant address"}, {"boundingPoly": {"vertices": [{"x": 39.0, "y": 184.0}, {"x": 338.0, "y": 184.0}, {"x": 338.0, "y": 202.0}, {"x": 39.0, "y": 202.0}]}, "description": " S0143 T02 E0030 020193 12/05/19 2:54pm"}, {"boundingPoly": {"vertices": [{"x": 41.0, "y": 222.0}, {"x": 112.0, "y": 222.0}, {"x": 113.0, "y": 238.0}, {"x": 41.0, "y": 239.0}]}, "description": "MMS WH CH"}, {"boundingPoly": {"vertices": [{"x": 44.0, "y": 241.0}, {"x": 137.0, "y": 241.0}, {"x": 137.0, "y": 256.0}, {"x": 44.0, "y": 257.0}]}, "description": "VICKS VAPODR"}, {"boundingPoly": {"vertices": [{"x": 46.0, "y": 259.0}, {"x": 122.0, "y": 259.0}, {"x": 122.0, "y": 275.0}, {"x": 46.0, "y": 275.0}]}, "description": "COKE 85 OZ"}, {"boundingPoly": {"vertices": [{"x": 163.0, "y": 222.0}, {"x": 256.0, "y": 222.0}, {"x": 256.0, "y": 239.0}, {"x": 163.0, "y": 239.0}]}, "description": "040000527152"}, {"boundingPoly": {"vertices": [{"x": 164.0, "y": 241.0}, {"x": 255.0, "y": 241.0}, {"x": 256.0, "y": 257.0}, {"x": 164.0, "y": 257.0}]}, "description": "323900010765"}, {"boundingPoly": {"vertices": [{"x": 166.0, "y": 259.0}, {"x": 256.0, "y": 259.0}, {"x": 256.0, "y": 274.0}, {"x": 166.0, "y": 274.0}]}, "description": "049000049930"}, {"boundingPoly": {"vertices": [{"x": 306.0, "y": 222.0}, {"x": 353.0, "y": 222.0}, {"x": 352.0, "y": 238.0}, {"x": 306.0, "y": 239.0}]}, "description": "1.39 T"}, {"boundingPoly": {"vertices": [{"x": 305.0, "y": 241.0}, {"x": 351.0, "y": 241.0}, {"x": 351.0, "y": 257.0}, {"x": 305.0, "y": 256.0}]}, "description": "1.99 N"}, {"boundingPoly": {"vertices": [{"x": 305.0, "y": 259.0}, {"x": 350.0, "y": 259.0}, {"x": 350.0, "y": 273.0}, {"x": 305.0, "y": 273.0}]}, "description": "1.79 T"}, {"boundingPoly": {"vertices": [{"x": 124.0, "y": 292.0}, {"x": 175.0, "y": 292.0}, {"x": 175.0, "y": 307.0}, {"x": 124.0, "y": 307.0}]}, "description": "Sub/Ttl"}, {"boundingPoly": {"vertices": [{"x": 125.0, "y": 309.0}, {"x": 148.0, "y": 309.0}, {"x": 148.0, "y": 322.0}, {"x": 125.0, "y": 322.0}]}, "description": "Tax"}, {"boundingPoly": {"vertices": [{"x": 125.0, "y": 325.0}, {"x": 161.0, "y": 325.0}, {"x": 161.0, "y": 339.0}, {"x": 125.0, "y": 339.0}]}, "description": "Total"}, {"boundingPoly": {"vertices": [{"x": 301.0, "y": 291.0}, {"x": 332.0, "y": 291.0}, {"x": 331.0, "y": 305.0}, {"x": 301.0, "y": 305.0}]}, "description": "5.17"}, {"boundingPoly": {"vertices": [{"x": 300.0, "y": 307.0}, {"x": 330.0, "y": 307.0}, {"x": 330.0, "y": 322.0}, {"x": 300.0, "y": 321.0}]}, "description": "0.28"}, {"boundingPoly": {"vertices": [{"x": 301.0, "y": 323.0}, {"x": 332.0, "y": 323.0}, {"x": 331.0, "y": 337.0}, {"x": 301.0, "y": 337.0}]}, "description": "5.45"}, {"boundingPoly": {"vertices": [{"x": 47.0, "y": 361.0}, {"x": 79.0, "y": 361.0}, {"x": 79.0, "y": 376.0}, {"x": 46.0, "y": 376.0}]}, "description": "AmEx"}, {"boundingPoly": {"vertices": [{"x": 304.0, "y": 357.0}, {"x": 336.0, "y": 357.0}, {"x": 336.0, "y": 372.0}, {"x": 304.0, "y": 372.0}]}, "description": "5.45"}, {"boundingPoly": {"vertices": [{"x": 84.0, "y": 379.0}, {"x": 125.0, "y": 379.0}, {"x": 125.0, "y": 395.0}, {"x": 84.0, "y": 395.0}]}, "description": " Acct:"}, {"boundingPoly": {"vertices": [{"x": 83.0, "y": 397.0}, {"x": 125.0, "y": 397.0}, {"x": 125.0, "y": 413.0}, {"x": 83.0, "y": 413.0}]}, "description": " Auth:"}, {"boundingPoly": {"vertices": [{"x": 83.0, "y": 414.0}, {"x": 155.0, "y": 414.0}, {"x": 155.0, "y": 433.0}, {"x": 83.0, "y": 433.0}]}, "description": " Trans ID:"}, {"boundingPoly": {"vertices": [{"x": 128.0, "y": 376.0}, {"x": 242.0, "y": 376.0}, {"x": 242.0, "y": 393.0}, {"x": 128.0, "y": 393.0}]}, "description": " *********** 1001"}, {"boundingPoly": {"vertices": [{"x": 128.0, "y": 395.0}, {"x": 177.0, "y": 395.0}, {"x": 177.0, "y": 412.0}, {"x": 128.0, "y": 412.0}]}, "description": " 826224"}, {"boundingPoly": {"vertices": [{"x": 158.0, "y": 413.0}, {"x": 198.0, "y": 413.0}, {"x": 198.0, "y": 431.0}, {"x": 158.0, "y": 431.0}]}, "description": " 27646"}, {"boundingPoly": {"vertices": [{"x": 166.0, "y": 452.0}, {"x": 237.0, "y": 451.0}, {"x": 237.0, "y": 468.0}, {"x": 166.0, "y": 468.0}]}, "description": "# Items 3"}, {"boundingPoly": {"vertices": [{"x": 43.0, "y": 492.0}, {"x": 222.0, "y": 490.0}, {"x": 222.0, "y": 507.0}, {"x": 43.0, "y": 509.0}]}, "description": "Your cashier was Farida"}, {"boundingPoly": {"vertices": [{"x": 83.0, "y": 510.0}, {"x": 320.0, "y": 507.0}, {"x": 320.0, "y": 526.0}, {"x": 83.0, "y": 528.0}]}, "description": "Thank you for shopping with us!"}]}