{"textAnnotations": [{"boundingPoly": {"vertices": [{"x": 213.0, "y": 13.0}, {"x": 337.0, "y": 12.0}, {"x": 337.0, "y": 33.0}, {"x": 213.0, "y": 33.0}]}, "description": "merchant name"}, {"boundingPoly": {"vertices": [{"x": 292.0, "y": 33.0}, {"x": 336.0, "y": 33.0}, {"x": 336.0, "y": 41.0}, {"x": 292.0, "y": 41.0}]}, "description": "TAQUERIA"}, {"boundingPoly": {"vertices": [{"x": 226.0, "y": 99.0}, {"x": 323.0, "y": 99.0}, {"x": 323.0, "y": 118.0}, {"x": 226.0, "y": 118.0}]}, "description": "merchant name"}, {"boundingPoly": {"vertices": [{"x": 143.0, "y": 126.0}, {"x": 407.0, "y": 125.0}, {"x": 407.0, "y": 146.0}, {"x": 143.0, "y": 147.0}]}, "description": "merchant address"}, {"boundingPoly": {"vertices": [{"x": 156.0, "y": 152.0}, {"x": 390.0, "y": 152.0}, {"x": 390.0, "y": 173.0}, {"x": 156.0, "y": 174.0}]}, "description": "merchant address"}, {"boundingPoly": {"vertices": [{"x": 19.0, "y": 207.0}, {"x": 86.0, "y": 207.0}, {"x": 86.0, "y": 226.0}, {"x": 19.0, "y": 226.0}]}, "description": " Server:"}, {"boundingPoly": {"vertices": [{"x": 18.0, "y": 234.0}, {"x": 139.0, "y": 233.0}, {"x": 139.0, "y": 252.0}, {"x": 19.0, "y": 253.0}]}, "description": "Check #1059"}, {"boundingPoly": {"vertices": [{"x": 89.0, "y": 207.0}, {"x": 175.0, "y": 207.0}, {"x": 175.0, "y": 226.0}, {"x": 89.0, "y": 226.0}]}, "description": " Bolarin F"}, {"boundingPoly": {"vertices": [{"x": 450.0, "y": 206.0}, {"x": 531.0, "y": 206.0}, {"x": 531.0, "y": 225.0}, {"x": 450.0, "y": 225.0}]}, "description": "12/04/19"}, {"boundingPoly": {"vertices": [{"x": 455.0, "y": 234.0}, {"x": 530.0, "y": 234.0}, {"x": 530.0, "y": 253.0}, {"x": 455.0, "y": 253.0}]}, "description": " 1:57 PM"}, {"boundingPoly": {"vertices": [{"x": 151.0, "y": 297.0}, {"x": 398.0, "y": 297.0}, {"x": 398.0, "y": 324.0}, {"x": 151.0, "y": 324.0}]}, "description": "How was your visit?"}, {"boundingPoly": {"vertices": [{"x": 18.0, "y": 477.0}, {"x": 198.0, "y": 476.0}, {"x": 198.0, "y": 496.0}, {"x": 18.0, "y": 496.0}]}, "description": "Chicken Quesadilla"}, {"boundingPoly": {"vertices": [{"x": 24.0, "y": 504.0}, {"x": 130.0, "y": 504.0}, {"x": 130.0, "y": 523.0}, {"x": 24.0, "y": 523.0}]}, "description": "Guacamole"}, {"boundingPoly": {"vertices": [{"x": 18.0, "y": 531.0}, {"x": 96.0, "y": 530.0}, {"x": 96.0, "y": 551.0}, {"x": 18.0, "y": 551.0}]}, "description": "Spindrift"}, {"boundingPoly": {"vertices": [{"x": 18.0, "y": 558.0}, {"x": 110.0, "y": 558.0}, {"x": 110.0, "y": 577.0}, {"x": 18.0, "y": 576.0}]}, "description": "Soda Can"}, {"boundingPoly": {"vertices": [{"x": 477.0, "y": 476.0}, {"x": 530.0, "y": 477.0}, {"x": 530.0, "y": 495.0}, {"x": 477.0, "y": 495.0}]}, "description": "$8.99"}, {"boundingPoly": {"vertices": [{"x": 477.0, "y": 503.0}, {"x": 530.0, "y": 504.0}, {"x": 530.0, "y": 522.0}, {"x": 478.0, "y": 523.0}]}, "description": "$1.84"}, {"boundingPoly": {"vertices": [{"x": 477.0, "y": 531.0}, {"x": 530.0, "y": 530.0}, {"x": 530.0, "y": 549.0}, {"x": 478.0, "y": 550.0}]}, "description": "$2.75"}, {"boundingPoly": {"vertices": [{"x": 477.0, "y": 558.0}, {"x": 531.0, "y": 558.0}, {"x": 530.0, "y": 576.0}, {"x": 477.0, "y": 577.0}]}, "description": "$1.84"}, {"boundingPoly": {"vertices": [{"x": 19.0, "y": 611.0}, {"x": 96.0, "y": 612.0}, {"x": 95.0, "y": 631.0}, {"x": 19.0, "y": 630.0}]}, "description": "Subtotal"}, {"boundingPoly": {"vertices": [{"x": 19.0, "y": 639.0}, {"x": 54.0, "y": 640.0}, {"x": 54.0, "y": 658.0}, {"x": 19.0, "y": 657.0}]}, "description": "Tax"}, {"boundingPoly": {"vertices": [{"x": 19.0, "y": 666.0}, {"x": 71.0, "y": 666.0}, {"x": 71.0, "y": 684.0}, {"x": 19.0, "y": 684.0}]}, "description": "Total"}, {"boundingPoly": {"vertices": [{"x": 465.0, "y": 611.0}, {"x": 531.0, "y": 611.0}, {"x": 531.0, "y": 630.0}, {"x": 465.0, "y": 630.0}]}, "description": "$15.42"}, {"boundingPoly": {"vertices": [{"x": 477.0, "y": 638.0}, {"x": 530.0, "y": 639.0}, {"x": 530.0, "y": 657.0}, {"x": 478.0, "y": 658.0}]}, "description": "$1.36"}, {"boundingPoly": {"vertices": [{"x": 466.0, "y": 666.0}, {"x": 530.0, "y": 665.0}, {"x": 530.0, "y": 684.0}, {"x": 466.0, "y": 685.0}]}, "description": "$16.78"}, {"boundingPoly": {"vertices": [{"x": 18.0, "y": 720.0}, {"x": 124.0, "y": 720.0}, {"x": 124.0, "y": 739.0}, {"x": 18.0, "y": 738.0}]}, "description": "Credit Card"}, {"boundingPoly": {"vertices": [{"x": 18.0, "y": 747.0}, {"x": 73.0, "y": 749.0}, {"x": 72.0, "y": 766.0}, {"x": 18.0, "y": 765.0}]}, "description": "Amex"}, {"boundingPoly": {"vertices": [{"x": 19.0, "y": 773.0}, {"x": 65.0, "y": 776.0}, {"x": 64.0, "y": 788.0}, {"x": 19.0, "y": 785.0}]}, "description": "Tima"}, {"boundingPoly": {"vertices": [{"x": 461.0, "y": 719.0}, {"x": 531.0, "y": 720.0}, {"x": 531.0, "y": 741.0}, {"x": 461.0, "y": 741.0}]}, "description": "Swiped"}, {"boundingPoly": {"vertices": [{"x": 402.0, "y": 748.0}, {"x": 529.0, "y": 746.0}, {"x": 530.0, "y": 765.0}, {"x": 402.0, "y": 767.0}]}, "description": "xxxxxxxx1001"}, {"boundingPoly": {"vertices": [{"x": 455.0, "y": 773.0}, {"x": 531.0, "y": 773.0}, {"x": 531.0, "y": 785.0}, {"x": 455.0, "y": 786.0}]}, "description": "1.57 DM"}]}