{"textAnnotations": [{"boundingPoly": {"vertices": [{"x": 483.0, "y": 421.0}, {"x": 630.0, "y": 414.0}, {"x": 632.0, "y": 439.0}, {"x": 485.0, "y": 448.0}]}, "description": "merchant name"}, {"boundingPoly": {"vertices": [{"x": 425.0, "y": 490.0}, {"x": 693.0, "y": 473.0}, {"x": 695.0, "y": 501.0}, {"x": 427.0, "y": 518.0}]}, "description": "merchant address"}, {"boundingPoly": {"vertices": [{"x": 474.0, "y": 454.0}, {"x": 649.0, "y": 443.0}, {"x": 651.0, "y": 471.0}, {"x": 476.0, "y": 481.0}]}, "description": "merchant address"}, {"boundingPoly": {"vertices": [{"x": 477.0, "y": 518.0}, {"x": 642.0, "y": 510.0}, {"x": 643.0, "y": 538.0}, {"x": 478.0, "y": 546.0}]}, "description": "merchant phone"}, {"boundingPoly": {"vertices": [{"x": 623.0, "y": 564.0}, {"x": 719.0, "y": 564.0}, {"x": 719.0, "y": 596.0}, {"x": 623.0, "y": 596.0}]}, "description": " User:"}, {"boundingPoly": {"vertices": [{"x": 227.0, "y": 604.0}, {"x": 720.0, "y": 604.0}, {"x": 720.0, "y": 658.0}, {"x": 227.0, "y": 658.0}]}, "description": " 11/10/2019 3:44 pm Station:"}, {"boundingPoly": {"vertices": [{"x": 228.0, "y": 582.0}, {"x": 346.0, "y": 582.0}, {"x": 346.0, "y": 619.0}, {"x": 228.0, "y": 619.0}]}, "description": " Ticket"}, {"boundingPoly": {"vertices": [{"x": 350.0, "y": 579.0}, {"x": 380.0, "y": 579.0}, {"x": 380.0, "y": 613.0}, {"x": 350.0, "y": 613.0}]}, "description": " #"}, {"boundingPoly": {"vertices": [{"x": 385.0, "y": 572.0}, {"x": 515.0, "y": 572.0}, {"x": 515.0, "y": 611.0}, {"x": 385.0, "y": 611.0}]}, "description": " 5423973"}, {"boundingPoly": {"vertices": [{"x": 723.0, "y": 559.0}, {"x": 800.0, "y": 559.0}, {"x": 800.0, "y": 591.0}, {"x": 723.0, "y": 591.0}]}, "description": " 9288"}, {"boundingPoly": {"vertices": [{"x": 725.0, "y": 602.0}, {"x": 765.0, "y": 602.0}, {"x": 765.0, "y": 632.0}, {"x": 725.0, "y": 632.0}]}, "description": " 31"}, {"boundingPoly": {"vertices": [{"x": 233.0, "y": 741.0}, {"x": 293.0, "y": 741.0}, {"x": 293.0, "y": 770.0}, {"x": 233.0, "y": 770.0}]}, "description": " SKU"}, {"boundingPoly": {"vertices": [{"x": 233.0, "y": 779.0}, {"x": 432.0, "y": 773.0}, {"x": 433.0, "y": 800.0}, {"x": 233.0, "y": 807.0}]}, "description": "Description"}, {"boundingPoly": {"vertices": [{"x": 304.0, "y": 739.0}, {"x": 328.0, "y": 739.0}, {"x": 328.0, "y": 769.0}, {"x": 304.0, "y": 769.0}]}, "description": " #"}, {"boundingPoly": {"vertices": [{"x": 530.0, "y": 728.0}, {"x": 585.0, "y": 726.0}, {"x": 585.0, "y": 755.0}, {"x": 531.0, "y": 758.0}]}, "description": "Qty"}, {"boundingPoly": {"vertices": [{"x": 654.0, "y": 722.0}, {"x": 759.0, "y": 720.0}, {"x": 759.0, "y": 748.0}, {"x": 654.0, "y": 750.0}]}, "description": "Price"}, {"boundingPoly": {"vertices": [{"x": 783.0, "y": 718.0}, {"x": 883.0, "y": 716.0}, {"x": 884.0, "y": 743.0}, {"x": 783.0, "y": 746.0}]}, "description": "Total"}, {"boundingPoly": {"vertices": [{"x": 229.0, "y": 884.0}, {"x": 285.0, "y": 884.0}, {"x": 285.0, "y": 910.0}, {"x": 231.0, "y": 911.0}]}, "description": "952"}, {"boundingPoly": {"vertices": [{"x": 228.0, "y": 916.0}, {"x": 344.0, "y": 916.0}, {"x": 344.0, "y": 950.0}, {"x": 228.0, "y": 950.0}]}, "description": " Veggie"}, {"boundingPoly": {"vertices": [{"x": 498.0, "y": 872.0}, {"x": 600.0, "y": 872.0}, {"x": 600.0, "y": 904.0}, {"x": 498.0, "y": 904.0}]}, "description": " 1EACH"}, {"boundingPoly": {"vertices": [{"x": 627.0, "y": 869.0}, {"x": 727.0, "y": 869.0}, {"x": 727.0, "y": 900.0}, {"x": 627.0, "y": 900.0}]}, "description": " 10.25"}, {"boundingPoly": {"vertices": [{"x": 785.0, "y": 867.0}, {"x": 878.0, "y": 865.0}, {"x": 878.0, "y": 894.0}, {"x": 785.0, "y": 897.0}]}, "description": "10.25"}, {"boundingPoly": {"vertices": [{"x": 350.0, "y": 914.0}, {"x": 462.0, "y": 914.0}, {"x": 462.0, "y": 948.0}, {"x": 350.0, "y": 948.0}]}, "description": " burger"}, {"boundingPoly": {"vertices": [{"x": 519.0, "y": 969.0}, {"x": 631.0, "y": 969.0}, {"x": 631.0, "y": 1006.0}, {"x": 519.0, "y": 1006.0}]}, "description": " Cal:330"}, {"boundingPoly": {"vertices": [{"x": 517.0, "y": 1007.0}, {"x": 631.0, "y": 1007.0}, {"x": 631.0, "y": 1042.0}, {"x": 517.0, "y": 1042.0}]}, "description": " Cal:427"}, {"boundingPoly": {"vertices": [{"x": 500.0, "y": 1067.0}, {"x": 595.0, "y": 1066.0}, {"x": 595.0, "y": 1095.0}, {"x": 500.0, "y": 1096.0}]}, "description": "1 EACH"}, {"boundingPoly": {"vertices": [{"x": 227.0, "y": 1109.0}, {"x": 592.0, "y": 1106.0}, {"x": 592.0, "y": 1132.0}, {"x": 228.0, "y": 1137.0}]}, "description": "Vegan / Local Snacks"}, {"boundingPoly": {"vertices": [{"x": 714.0, "y": 970.0}, {"x": 774.0, "y": 970.0}, {"x": 774.0, "y": 1004.0}, {"x": 714.0, "y": 1004.0}]}, "description": " Fat:"}, {"boundingPoly": {"vertices": [{"x": 715.0, "y": 1006.0}, {"x": 816.0, "y": 1006.0}, {"x": 816.0, "y": 1041.0}, {"x": 715.0, "y": 1041.0}]}, "description": " Fat:22"}, {"boundingPoly": {"vertices": [{"x": 804.0, "y": 1066.0}, {"x": 879.0, "y": 1064.0}, {"x": 879.0, "y": 1092.0}, {"x": 806.0, "y": 1095.0}]}, "description": "4.95"}, {"boundingPoly": {"vertices": [{"x": 780.0, "y": 969.0}, {"x": 816.0, "y": 969.0}, {"x": 816.0, "y": 1002.0}, {"x": 780.0, "y": 1002.0}]}, "description": " 10"}, {"boundingPoly": {"vertices": [{"x": 220.0, "y": 1015.0}, {"x": 377.0, "y": 1015.0}, {"x": 377.0, "y": 1050.0}, {"x": 220.0, "y": 1050.0}]}, "description": "Fries only"}, {"boundingPoly": {"vertices": [{"x": 232.0, "y": 1073.0}, {"x": 301.0, "y": 1072.0}, {"x": 302.0, "y": 1098.0}, {"x": 232.0, "y": 1100.0}]}, "description": "5565"}, {"boundingPoly": {"vertices": [{"x": 646.0, "y": 1067.0}, {"x": 721.0, "y": 1067.0}, {"x": 721.0, "y": 1093.0}, {"x": 647.0, "y": 1094.0}]}, "description": "4.95"}, {"boundingPoly": {"vertices": [{"x": 230.0, "y": 1189.0}, {"x": 297.0, "y": 1189.0}, {"x": 298.0, "y": 1215.0}, {"x": 231.0, "y": 1215.0}]}, "description": "6315"}, {"boundingPoly": {"vertices": [{"x": 225.0, "y": 1223.0}, {"x": 577.0, "y": 1223.0}, {"x": 577.0, "y": 1253.0}, {"x": 226.0, "y": 1255.0}]}, "description": "Torch Spicy Chicken"}, {"boundingPoly": {"vertices": [{"x": 499.0, "y": 1188.0}, {"x": 512.0, "y": 1188.0}, {"x": 512.0, "y": 1216.0}, {"x": 499.0, "y": 1216.0}]}, "description": " 1"}, {"boundingPoly": {"vertices": [{"x": 517.0, "y": 1187.0}, {"x": 603.0, "y": 1187.0}, {"x": 603.0, "y": 1216.0}, {"x": 517.0, "y": 1216.0}]}, "description": " EACH"}, {"boundingPoly": {"vertices": [{"x": 627.0, "y": 1185.0}, {"x": 722.0, "y": 1185.0}, {"x": 722.0, "y": 1215.0}, {"x": 627.0, "y": 1215.0}]}, "description": " 12.95"}, {"boundingPoly": {"vertices": [{"x": 785.0, "y": 1185.0}, {"x": 879.0, "y": 1184.0}, {"x": 879.0, "y": 1213.0}, {"x": 785.0, "y": 1215.0}]}, "description": "12.95"}, {"boundingPoly": {"vertices": [{"x": 229.0, "y": 1306.0}, {"x": 281.0, "y": 1307.0}, {"x": 280.0, "y": 1333.0}, {"x": 229.0, "y": 1332.0}]}, "description": "965"}, {"boundingPoly": {"vertices": [{"x": 226.0, "y": 1339.0}, {"x": 505.0, "y": 1341.0}, {"x": 505.0, "y": 1369.0}, {"x": 226.0, "y": 1367.0}]}, "description": "HOT CHOC-MEDIUM"}, {"boundingPoly": {"vertices": [{"x": 498.0, "y": 1307.0}, {"x": 511.0, "y": 1307.0}, {"x": 511.0, "y": 1335.0}, {"x": 498.0, "y": 1335.0}]}, "description": " 2"}, {"boundingPoly": {"vertices": [{"x": 516.0, "y": 1307.0}, {"x": 597.0, "y": 1307.0}, {"x": 597.0, "y": 1336.0}, {"x": 516.0, "y": 1336.0}]}, "description": " EACH"}, {"boundingPoly": {"vertices": [{"x": 644.0, "y": 1307.0}, {"x": 722.0, "y": 1305.0}, {"x": 723.0, "y": 1333.0}, {"x": 645.0, "y": 1336.0}]}, "description": "2.45"}, {"boundingPoly": {"vertices": [{"x": 806.0, "y": 1307.0}, {"x": 878.0, "y": 1306.0}, {"x": 879.0, "y": 1333.0}, {"x": 809.0, "y": 1335.0}]}, "description": "4.90"}, {"boundingPoly": {"vertices": [{"x": 519.0, "y": 1407.0}, {"x": 635.0, "y": 1407.0}, {"x": 635.0, "y": 1442.0}, {"x": 519.0, "y": 1442.0}]}, "description": " Cal:120"}, {"boundingPoly": {"vertices": [{"x": 517.0, "y": 1468.0}, {"x": 604.0, "y": 1468.0}, {"x": 604.0, "y": 1497.0}, {"x": 517.0, "y": 1497.0}]}, "description": " EACH"}, {"boundingPoly": {"vertices": [{"x": 228.0, "y": 1498.0}, {"x": 634.0, "y": 1505.0}, {"x": 633.0, "y": 1535.0}, {"x": 228.0, "y": 1528.0}]}, "description": "Upgrade to Onion Rings"}, {"boundingPoly": {"vertices": [{"x": 716.0, "y": 1406.0}, {"x": 759.0, "y": 1406.0}, {"x": 759.0, "y": 1440.0}, {"x": 716.0, "y": 1440.0}]}, "description": " Fat"}, {"boundingPoly": {"vertices": [{"x": 766.0, "y": 1406.0}, {"x": 802.0, "y": 1406.0}, {"x": 802.0, "y": 1440.0}, {"x": 766.0, "y": 1440.0}]}, "description": " :2"}, {"boundingPoly": {"vertices": [{"x": 233.0, "y": 1464.0}, {"x": 301.0, "y": 1464.0}, {"x": 301.0, "y": 1490.0}, {"x": 232.0, "y": 1491.0}]}, "description": "1087"}, {"boundingPoly": {"vertices": [{"x": 501.0, "y": 1468.0}, {"x": 512.0, "y": 1468.0}, {"x": 512.0, "y": 1496.0}, {"x": 501.0, "y": 1496.0}]}, "description": " 1"}, {"boundingPoly": {"vertices": [{"x": 648.0, "y": 1468.0}, {"x": 724.0, "y": 1467.0}, {"x": 724.0, "y": 1496.0}, {"x": 648.0, "y": 1496.0}]}, "description": "1.00"}, {"boundingPoly": {"vertices": [{"x": 808.0, "y": 1467.0}, {"x": 884.0, "y": 1468.0}, {"x": 884.0, "y": 1494.0}, {"x": 809.0, "y": 1496.0}]}, "description": "1.00"}, {"boundingPoly": {"vertices": [{"x": 521.0, "y": 1568.0}, {"x": 638.0, "y": 1568.0}, {"x": 638.0, "y": 1603.0}, {"x": 521.0, "y": 1603.0}]}, "description": " Cal:520"}, {"boundingPoly": {"vertices": [{"x": 715.0, "y": 1568.0}, {"x": 758.0, "y": 1568.0}, {"x": 758.0, "y": 1604.0}, {"x": 715.0, "y": 1604.0}]}, "description": " Fat"}, {"boundingPoly": {"vertices": [{"x": 765.0, "y": 1568.0}, {"x": 819.0, "y": 1568.0}, {"x": 819.0, "y": 1603.0}, {"x": 765.0, "y": 1603.0}]}, "description": " :29"}, {"boundingPoly": {"vertices": [{"x": 855.0, "y": 1635.0}, {"x": 883.0, "y": 1636.0}, {"x": 882.0, "y": 1652.0}, {"x": 854.0, "y": 1651.0}]}, "description": "- -"}, {"boundingPoly": {"vertices": [{"x": 240.0, "y": 1662.0}, {"x": 388.0, "y": 1664.0}, {"x": 387.0, "y": 1692.0}, {"x": 239.0, "y": 1688.0}]}, "description": "Subtotal"}, {"boundingPoly": {"vertices": [{"x": 245.0, "y": 1702.0}, {"x": 410.0, "y": 1708.0}, {"x": 409.0, "y": 1737.0}, {"x": 243.0, "y": 1729.0}]}, "description": "Sales Tax"}, {"boundingPoly": {"vertices": [{"x": 243.0, "y": 1741.0}, {"x": 331.0, "y": 1745.0}, {"x": 330.0, "y": 1771.0}, {"x": 243.0, "y": 1767.0}]}, "description": "Total"}, {"boundingPoly": {"vertices": [{"x": 243.0, "y": 1788.0}, {"x": 384.0, "y": 1796.0}, {"x": 382.0, "y": 1823.0}, {"x": 241.0, "y": 1815.0}]}, "description": "Payments"}, {"boundingPoly": {"vertices": [{"x": 241.0, "y": 1821.0}, {"x": 317.0, "y": 1825.0}, {"x": 315.0, "y": 1851.0}, {"x": 240.0, "y": 1846.0}]}, "description": "AMEX"}, {"boundingPoly": {"vertices": [{"x": 246.0, "y": 1851.0}, {"x": 534.0, "y": 1872.0}, {"x": 531.0, "y": 1901.0}, {"x": 244.0, "y": 1875.0}]}, "description": "************ 1009"}, {"boundingPoly": {"vertices": [{"x": 786.0, "y": 1666.0}, {"x": 883.0, "y": 1668.0}, {"x": 882.0, "y": 1700.0}, {"x": 785.0, "y": 1697.0}]}, "description": "34.05"}, {"boundingPoly": {"vertices": [{"x": 806.0, "y": 1710.0}, {"x": 883.0, "y": 1714.0}, {"x": 881.0, "y": 1743.0}, {"x": 805.0, "y": 1740.0}]}, "description": "3.03"}, {"boundingPoly": {"vertices": [{"x": 787.0, "y": 1752.0}, {"x": 882.0, "y": 1756.0}, {"x": 881.0, "y": 1787.0}, {"x": 786.0, "y": 1783.0}]}, "description": "37.08"}, {"boundingPoly": {"vertices": [{"x": 654.0, "y": 1833.0}, {"x": 748.0, "y": 1836.0}, {"x": 747.0, "y": 1866.0}, {"x": 653.0, "y": 1862.0}]}, "description": "37.08"}, {"boundingPoly": {"vertices": [{"x": 514.0, "y": 2055.0}, {"x": 641.0, "y": 2065.0}, {"x": 639.0, "y": 2095.0}, {"x": 512.0, "y": 2085.0}]}, "description": "5423973"}, {"boundingPoly": {"vertices": [{"x": 230.0, "y": 2107.0}, {"x": 713.0, "y": 2107.0}, {"x": 713.0, "y": 2166.0}, {"x": 230.0, "y": 2166.0}]}, "description": " Number of items purchased:"}, {"boundingPoly": {"vertices": [{"x": 774.0, "y": 2139.0}, {"x": 791.0, "y": 2141.0}, {"x": 790.0, "y": 2165.0}, {"x": 773.0, "y": 2163.0}]}, "description": "6"}]}