{"textAnnotations": [{"boundingPoly": {"vertices": [{"x": 654.0, "y": 377.0}, {"x": 929.0, "y": 377.0}, {"x": 929.0, "y": 408.0}, {"x": 654.0, "y": 409.0}]}, "description": "merchant name"}, {"boundingPoly": {"vertices": [{"x": 691.0, "y": 440.0}, {"x": 905.0, "y": 432.0}, {"x": 906.0, "y": 462.0}, {"x": 691.0, "y": 470.0}]}, "description": "merchant address"}, {"boundingPoly": {"vertices": [{"x": 630.0, "y": 406.0}, {"x": 954.0, "y": 404.0}, {"x": 954.0, "y": 436.0}, {"x": 630.0, "y": 438.0}]}, "description": "merchant address"}, {"boundingPoly": {"vertices": [{"x": 714.0, "y": 469.0}, {"x": 894.0, "y": 462.0}, {"x": 895.0, "y": 492.0}, {"x": 714.0, "y": 500.0}]}, "description": "merchant phone"}, {"boundingPoly": {"vertices": [{"x": 873.0, "y": 517.0}, {"x": 936.0, "y": 517.0}, {"x": 936.0, "y": 551.0}, {"x": 873.0, "y": 551.0}]}, "description": " DOB:"}, {"boundingPoly": {"vertices": [{"x": 525.0, "y": 517.0}, {"x": 626.0, "y": 517.0}, {"x": 626.0, "y": 551.0}, {"x": 525.0, "y": 551.0}]}, "description": " Server:"}, {"boundingPoly": {"vertices": [{"x": 527.0, "y": 549.0}, {"x": 645.0, "y": 549.0}, {"x": 645.0, "y": 582.0}, {"x": 527.0, "y": 582.0}]}, "description": " 07:38 PM"}, {"boundingPoly": {"vertices": [{"x": 527.0, "y": 581.0}, {"x": 690.0, "y": 589.0}, {"x": 688.0, "y": 619.0}, {"x": 525.0, "y": 610.0}]}, "description": "Table 9123/6"}, {"boundingPoly": {"vertices": [{"x": 630.0, "y": 522.0}, {"x": 690.0, "y": 522.0}, {"x": 690.0, "y": 555.0}, {"x": 630.0, "y": 555.0}]}, "description": " Ross"}, {"boundingPoly": {"vertices": [{"x": 941.0, "y": 512.0}, {"x": 1076.0, "y": 512.0}, {"x": 1076.0, "y": 549.0}, {"x": 941.0, "y": 549.0}]}, "description": " 11/13/2019"}, {"boundingPoly": {"vertices": [{"x": 944.0, "y": 549.0}, {"x": 1077.0, "y": 545.0}, {"x": 1078.0, "y": 575.0}, {"x": 945.0, "y": 580.0}]}, "description": "11/13/2019"}, {"boundingPoly": {"vertices": [{"x": 985.0, "y": 582.0}, {"x": 1080.0, "y": 579.0}, {"x": 1081.0, "y": 607.0}, {"x": 986.0, "y": 611.0}]}, "description": "5/50003"}, {"boundingPoly": {"vertices": [{"x": 775.0, "y": 654.0}, {"x": 837.0, "y": 656.0}, {"x": 837.0, "y": 684.0}, {"x": 775.0, "y": 681.0}]}, "description": "SALE"}, {"boundingPoly": {"vertices": [{"x": 529.0, "y": 707.0}, {"x": 587.0, "y": 708.0}, {"x": 587.0, "y": 735.0}, {"x": 529.0, "y": 734.0}]}, "description": "AMEX"}, {"boundingPoly": {"vertices": [{"x": 527.0, "y": 739.0}, {"x": 811.0, "y": 746.0}, {"x": 810.0, "y": 777.0}, {"x": 526.0, "y": 768.0}]}, "description": "Card #XXXXXXXXXXX1006"}, {"boundingPoly": {"vertices": [{"x": 984.0, "y": 708.0}, {"x": 1082.0, "y": 706.0}, {"x": 1083.0, "y": 734.0}, {"x": 985.0, "y": 736.0}]}, "description": "5242881"}, {"boundingPoly": {"vertices": [{"x": 527.0, "y": 772.0}, {"x": 823.0, "y": 772.0}, {"x": 823.0, "y": 808.0}, {"x": 527.0, "y": 808.0}]}, "description": " Magnetic card present:"}, {"boundingPoly": {"vertices": [{"x": 527.0, "y": 834.0}, {"x": 779.0, "y": 834.0}, {"x": 779.0, "y": 869.0}, {"x": 527.0, "y": 869.0}]}, "description": " Card Entry Method:"}, {"boundingPoly": {"vertices": [{"x": 792.0, "y": 843.0}, {"x": 812.0, "y": 843.0}, {"x": 810.0, "y": 867.0}, {"x": 791.0, "y": 867.0}]}, "description": "S"}, {"boundingPoly": {"vertices": [{"x": 526.0, "y": 900.0}, {"x": 654.0, "y": 900.0}, {"x": 654.0, "y": 931.0}, {"x": 526.0, "y": 931.0}]}, "description": " Approval:"}, {"boundingPoly": {"vertices": [{"x": 659.0, "y": 900.0}, {"x": 748.0, "y": 900.0}, {"x": 748.0, "y": 931.0}, {"x": 659.0, "y": 931.0}]}, "description": " 566106"}, {"boundingPoly": {"vertices": [{"x": 802.0, "y": 969.0}, {"x": 876.0, "y": 969.0}, {"x": 876.0, "y": 995.0}, {"x": 802.0, "y": 995.0}]}, "description": " Amount"}, {"boundingPoly": {"vertices": [{"x": 881.0, "y": 970.0}, {"x": 891.0, "y": 970.0}, {"x": 891.0, "y": 995.0}, {"x": 881.0, "y": 995.0}]}, "description": " :"}, {"boundingPoly": {"vertices": [{"x": 1007.0, "y": 966.0}, {"x": 1095.0, "y": 963.0}, {"x": 1096.0, "y": 992.0}, {"x": 1008.0, "y": 994.0}]}, "description": "$43.87"}, {"boundingPoly": {"vertices": [{"x": 925.0, "y": 1018.0}, {"x": 1080.0, "y": 1008.0}, {"x": 1082.0, "y": 1046.0}, {"x": 927.0, "y": 1061.0}]}, "description": "$15.00"}, {"boundingPoly": {"vertices": [{"x": 932.0, "y": 1076.0}, {"x": 1088.0, "y": 1066.0}, {"x": 1090.0, "y": 1109.0}, {"x": 932.0, "y": 1118.0}]}, "description": "$58, 87"}, {"boundingPoly": {"vertices": [{"x": 818.0, "y": 1032.0}, {"x": 896.0, "y": 1032.0}, {"x": 896.0, "y": 1060.0}, {"x": 818.0, "y": 1060.0}]}, "description": " + Tip:"}, {"boundingPoly": {"vertices": [{"x": 708.0, "y": 1099.0}, {"x": 894.0, "y": 1099.0}, {"x": 894.0, "y": 1129.0}, {"x": 708.0, "y": 1129.0}]}, "description": " = Balance Due:"}, {"boundingPoly": {"vertices": [{"x": 654.0, "y": 1201.0}, {"x": 671.0, "y": 1201.0}, {"x": 671.0, "y": 1233.0}, {"x": 654.0, "y": 1233.0}]}, "description": " I"}, {"boundingPoly": {"vertices": [{"x": 676.0, "y": 1198.0}, {"x": 982.0, "y": 1198.0}, {"x": 982.0, "y": 1233.0}, {"x": 676.0, "y": 1233.0}]}, "description": " agree to pay the above"}, {"boundingPoly": {"vertices": [{"x": 611.0, "y": 1235.0}, {"x": 1011.0, "y": 1230.0}, {"x": 1012.0, "y": 1261.0}, {"x": 611.0, "y": 1267.0}]}, "description": "total amount according to the"}, {"boundingPoly": {"vertices": [{"x": 664.0, "y": 1266.0}, {"x": 966.0, "y": 1265.0}, {"x": 966.0, "y": 1302.0}, {"x": 665.0, "y": 1306.0}]}, "description": "card/jissuer agreement."}, {"boundingPoly": {"vertices": [{"x": 527.0, "y": 1337.0}, {"x": 566.0, "y": 1335.0}, {"x": 566.0, "y": 1372.0}, {"x": 527.0, "y": 1371.0}]}, "description": "x"}, {"boundingPoly": {"vertices": [{"x": 582.0, "y": 1410.0}, {"x": 1051.0, "y": 1402.0}, {"x": 1051.0, "y": 1436.0}, {"x": 583.0, "y": 1445.0}]}, "description": "A suggested gratuity of 15% - 20%"}, {"boundingPoly": {"vertices": [{"x": 630.0, "y": 1447.0}, {"x": 1005.0, "y": 1442.0}, {"x": 1005.0, "y": 1475.0}, {"x": 630.0, "y": 1480.0}]}, "description": "is customary. The amount of"}, {"boundingPoly": {"vertices": [{"x": 581.0, "y": 1482.0}, {"x": 1049.0, "y": 1479.0}, {"x": 1050.0, "y": 1512.0}, {"x": 582.0, "y": 1518.0}]}, "description": "gratuity is always discretionary."}, {"boundingPoly": {"vertices": [{"x": 609.0, "y": 1530.0}, {"x": 1045.0, "y": 1536.0}, {"x": 1045.0, "y": 1568.0}, {"x": 608.0, "y": 1563.0}]}, "description": "\"There are no spare customers\""}, {"boundingPoly": {"vertices": [{"x": 569.0, "y": 1580.0}, {"x": 1076.0, "y": 1595.0}, {"x": 1075.0, "y": 1630.0}, {"x": 568.0, "y": 1618.0}]}, "description": "Tell us what you think about your"}, {"boundingPoly": {"vertices": [{"x": 498.0, "y": 1644.0}, {"x": 1157.0, "y": 1657.0}, {"x": 1156.0, "y": 1695.0}, {"x": 497.0, "y": 1682.0}]}, "description": "a chance to win a $500 LandryAs Gift card."}, {"boundingPoly": {"vertices": [{"x": 629.0, "y": 1710.0}, {"x": 1021.0, "y": 1727.0}, {"x": 1019.0, "y": 1765.0}, {"x": 628.0, "y": 1751.0}]}, "description": "to share your feedback."}, {"boundingPoly": {"vertices": [{"x": 668.0, "y": 1559.0}, {"x": 962.0, "y": 1569.0}, {"x": 961.0, "y": 1600.0}, {"x": 668.0, "y": 1589.0}]}, "description": "-Tilman J. Fertitta"}, {"boundingPoly": {"vertices": [{"x": 546.0, "y": 1613.0}, {"x": 1109.0, "y": 1627.0}, {"x": 1108.0, "y": 1661.0}, {"x": 545.0, "y": 1649.0}]}, "description": "experience today, and be entered for"}, {"boundingPoly": {"vertices": [{"x": 539.0, "y": 1674.0}, {"x": 1109.0, "y": 1674.0}, {"x": 1109.0, "y": 1732.0}, {"x": 539.0, "y": 1732.0}]}, "description": " Visit https://survey. landrysinc.com"}, {"boundingPoly": {"vertices": [{"x": 511.0, "y": 1738.0}, {"x": 886.0, "y": 1738.0}, {"x": 886.0, "y": 1800.0}, {"x": 511.0, "y": 1800.0}]}, "description": " See Official rules at:"}, {"boundingPoly": {"vertices": [{"x": 891.0, "y": 1761.0}, {"x": 1137.0, "y": 1761.0}, {"x": 1137.0, "y": 1806.0}, {"x": 891.0, "y": 1806.0}]}, "description": " www.ldryor.com"}]}