{"textAnnotations": [{"boundingPoly": {"vertices": [{"x": 42.0, "y": 34.0}, {"x": 340.0, "y": 26.0}, {"x": 341.0, "y": 65.0}, {"x": 42.0, "y": 74.0}]}, "description": "merchant name"}, {"boundingPoly": {"vertices": [{"x": 54.0, "y": 77.0}, {"x": 255.0, "y": 72.0}, {"x": 256.0, "y": 104.0}, {"x": 55.0, "y": 111.0}]}, "description": "Heures + CNL"}, {"boundingPoly": {"vertices": [{"x": 134.0, "y": 122.0}, {"x": 270.0, "y": 130.0}, {"x": 268.0, "y": 153.0}, {"x": 134.0, "y": 146.0}]}, "description": "merchant address"}, {"boundingPoly": {"vertices": [{"x": 114.0, "y": 162.0}, {"x": 150.0, "y": 162.0}, {"x": 150.0, "y": 187.0}, {"x": 114.0, "y": 187.0}]}, "description": " REG:"}, {"boundingPoly": {"vertices": [{"x": 48.0, "y": 195.0}, {"x": 142.0, "y": 199.0}, {"x": 141.0, "y": 221.0}, {"x": 48.0, "y": 217.0}]}, "description": "106 Takeout"}, {"boundingPoly": {"vertices": [{"x": 38.0, "y": 235.0}, {"x": 109.0, "y": 237.0}, {"x": 109.0, "y": 260.0}, {"x": 37.0, "y": 257.0}]}, "description": "Chk 5435"}, {"boundingPoly": {"vertices": [{"x": 72.0, "y": 277.0}, {"x": 200.0, "y": 281.0}, {"x": 199.0, "y": 303.0}, {"x": 71.0, "y": 299.0}]}, "description": "Takeout"}, {"boundingPoly": {"vertices": [{"x": 133.0, "y": 320.0}, {"x": 256.0, "y": 322.0}, {"x": 255.0, "y": 343.0}, {"x": 133.0, "y": 341.0}]}, "description": "Reprint"}, {"boundingPoly": {"vertices": [{"x": 103.0, "y": 359.0}, {"x": 191.0, "y": 358.0}, {"x": 192.0, "y": 378.0}, {"x": 103.0, "y": 379.0}]}, "description": "WHITE MEAT"}, {"boundingPoly": {"vertices": [{"x": 89.0, "y": 378.0}, {"x": 186.0, "y": 377.0}, {"x": 186.0, "y": 398.0}, {"x": 89.0, "y": 398.0}]}, "description": "+ GARON SLD"}, {"boundingPoly": {"vertices": [{"x": 106.0, "y": 397.0}, {"x": 208.0, "y": 396.0}, {"x": 208.0, "y": 417.0}, {"x": 106.0, "y": 417.0}]}, "description": "BALSMC DRESS"}, {"boundingPoly": {"vertices": [{"x": 105.0, "y": 416.0}, {"x": 192.0, "y": 416.0}, {"x": 192.0, "y": 436.0}, {"x": 105.0, "y": 437.0}]}, "description": "WHITE ROLL"}, {"boundingPoly": {"vertices": [{"x": 71.0, "y": 436.0}, {"x": 153.0, "y": 436.0}, {"x": 153.0, "y": 456.0}, {"x": 71.0, "y": 456.0}]}, "description": " ADD FRIES"}, {"boundingPoly": {"vertices": [{"x": 72.0, "y": 454.0}, {"x": 193.0, "y": 454.0}, {"x": 193.0, "y": 475.0}, {"x": 72.0, "y": 475.0}]}, "description": " XTRA LG CH_T S"}, {"boundingPoly": {"vertices": [{"x": 65.0, "y": 473.0}, {"x": 191.0, "y": 473.0}, {"x": 191.0, "y": 493.0}, {"x": 65.0, "y": 494.0}]}, "description": "XXXXXXXXXXX4007"}, {"boundingPoly": {"vertices": [{"x": 74.0, "y": 495.0}, {"x": 111.0, "y": 495.0}, {"x": 110.0, "y": 513.0}, {"x": 74.0, "y": 513.0}]}, "description": "Amex"}, {"boundingPoly": {"vertices": [{"x": 109.0, "y": 528.0}, {"x": 308.0, "y": 524.0}, {"x": 309.0, "y": 544.0}, {"x": 109.0, "y": 547.0}]}, "description": "This location now offers"}, {"boundingPoly": {"vertices": [{"x": 81.0, "y": 565.0}, {"x": 342.0, "y": 559.0}, {"x": 343.0, "y": 578.0}, {"x": 81.0, "y": 584.0}]}, "description": "Interac Debit, Visa, MasterCard"}, {"boundingPoly": {"vertices": [{"x": 105.0, "y": 103.0}, {"x": 308.0, "y": 105.0}, {"x": 307.0, "y": 131.0}, {"x": 105.0, "y": 128.0}]}, "description": "merchant name"}, {"boundingPoly": {"vertices": [{"x": 122.0, "y": 143.0}, {"x": 288.0, "y": 148.0}, {"x": 287.0, "y": 172.0}, {"x": 121.0, "y": 167.0}]}, "description": "merchant address"}, {"boundingPoly": {"vertices": [{"x": 153.0, "y": 164.0}, {"x": 291.0, "y": 164.0}, {"x": 291.0, "y": 191.0}, {"x": 153.0, "y": 191.0}]}, "description": " 312169803 RT0001"}, {"boundingPoly": {"vertices": [{"x": 181.0, "y": 238.0}, {"x": 356.0, "y": 238.0}, {"x": 356.0, "y": 266.0}, {"x": 181.0, "y": 266.0}]}, "description": " Nov03' 19 07:13P Gst"}, {"boundingPoly": {"vertices": [{"x": 105.0, "y": 300.0}, {"x": 308.0, "y": 300.0}, {"x": 307.0, "y": 322.0}, {"x": 104.0, "y": 322.0}]}, "description": "Closed Check"}, {"boundingPoly": {"vertices": [{"x": 57.0, "y": 336.0}, {"x": 67.0, "y": 336.0}, {"x": 67.0, "y": 358.0}, {"x": 57.0, "y": 358.0}]}, "description": " 1"}, {"boundingPoly": {"vertices": [{"x": 71.0, "y": 336.0}, {"x": 169.0, "y": 336.0}, {"x": 169.0, "y": 359.0}, {"x": 71.0, "y": 359.0}]}, "description": " 1/4 CHICKEN"}, {"boundingPoly": {"vertices": [{"x": 306.0, "y": 338.0}, {"x": 349.0, "y": 336.0}, {"x": 349.0, "y": 356.0}, {"x": 308.0, "y": 358.0}]}, "description": "12.79"}, {"boundingPoly": {"vertices": [{"x": 56.0, "y": 436.0}, {"x": 67.0, "y": 436.0}, {"x": 67.0, "y": 457.0}, {"x": 56.0, "y": 457.0}]}, "description": " 1"}, {"boundingPoly": {"vertices": [{"x": 57.0, "y": 455.0}, {"x": 68.0, "y": 455.0}, {"x": 68.0, "y": 475.0}, {"x": 57.0, "y": 475.0}]}, "description": " 1"}, {"boundingPoly": {"vertices": [{"x": 311.0, "y": 432.0}, {"x": 350.0, "y": 432.0}, {"x": 349.0, "y": 450.0}, {"x": 311.0, "y": 452.0}]}, "description": "2.99"}, {"boundingPoly": {"vertices": [{"x": 312.0, "y": 451.0}, {"x": 351.0, "y": 450.0}, {"x": 351.0, "y": 468.0}, {"x": 312.0, "y": 470.0}]}, "description": "0.79"}, {"boundingPoly": {"vertices": [{"x": 307.0, "y": 489.0}, {"x": 350.0, "y": 487.0}, {"x": 350.0, "y": 508.0}, {"x": 307.0, "y": 508.0}]}, "description": "18.73"}, {"boundingPoly": {"vertices": [{"x": 124.0, "y": 548.0}, {"x": 285.0, "y": 543.0}, {"x": 286.0, "y": 562.0}, {"x": 124.0, "y": 566.0}]}, "description": "pay-at-the-door for"}, {"boundingPoly": {"vertices": [{"x": 73.0, "y": 583.0}, {"x": 340.0, "y": 580.0}, {"x": 340.0, "y": 597.0}, {"x": 73.0, "y": 602.0}]}, "description": "and AMEX on all delivery orders."}, {"boundingPoly": {"vertices": [{"x": 71.0, "y": 654.0}, {"x": 182.0, "y": 652.0}, {"x": 183.0, "y": 674.0}, {"x": 72.0, "y": 675.0}]}, "description": "Order Summary"}, {"boundingPoly": {"vertices": [{"x": 72.0, "y": 689.0}, {"x": 140.0, "y": 688.0}, {"x": 140.0, "y": 709.0}, {"x": 72.0, "y": 710.0}]}, "description": "Subtotal"}, {"boundingPoly": {"vertices": [{"x": 71.0, "y": 709.0}, {"x": 101.0, "y": 708.0}, {"x": 101.0, "y": 729.0}, {"x": 71.0, "y": 729.0}]}, "description": "HST"}, {"boundingPoly": {"vertices": [{"x": 72.0, "y": 730.0}, {"x": 133.0, "y": 729.0}, {"x": 134.0, "y": 747.0}, {"x": 72.0, "y": 749.0}]}, "description": "Payment"}, {"boundingPoly": {"vertices": [{"x": 307.0, "y": 683.0}, {"x": 350.0, "y": 683.0}, {"x": 349.0, "y": 702.0}, {"x": 308.0, "y": 702.0}]}, "description": "16.57"}, {"boundingPoly": {"vertices": [{"x": 312.0, "y": 701.0}, {"x": 352.0, "y": 702.0}, {"x": 352.0, "y": 721.0}, {"x": 312.0, "y": 721.0}]}, "description": "2.16"}, {"boundingPoly": {"vertices": [{"x": 305.0, "y": 722.0}, {"x": 351.0, "y": 720.0}, {"x": 351.0, "y": 739.0}, {"x": 305.0, "y": 739.0}]}, "description": "18.73"}, {"boundingPoly": {"vertices": [{"x": 255.0, "y": 740.0}, {"x": 321.0, "y": 740.0}, {"x": 321.0, "y": 762.0}, {"x": 255.0, "y": 762.0}]}, "description": " 14PM ----"}, {"boundingPoly": {"vertices": [{"x": 72.0, "y": 782.0}, {"x": 309.0, "y": 775.0}, {"x": 309.0, "y": 796.0}, {"x": 72.0, "y": 803.0}]}, "description": "*Total if Paying Cash $18.75"}, {"boundingPoly": {"vertices": [{"x": 118.0, "y": 742.0}, {"x": 252.0, "y": 742.0}, {"x": 252.0, "y": 766.0}, {"x": 118.0, "y": 766.0}]}, "description": " -106 Nov03' 19 07:"}, {"boundingPoly": {"vertices": [{"x": 97.0, "y": 836.0}, {"x": 299.0, "y": 832.0}, {"x": 299.0, "y": 853.0}, {"x": 98.0, "y": 857.0}]}, "description": "Tell Us How We Did Today"}, {"boundingPoly": {"vertices": [{"x": 80.0, "y": 870.0}, {"x": 324.0, "y": 870.0}, {"x": 324.0, "y": 896.0}, {"x": 80.0, "y": 896.0}]}, "description": " Complete our Guest survey at:"}, {"boundingPoly": {"vertices": [{"x": 107.0, "y": 894.0}, {"x": 334.0, "y": 889.0}, {"x": 335.0, "y": 907.0}, {"x": 107.0, "y": 913.0}]}, "description": "www.swisschaletfeedback.com"}, {"boundingPoly": {"vertices": [{"x": 195.0, "y": 924.0}, {"x": 335.0, "y": 924.0}, {"x": 335.0, "y": 948.0}, {"x": 195.0, "y": 948.0}]}, "description": " 6066-96587-80873"}, {"boundingPoly": {"vertices": [{"x": 88.0, "y": 928.0}, {"x": 191.0, "y": 928.0}, {"x": 191.0, "y": 952.0}, {"x": 88.0, "y": 952.0}]}, "description": " Access Code:"}, {"boundingPoly": {"vertices": [{"x": 87.0, "y": 1045.0}, {"x": 317.0, "y": 1041.0}, {"x": 317.0, "y": 1060.0}, {"x": 87.0, "y": 1065.0}]}, "description": "Now you can earn and redeem"}, {"boundingPoly": {"vertices": [{"x": 112.0, "y": 1083.0}, {"x": 283.0, "y": 1079.0}, {"x": 283.0, "y": 1098.0}, {"x": 112.0, "y": 1103.0}]}, "description": "eat at Swiss Chalet!"}, {"boundingPoly": {"vertices": [{"x": 78.0, "y": 1119.0}, {"x": 333.0, "y": 1116.0}, {"x": 334.0, "y": 1137.0}, {"x": 78.0, "y": 1140.0}]}, "description": "Visit www.scene.ca/swisschalet"}, {"boundingPoly": {"vertices": [{"x": 85.0, "y": 1140.0}, {"x": 326.0, "y": 1138.0}, {"x": 326.0, "y": 1156.0}, {"x": 85.0, "y": 1160.0}]}, "description": "or participating restaurants"}, {"boundingPoly": {"vertices": [{"x": 87.0, "y": 1063.0}, {"x": 317.0, "y": 1061.0}, {"x": 317.0, "y": 1081.0}, {"x": 87.0, "y": 1083.0}]}, "description": "SCENE points every time you"}, {"boundingPoly": {"vertices": [{"x": 163.0, "y": 1157.0}, {"x": 258.0, "y": 1156.0}, {"x": 258.0, "y": 1175.0}, {"x": 163.0, "y": 1176.0}]}, "description": "for details"}]}