{"textAnnotations": [{"boundingPoly": {"vertices": [{"x": 30.0, "y": 80.0}, {"x": 107.0, "y": 79.0}, {"x": 108.0, "y": 98.0}, {"x": 30.0, "y": 99.0}]}, "description": "11/13/2019"}, {"boundingPoly": {"vertices": [{"x": 238.0, "y": 79.0}, {"x": 278.0, "y": 79.0}, {"x": 278.0, "y": 96.0}, {"x": 238.0, "y": 96.0}]}, "description": " 13:00"}, {"boundingPoly": {"vertices": [{"x": 70.0, "y": 119.0}, {"x": 218.0, "y": 117.0}, {"x": 219.0, "y": 135.0}, {"x": 71.0, "y": 137.0}]}, "description": "Salt Lake City AMEX"}, {"boundingPoly": {"vertices": [{"x": 81.0, "y": 138.0}, {"x": 137.0, "y": 138.0}, {"x": 137.0, "y": 156.0}, {"x": 81.0, "y": 156.0}]}, "description": " 3759230"}, {"boundingPoly": {"vertices": [{"x": 88.0, "y": 157.0}, {"x": 128.0, "y": 157.0}, {"x": 128.0, "y": 175.0}, {"x": 88.0, "y": 175.0}]}, "description": " Flora"}, {"boundingPoly": {"vertices": [{"x": 33.0, "y": 176.0}, {"x": 102.0, "y": 176.0}, {"x": 102.0, "y": 194.0}, {"x": 33.0, "y": 194.0}]}, "description": " Terminal:"}, {"boundingPoly": {"vertices": [{"x": 30.0, "y": 139.0}, {"x": 78.0, "y": 139.0}, {"x": 78.0, "y": 156.0}, {"x": 30.0, "y": 156.0}]}, "description": " Check:"}, {"boundingPoly": {"vertices": [{"x": 29.0, "y": 158.0}, {"x": 85.0, "y": 158.0}, {"x": 85.0, "y": 176.0}, {"x": 29.0, "y": 176.0}]}, "description": " Server:"}, {"boundingPoly": {"vertices": [{"x": 105.0, "y": 176.0}, {"x": 130.0, "y": 176.0}, {"x": 130.0, "y": 194.0}, {"x": 105.0, "y": 194.0}]}, "description": " 375"}, {"boundingPoly": {"vertices": [{"x": 179.0, "y": 196.0}, {"x": 276.0, "y": 195.0}, {"x": 276.0, "y": 206.0}, {"x": 179.0, "y": 208.0}]}, "description": "============="}, {"boundingPoly": {"vertices": [{"x": 120.0, "y": 213.0}, {"x": 181.0, "y": 213.0}, {"x": 181.0, "y": 229.0}, {"x": 120.0, "y": 229.0}]}, "description": "SLC Amex"}, {"boundingPoly": {"vertices": [{"x": 78.0, "y": 231.0}, {"x": 203.0, "y": 231.0}, {"x": 203.0, "y": 248.0}, {"x": 78.0, "y": 249.0}]}, "description": "1 SAL - Salad Bar"}, {"boundingPoly": {"vertices": [{"x": 112.0, "y": 250.0}, {"x": 197.0, "y": 249.0}, {"x": 197.0, "y": 266.0}, {"x": 112.0, "y": 267.0}]}, "description": "0.76 @ 7.52"}, {"boundingPoly": {"vertices": [{"x": 79.0, "y": 269.0}, {"x": 137.0, "y": 269.0}, {"x": 137.0, "y": 284.0}, {"x": 79.0, "y": 284.0}]}, "description": "1 Dasani"}, {"boundingPoly": {"vertices": [{"x": 92.0, "y": 287.0}, {"x": 153.0, "y": 286.0}, {"x": 153.0, "y": 302.0}, {"x": 92.0, "y": 303.0}]}, "description": "04997704"}, {"boundingPoly": {"vertices": [{"x": 243.0, "y": 229.0}, {"x": 277.0, "y": 229.0}, {"x": 276.0, "y": 246.0}, {"x": 243.0, "y": 246.0}]}, "description": "5.72"}, {"boundingPoly": {"vertices": [{"x": 246.0, "y": 266.0}, {"x": 276.0, "y": 265.0}, {"x": 277.0, "y": 282.0}, {"x": 247.0, "y": 283.0}]}, "description": "1.25"}, {"boundingPoly": {"vertices": [{"x": 106.0, "y": 322.0}, {"x": 166.0, "y": 321.0}, {"x": 166.0, "y": 337.0}, {"x": 106.0, "y": 339.0}]}, "description": "Subtotal"}, {"boundingPoly": {"vertices": [{"x": 143.0, "y": 341.0}, {"x": 166.0, "y": 341.0}, {"x": 166.0, "y": 355.0}, {"x": 142.0, "y": 355.0}]}, "description": "Tax"}, {"boundingPoly": {"vertices": [{"x": 127.0, "y": 358.0}, {"x": 165.0, "y": 359.0}, {"x": 165.0, "y": 374.0}, {"x": 127.0, "y": 374.0}]}, "description": "Total"}, {"boundingPoly": {"vertices": [{"x": 229.0, "y": 320.0}, {"x": 260.0, "y": 320.0}, {"x": 260.0, "y": 336.0}, {"x": 229.0, "y": 337.0}]}, "description": "6.97"}, {"boundingPoly": {"vertices": [{"x": 228.0, "y": 339.0}, {"x": 260.0, "y": 338.0}, {"x": 260.0, "y": 354.0}, {"x": 228.0, "y": 354.0}]}, "description": "0.55"}, {"boundingPoly": {"vertices": [{"x": 230.0, "y": 357.0}, {"x": 261.0, "y": 357.0}, {"x": 259.0, "y": 373.0}, {"x": 230.0, "y": 372.0}]}, "description": "7.52"}, {"boundingPoly": {"vertices": [{"x": 35.0, "y": 414.0}, {"x": 67.0, "y": 414.0}, {"x": 67.0, "y": 430.0}, {"x": 35.0, "y": 430.0}]}, "description": " AMEX"}, {"boundingPoly": {"vertices": [{"x": 49.0, "y": 432.0}, {"x": 160.0, "y": 430.0}, {"x": 160.0, "y": 446.0}, {"x": 49.0, "y": 447.0}]}, "description": "XXXXXXXXXXX3003"}, {"boundingPoly": {"vertices": [{"x": 93.0, "y": 467.0}, {"x": 210.0, "y": 465.0}, {"x": 211.0, "y": 481.0}, {"x": 93.0, "y": 483.0}]}, "description": "AMERICAN EXPRESS"}, {"boundingPoly": {"vertices": [{"x": 84.0, "y": 485.0}, {"x": 154.0, "y": 485.0}, {"x": 154.0, "y": 501.0}, {"x": 84.0, "y": 501.0}]}, "description": " Signature"}, {"boundingPoly": {"vertices": [{"x": 133.0, "y": 502.0}, {"x": 168.0, "y": 502.0}, {"x": 168.0, "y": 519.0}, {"x": 133.0, "y": 519.0}]}, "description": " Chip"}, {"boundingPoly": {"vertices": [{"x": 128.0, "y": 521.0}, {"x": 173.0, "y": 521.0}, {"x": 173.0, "y": 536.0}, {"x": 128.0, "y": 536.0}]}, "description": " Issuer"}, {"boundingPoly": {"vertices": [{"x": 83.0, "y": 537.0}, {"x": 202.0, "y": 537.0}, {"x": 202.0, "y": 555.0}, {"x": 83.0, "y": 555.0}]}, "description": " A000000025010801"}, {"boundingPoly": {"vertices": [{"x": 83.0, "y": 556.0}, {"x": 159.0, "y": 556.0}, {"x": 159.0, "y": 573.0}, {"x": 83.0, "y": 573.0}]}, "description": " 0800008000"}, {"boundingPoly": {"vertices": [{"x": 83.0, "y": 573.0}, {"x": 188.0, "y": 573.0}, {"x": 188.0, "y": 591.0}, {"x": 83.0, "y": 591.0}]}, "description": " 06590103602000"}, {"boundingPoly": {"vertices": [{"x": 83.0, "y": 593.0}, {"x": 118.0, "y": 593.0}, {"x": 118.0, "y": 609.0}, {"x": 83.0, "y": 609.0}]}, "description": " F800"}, {"boundingPoly": {"vertices": [{"x": 83.0, "y": 611.0}, {"x": 101.0, "y": 611.0}, {"x": 101.0, "y": 627.0}, {"x": 83.0, "y": 627.0}]}, "description": " 00"}, {"boundingPoly": {"vertices": [{"x": 70.0, "y": 414.0}, {"x": 95.0, "y": 414.0}, {"x": 95.0, "y": 430.0}, {"x": 70.0, "y": 430.0}]}, "description": " EMV"}, {"boundingPoly": {"vertices": [{"x": 244.0, "y": 411.0}, {"x": 275.0, "y": 411.0}, {"x": 274.0, "y": 427.0}, {"x": 244.0, "y": 427.0}]}, "description": "7.52"}, {"boundingPoly": {"vertices": [{"x": 48.0, "y": 485.0}, {"x": 82.0, "y": 485.0}, {"x": 82.0, "y": 501.0}, {"x": 48.0, "y": 501.0}]}, "description": " CVM:"}, {"boundingPoly": {"vertices": [{"x": 48.0, "y": 503.0}, {"x": 130.0, "y": 503.0}, {"x": 130.0, "y": 520.0}, {"x": 48.0, "y": 520.0}]}, "description": " Entry Mode:"}, {"boundingPoly": {"vertices": [{"x": 48.0, "y": 521.0}, {"x": 125.0, "y": 521.0}, {"x": 125.0, "y": 537.0}, {"x": 48.0, "y": 537.0}]}, "description": " Auth Mode:"}, {"boundingPoly": {"vertices": [{"x": 48.0, "y": 539.0}, {"x": 80.0, "y": 539.0}, {"x": 80.0, "y": 555.0}, {"x": 48.0, "y": 555.0}]}, "description": " AID:"}, {"boundingPoly": {"vertices": [{"x": 48.0, "y": 557.0}, {"x": 80.0, "y": 557.0}, {"x": 80.0, "y": 574.0}, {"x": 48.0, "y": 574.0}]}, "description": " TVR:"}, {"boundingPoly": {"vertices": [{"x": 48.0, "y": 575.0}, {"x": 80.0, "y": 575.0}, {"x": 80.0, "y": 592.0}, {"x": 48.0, "y": 592.0}]}, "description": " IAD:"}, {"boundingPoly": {"vertices": [{"x": 48.0, "y": 593.0}, {"x": 81.0, "y": 593.0}, {"x": 81.0, "y": 609.0}, {"x": 48.0, "y": 609.0}]}, "description": " TSI:"}, {"boundingPoly": {"vertices": [{"x": 47.0, "y": 612.0}, {"x": 80.0, "y": 612.0}, {"x": 80.0, "y": 628.0}, {"x": 47.0, "y": 628.0}]}, "description": " ARC:"}, {"boundingPoly": {"vertices": [{"x": 84.0, "y": 647.0}, {"x": 165.0, "y": 645.0}, {"x": 165.0, "y": 661.0}, {"x": 84.0, "y": 663.0}]}, "description": "GRAND TOTAL"}, {"boundingPoly": {"vertices": [{"x": 236.0, "y": 643.0}, {"x": 267.0, "y": 643.0}, {"x": 266.0, "y": 659.0}, {"x": 236.0, "y": 659.0}]}, "description": "7.52"}, {"boundingPoly": {"vertices": [{"x": 33.0, "y": 690.0}, {"x": 110.0, "y": 687.0}, {"x": 111.0, "y": 695.0}, {"x": 33.0, "y": 698.0}]}, "description": "==========="}, {"boundingPoly": {"vertices": [{"x": 32.0, "y": 699.0}, {"x": 231.0, "y": 699.0}, {"x": 231.0, "y": 719.0}, {"x": 32.0, "y": 719.0}]}, "description": " T375 C1962 11/13/2019 13:01"}, {"boundingPoly": {"vertices": [{"x": 41.0, "y": 746.0}, {"x": 90.0, "y": 746.0}, {"x": 90.0, "y": 752.0}, {"x": 41.0, "y": 752.0}]}, "description": "-------"}, {"boundingPoly": {"vertices": [{"x": 90.0, "y": 757.0}, {"x": 217.0, "y": 754.0}, {"x": 218.0, "y": 771.0}, {"x": 91.0, "y": 774.0}]}, "description": "DUPLICATE RECEIPT"}]}