{"textAnnotations": [{"boundingPoly": {"vertices": [{"x": 166.0, "y": 59.0}, {"x": 709.0, "y": 12.0}, {"x": 712.0, "y": 50.0}, {"x": 169.0, "y": 103.0}]}, "description": "merchant name"}, {"boundingPoly": {"vertices": [{"x": 117.0, "y": 109.0}, {"x": 462.0, "y": 109.0}, {"x": 462.0, "y": 180.0}, {"x": 117.0, "y": 180.0}]}, "description": " 11/2/2019 12:04:16 PM"}, {"boundingPoly": {"vertices": [{"x": 340.0, "y": 212.0}, {"x": 446.0, "y": 212.0}, {"x": 446.0, "y": 280.0}, {"x": 340.0, "y": 280.0}]}, "description": " 884"}, {"boundingPoly": {"vertices": [{"x": 433.0, "y": 306.0}, {"x": 643.0, "y": 306.0}, {"x": 643.0, "y": 348.0}, {"x": 433.0, "y": 348.0}]}, "description": " Tran Seq No:"}, {"boundingPoly": {"vertices": [{"x": 326.0, "y": 77.0}, {"x": 524.0, "y": 63.0}, {"x": 527.0, "y": 101.0}, {"x": 328.0, "y": 113.0}]}, "description": "merchant address"}, {"boundingPoly": {"vertices": [{"x": 117.0, "y": 174.0}, {"x": 298.0, "y": 160.0}, {"x": 302.0, "y": 217.0}, {"x": 120.0, "y": 233.0}]}, "description": "Eat In"}, {"boundingPoly": {"vertices": [{"x": 109.0, "y": 219.0}, {"x": 328.0, "y": 219.0}, {"x": 328.0, "y": 290.0}, {"x": 109.0, "y": 290.0}]}, "description": " Order:"}, {"boundingPoly": {"vertices": [{"x": 243.0, "y": 321.0}, {"x": 284.0, "y": 321.0}, {"x": 284.0, "y": 357.0}, {"x": 243.0, "y": 357.0}]}, "description": " : 2"}, {"boundingPoly": {"vertices": [{"x": 117.0, "y": 323.0}, {"x": 239.0, "y": 323.0}, {"x": 239.0, "y": 361.0}, {"x": 117.0, "y": 361.0}]}, "description": " Register"}, {"boundingPoly": {"vertices": [{"x": 126.0, "y": 361.0}, {"x": 227.0, "y": 361.0}, {"x": 227.0, "y": 398.0}, {"x": 126.0, "y": 398.0}]}, "description": " Cashier"}, {"boundingPoly": {"vertices": [{"x": 660.0, "y": 300.0}, {"x": 761.0, "y": 300.0}, {"x": 761.0, "y": 340.0}, {"x": 660.0, "y": 340.0}]}, "description": " 185884"}, {"boundingPoly": {"vertices": [{"x": 232.0, "y": 354.0}, {"x": 419.0, "y": 354.0}, {"x": 419.0, "y": 394.0}, {"x": 232.0, "y": 394.0}]}, "description": " : Mohammad H."}, {"boundingPoly": {"vertices": [{"x": 331.0, "y": 394.0}, {"x": 555.0, "y": 387.0}, {"x": 556.0, "y": 417.0}, {"x": 332.0, "y": 422.0}]}, "description": "****** SALE *****"}, {"boundingPoly": {"vertices": [{"x": 137.0, "y": 469.0}, {"x": 154.0, "y": 467.0}, {"x": 155.0, "y": 486.0}, {"x": 138.0, "y": 489.0}]}, "description": "7"}, {"boundingPoly": {"vertices": [{"x": 177.0, "y": 463.0}, {"x": 462.0, "y": 460.0}, {"x": 462.0, "y": 488.0}, {"x": 177.0, "y": 491.0}]}, "description": "Ht Cappcno MD Orig"}, {"boundingPoly": {"vertices": [{"x": 207.0, "y": 491.0}, {"x": 334.0, "y": 489.0}, {"x": 335.0, "y": 516.0}, {"x": 207.0, "y": 517.0}]}, "description": "Whl Milk"}, {"boundingPoly": {"vertices": [{"x": 168.0, "y": 520.0}, {"x": 462.0, "y": 519.0}, {"x": 462.0, "y": 550.0}, {"x": 168.0, "y": 551.0}]}, "description": "Ht Cappcno _G Orig"}, {"boundingPoly": {"vertices": [{"x": 200.0, "y": 552.0}, {"x": 330.0, "y": 551.0}, {"x": 330.0, "y": 580.0}, {"x": 200.0, "y": 581.0}]}, "description": "Whl Milk"}, {"boundingPoly": {"vertices": [{"x": 190.0, "y": 588.0}, {"x": 281.0, "y": 588.0}, {"x": 281.0, "y": 616.0}, {"x": 190.0, "y": 615.0}]}, "description": "Sugar"}, {"boundingPoly": {"vertices": [{"x": 162.0, "y": 620.0}, {"x": 489.0, "y": 617.0}, {"x": 490.0, "y": 648.0}, {"x": 162.0, "y": 652.0}]}, "description": "Cooler Bottled Water"}, {"boundingPoly": {"vertices": [{"x": 696.0, "y": 454.0}, {"x": 759.0, "y": 453.0}, {"x": 758.0, "y": 479.0}, {"x": 696.0, "y": 481.0}]}, "description": "3.59"}, {"boundingPoly": {"vertices": [{"x": 129.0, "y": 527.0}, {"x": 144.0, "y": 528.0}, {"x": 142.0, "y": 547.0}, {"x": 128.0, "y": 547.0}]}, "description": "1"}, {"boundingPoly": {"vertices": [{"x": 695.0, "y": 515.0}, {"x": 763.0, "y": 513.0}, {"x": 762.0, "y": 542.0}, {"x": 696.0, "y": 544.0}]}, "description": "3.99"}, {"boundingPoly": {"vertices": [{"x": 118.0, "y": 591.0}, {"x": 135.0, "y": 593.0}, {"x": 133.0, "y": 615.0}, {"x": 116.0, "y": 612.0}]}, "description": "3"}, {"boundingPoly": {"vertices": [{"x": 116.0, "y": 625.0}, {"x": 132.0, "y": 627.0}, {"x": 131.0, "y": 647.0}, {"x": 115.0, "y": 645.0}]}, "description": "1"}, {"boundingPoly": {"vertices": [{"x": 702.0, "y": 613.0}, {"x": 766.0, "y": 612.0}, {"x": 767.0, "y": 641.0}, {"x": 703.0, "y": 643.0}]}, "description": "1.69"}, {"boundingPoly": {"vertices": [{"x": 157.0, "y": 689.0}, {"x": 340.0, "y": 689.0}, {"x": 340.0, "y": 723.0}, {"x": 157.0, "y": 723.0}]}, "description": " Sub. Total:"}, {"boundingPoly": {"vertices": [{"x": 157.0, "y": 729.0}, {"x": 221.0, "y": 729.0}, {"x": 221.0, "y": 758.0}, {"x": 157.0, "y": 758.0}]}, "description": " Tax:"}, {"boundingPoly": {"vertices": [{"x": 159.0, "y": 764.0}, {"x": 256.0, "y": 764.0}, {"x": 256.0, "y": 797.0}, {"x": 159.0, "y": 797.0}]}, "description": " Total:"}, {"boundingPoly": {"vertices": [{"x": 157.0, "y": 798.0}, {"x": 407.0, "y": 798.0}, {"x": 407.0, "y": 836.0}, {"x": 157.0, "y": 836.0}]}, "description": " Discount Total:"}, {"boundingPoly": {"vertices": [{"x": 686.0, "y": 684.0}, {"x": 770.0, "y": 682.0}, {"x": 770.0, "y": 712.0}, {"x": 687.0, "y": 716.0}]}, "description": "$9.27"}, {"boundingPoly": {"vertices": [{"x": 687.0, "y": 720.0}, {"x": 773.0, "y": 717.0}, {"x": 772.0, "y": 749.0}, {"x": 688.0, "y": 751.0}]}, "description": "$0.82"}, {"boundingPoly": {"vertices": [{"x": 670.0, "y": 757.0}, {"x": 773.0, "y": 754.0}, {"x": 774.0, "y": 786.0}, {"x": 670.0, "y": 789.0}]}, "description": "$10.09"}, {"boundingPoly": {"vertices": [{"x": 687.0, "y": 794.0}, {"x": 775.0, "y": 792.0}, {"x": 774.0, "y": 824.0}, {"x": 689.0, "y": 827.0}]}, "description": "$0.00"}, {"boundingPoly": {"vertices": [{"x": 163.0, "y": 876.0}, {"x": 260.0, "y": 877.0}, {"x": 260.0, "y": 909.0}, {"x": 163.0, "y": 907.0}]}, "description": "Change"}, {"boundingPoly": {"vertices": [{"x": 167.0, "y": 913.0}, {"x": 227.0, "y": 913.0}, {"x": 227.0, "y": 942.0}, {"x": 167.0, "y": 942.0}]}, "description": " Amex"}, {"boundingPoly": {"vertices": [{"x": 689.0, "y": 867.0}, {"x": 776.0, "y": 867.0}, {"x": 777.0, "y": 899.0}, {"x": 690.0, "y": 900.0}]}, "description": "$0.00"}, {"boundingPoly": {"vertices": [{"x": 673.0, "y": 906.0}, {"x": 776.0, "y": 904.0}, {"x": 777.0, "y": 935.0}, {"x": 673.0, "y": 937.0}]}, "description": "$10.09"}, {"boundingPoly": {"vertices": [{"x": 233.0, "y": 913.0}, {"x": 246.0, "y": 913.0}, {"x": 246.0, "y": 942.0}, {"x": 233.0, "y": 942.0}]}, "description": " :"}, {"boundingPoly": {"vertices": [{"x": 140.0, "y": 1006.0}, {"x": 204.0, "y": 1007.0}, {"x": 204.0, "y": 1034.0}, {"x": 140.0, "y": 1033.0}]}, "description": "AMEX"}, {"boundingPoly": {"vertices": [{"x": 137.0, "y": 1040.0}, {"x": 270.0, "y": 1040.0}, {"x": 270.0, "y": 1073.0}, {"x": 137.0, "y": 1073.0}]}, "description": " Card Num"}, {"boundingPoly": {"vertices": [{"x": 137.0, "y": 1076.0}, {"x": 271.0, "y": 1076.0}, {"x": 271.0, "y": 1108.0}, {"x": 137.0, "y": 1108.0}]}, "description": " Terminal"}, {"boundingPoly": {"vertices": [{"x": 134.0, "y": 1111.0}, {"x": 272.0, "y": 1111.0}, {"x": 272.0, "y": 1145.0}, {"x": 134.0, "y": 1145.0}]}, "description": " Approval"}, {"boundingPoly": {"vertices": [{"x": 199.0, "y": 1147.0}, {"x": 483.0, "y": 1147.0}, {"x": 483.0, "y": 1180.0}, {"x": 199.0, "y": 1180.0}]}, "description": " : A000000025010801"}, {"boundingPoly": {"vertices": [{"x": 200.0, "y": 1182.0}, {"x": 392.0, "y": 1182.0}, {"x": 392.0, "y": 1214.0}, {"x": 200.0, "y": 1214.0}]}, "description": " : 0000001000"}, {"boundingPoly": {"vertices": [{"x": 199.0, "y": 1216.0}, {"x": 459.0, "y": 1216.0}, {"x": 459.0, "y": 1251.0}, {"x": 199.0, "y": 1251.0}]}, "description": " : 06600103A02002"}, {"boundingPoly": {"vertices": [{"x": 200.0, "y": 1254.0}, {"x": 298.0, "y": 1254.0}, {"x": 298.0, "y": 1287.0}, {"x": 200.0, "y": 1287.0}]}, "description": " : E800"}, {"boundingPoly": {"vertices": [{"x": 183.0, "y": 1290.0}, {"x": 249.0, "y": 1290.0}, {"x": 249.0, "y": 1323.0}, {"x": 183.0, "y": 1323.0}]}, "description": " : Y3"}, {"boundingPoly": {"vertices": [{"x": 183.0, "y": 1325.0}, {"x": 317.0, "y": 1325.0}, {"x": 317.0, "y": 1361.0}, {"x": 183.0, "y": 1361.0}]}, "description": " : E028C8"}, {"boundingPoly": {"vertices": [{"x": 276.0, "y": 1040.0}, {"x": 550.0, "y": 1040.0}, {"x": 550.0, "y": 1070.0}, {"x": 276.0, "y": 1070.0}]}, "description": " : *********** 1000"}, {"boundingPoly": {"vertices": [{"x": 277.0, "y": 1074.0}, {"x": 332.0, "y": 1074.0}, {"x": 332.0, "y": 1108.0}, {"x": 277.0, "y": 1108.0}]}, "description": " : 2"}, {"boundingPoly": {"vertices": [{"x": 278.0, "y": 1109.0}, {"x": 407.0, "y": 1109.0}, {"x": 407.0, "y": 1143.0}, {"x": 278.0, "y": 1143.0}]}, "description": " : 863756"}, {"boundingPoly": {"vertices": [{"x": 133.0, "y": 1148.0}, {"x": 193.0, "y": 1148.0}, {"x": 193.0, "y": 1180.0}, {"x": 133.0, "y": 1180.0}]}, "description": " AID"}, {"boundingPoly": {"vertices": [{"x": 137.0, "y": 1184.0}, {"x": 193.0, "y": 1184.0}, {"x": 193.0, "y": 1214.0}, {"x": 137.0, "y": 1214.0}]}, "description": " TVR"}, {"boundingPoly": {"vertices": [{"x": 138.0, "y": 1219.0}, {"x": 194.0, "y": 1219.0}, {"x": 194.0, "y": 1252.0}, {"x": 138.0, "y": 1252.0}]}, "description": " IAD"}, {"boundingPoly": {"vertices": [{"x": 137.0, "y": 1256.0}, {"x": 194.0, "y": 1256.0}, {"x": 194.0, "y": 1287.0}, {"x": 137.0, "y": 1287.0}]}, "description": " TSI"}, {"boundingPoly": {"vertices": [{"x": 139.0, "y": 1293.0}, {"x": 178.0, "y": 1293.0}, {"x": 178.0, "y": 1324.0}, {"x": 139.0, "y": 1324.0}]}, "description": " AR"}, {"boundingPoly": {"vertices": [{"x": 139.0, "y": 1328.0}, {"x": 178.0, "y": 1328.0}, {"x": 178.0, "y": 1362.0}, {"x": 139.0, "y": 1362.0}]}, "description": " TC"}, {"boundingPoly": {"vertices": [{"x": 136.0, "y": 1401.0}, {"x": 299.0, "y": 1396.0}, {"x": 300.0, "y": 1430.0}, {"x": 136.0, "y": 1434.0}]}, "description": "USD$ 10.09"}, {"boundingPoly": {"vertices": [{"x": 134.0, "y": 1508.0}, {"x": 779.0, "y": 1503.0}, {"x": 780.0, "y": 1535.0}, {"x": 134.0, "y": 1545.0}]}, "description": "****************************************"}, {"boundingPoly": {"vertices": [{"x": 499.0, "y": 1570.0}, {"x": 713.0, "y": 1568.0}, {"x": 714.0, "y": 1598.0}, {"x": 500.0, "y": 1599.0}]}, "description": "within 3 days"}, {"boundingPoly": {"vertices": [{"x": 227.0, "y": 1547.0}, {"x": 695.0, "y": 1531.0}, {"x": 696.0, "y": 1565.0}, {"x": 228.0, "y": 1580.0}]}, "description": "Tell us about today's visit at"}]}