{"textAnnotations": [{"boundingPoly": {"vertices": [{"x": 224.0, "y": 156.0}, {"x": 350.0, "y": 156.0}, {"x": 350.0, "y": 180.0}, {"x": 224.0, "y": 179.0}]}, "description": "merchant name"}, {"boundingPoly": {"vertices": [{"x": 150.0, "y": 186.0}, {"x": 425.0, "y": 186.0}, {"x": 425.0, "y": 213.0}, {"x": 150.0, "y": 212.0}]}, "description": "merchant address"}, {"boundingPoly": {"vertices": [{"x": 194.0, "y": 215.0}, {"x": 251.0, "y": 215.0}, {"x": 251.0, "y": 239.0}, {"x": 194.0, "y": 239.0}]}, "description": " VAT:"}, {"boundingPoly": {"vertices": [{"x": 256.0, "y": 215.0}, {"x": 372.0, "y": 215.0}, {"x": 372.0, "y": 241.0}, {"x": 256.0, "y": 241.0}]}, "description": " 795871669"}, {"boundingPoly": {"vertices": [{"x": 42.0, "y": 276.0}, {"x": 172.0, "y": 274.0}, {"x": 172.0, "y": 296.0}, {"x": 43.0, "y": 299.0}]}, "description": "18569 RicoV"}, {"boundingPoly": {"vertices": [{"x": 215.0, "y": 330.0}, {"x": 330.0, "y": 334.0}, {"x": 329.0, "y": 357.0}, {"x": 215.0, "y": 353.0}]}, "description": "CHK 12684"}, {"boundingPoly": {"vertices": [{"x": 94.0, "y": 388.0}, {"x": 202.0, "y": 389.0}, {"x": 202.0, "y": 414.0}, {"x": 94.0, "y": 412.0}]}, "description": "Take Away"}, {"boundingPoly": {"vertices": [{"x": 52.0, "y": 417.0}, {"x": 177.0, "y": 417.0}, {"x": 177.0, "y": 441.0}, {"x": 52.0, "y": 442.0}]}, "description": "1 Green Tea"}, {"boundingPoly": {"vertices": [{"x": 72.0, "y": 445.0}, {"x": 252.0, "y": 445.0}, {"x": 252.0, "y": 468.0}, {"x": 72.0, "y": 468.0}]}, "description": "Credit Card MPG"}, {"boundingPoly": {"vertices": [{"x": 72.0, "y": 473.0}, {"x": 299.0, "y": 473.0}, {"x": 299.0, "y": 497.0}, {"x": 72.0, "y": 497.0}]}, "description": "2100015104763139400"}, {"boundingPoly": {"vertices": [{"x": 462.0, "y": 425.0}, {"x": 508.0, "y": 425.0}, {"x": 508.0, "y": 445.0}, {"x": 462.0, "y": 445.0}]}, "description": "2.10"}, {"boundingPoly": {"vertices": [{"x": 417.0, "y": 448.0}, {"x": 511.0, "y": 450.0}, {"x": 511.0, "y": 471.0}, {"x": 417.0, "y": 470.0}]}, "description": "GBP 2.10"}, {"boundingPoly": {"vertices": [{"x": 103.0, "y": 530.0}, {"x": 263.0, "y": 530.0}, {"x": 263.0, "y": 553.0}, {"x": 103.0, "y": 552.0}]}, "description": "0.35 VAT 20 %"}, {"boundingPoly": {"vertices": [{"x": 72.0, "y": 558.0}, {"x": 186.0, "y": 558.0}, {"x": 186.0, "y": 582.0}, {"x": 72.0, "y": 582.0}]}, "description": " Net Total:"}, {"boundingPoly": {"vertices": [{"x": 72.0, "y": 585.0}, {"x": 166.0, "y": 587.0}, {"x": 165.0, "y": 609.0}, {"x": 72.0, "y": 607.0}]}, "description": "Subtotal"}, {"boundingPoly": {"vertices": [{"x": 69.0, "y": 613.0}, {"x": 155.0, "y": 615.0}, {"x": 154.0, "y": 638.0}, {"x": 69.0, "y": 636.0}]}, "description": "Payment"}, {"boundingPoly": {"vertices": [{"x": 38.0, "y": 640.0}, {"x": 163.0, "y": 640.0}, {"x": 163.0, "y": 665.0}, {"x": 38.0, "y": 665.0}]}, "description": " Change Due"}, {"boundingPoly": {"vertices": [{"x": 466.0, "y": 527.0}, {"x": 514.0, "y": 527.0}, {"x": 515.0, "y": 554.0}, {"x": 466.0, "y": 555.0}]}, "description": "2.10"}, {"boundingPoly": {"vertices": [{"x": 417.0, "y": 558.0}, {"x": 516.0, "y": 558.0}, {"x": 516.0, "y": 580.0}, {"x": 418.0, "y": 581.0}]}, "description": "GBP 1.75"}, {"boundingPoly": {"vertices": [{"x": 418.0, "y": 586.0}, {"x": 516.0, "y": 586.0}, {"x": 516.0, "y": 609.0}, {"x": 418.0, "y": 609.0}]}, "description": "GBP 2.10"}, {"boundingPoly": {"vertices": [{"x": 418.0, "y": 614.0}, {"x": 515.0, "y": 614.0}, {"x": 516.0, "y": 637.0}, {"x": 418.0, "y": 637.0}]}, "description": "GBP 2.10"}, {"boundingPoly": {"vertices": [{"x": 173.0, "y": 642.0}, {"x": 273.0, "y": 642.0}, {"x": 273.0, "y": 665.0}, {"x": 173.0, "y": 665.0}]}, "description": " GBP 0.00"}, {"boundingPoly": {"vertices": [{"x": 194.0, "y": 697.0}, {"x": 348.0, "y": 698.0}, {"x": 348.0, "y": 721.0}, {"x": 194.0, "y": 719.0}]}, "description": "Check Closed"}, {"boundingPoly": {"vertices": [{"x": 166.0, "y": 725.0}, {"x": 385.0, "y": 725.0}, {"x": 385.0, "y": 750.0}, {"x": 166.0, "y": 750.0}]}, "description": " 16 Nov'19 16:11 PM"}, {"boundingPoly": {"vertices": [{"x": 120.0, "y": 775.0}, {"x": 414.0, "y": 782.0}, {"x": 413.0, "y": 806.0}, {"x": 120.0, "y": 798.0}]}, "description": "Tell us how we did today."}, {"boundingPoly": {"vertices": [{"x": 120.0, "y": 802.0}, {"x": 416.0, "y": 810.0}, {"x": 416.0, "y": 831.0}, {"x": 120.0, "y": 825.0}]}, "description": "Visit www.mynerovisit.com"}]}