{"textAnnotations": [{"boundingPoly": {"vertices": [{"x": 465.0, "y": 111.0}, {"x": 649.0, "y": 117.0}, {"x": 648.0, "y": 155.0}, {"x": 464.0, "y": 148.0}]}, "description": "BOX8"}, {"boundingPoly": {"vertices": [{"x": 96.0, "y": 182.0}, {"x": 1052.0, "y": 182.0}, {"x": 1052.0, "y": 263.0}, {"x": 96.0, "y": 263.0}]}, "description": "merchant phone"}, {"boundingPoly": {"vertices": [{"x": 901.0, "y": 268.0}, {"x": 1050.0, "y": 268.0}, {"x": 1050.0, "y": 291.0}, {"x": 901.0, "y": 291.0}]}, "description": "-------"}, {"boundingPoly": {"vertices": [{"x": 307.0, "y": 147.0}, {"x": 831.0, "y": 175.0}, {"x": 827.0, "y": 222.0}, {"x": 306.0, "y": 187.0}]}, "description": "Download & Order on App"}, {"boundingPoly": {"vertices": [{"x": 90.0, "y": 271.0}, {"x": 413.0, "y": 271.0}, {"x": 413.0, "y": 315.0}, {"x": 90.0, "y": 315.0}]}, "description": "merchant name"}, {"boundingPoly": {"vertices": [{"x": 91.0, "y": 314.0}, {"x": 162.0, "y": 314.0}, {"x": 162.0, "y": 354.0}, {"x": 91.0, "y": 354.0}]}, "description": "merchant address"}, {"boundingPoly": {"vertices": [{"x": 86.0, "y": 363.0}, {"x": 755.0, "y": 390.0}, {"x": 754.0, "y": 429.0}, {"x": 84.0, "y": 401.0}]}, "description": "merchant address"}, {"boundingPoly": {"vertices": [{"x": 417.0, "y": 277.0}, {"x": 498.0, "y": 277.0}, {"x": 498.0, "y": 320.0}, {"x": 417.0, "y": 320.0}]}, "description": "merchant name"}, {"boundingPoly": {"vertices": [{"x": 260.0, "y": 320.0}, {"x": 842.0, "y": 320.0}, {"x": 842.0, "y": 391.0}, {"x": 260.0, "y": 391.0}]}, "description": "merchant address"}, {"boundingPoly": {"vertices": [{"x": 147.0, "y": 415.0}, {"x": 923.0, "y": 415.0}, {"x": 923.0, "y": 488.0}, {"x": 147.0, "y": 488.0}]}, "description": " 055204KA2012PTC087024 GSTIN:27AAGCP7465F124"}, {"boundingPoly": {"vertices": [{"x": 430.0, "y": 532.0}, {"x": 765.0, "y": 535.0}, {"x": 764.0, "y": 587.0}, {"x": 430.0, "y": 582.0}]}, "description": "RETAIL INVOICE"}, {"boundingPoly": {"vertices": [{"x": 680.0, "y": 586.0}, {"x": 888.0, "y": 586.0}, {"x": 888.0, "y": 641.0}, {"x": 680.0, "y": 641.0}]}, "description": " Bill No:"}, {"boundingPoly": {"vertices": [{"x": 683.0, "y": 640.0}, {"x": 831.0, "y": 640.0}, {"x": 831.0, "y": 692.0}, {"x": 683.0, "y": 692.0}]}, "description": " 996331"}, {"boundingPoly": {"vertices": [{"x": 335.0, "y": 693.0}, {"x": 908.0, "y": 693.0}, {"x": 908.0, "y": 747.0}, {"x": 335.0, "y": 747.0}]}, "description": " : 2019/11/22/BOM-1025/82"}, {"boundingPoly": {"vertices": [{"x": 65.0, "y": 748.0}, {"x": 352.0, "y": 748.0}, {"x": 352.0, "y": 800.0}, {"x": 65.0, "y": 800.0}]}, "description": " Ordered at:"}, {"boundingPoly": {"vertices": [{"x": 502.0, "y": 282.0}, {"x": 589.0, "y": 282.0}, {"x": 589.0, "y": 327.0}, {"x": 502.0, "y": 327.0}]}, "description": "merchant name"}, {"boundingPoly": {"vertices": [{"x": 594.0, "y": 288.0}, {"x": 831.0, "y": 288.0}, {"x": 831.0, "y": 351.0}, {"x": 594.0, "y": 351.0}]}, "description": " (talk@box8.in)"}, {"boundingPoly": {"vertices": [{"x": 169.0, "y": 316.0}, {"x": 253.0, "y": 316.0}, {"x": 253.0, "y": 358.0}, {"x": 169.0, "y": 358.0}]}, "description": "merchant address"}, {"boundingPoly": {"vertices": [{"x": 847.0, "y": 353.0}, {"x": 970.0, "y": 353.0}, {"x": 970.0, "y": 400.0}, {"x": 847.0, "y": 400.0}]}, "description": " (Agara)"}, {"boundingPoly": {"vertices": [{"x": 78.0, "y": 413.0}, {"x": 141.0, "y": 413.0}, {"x": 141.0, "y": 453.0}, {"x": 78.0, "y": 453.0}]}, "description": " CIN:"}, {"boundingPoly": {"vertices": [{"x": 80.0, "y": 483.0}, {"x": 145.0, "y": 483.0}, {"x": 145.0, "y": 500.0}, {"x": 80.0, "y": 500.0}]}, "description": " ---"}, {"boundingPoly": {"vertices": [{"x": 154.0, "y": 485.0}, {"x": 188.0, "y": 485.0}, {"x": 188.0, "y": 504.0}, {"x": 154.0, "y": 504.0}]}, "description": " --"}, {"boundingPoly": {"vertices": [{"x": 932.0, "y": 514.0}, {"x": 1060.0, "y": 514.0}, {"x": 1060.0, "y": 532.0}, {"x": 932.0, "y": 533.0}]}, "description": "----- --"}, {"boundingPoly": {"vertices": [{"x": 70.0, "y": 575.0}, {"x": 332.0, "y": 575.0}, {"x": 332.0, "y": 637.0}, {"x": 70.0, "y": 637.0}]}, "description": " Track. Id:"}, {"boundingPoly": {"vertices": [{"x": 68.0, "y": 635.0}, {"x": 323.0, "y": 635.0}, {"x": 323.0, "y": 691.0}, {"x": 68.0, "y": 691.0}]}, "description": " Pay. Mode:"}, {"boundingPoly": {"vertices": [{"x": 73.0, "y": 693.0}, {"x": 330.0, "y": 693.0}, {"x": 330.0, "y": 746.0}, {"x": 73.0, "y": 746.0}]}, "description": " Invoice No."}, {"boundingPoly": {"vertices": [{"x": 340.0, "y": 584.0}, {"x": 615.0, "y": 584.0}, {"x": 615.0, "y": 637.0}, {"x": 340.0, "y": 637.0}]}, "description": " ZHDY48"}, {"boundingPoly": {"vertices": [{"x": 329.0, "y": 641.0}, {"x": 676.0, "y": 641.0}, {"x": 676.0, "y": 693.0}, {"x": 329.0, "y": 693.0}]}, "description": " Cash SAC/HSN:"}, {"boundingPoly": {"vertices": [{"x": 897.0, "y": 597.0}, {"x": 995.0, "y": 597.0}, {"x": 995.0, "y": 644.0}, {"x": 897.0, "y": 644.0}]}, "description": " 82"}, {"boundingPoly": {"vertices": [{"x": 358.0, "y": 749.0}, {"x": 946.0, "y": 749.0}, {"x": 946.0, "y": 802.0}, {"x": 358.0, "y": 802.0}]}, "description": " 22-11 14:03 Est Del. By:"}, {"boundingPoly": {"vertices": [{"x": 609.0, "y": 820.0}, {"x": 822.0, "y": 816.0}, {"x": 823.0, "y": 835.0}, {"x": 609.0, "y": 841.0}]}, "description": "--- - - -- - --"}, {"boundingPoly": {"vertices": [{"x": 952.0, "y": 747.0}, {"x": 1072.0, "y": 747.0}, {"x": 1072.0, "y": 797.0}, {"x": 952.0, "y": 797.0}]}, "description": " 14:41"}, {"boundingPoly": {"vertices": [{"x": 1009.0, "y": 815.0}, {"x": 1071.0, "y": 815.0}, {"x": 1071.0, "y": 835.0}, {"x": 1009.0, "y": 836.0}]}, "description": "- --"}, {"boundingPoly": {"vertices": [{"x": 938.0, "y": 816.0}, {"x": 950.0, "y": 816.0}, {"x": 950.0, "y": 833.0}, {"x": 938.0, "y": 833.0}]}, "description": " -"}, {"boundingPoly": {"vertices": [{"x": 954.0, "y": 816.0}, {"x": 984.0, "y": 816.0}, {"x": 984.0, "y": 833.0}, {"x": 954.0, "y": 833.0}]}, "description": " --"}, {"boundingPoly": {"vertices": [{"x": 65.0, "y": 857.0}, {"x": 198.0, "y": 857.0}, {"x": 198.0, "y": 908.0}, {"x": 65.0, "y": 908.0}]}, "description": " Name:"}, {"boundingPoly": {"vertices": [{"x": 58.0, "y": 915.0}, {"x": 358.0, "y": 915.0}, {"x": 358.0, "y": 961.0}, {"x": 58.0, "y": 961.0}]}, "description": " Address:"}, {"boundingPoly": {"vertices": [{"x": 67.0, "y": 967.0}, {"x": 962.0, "y": 969.0}, {"x": 962.0, "y": 1019.0}, {"x": 67.0, "y": 1017.0}]}, "description": "Indiabull Center Senapati"}, {"boundingPoly": {"vertices": [{"x": 57.0, "y": 1026.0}, {"x": 706.0, "y": 1031.0}, {"x": 706.0, "y": 1079.0}, {"x": 56.0, "y": 1074.0}]}, "description": "Bapat Margh, Parel"}, {"boundingPoly": {"vertices": [{"x": 206.0, "y": 860.0}, {"x": 415.0, "y": 860.0}, {"x": 415.0, "y": 917.0}, {"x": 206.0, "y": 917.0}]}, "description": " OPERATOR"}, {"boundingPoly": {"vertices": [{"x": 391.0, "y": 907.0}, {"x": 1035.0, "y": 907.0}, {"x": 1035.0, "y": 962.0}, {"x": 391.0, "y": 962.0}]}, "description": " Box8, Tower 2. One"}, {"boundingPoly": {"vertices": [{"x": 54.0, "y": 1147.0}, {"x": 245.0, "y": 1147.0}, {"x": 245.0, "y": 1200.0}, {"x": 54.0, "y": 1200.0}]}, "description": " LANDMARK"}, {"boundingPoly": {"vertices": [{"x": 252.0, "y": 1152.0}, {"x": 275.0, "y": 1152.0}, {"x": 275.0, "y": 1200.0}, {"x": 252.0, "y": 1200.0}]}, "description": " :"}, {"boundingPoly": {"vertices": [{"x": 729.0, "y": 1229.0}, {"x": 740.0, "y": 1229.0}, {"x": 740.0, "y": 1244.0}, {"x": 729.0, "y": 1244.0}]}, "description": " -"}, {"boundingPoly": {"vertices": [{"x": 743.0, "y": 1229.0}, {"x": 800.0, "y": 1229.0}, {"x": 800.0, "y": 1244.0}, {"x": 743.0, "y": 1244.0}]}, "description": " ---"}, {"boundingPoly": {"vertices": [{"x": 43.0, "y": 1250.0}, {"x": 101.0, "y": 1253.0}, {"x": 99.0, "y": 1288.0}, {"x": 40.0, "y": 1285.0}]}, "description": "Sr"}, {"boundingPoly": {"vertices": [{"x": 169.0, "y": 1252.0}, {"x": 449.0, "y": 1260.0}, {"x": 448.0, "y": 1303.0}, {"x": 168.0, "y": 1294.0}]}, "description": "Description"}, {"boundingPoly": {"vertices": [{"x": 833.0, "y": 1267.0}, {"x": 1084.0, "y": 1258.0}, {"x": 1086.0, "y": 1304.0}, {"x": 834.0, "y": 1315.0}]}, "description": "Qty Amount"}, {"boundingPoly": {"vertices": [{"x": 947.0, "y": 1334.0}, {"x": 1073.0, "y": 1329.0}, {"x": 1074.0, "y": 1346.0}, {"x": 947.0, "y": 1351.0}]}, "description": "------"}, {"boundingPoly": {"vertices": [{"x": 888.0, "y": 1339.0}, {"x": 903.0, "y": 1339.0}, {"x": 903.0, "y": 1353.0}, {"x": 888.0, "y": 1353.0}]}, "description": " -"}, {"boundingPoly": {"vertices": [{"x": 913.0, "y": 1339.0}, {"x": 927.0, "y": 1339.0}, {"x": 927.0, "y": 1353.0}, {"x": 913.0, "y": 1353.0}]}, "description": " -"}, {"boundingPoly": {"vertices": [{"x": 936.0, "y": 1339.0}, {"x": 946.0, "y": 1339.0}, {"x": 946.0, "y": 1353.0}, {"x": 936.0, "y": 1353.0}]}, "description": " -"}, {"boundingPoly": {"vertices": [{"x": 135.0, "y": 1356.0}, {"x": 626.0, "y": 1371.0}, {"x": 625.0, "y": 1421.0}, {"x": 133.0, "y": 1402.0}]}, "description": "Butter Chicken Meal"}, {"boundingPoly": {"vertices": [{"x": 137.0, "y": 1410.0}, {"x": 344.0, "y": 1415.0}, {"x": 343.0, "y": 1468.0}, {"x": 136.0, "y": 1463.0}]}, "description": "[ALLIN1]"}, {"boundingPoly": {"vertices": [{"x": 632.0, "y": 1380.0}, {"x": 669.0, "y": 1381.0}, {"x": 668.0, "y": 1417.0}, {"x": 631.0, "y": 1416.0}]}, "description": "-"}, {"boundingPoly": {"vertices": [{"x": 913.0, "y": 1384.0}, {"x": 944.0, "y": 1385.0}, {"x": 944.0, "y": 1417.0}, {"x": 912.0, "y": 1415.0}]}, "description": "1"}, {"boundingPoly": {"vertices": [{"x": 1009.0, "y": 1374.0}, {"x": 1086.0, "y": 1369.0}, {"x": 1087.0, "y": 1416.0}, {"x": 1012.0, "y": 1420.0}]}, "description": "198"}, {"boundingPoly": {"vertices": [{"x": 149.0, "y": 1530.0}, {"x": 443.0, "y": 1541.0}, {"x": 441.0, "y": 1592.0}, {"x": 148.0, "y": 1581.0}]}, "description": "Gulab Jamun"}, {"boundingPoly": {"vertices": [{"x": 148.0, "y": 1593.0}, {"x": 338.0, "y": 1598.0}, {"x": 337.0, "y": 1648.0}, {"x": 147.0, "y": 1643.0}]}, "description": "Paratha"}, {"boundingPoly": {"vertices": [{"x": 146.0, "y": 1651.0}, {"x": 407.0, "y": 1651.0}, {"x": 407.0, "y": 1717.0}, {"x": 146.0, "y": 1717.0}]}, "description": "Dal Makhni"}, {"boundingPoly": {"vertices": [{"x": 1006.0, "y": 1752.0}, {"x": 1090.0, "y": 1750.0}, {"x": 1090.0, "y": 1764.0}, {"x": 1006.0, "y": 1767.0}]}, "description": "---"}, {"boundingPoly": {"vertices": [{"x": 612.0, "y": 1796.0}, {"x": 867.0, "y": 1796.0}, {"x": 867.0, "y": 1851.0}, {"x": 612.0, "y": 1851.0}]}, "description": " Sub total:"}, {"boundingPoly": {"vertices": [{"x": 714.0, "y": 1861.0}, {"x": 864.0, "y": 1861.0}, {"x": 864.0, "y": 1915.0}, {"x": 714.0, "y": 1915.0}]}, "description": " Total:"}, {"boundingPoly": {"vertices": [{"x": 611.0, "y": 1926.0}, {"x": 864.0, "y": 1926.0}, {"x": 864.0, "y": 1979.0}, {"x": 611.0, "y": 1979.0}]}, "description": " CGST@2.5%:"}, {"boundingPoly": {"vertices": [{"x": 607.0, "y": 1989.0}, {"x": 865.0, "y": 1989.0}, {"x": 865.0, "y": 2045.0}, {"x": 607.0, "y": 2045.0}]}, "description": " SGST@2.5%:"}, {"boundingPoly": {"vertices": [{"x": 503.0, "y": 2050.0}, {"x": 868.0, "y": 2050.0}, {"x": 868.0, "y": 2110.0}, {"x": 503.0, "y": 2110.0}]}, "description": " Total Payable:"}, {"boundingPoly": {"vertices": [{"x": 680.0, "y": 2137.0}, {"x": 773.0, "y": 2138.0}, {"x": 773.0, "y": 2157.0}, {"x": 680.0, "y": 2155.0}]}, "description": "---."}, {"boundingPoly": {"vertices": [{"x": 624.0, "y": 2175.0}, {"x": 947.0, "y": 2170.0}, {"x": 948.0, "y": 2239.0}, {"x": 624.0, "y": 2244.0}]}, "description": "208.00"}, {"boundingPoly": {"vertices": [{"x": 945.0, "y": 1797.0}, {"x": 1097.0, "y": 1793.0}, {"x": 1098.0, "y": 1843.0}, {"x": 948.0, "y": 1848.0}]}, "description": "198.00"}, {"boundingPoly": {"vertices": [{"x": 943.0, "y": 1860.0}, {"x": 1097.0, "y": 1856.0}, {"x": 1098.0, "y": 1907.0}, {"x": 945.0, "y": 1912.0}]}, "description": "198.00"}, {"boundingPoly": {"vertices": [{"x": 995.0, "y": 1925.0}, {"x": 1101.0, "y": 1923.0}, {"x": 1100.0, "y": 1973.0}, {"x": 996.0, "y": 1974.0}]}, "description": "4.95"}, {"boundingPoly": {"vertices": [{"x": 997.0, "y": 1989.0}, {"x": 1104.0, "y": 1987.0}, {"x": 1103.0, "y": 2039.0}, {"x": 997.0, "y": 2041.0}]}, "description": "4.95"}, {"boundingPoly": {"vertices": [{"x": 946.0, "y": 2054.0}, {"x": 1105.0, "y": 2053.0}, {"x": 1105.0, "y": 2104.0}, {"x": 945.0, "y": 2107.0}]}, "description": "208.00"}, {"boundingPoly": {"vertices": [{"x": 25.0, "y": 2170.0}, {"x": 506.0, "y": 2170.0}, {"x": 506.0, "y": 2247.0}, {"x": 25.0, "y": 2247.0}]}, "description": " otal Due:"}, {"boundingPoly": {"vertices": [{"x": 6.0, "y": 2261.0}, {"x": 67.0, "y": 2261.0}, {"x": 67.0, "y": 2282.0}, {"x": 6.0, "y": 2283.0}]}, "description": "- -."}, {"boundingPoly": {"vertices": [{"x": 23.0, "y": 2316.0}, {"x": 256.0, "y": 2314.0}, {"x": 256.0, "y": 2372.0}, {"x": 23.0, "y": 2373.0}]}, "description": "otal"}, {"boundingPoly": {"vertices": [{"x": 290.0, "y": 2312.0}, {"x": 614.0, "y": 2312.0}, {"x": 614.0, "y": 2382.0}, {"x": 290.0, "y": 2382.0}]}, "description": " Units:"}, {"boundingPoly": {"vertices": [{"x": 502.0, "y": 2409.0}, {"x": 550.0, "y": 2408.0}, {"x": 551.0, "y": 2424.0}, {"x": 502.0, "y": 2425.0}]}, "description": "---"}, {"boundingPoly": {"vertices": [{"x": 850.0, "y": 2321.0}, {"x": 889.0, "y": 2324.0}, {"x": 886.0, "y": 2370.0}, {"x": 847.0, "y": 2367.0}]}, "description": "1"}, {"boundingPoly": {"vertices": [{"x": 554.0, "y": 2408.0}, {"x": 599.0, "y": 2408.0}, {"x": 599.0, "y": 2424.0}, {"x": 553.0, "y": 2424.0}]}, "description": "- --"}, {"boundingPoly": {"vertices": [{"x": 1022.0, "y": 2404.0}, {"x": 1107.0, "y": 2403.0}, {"x": 1108.0, "y": 2416.0}, {"x": 1022.0, "y": 2417.0}]}, "description": "----"}, {"boundingPoly": {"vertices": [{"x": 37.0, "y": 2528.0}, {"x": 790.0, "y": 2529.0}, {"x": 790.0, "y": 2580.0}, {"x": 37.0, "y": 2578.0}]}, "description": "immediate (60 mins) consumption only"}]}