{"textAnnotations": [{"boundingPoly": {"vertices": [{"x": 457.0, "y": 56.0}, {"x": 1036.0, "y": 33.0}, {"x": 1037.0, "y": 80.0}, {"x": 458.0, "y": 101.0}]}, "description": "Thank You For Visiting the"}, {"boundingPoly": {"vertices": [{"x": 555.0, "y": 144.0}, {"x": 921.0, "y": 139.0}, {"x": 921.0, "y": 183.0}, {"x": 556.0, "y": 188.0}]}, "description": "Matthew Fraysier"}, {"boundingPoly": {"vertices": [{"x": 564.0, "y": 193.0}, {"x": 906.0, "y": 189.0}, {"x": 907.0, "y": 233.0}, {"x": 564.0, "y": 238.0}]}, "description": "General Manager"}, {"boundingPoly": {"vertices": [{"x": 457.0, "y": 99.0}, {"x": 1018.0, "y": 79.0}, {"x": 1019.0, "y": 128.0}, {"x": 458.0, "y": 145.0}]}, "description": "merchant name"}, {"boundingPoly": {"vertices": [{"x": 588.0, "y": 238.0}, {"x": 880.0, "y": 235.0}, {"x": 881.0, "y": 282.0}, {"x": 589.0, "y": 287.0}]}, "description": "merchant phone"}, {"boundingPoly": {"vertices": [{"x": 477.0, "y": 289.0}, {"x": 980.0, "y": 279.0}, {"x": 981.0, "y": 328.0}, {"x": 478.0, "y": 335.0}]}, "description": "We Love Your Feedback!"}, {"boundingPoly": {"vertices": [{"x": 470.0, "y": 339.0}, {"x": 1001.0, "y": 331.0}, {"x": 1002.0, "y": 376.0}, {"x": 470.0, "y": 385.0}]}, "description": "Text @LTF11479 to 73940"}, {"boundingPoly": {"vertices": [{"x": 1138.0, "y": 426.0}, {"x": 1205.0, "y": 427.0}, {"x": 1204.0, "y": 467.0}, {"x": 1137.0, "y": 466.0}]}, "description": "USC"}, {"boundingPoly": {"vertices": [{"x": 1118.0, "y": 479.0}, {"x": 1214.0, "y": 475.0}, {"x": 1216.0, "y": 520.0}, {"x": 1120.0, "y": 522.0}]}, "description": "5.20"}, {"boundingPoly": {"vertices": [{"x": 1116.0, "y": 530.0}, {"x": 1211.0, "y": 528.0}, {"x": 1213.0, "y": 570.0}, {"x": 1118.0, "y": 573.0}]}, "description": "0.35"}, {"boundingPoly": {"vertices": [{"x": 1122.0, "y": 584.0}, {"x": 1219.0, "y": 581.0}, {"x": 1218.0, "y": 623.0}, {"x": 1122.0, "y": 627.0}]}, "description": "0.35"}, {"boundingPoly": {"vertices": [{"x": 1117.0, "y": 633.0}, {"x": 1214.0, "y": 633.0}, {"x": 1215.0, "y": 680.0}, {"x": 1118.0, "y": 680.0}]}, "description": "0.35"}, {"boundingPoly": {"vertices": [{"x": 1116.0, "y": 688.0}, {"x": 1215.0, "y": 688.0}, {"x": 1216.0, "y": 731.0}, {"x": 1118.0, "y": 731.0}]}, "description": "0.30"}, {"boundingPoly": {"vertices": [{"x": 1118.0, "y": 745.0}, {"x": 1218.0, "y": 744.0}, {"x": 1217.0, "y": 785.0}, {"x": 1118.0, "y": 786.0}]}, "description": "0.30"}, {"boundingPoly": {"vertices": [{"x": 269.0, "y": 493.0}, {"x": 657.0, "y": 487.0}, {"x": 658.0, "y": 538.0}, {"x": 269.0, "y": 545.0}]}, "description": "12oz Funky Monkey"}, {"boundingPoly": {"vertices": [{"x": 260.0, "y": 547.0}, {"x": 377.0, "y": 548.0}, {"x": 377.0, "y": 589.0}, {"x": 258.0, "y": 592.0}]}, "description": "Toast"}, {"boundingPoly": {"vertices": [{"x": 256.0, "y": 601.0}, {"x": 366.0, "y": 602.0}, {"x": 365.0, "y": 641.0}, {"x": 254.0, "y": 639.0}]}, "description": "Toast"}, {"boundingPoly": {"vertices": [{"x": 261.0, "y": 653.0}, {"x": 364.0, "y": 653.0}, {"x": 363.0, "y": 694.0}, {"x": 259.0, "y": 694.0}]}, "description": "Toast"}, {"boundingPoly": {"vertices": [{"x": 249.0, "y": 702.0}, {"x": 485.0, "y": 700.0}, {"x": 486.0, "y": 745.0}, {"x": 249.0, "y": 747.0}]}, "description": "Add Spread"}, {"boundingPoly": {"vertices": [{"x": 242.0, "y": 755.0}, {"x": 485.0, "y": 753.0}, {"x": 486.0, "y": 800.0}, {"x": 242.0, "y": 802.0}]}, "description": "Add Spread"}, {"boundingPoly": {"vertices": [{"x": 783.0, "y": 853.0}, {"x": 1001.0, "y": 851.0}, {"x": 1001.0, "y": 901.0}, {"x": 783.0, "y": 903.0}]}, "description": "Sub Total"}, {"boundingPoly": {"vertices": [{"x": 784.0, "y": 908.0}, {"x": 1026.0, "y": 907.0}, {"x": 1026.0, "y": 957.0}, {"x": 784.0, "y": 957.0}]}, "description": "Tax Amount"}, {"boundingPoly": {"vertices": [{"x": 1117.0, "y": 849.0}, {"x": 1220.0, "y": 848.0}, {"x": 1220.0, "y": 895.0}, {"x": 1118.0, "y": 896.0}]}, "description": "6.85"}, {"boundingPoly": {"vertices": [{"x": 1120.0, "y": 905.0}, {"x": 1214.0, "y": 906.0}, {"x": 1213.0, "y": 953.0}, {"x": 1120.0, "y": 952.0}]}, "description": "0.61"}, {"boundingPoly": {"vertices": [{"x": 191.0, "y": 1079.0}, {"x": 630.0, "y": 1075.0}, {"x": 631.0, "y": 1165.0}, {"x": 192.0, "y": 1171.0}]}, "description": "Total USD"}, {"boundingPoly": {"vertices": [{"x": 1022.0, "y": 1067.0}, {"x": 1221.0, "y": 1067.0}, {"x": 1220.0, "y": 1167.0}, {"x": 1020.0, "y": 1167.0}]}, "description": "7.46"}, {"boundingPoly": {"vertices": [{"x": 167.0, "y": 1345.0}, {"x": 700.0, "y": 1340.0}, {"x": 700.0, "y": 1395.0}, {"x": 167.0, "y": 1399.0}]}, "description": "5009 AMERICAN EXPRESS"}, {"boundingPoly": {"vertices": [{"x": 1120.0, "y": 1336.0}, {"x": 1226.0, "y": 1337.0}, {"x": 1227.0, "y": 1387.0}, {"x": 1120.0, "y": 1388.0}]}, "description": "7.46"}, {"boundingPoly": {"vertices": [{"x": 159.0, "y": 1527.0}, {"x": 240.0, "y": 1528.0}, {"x": 238.0, "y": 1580.0}, {"x": 158.0, "y": 1578.0}]}, "description": "Tax"}, {"boundingPoly": {"vertices": [{"x": 153.0, "y": 1589.0}, {"x": 358.0, "y": 1585.0}, {"x": 359.0, "y": 1642.0}, {"x": 155.0, "y": 1648.0}]}, "description": "() 8.875"}, {"boundingPoly": {"vertices": [{"x": 564.0, "y": 1520.0}, {"x": 943.0, "y": 1520.0}, {"x": 943.0, "y": 1576.0}, {"x": 564.0, "y": 1576.0}]}, "description": " Taxable Amount"}, {"boundingPoly": {"vertices": [{"x": 820.0, "y": 1585.0}, {"x": 923.0, "y": 1584.0}, {"x": 923.0, "y": 1631.0}, {"x": 818.0, "y": 1634.0}]}, "description": "6.85"}, {"boundingPoly": {"vertices": [{"x": 964.0, "y": 1517.0}, {"x": 1223.0, "y": 1517.0}, {"x": 1223.0, "y": 1574.0}, {"x": 964.0, "y": 1574.0}]}, "description": " Tax Amount"}, {"boundingPoly": {"vertices": [{"x": 1123.0, "y": 1582.0}, {"x": 1224.0, "y": 1581.0}, {"x": 1223.0, "y": 1629.0}, {"x": 1123.0, "y": 1631.0}]}, "description": "0.61"}, {"boundingPoly": {"vertices": [{"x": 138.0, "y": 1763.0}, {"x": 1222.0, "y": 1763.0}, {"x": 1222.0, "y": 1834.0}, {"x": 138.0, "y": 1834.0}]}, "description": " 11/15/2019 09:32 AM #:50700 Op:4023 C:111"}, {"boundingPoly": {"vertices": [{"x": 133.0, "y": 1836.0}, {"x": 394.0, "y": 1836.0}, {"x": 394.0, "y": 1896.0}, {"x": 133.0, "y": 1896.0}]}, "description": " 105 S:1111"}, {"boundingPoly": {"vertices": [{"x": 119.0, "y": 1903.0}, {"x": 399.0, "y": 1903.0}, {"x": 399.0, "y": 1963.0}, {"x": 119.0, "y": 1963.0}]}, "description": " Served you"}, {"boundingPoly": {"vertices": [{"x": 409.0, "y": 1895.0}, {"x": 889.0, "y": 1895.0}, {"x": 889.0, "y": 1963.0}, {"x": 409.0, "y": 1963.0}]}, "description": " : Lucrecia Findley"}, {"boundingPoly": {"vertices": [{"x": 342.0, "y": 2168.0}, {"x": 915.0, "y": 2165.0}, {"x": 915.0, "y": 2227.0}, {"x": 343.0, "y": 2230.0}]}, "description": "*** Customer copy ***"}, {"boundingPoly": {"vertices": [{"x": 436.0, "y": 2300.0}, {"x": 820.0, "y": 2298.0}, {"x": 820.0, "y": 2364.0}, {"x": 436.0, "y": 2365.0}]}, "description": "AMEX NY937 (5)"}, {"boundingPoly": {"vertices": [{"x": 108.0, "y": 2375.0}, {"x": 1125.0, "y": 2369.0}, {"x": 1126.0, "y": 2432.0}, {"x": 108.0, "y": 2442.0}]}, "description": "I agree to pay the above total amount"}, {"boundingPoly": {"vertices": [{"x": 298.0, "y": 2448.0}, {"x": 960.0, "y": 2442.0}, {"x": 961.0, "y": 2502.0}, {"x": 298.0, "y": 2508.0}]}, "description": "according to card issuer"}, {"boundingPoly": {"vertices": [{"x": 73.0, "y": 2520.0}, {"x": 1149.0, "y": 2506.0}, {"x": 1150.0, "y": 2573.0}, {"x": 74.0, "y": 2582.0}]}, "description": "agreement. (Merchant agreement if Credit"}, {"boundingPoly": {"vertices": [{"x": 149.0, "y": 2587.0}, {"x": 1066.0, "y": 2585.0}, {"x": 1066.0, "y": 2650.0}, {"x": 149.0, "y": 2653.0}]}, "description": "Voucher)Retain this copy for your"}, {"boundingPoly": {"vertices": [{"x": 499.0, "y": 2664.0}, {"x": 734.0, "y": 2662.0}, {"x": 734.0, "y": 2720.0}, {"x": 499.0, "y": 2722.0}]}, "description": "records."}, {"boundingPoly": {"vertices": [{"x": 356.0, "y": 2724.0}, {"x": 858.0, "y": 2730.0}, {"x": 857.0, "y": 2790.0}, {"x": 355.0, "y": 2781.0}]}, "description": "REDMI NOTE 5 PRO"}, {"boundingPoly": {"vertices": [{"x": 339.0, "y": 2797.0}, {"x": 818.0, "y": 2799.0}, {"x": 818.0, "y": 2861.0}, {"x": 339.0, "y": 2859.0}]}, "description": "MI DUAL CAMERA"}, {"boundingPoly": {"vertices": [{"x": 49.0, "y": 2881.0}, {"x": 507.0, "y": 2881.0}, {"x": 507.0, "y": 2944.0}, {"x": 49.0, "y": 2944.0}]}, "description": "AMERICAN EXPRESS"}, {"boundingPoly": {"vertices": [{"x": 50.0, "y": 2805.0}, {"x": 302.0, "y": 2813.0}, {"x": 301.0, "y": 2871.0}, {"x": 48.0, "y": 2866.0}]}, "description": "PURCHASE"}]}