{"textAnnotations": [{"boundingPoly": {"vertices": [{"x": 137.0, "y": 195.0}, {"x": 148.0, "y": 195.0}, {"x": 148.0, "y": 206.0}, {"x": 137.0, "y": 206.0}]}, "description": "merchant name"}, {"boundingPoly": {"vertices": [{"x": 127.0, "y": 206.0}, {"x": 172.0, "y": 206.0}, {"x": 172.0, "y": 216.0}, {"x": 127.0, "y": 216.0}]}, "description": "merchant address"}, {"boundingPoly": {"vertices": [{"x": 132.0, "y": 216.0}, {"x": 157.0, "y": 216.0}, {"x": 157.0, "y": 227.0}, {"x": 132.0, "y": 227.0}]}, "description": "merchant phone"}, {"boundingPoly": {"vertices": [{"x": 149.0, "y": 196.0}, {"x": 191.0, "y": 196.0}, {"x": 191.0, "y": 206.0}, {"x": 149.0, "y": 206.0}]}, "description": "merchant name"}, {"boundingPoly": {"vertices": [{"x": 174.0, "y": 206.0}, {"x": 203.0, "y": 206.0}, {"x": 203.0, "y": 217.0}, {"x": 174.0, "y": 217.0}]}, "description": "merchant address"}, {"boundingPoly": {"vertices": [{"x": 159.0, "y": 216.0}, {"x": 200.0, "y": 216.0}, {"x": 200.0, "y": 227.0}, {"x": 159.0, "y": 227.0}]}, "description": "merchant phone"}, {"boundingPoly": {"vertices": [{"x": 354.0, "y": 226.0}, {"x": 365.0, "y": 226.0}, {"x": 365.0, "y": 237.0}, {"x": 354.0, "y": 237.0}]}, "description": "merchant name"}, {"boundingPoly": {"vertices": [{"x": 346.0, "y": 237.0}, {"x": 362.0, "y": 237.0}, {"x": 362.0, "y": 249.0}, {"x": 346.0, "y": 249.0}]}, "description": "merchant address"}, {"boundingPoly": {"vertices": [{"x": 350.0, "y": 248.0}, {"x": 419.0, "y": 248.0}, {"x": 419.0, "y": 260.0}, {"x": 351.0, "y": 260.0}]}, "description": "merchant phone"}, {"boundingPoly": {"vertices": [{"x": 367.0, "y": 226.0}, {"x": 410.0, "y": 226.0}, {"x": 410.0, "y": 237.0}, {"x": 367.0, "y": 237.0}]}, "description": "merchant name"}, {"boundingPoly": {"vertices": [{"x": 364.0, "y": 237.0}, {"x": 390.0, "y": 237.0}, {"x": 390.0, "y": 249.0}, {"x": 364.0, "y": 249.0}]}, "description": "merchant address"}, {"boundingPoly": {"vertices": [{"x": 68.0, "y": 239.0}, {"x": 101.0, "y": 239.0}, {"x": 101.0, "y": 251.0}, {"x": 68.0, "y": 251.0}]}, "description": " Server:"}, {"boundingPoly": {"vertices": [{"x": 67.0, "y": 250.0}, {"x": 107.0, "y": 250.0}, {"x": 107.0, "y": 262.0}, {"x": 67.0, "y": 262.0}]}, "description": " 03:11 PM"}, {"boundingPoly": {"vertices": [{"x": 68.0, "y": 261.0}, {"x": 82.0, "y": 261.0}, {"x": 82.0, "y": 273.0}, {"x": 68.0, "y": 273.0}]}, "description": " TBL"}, {"boundingPoly": {"vertices": [{"x": 102.0, "y": 238.0}, {"x": 124.0, "y": 238.0}, {"x": 124.0, "y": 250.0}, {"x": 102.0, "y": 250.0}]}, "description": " Luke"}, {"boundingPoly": {"vertices": [{"x": 191.0, "y": 237.0}, {"x": 214.0, "y": 237.0}, {"x": 214.0, "y": 249.0}, {"x": 191.0, "y": 249.0}]}, "description": " DOB:"}, {"boundingPoly": {"vertices": [{"x": 215.0, "y": 238.0}, {"x": 263.0, "y": 238.0}, {"x": 263.0, "y": 251.0}, {"x": 215.0, "y": 251.0}]}, "description": " 12/07/2019"}, {"boundingPoly": {"vertices": [{"x": 217.0, "y": 249.0}, {"x": 263.0, "y": 251.0}, {"x": 263.0, "y": 262.0}, {"x": 217.0, "y": 259.0}]}, "description": "12/07/2019"}, {"boundingPoly": {"vertices": [{"x": 228.0, "y": 260.0}, {"x": 264.0, "y": 262.0}, {"x": 263.0, "y": 273.0}, {"x": 227.0, "y": 271.0}]}, "description": "7/70029"}, {"boundingPoly": {"vertices": [{"x": 392.0, "y": 237.0}, {"x": 421.0, "y": 237.0}, {"x": 421.0, "y": 249.0}, {"x": 392.0, "y": 249.0}]}, "description": "merchant address"}, {"boundingPoly": {"vertices": [{"x": 84.0, "y": 261.0}, {"x": 105.0, "y": 261.0}, {"x": 105.0, "y": 272.0}, {"x": 84.0, "y": 272.0}]}, "description": " 50/1"}, {"boundingPoly": {"vertices": [{"x": 152.0, "y": 280.0}, {"x": 174.0, "y": 280.0}, {"x": 174.0, "y": 291.0}, {"x": 153.0, "y": 291.0}]}, "description": "SALE"}, {"boundingPoly": {"vertices": [{"x": 286.0, "y": 275.0}, {"x": 321.0, "y": 275.0}, {"x": 321.0, "y": 286.0}, {"x": 286.0, "y": 286.0}]}, "description": " Server:"}, {"boundingPoly": {"vertices": [{"x": 286.0, "y": 285.0}, {"x": 335.0, "y": 284.0}, {"x": 335.0, "y": 294.0}, {"x": 287.0, "y": 296.0}]}, "description": "Table 50/1"}, {"boundingPoly": {"vertices": [{"x": 287.0, "y": 295.0}, {"x": 322.0, "y": 295.0}, {"x": 322.0, "y": 307.0}, {"x": 287.0, "y": 307.0}]}, "description": " Guests:"}, {"boundingPoly": {"vertices": [{"x": 322.0, "y": 274.0}, {"x": 335.0, "y": 274.0}, {"x": 335.0, "y": 285.0}, {"x": 322.0, "y": 285.0}]}, "description": " MD"}, {"boundingPoly": {"vertices": [{"x": 435.0, "y": 272.0}, {"x": 479.0, "y": 274.0}, {"x": 479.0, "y": 284.0}, {"x": 435.0, "y": 282.0}]}, "description": "12/07/2019"}, {"boundingPoly": {"vertices": [{"x": 448.0, "y": 284.0}, {"x": 480.0, "y": 284.0}, {"x": 480.0, "y": 294.0}, {"x": 448.0, "y": 294.0}]}, "description": " 3:08 PM"}, {"boundingPoly": {"vertices": [{"x": 458.0, "y": 295.0}, {"x": 482.0, "y": 295.0}, {"x": 481.0, "y": 304.0}, {"x": 458.0, "y": 305.0}]}, "description": "70029"}, {"boundingPoly": {"vertices": [{"x": 225.0, "y": 304.0}, {"x": 263.0, "y": 305.0}, {"x": 263.0, "y": 316.0}, {"x": 225.0, "y": 315.0}]}, "description": "11534345"}, {"boundingPoly": {"vertices": [{"x": 324.0, "y": 295.0}, {"x": 331.0, "y": 295.0}, {"x": 331.0, "y": 306.0}, {"x": 324.0, "y": 306.0}]}, "description": " 2"}, {"boundingPoly": {"vertices": [{"x": 65.0, "y": 308.0}, {"x": 86.0, "y": 308.0}, {"x": 86.0, "y": 316.0}, {"x": 64.0, "y": 316.0}]}, "description": "Amex"}, {"boundingPoly": {"vertices": [{"x": 64.0, "y": 317.0}, {"x": 161.0, "y": 314.0}, {"x": 161.0, "y": 325.0}, {"x": 64.0, "y": 328.0}]}, "description": "Card XXXXXXXXXXXXX1001"}, {"boundingPoly": {"vertices": [{"x": 64.0, "y": 327.0}, {"x": 159.0, "y": 327.0}, {"x": 159.0, "y": 340.0}, {"x": 64.0, "y": 340.0}]}, "description": " Magnetic card present"}, {"boundingPoly": {"vertices": [{"x": 63.0, "y": 338.0}, {"x": 152.0, "y": 338.0}, {"x": 152.0, "y": 351.0}, {"x": 63.0, "y": 351.0}]}, "description": " Card Entry Method:"}, {"boundingPoly": {"vertices": [{"x": 156.0, "y": 338.0}, {"x": 164.0, "y": 338.0}, {"x": 164.0, "y": 349.0}, {"x": 156.0, "y": 349.0}]}, "description": " S"}, {"boundingPoly": {"vertices": [{"x": 286.0, "y": 318.0}, {"x": 356.0, "y": 317.0}, {"x": 356.0, "y": 328.0}, {"x": 287.0, "y": 329.0}]}, "description": "Allagash White"}, {"boundingPoly": {"vertices": [{"x": 286.0, "y": 329.0}, {"x": 409.0, "y": 328.0}, {"x": 409.0, "y": 340.0}, {"x": 286.0, "y": 341.0}]}, "description": "Buttermilk Chicken Sanwch"}, {"boundingPoly": {"vertices": [{"x": 461.0, "y": 317.0}, {"x": 484.0, "y": 318.0}, {"x": 484.0, "y": 328.0}, {"x": 461.0, "y": 328.0}]}, "description": "10.00"}, {"boundingPoly": {"vertices": [{"x": 463.0, "y": 329.0}, {"x": 485.0, "y": 329.0}, {"x": 485.0, "y": 339.0}, {"x": 464.0, "y": 340.0}]}, "description": "18.25"}, {"boundingPoly": {"vertices": [{"x": 62.0, "y": 362.0}, {"x": 104.0, "y": 362.0}, {"x": 104.0, "y": 376.0}, {"x": 62.0, "y": 376.0}]}, "description": " Approval:"}, {"boundingPoly": {"vertices": [{"x": 107.0, "y": 362.0}, {"x": 139.0, "y": 362.0}, {"x": 139.0, "y": 374.0}, {"x": 107.0, "y": 374.0}]}, "description": " 588392"}, {"boundingPoly": {"vertices": [{"x": 286.0, "y": 352.0}, {"x": 370.0, "y": 352.0}, {"x": 370.0, "y": 364.0}, {"x": 286.0, "y": 364.0}]}, "description": "Complete Subtotal"}, {"boundingPoly": {"vertices": [{"x": 463.0, "y": 352.0}, {"x": 487.0, "y": 353.0}, {"x": 487.0, "y": 364.0}, {"x": 463.0, "y": 363.0}]}, "description": "28.25"}, {"boundingPoly": {"vertices": [{"x": 155.0, "y": 386.0}, {"x": 184.0, "y": 386.0}, {"x": 184.0, "y": 398.0}, {"x": 155.0, "y": 398.0}]}, "description": " Amount"}, {"boundingPoly": {"vertices": [{"x": 185.0, "y": 387.0}, {"x": 192.0, "y": 387.0}, {"x": 192.0, "y": 398.0}, {"x": 185.0, "y": 398.0}]}, "description": " :"}, {"boundingPoly": {"vertices": [{"x": 235.0, "y": 385.0}, {"x": 265.0, "y": 384.0}, {"x": 265.0, "y": 396.0}, {"x": 235.0, "y": 397.0}]}, "description": "$30.76"}, {"boundingPoly": {"vertices": [{"x": 286.0, "y": 376.0}, {"x": 328.0, "y": 376.0}, {"x": 328.0, "y": 387.0}, {"x": 286.0, "y": 388.0}]}, "description": "Subtotal"}, {"boundingPoly": {"vertices": [{"x": 288.0, "y": 389.0}, {"x": 304.0, "y": 389.0}, {"x": 304.0, "y": 399.0}, {"x": 288.0, "y": 399.0}]}, "description": "Tax"}, {"boundingPoly": {"vertices": [{"x": 465.0, "y": 376.0}, {"x": 489.0, "y": 376.0}, {"x": 489.0, "y": 388.0}, {"x": 464.0, "y": 388.0}]}, "description": "28.25"}, {"boundingPoly": {"vertices": [{"x": 468.0, "y": 387.0}, {"x": 488.0, "y": 387.0}, {"x": 487.0, "y": 398.0}, {"x": 469.0, "y": 399.0}]}, "description": "2.5"}, {"boundingPoly": {"vertices": [{"x": 160.0, "y": 410.0}, {"x": 192.0, "y": 410.0}, {"x": 192.0, "y": 422.0}, {"x": 160.0, "y": 422.0}]}, "description": " + Tip:"}, {"boundingPoly": {"vertices": [{"x": 242.0, "y": 407.0}, {"x": 268.0, "y": 407.0}, {"x": 268.0, "y": 420.0}, {"x": 242.0, "y": 420.0}]}, "description": " 2:00"}, {"boundingPoly": {"vertices": [{"x": 228.0, "y": 430.0}, {"x": 267.0, "y": 427.0}, {"x": 268.0, "y": 440.0}, {"x": 228.0, "y": 443.0}]}, "description": "32. 74"}, {"boundingPoly": {"vertices": [{"x": 287.0, "y": 413.0}, {"x": 313.0, "y": 413.0}, {"x": 313.0, "y": 425.0}, {"x": 288.0, "y": 424.0}]}, "description": "Total"}, {"boundingPoly": {"vertices": [{"x": 465.0, "y": 412.0}, {"x": 488.0, "y": 413.0}, {"x": 488.0, "y": 424.0}, {"x": 465.0, "y": 424.0}]}, "description": "30.76"}, {"boundingPoly": {"vertices": [{"x": 149.0, "y": 435.0}, {"x": 191.0, "y": 435.0}, {"x": 191.0, "y": 447.0}, {"x": 149.0, "y": 447.0}]}, "description": " = Total:"}, {"boundingPoly": {"vertices": [{"x": 289.0, "y": 438.0}, {"x": 398.0, "y": 438.0}, {"x": 398.0, "y": 451.0}, {"x": 289.0, "y": 450.0}]}, "description": "Balance Due"}, {"boundingPoly": {"vertices": [{"x": 443.0, "y": 437.0}, {"x": 487.0, "y": 437.0}, {"x": 487.0, "y": 447.0}, {"x": 443.0, "y": 449.0}]}, "description": "30.76"}, {"boundingPoly": {"vertices": [{"x": 100.0, "y": 473.0}, {"x": 222.0, "y": 471.0}, {"x": 222.0, "y": 483.0}, {"x": 101.0, "y": 486.0}]}, "description": "I agree to pay the above"}, {"boundingPoly": {"vertices": [{"x": 85.0, "y": 485.0}, {"x": 232.0, "y": 484.0}, {"x": 232.0, "y": 496.0}, {"x": 86.0, "y": 498.0}]}, "description": "total amount according to the"}, {"boundingPoly": {"vertices": [{"x": 103.0, "y": 499.0}, {"x": 216.0, "y": 497.0}, {"x": 216.0, "y": 509.0}, {"x": 103.0, "y": 511.0}]}, "description": "card issuer agreement."}, {"boundingPoly": {"vertices": [{"x": 354.0, "y": 463.0}, {"x": 426.0, "y": 463.0}, {"x": 426.0, "y": 475.0}, {"x": 354.0, "y": 475.0}]}, "description": "General Manager"}, {"boundingPoly": {"vertices": [{"x": 363.0, "y": 476.0}, {"x": 423.0, "y": 475.0}, {"x": 423.0, "y": 487.0}, {"x": 363.0, "y": 489.0}]}, "description": "Clare Bohrer"}, {"boundingPoly": {"vertices": [{"x": 118.0, "y": 550.0}, {"x": 197.0, "y": 549.0}, {"x": 197.0, "y": 561.0}, {"x": 118.0, "y": 562.0}]}, "description": "General Manager"}, {"boundingPoly": {"vertices": [{"x": 129.0, "y": 563.0}, {"x": 191.0, "y": 562.0}, {"x": 192.0, "y": 574.0}, {"x": 129.0, "y": 575.0}]}, "description": "Clare Bohrer"}, {"boundingPoly": {"vertices": [{"x": 112.0, "y": 601.0}, {"x": 202.0, "y": 600.0}, {"x": 202.0, "y": 612.0}, {"x": 112.0, "y": 614.0}]}, "description": ">>Customer Copy<<"}]}