{"textAnnotations": [{"boundingPoly": {"vertices": [{"x": 198.0, "y": 96.0}, {"x": 466.0, "y": 107.0}, {"x": 465.0, "y": 130.0}, {"x": 197.0, "y": 119.0}]}, "description": "Thank You For Visiting"}, {"boundingPoly": {"vertices": [{"x": 223.0, "y": 154.0}, {"x": 456.0, "y": 163.0}, {"x": 455.0, "y": 188.0}, {"x": 222.0, "y": 179.0}]}, "description": "merchant address"}, {"boundingPoly": {"vertices": [{"x": 272.0, "y": 127.0}, {"x": 407.0, "y": 133.0}, {"x": 406.0, "y": 156.0}, {"x": 271.0, "y": 150.0}]}, "description": "merchant name"}, {"boundingPoly": {"vertices": [{"x": 248.0, "y": 185.0}, {"x": 422.0, "y": 192.0}, {"x": 421.0, "y": 217.0}, {"x": 248.0, "y": 210.0}]}, "description": "merchant address"}, {"boundingPoly": {"vertices": [{"x": 200.0, "y": 215.0}, {"x": 466.0, "y": 224.0}, {"x": 465.0, "y": 249.0}, {"x": 200.0, "y": 240.0}]}, "description": "We Love Your Feedback!"}, {"boundingPoly": {"vertices": [{"x": 198.0, "y": 246.0}, {"x": 479.0, "y": 255.0}, {"x": 478.0, "y": 280.0}, {"x": 198.0, "y": 271.0}]}, "description": "Text @LTF23016 to 73940"}, {"boundingPoly": {"vertices": [{"x": 199.0, "y": 312.0}, {"x": 470.0, "y": 316.0}, {"x": 469.0, "y": 360.0}, {"x": 199.0, "y": 355.0}]}, "description": "Order # 672"}, {"boundingPoly": {"vertices": [{"x": 89.0, "y": 388.0}, {"x": 277.0, "y": 390.0}, {"x": 277.0, "y": 415.0}, {"x": 89.0, "y": 412.0}]}, "description": "SM Decaf Coffee"}, {"boundingPoly": {"vertices": [{"x": 90.0, "y": 419.0}, {"x": 205.0, "y": 421.0}, {"x": 204.0, "y": 445.0}, {"x": 90.0, "y": 443.0}]}, "description": "SM Coffee"}, {"boundingPoly": {"vertices": [{"x": 546.0, "y": 367.0}, {"x": 584.0, "y": 367.0}, {"x": 582.0, "y": 391.0}, {"x": 546.0, "y": 391.0}]}, "description": "CAD"}, {"boundingPoly": {"vertices": [{"x": 536.0, "y": 398.0}, {"x": 583.0, "y": 398.0}, {"x": 583.0, "y": 421.0}, {"x": 536.0, "y": 420.0}]}, "description": "1.52"}, {"boundingPoly": {"vertices": [{"x": 537.0, "y": 427.0}, {"x": 584.0, "y": 427.0}, {"x": 583.0, "y": 451.0}, {"x": 536.0, "y": 450.0}]}, "description": "1.52"}, {"boundingPoly": {"vertices": [{"x": 371.0, "y": 484.0}, {"x": 479.0, "y": 484.0}, {"x": 479.0, "y": 509.0}, {"x": 371.0, "y": 509.0}]}, "description": "Sub Total"}, {"boundingPoly": {"vertices": [{"x": 371.0, "y": 516.0}, {"x": 494.0, "y": 516.0}, {"x": 494.0, "y": 540.0}, {"x": 371.0, "y": 539.0}]}, "description": "Tax Amount"}, {"boundingPoly": {"vertices": [{"x": 534.0, "y": 486.0}, {"x": 586.0, "y": 487.0}, {"x": 585.0, "y": 510.0}, {"x": 533.0, "y": 510.0}]}, "description": "3.04"}, {"boundingPoly": {"vertices": [{"x": 535.0, "y": 517.0}, {"x": 586.0, "y": 517.0}, {"x": 586.0, "y": 540.0}, {"x": 535.0, "y": 540.0}]}, "description": "0.15"}, {"boundingPoly": {"vertices": [{"x": 80.0, "y": 608.0}, {"x": 301.0, "y": 607.0}, {"x": 302.0, "y": 652.0}, {"x": 81.0, "y": 655.0}]}, "description": "Total CAD"}, {"boundingPoly": {"vertices": [{"x": 489.0, "y": 608.0}, {"x": 587.0, "y": 606.0}, {"x": 588.0, "y": 648.0}, {"x": 489.0, "y": 649.0}]}, "description": "3.19"}, {"boundingPoly": {"vertices": [{"x": 83.0, "y": 745.0}, {"x": 283.0, "y": 743.0}, {"x": 283.0, "y": 768.0}, {"x": 83.0, "y": 771.0}]}, "description": "5000 Credit Card"}, {"boundingPoly": {"vertices": [{"x": 546.0, "y": 739.0}, {"x": 598.0, "y": 738.0}, {"x": 598.0, "y": 763.0}, {"x": 546.0, "y": 764.0}]}, "description": "3.19"}, {"boundingPoly": {"vertices": [{"x": 87.0, "y": 830.0}, {"x": 602.0, "y": 830.0}, {"x": 602.0, "y": 862.0}, {"x": 87.0, "y": 862.0}]}, "description": " 11/05/2019 02:05 PM #:13431 Op:5025 C:121"}, {"boundingPoly": {"vertices": [{"x": 88.0, "y": 866.0}, {"x": 215.0, "y": 866.0}, {"x": 215.0, "y": 892.0}, {"x": 88.0, "y": 892.0}]}, "description": " 201 S:1212"}, {"boundingPoly": {"vertices": [{"x": 88.0, "y": 896.0}, {"x": 221.0, "y": 896.0}, {"x": 221.0, "y": 924.0}, {"x": 88.0, "y": 924.0}]}, "description": " Served you"}, {"boundingPoly": {"vertices": [{"x": 226.0, "y": 894.0}, {"x": 364.0, "y": 894.0}, {"x": 364.0, "y": 922.0}, {"x": 226.0, "y": 922.0}]}, "description": " : Wendy Lam"}, {"boundingPoly": {"vertices": [{"x": 216.0, "y": 956.0}, {"x": 487.0, "y": 952.0}, {"x": 487.0, "y": 976.0}, {"x": 216.0, "y": 981.0}]}, "description": "GST# 88778 3355 RT0001"}]}