{"textAnnotations": [{"boundingPoly": {"vertices": [{"x": 126.0, "y": 86.0}, {"x": 235.0, "y": 86.0}, {"x": 236.0, "y": 109.0}, {"x": 126.0, "y": 109.0}]}, "description": "merchant name"}, {"boundingPoly": {"vertices": [{"x": 95.0, "y": 110.0}, {"x": 271.0, "y": 110.0}, {"x": 271.0, "y": 131.0}, {"x": 95.0, "y": 131.0}]}, "description": "merchant address"}, {"boundingPoly": {"vertices": [{"x": 74.0, "y": 133.0}, {"x": 145.0, "y": 133.0}, {"x": 145.0, "y": 153.0}, {"x": 74.0, "y": 153.0}]}, "description": " 20211127"}, {"boundingPoly": {"vertices": [{"x": 24.0, "y": 153.0}, {"x": 178.0, "y": 153.0}, {"x": 178.0, "y": 179.0}, {"x": 24.0, "y": 179.0}]}, "description": " NOV 21, 2019 20:30"}, {"boundingPoly": {"vertices": [{"x": 66.0, "y": 178.0}, {"x": 121.0, "y": 178.0}, {"x": 121.0, "y": 199.0}, {"x": 66.0, "y": 199.0}]}, "description": " 002697"}, {"boundingPoly": {"vertices": [{"x": 26.0, "y": 205.0}, {"x": 208.0, "y": 202.0}, {"x": 208.0, "y": 221.0}, {"x": 27.0, "y": 224.0}]}, "description": "************ 1002 - (C)"}, {"boundingPoly": {"vertices": [{"x": 24.0, "y": 226.0}, {"x": 161.0, "y": 224.0}, {"x": 162.0, "y": 243.0}, {"x": 25.0, "y": 245.0}]}, "description": "AMERICAN EXPRESS"}, {"boundingPoly": {"vertices": [{"x": 28.0, "y": 248.0}, {"x": 164.0, "y": 247.0}, {"x": 164.0, "y": 266.0}, {"x": 28.0, "y": 267.0}]}, "description": "A000000025010801"}, {"boundingPoly": {"vertices": [{"x": 25.0, "y": 134.0}, {"x": 71.0, "y": 134.0}, {"x": 71.0, "y": 155.0}, {"x": 25.0, "y": 155.0}]}, "description": " TERM#:"}, {"boundingPoly": {"vertices": [{"x": 198.0, "y": 135.0}, {"x": 251.0, "y": 135.0}, {"x": 251.0, "y": 154.0}, {"x": 198.0, "y": 154.0}]}, "description": " MERCH#:"}, {"boundingPoly": {"vertices": [{"x": 215.0, "y": 158.0}, {"x": 276.0, "y": 158.0}, {"x": 276.0, "y": 177.0}, {"x": 215.0, "y": 177.0}]}, "description": " APPROVAL"}, {"boundingPoly": {"vertices": [{"x": 229.0, "y": 179.0}, {"x": 281.0, "y": 179.0}, {"x": 281.0, "y": 202.0}, {"x": 229.0, "y": 202.0}]}, "description": " BATCH#:"}, {"boundingPoly": {"vertices": [{"x": 255.0, "y": 135.0}, {"x": 341.0, "y": 135.0}, {"x": 341.0, "y": 154.0}, {"x": 255.0, "y": 154.0}]}, "description": " 9360181474"}, {"boundingPoly": {"vertices": [{"x": 280.0, "y": 158.0}, {"x": 342.0, "y": 158.0}, {"x": 342.0, "y": 177.0}, {"x": 280.0, "y": 177.0}]}, "description": " : 874774"}, {"boundingPoly": {"vertices": [{"x": 25.0, "y": 181.0}, {"x": 63.0, "y": 181.0}, {"x": 63.0, "y": 201.0}, {"x": 25.0, "y": 201.0}]}, "description": " ROC#:"}, {"boundingPoly": {"vertices": [{"x": 286.0, "y": 179.0}, {"x": 342.0, "y": 179.0}, {"x": 342.0, "y": 202.0}, {"x": 286.0, "y": 202.0}]}, "description": " 000299"}, {"boundingPoly": {"vertices": [{"x": 125.0, "y": 293.0}, {"x": 251.0, "y": 295.0}, {"x": 251.0, "y": 315.0}, {"x": 125.0, "y": 312.0}]}, "description": "RESTAURANT SALE"}, {"boundingPoly": {"vertices": [{"x": 38.0, "y": 339.0}, {"x": 106.0, "y": 339.0}, {"x": 107.0, "y": 358.0}, {"x": 38.0, "y": 358.0}]}, "description": "> LODGING"}, {"boundingPoly": {"vertices": [{"x": 211.0, "y": 341.0}, {"x": 264.0, "y": 344.0}, {"x": 263.0, "y": 361.0}, {"x": 210.0, "y": 359.0}]}, "description": "000299"}, {"boundingPoly": {"vertices": [{"x": 30.0, "y": 384.0}, {"x": 115.0, "y": 384.0}, {"x": 115.0, "y": 409.0}, {"x": 30.0, "y": 409.0}]}, "description": " BASE AMOUNT"}, {"boundingPoly": {"vertices": [{"x": 119.0, "y": 383.0}, {"x": 129.0, "y": 383.0}, {"x": 129.0, "y": 406.0}, {"x": 119.0, "y": 406.0}]}, "description": " :"}, {"boundingPoly": {"vertices": [{"x": 271.0, "y": 388.0}, {"x": 352.0, "y": 390.0}, {"x": 351.0, "y": 409.0}, {"x": 271.0, "y": 407.0}]}, "description": "USD 43.67"}, {"boundingPoly": {"vertices": [{"x": 32.0, "y": 433.0}, {"x": 108.0, "y": 433.0}, {"x": 108.0, "y": 453.0}, {"x": 32.0, "y": 453.0}]}, "description": " TIP AMOUNT"}, {"boundingPoly": {"vertices": [{"x": 111.0, "y": 434.0}, {"x": 121.0, "y": 434.0}, {"x": 121.0, "y": 453.0}, {"x": 111.0, "y": 453.0}]}, "description": " :"}, {"boundingPoly": {"vertices": [{"x": 30.0, "y": 481.0}, {"x": 69.0, "y": 481.0}, {"x": 69.0, "y": 501.0}, {"x": 30.0, "y": 501.0}]}, "description": " TOTAL"}, {"boundingPoly": {"vertices": [{"x": 72.0, "y": 481.0}, {"x": 81.0, "y": 481.0}, {"x": 81.0, "y": 501.0}, {"x": 72.0, "y": 501.0}]}, "description": " :"}, {"boundingPoly": {"vertices": [{"x": 30.0, "y": 531.0}, {"x": 210.0, "y": 534.0}, {"x": 209.0, "y": 557.0}, {"x": 30.0, "y": 552.0}]}, "description": "TC - F5E79F886EBE81DA"}, {"boundingPoly": {"vertices": [{"x": 135.0, "y": 580.0}, {"x": 251.0, "y": 587.0}, {"x": 250.0, "y": 610.0}, {"x": 134.0, "y": 603.0}]}, "description": "CUSTOMER COPY"}]}