{"textAnnotations": [{"boundingPoly": {"vertices": [{"x": 900.0, "y": 305.0}, {"x": 1214.0, "y": 301.0}, {"x": 1215.0, "y": 333.0}, {"x": 900.0, "y": 335.0}]}, "description": "merchant name"}, {"boundingPoly": {"vertices": [{"x": 922.0, "y": 335.0}, {"x": 1171.0, "y": 337.0}, {"x": 1170.0, "y": 369.0}, {"x": 922.0, "y": 366.0}]}, "description": "merchant address"}, {"boundingPoly": {"vertices": [{"x": 1018.0, "y": 368.0}, {"x": 1239.0, "y": 368.0}, {"x": 1239.0, "y": 413.0}, {"x": 1018.0, "y": 413.0}]}, "description": "merchant address"}, {"boundingPoly": {"vertices": [{"x": 944.0, "y": 431.0}, {"x": 1139.0, "y": 433.0}, {"x": 1139.0, "y": 466.0}, {"x": 943.0, "y": 464.0}]}, "description": "CHK 734905"}, {"boundingPoly": {"vertices": [{"x": 932.0, "y": 468.0}, {"x": 1198.0, "y": 468.0}, {"x": 1198.0, "y": 504.0}, {"x": 932.0, "y": 504.0}]}, "description": " 11/18/2019 10:00 AM"}, {"boundingPoly": {"vertices": [{"x": 890.0, "y": 369.0}, {"x": 1014.0, "y": 369.0}, {"x": 1014.0, "y": 407.0}, {"x": 890.0, "y": 407.0}]}, "description": "merchant address"}, {"boundingPoly": {"vertices": [{"x": 880.0, "y": 503.0}, {"x": 974.0, "y": 501.0}, {"x": 975.0, "y": 531.0}, {"x": 880.0, "y": 533.0}]}, "description": "2168599"}, {"boundingPoly": {"vertices": [{"x": 1010.0, "y": 501.0}, {"x": 1113.0, "y": 501.0}, {"x": 1113.0, "y": 533.0}, {"x": 1010.0, "y": 533.0}]}, "description": " Drawer:"}, {"boundingPoly": {"vertices": [{"x": 1118.0, "y": 500.0}, {"x": 1216.0, "y": 500.0}, {"x": 1216.0, "y": 533.0}, {"x": 1118.0, "y": 533.0}]}, "description": " 1 Reg:"}, {"boundingPoly": {"vertices": [{"x": 1221.0, "y": 499.0}, {"x": 1251.0, "y": 499.0}, {"x": 1251.0, "y": 533.0}, {"x": 1221.0, "y": 533.0}]}, "description": " 2"}, {"boundingPoly": {"vertices": [{"x": 839.0, "y": 569.0}, {"x": 1043.0, "y": 569.0}, {"x": 1043.0, "y": 598.0}, {"x": 839.0, "y": 599.0}]}, "description": "Gr Blonde Roast"}, {"boundingPoly": {"vertices": [{"x": 835.0, "y": 603.0}, {"x": 1087.0, "y": 600.0}, {"x": 1087.0, "y": 630.0}, {"x": 835.0, "y": 633.0}]}, "description": "Ham&Cheese Croisnt"}, {"boundingPoly": {"vertices": [{"x": 842.0, "y": 634.0}, {"x": 1010.0, "y": 635.0}, {"x": 1010.0, "y": 666.0}, {"x": 842.0, "y": 665.0}]}, "description": "Vt Wht Mocha"}, {"boundingPoly": {"vertices": [{"x": 864.0, "y": 669.0}, {"x": 1031.0, "y": 667.0}, {"x": 1032.0, "y": 697.0}, {"x": 864.0, "y": 699.0}]}, "description": "Coconut Milk"}, {"boundingPoly": {"vertices": [{"x": 867.0, "y": 700.0}, {"x": 965.0, "y": 701.0}, {"x": 964.0, "y": 731.0}, {"x": 867.0, "y": 730.0}]}, "description": "No Whip"}, {"boundingPoly": {"vertices": [{"x": 1210.0, "y": 567.0}, {"x": 1270.0, "y": 570.0}, {"x": 1269.0, "y": 599.0}, {"x": 1210.0, "y": 595.0}]}, "description": "2.75"}, {"boundingPoly": {"vertices": [{"x": 1210.0, "y": 598.0}, {"x": 1271.0, "y": 600.0}, {"x": 1269.0, "y": 629.0}, {"x": 1210.0, "y": 628.0}]}, "description": "3.75"}, {"boundingPoly": {"vertices": [{"x": 1209.0, "y": 633.0}, {"x": 1270.0, "y": 633.0}, {"x": 1266.0, "y": 661.0}, {"x": 1208.0, "y": 662.0}]}, "description": "5.75"}, {"boundingPoly": {"vertices": [{"x": 1215.0, "y": 667.0}, {"x": 1271.0, "y": 666.0}, {"x": 1269.0, "y": 692.0}, {"x": 1213.0, "y": 693.0}]}, "description": "0.80"}, {"boundingPoly": {"vertices": [{"x": 844.0, "y": 769.0}, {"x": 896.0, "y": 769.0}, {"x": 895.0, "y": 794.0}, {"x": 843.0, "y": 794.0}]}, "description": "Amex"}, {"boundingPoly": {"vertices": [{"x": 840.0, "y": 798.0}, {"x": 1058.0, "y": 797.0}, {"x": 1059.0, "y": 825.0}, {"x": 840.0, "y": 827.0}]}, "description": "XXXXXXXXXXXX3007"}, {"boundingPoly": {"vertices": [{"x": 997.0, "y": 829.0}, {"x": 1136.0, "y": 829.0}, {"x": 1136.0, "y": 862.0}, {"x": 997.0, "y": 862.0}]}, "description": " QUICK CHIP"}, {"boundingPoly": {"vertices": [{"x": 999.0, "y": 863.0}, {"x": 1112.0, "y": 863.0}, {"x": 1112.0, "y": 895.0}, {"x": 999.0, "y": 895.0}]}, "description": " PURCHASE"}, {"boundingPoly": {"vertices": [{"x": 1015.0, "y": 895.0}, {"x": 1126.0, "y": 895.0}, {"x": 1126.0, "y": 927.0}, {"x": 1015.0, "y": 927.0}]}, "description": " 00000109"}, {"boundingPoly": {"vertices": [{"x": 988.0, "y": 927.0}, {"x": 1209.0, "y": 927.0}, {"x": 1209.0, "y": 960.0}, {"x": 988.0, "y": 960.0}]}, "description": " AMERICAN EXPRESS"}, {"boundingPoly": {"vertices": [{"x": 948.0, "y": 963.0}, {"x": 1037.0, "y": 963.0}, {"x": 1037.0, "y": 993.0}, {"x": 948.0, "y": 993.0}]}, "description": " 871736"}, {"boundingPoly": {"vertices": [{"x": 908.0, "y": 994.0}, {"x": 1129.0, "y": 994.0}, {"x": 1129.0, "y": 1025.0}, {"x": 908.0, "y": 1025.0}]}, "description": " A000000025010801"}, {"boundingPoly": {"vertices": [{"x": 906.0, "y": 1027.0}, {"x": 1047.0, "y": 1027.0}, {"x": 1047.0, "y": 1059.0}, {"x": 906.0, "y": 1059.0}]}, "description": " 0000008000"}, {"boundingPoly": {"vertices": [{"x": 908.0, "y": 1062.0}, {"x": 972.0, "y": 1062.0}, {"x": 972.0, "y": 1092.0}, {"x": 908.0, "y": 1092.0}]}, "description": " E800"}, {"boundingPoly": {"vertices": [{"x": 1205.0, "y": 764.0}, {"x": 1260.0, "y": 766.0}, {"x": 1258.0, "y": 792.0}, {"x": 1204.0, "y": 791.0}]}, "description": "14.2"}, {"boundingPoly": {"vertices": [{"x": 844.0, "y": 830.0}, {"x": 991.0, "y": 830.0}, {"x": 991.0, "y": 863.0}, {"x": 844.0, "y": 863.0}]}, "description": " Card Entry:"}, {"boundingPoly": {"vertices": [{"x": 844.0, "y": 865.0}, {"x": 994.0, "y": 865.0}, {"x": 994.0, "y": 896.0}, {"x": 844.0, "y": 896.0}]}, "description": " Trans Type:"}, {"boundingPoly": {"vertices": [{"x": 838.0, "y": 897.0}, {"x": 1009.0, "y": 897.0}, {"x": 1009.0, "y": 928.0}, {"x": 838.0, "y": 928.0}]}, "description": " Reference #:"}, {"boundingPoly": {"vertices": [{"x": 841.0, "y": 929.0}, {"x": 984.0, "y": 929.0}, {"x": 984.0, "y": 960.0}, {"x": 841.0, "y": 960.0}]}, "description": " App Label:"}, {"boundingPoly": {"vertices": [{"x": 843.0, "y": 964.0}, {"x": 942.0, "y": 964.0}, {"x": 942.0, "y": 995.0}, {"x": 843.0, "y": 995.0}]}, "description": " Auth #:"}, {"boundingPoly": {"vertices": [{"x": 845.0, "y": 997.0}, {"x": 904.0, "y": 997.0}, {"x": 904.0, "y": 1026.0}, {"x": 845.0, "y": 1026.0}]}, "description": " AID:"}, {"boundingPoly": {"vertices": [{"x": 844.0, "y": 1027.0}, {"x": 901.0, "y": 1027.0}, {"x": 901.0, "y": 1060.0}, {"x": 844.0, "y": 1060.0}]}, "description": " TVR:"}, {"boundingPoly": {"vertices": [{"x": 846.0, "y": 1063.0}, {"x": 904.0, "y": 1063.0}, {"x": 904.0, "y": 1092.0}, {"x": 846.0, "y": 1092.0}]}, "description": " TSI:"}, {"boundingPoly": {"vertices": [{"x": 846.0, "y": 1127.0}, {"x": 954.0, "y": 1127.0}, {"x": 955.0, "y": 1157.0}, {"x": 846.0, "y": 1157.0}]}, "description": "Subtotal"}, {"boundingPoly": {"vertices": [{"x": 845.0, "y": 1160.0}, {"x": 984.0, "y": 1157.0}, {"x": 984.0, "y": 1190.0}, {"x": 846.0, "y": 1193.0}]}, "description": "Tax 8.875%"}, {"boundingPoly": {"vertices": [{"x": 848.0, "y": 1194.0}, {"x": 919.0, "y": 1193.0}, {"x": 917.0, "y": 1222.0}, {"x": 848.0, "y": 1223.0}]}, "description": "Total"}, {"boundingPoly": {"vertices": [{"x": 804.0, "y": 1226.0}, {"x": 1070.0, "y": 1226.0}, {"x": 1070.0, "y": 1258.0}, {"x": 804.0, "y": 1259.0}]}, "description": "Change Due"}, {"boundingPoly": {"vertices": [{"x": 1177.0, "y": 1125.0}, {"x": 1258.0, "y": 1126.0}, {"x": 1257.0, "y": 1157.0}, {"x": 1179.0, "y": 1155.0}]}, "description": "$13.05"}, {"boundingPoly": {"vertices": [{"x": 1191.0, "y": 1161.0}, {"x": 1262.0, "y": 1161.0}, {"x": 1261.0, "y": 1188.0}, {"x": 1190.0, "y": 1188.0}]}, "description": "$1.16"}, {"boundingPoly": {"vertices": [{"x": 1177.0, "y": 1193.0}, {"x": 1255.0, "y": 1192.0}, {"x": 1253.0, "y": 1219.0}, {"x": 1177.0, "y": 1219.0}]}, "description": "$14.21"}, {"boundingPoly": {"vertices": [{"x": 1204.0, "y": 1225.0}, {"x": 1337.0, "y": 1223.0}, {"x": 1338.0, "y": 1254.0}, {"x": 1204.0, "y": 1255.0}]}, "description": "$0.00"}, {"boundingPoly": {"vertices": [{"x": 963.0, "y": 1289.0}, {"x": 1131.0, "y": 1289.0}, {"x": 1131.0, "y": 1322.0}, {"x": 963.0, "y": 1322.0}]}, "description": " Check Closed"}, {"boundingPoly": {"vertices": [{"x": 942.0, "y": 1322.0}, {"x": 1201.0, "y": 1322.0}, {"x": 1201.0, "y": 1356.0}, {"x": 942.0, "y": 1356.0}]}, "description": " 11/18/2019 10:00 AM"}, {"boundingPoly": {"vertices": [{"x": 1136.0, "y": 1288.0}, {"x": 1152.0, "y": 1288.0}, {"x": 1152.0, "y": 1320.0}, {"x": 1136.0, "y": 1320.0}]}, "description": " -"}, {"boundingPoly": {"vertices": [{"x": 911.0, "y": 1491.0}, {"x": 1235.0, "y": 1490.0}, {"x": 1235.0, "y": 1521.0}, {"x": 911.0, "y": 1523.0}]}, "description": "Join our loyalty program"}, {"boundingPoly": {"vertices": [{"x": 953.0, "y": 1524.0}, {"x": 1200.0, "y": 1521.0}, {"x": 1200.0, "y": 1552.0}, {"x": 953.0, "y": 1554.0}]}, "description": "Starbucks Rewards\u00ae"}, {"boundingPoly": {"vertices": [{"x": 876.0, "y": 1559.0}, {"x": 1275.0, "y": 1552.0}, {"x": 1275.0, "y": 1584.0}, {"x": 876.0, "y": 1591.0}]}, "description": "Sign up for promotional emails"}, {"boundingPoly": {"vertices": [{"x": 883.0, "y": 1590.0}, {"x": 1249.0, "y": 1587.0}, {"x": 1250.0, "y": 1618.0}, {"x": 884.0, "y": 1621.0}]}, "description": "Visit Starbucks.com/rewards"}, {"boundingPoly": {"vertices": [{"x": 943.0, "y": 1623.0}, {"x": 1197.0, "y": 1623.0}, {"x": 1197.0, "y": 1654.0}, {"x": 943.0, "y": 1654.0}]}, "description": "Or download our app"}, {"boundingPoly": {"vertices": [{"x": 918.0, "y": 1658.0}, {"x": 1226.0, "y": 1657.0}, {"x": 1226.0, "y": 1686.0}, {"x": 918.0, "y": 1689.0}]}, "description": "At participating stores"}, {"boundingPoly": {"vertices": [{"x": 915.0, "y": 1690.0}, {"x": 1227.0, "y": 1688.0}, {"x": 1227.0, "y": 1721.0}, {"x": 915.0, "y": 1723.0}]}, "description": "Some restrictions apply"}]}