{"textAnnotations": [{"boundingPoly": {"vertices": [{"x": 260.0, "y": 232.0}, {"x": 300.0, "y": 231.0}, {"x": 304.0, "y": 281.0}, {"x": 264.0, "y": 282.0}]}, "description": "merchant name"}, {"boundingPoly": {"vertices": [{"x": 333.0, "y": 219.0}, {"x": 576.0, "y": 206.0}, {"x": 579.0, "y": 268.0}, {"x": 336.0, "y": 281.0}]}, "description": "merchant name"}, {"boundingPoly": {"vertices": [{"x": 195.0, "y": 341.0}, {"x": 615.0, "y": 330.0}, {"x": 616.0, "y": 362.0}, {"x": 196.0, "y": 375.0}]}, "description": "merchant address"}, {"boundingPoly": {"vertices": [{"x": 231.0, "y": 403.0}, {"x": 602.0, "y": 395.0}, {"x": 603.0, "y": 425.0}, {"x": 232.0, "y": 437.0}]}, "description": "merchant address"}, {"boundingPoly": {"vertices": [{"x": 346.0, "y": 256.0}, {"x": 569.0, "y": 256.0}, {"x": 569.0, "y": 295.0}, {"x": 346.0, "y": 295.0}]}, "description": "merchant name"}, {"boundingPoly": {"vertices": [{"x": 196.0, "y": 373.0}, {"x": 615.0, "y": 362.0}, {"x": 616.0, "y": 394.0}, {"x": 197.0, "y": 406.0}]}, "description": "merchant address"}, {"boundingPoly": {"vertices": [{"x": 249.0, "y": 427.0}, {"x": 570.0, "y": 427.0}, {"x": 570.0, "y": 466.0}, {"x": 249.0, "y": 466.0}]}, "description": " 10/30/2019 12:42 PM"}, {"boundingPoly": {"vertices": [{"x": 37.0, "y": 577.0}, {"x": 164.0, "y": 578.0}, {"x": 163.0, "y": 608.0}, {"x": 37.0, "y": 607.0}]}, "description": "GROCERY"}, {"boundingPoly": {"vertices": [{"x": 39.0, "y": 610.0}, {"x": 413.0, "y": 602.0}, {"x": 414.0, "y": 634.0}, {"x": 39.0, "y": 644.0}]}, "description": "071203053 KIND NUTRITI"}, {"boundingPoly": {"vertices": [{"x": 40.0, "y": 676.0}, {"x": 354.0, "y": 671.0}, {"x": 355.0, "y": 702.0}, {"x": 40.0, "y": 710.0}]}, "description": "261070242 DRIED FRT"}, {"boundingPoly": {"vertices": [{"x": 563.0, "y": 603.0}, {"x": 599.0, "y": 603.0}, {"x": 598.0, "y": 633.0}, {"x": 562.0, "y": 633.0}]}, "description": "NF"}, {"boundingPoly": {"vertices": [{"x": 667.0, "y": 599.0}, {"x": 759.0, "y": 599.0}, {"x": 758.0, "y": 630.0}, {"x": 668.0, "y": 634.0}]}, "description": "$7.29"}, {"boundingPoly": {"vertices": [{"x": 202.0, "y": 640.0}, {"x": 532.0, "y": 636.0}, {"x": 533.0, "y": 668.0}, {"x": 202.0, "y": 672.0}]}, "description": "Regular Price $7.69"}, {"boundingPoly": {"vertices": [{"x": 565.0, "y": 668.0}, {"x": 601.0, "y": 668.0}, {"x": 598.0, "y": 701.0}, {"x": 562.0, "y": 701.0}]}, "description": "NF"}, {"boundingPoly": {"vertices": [{"x": 670.0, "y": 667.0}, {"x": 761.0, "y": 667.0}, {"x": 763.0, "y": 699.0}, {"x": 670.0, "y": 701.0}]}, "description": "merchant phone"}, {"boundingPoly": {"vertices": [{"x": 425.0, "y": 736.0}, {"x": 564.0, "y": 736.0}, {"x": 564.0, "y": 768.0}, {"x": 425.0, "y": 768.0}]}, "description": "SUBTOTAL"}, {"boundingPoly": {"vertices": [{"x": 458.0, "y": 771.0}, {"x": 568.0, "y": 771.0}, {"x": 568.0, "y": 802.0}, {"x": 458.0, "y": 802.0}]}, "description": "NO TAX"}, {"boundingPoly": {"vertices": [{"x": 480.0, "y": 805.0}, {"x": 564.0, "y": 805.0}, {"x": 563.0, "y": 834.0}, {"x": 480.0, "y": 837.0}]}, "description": "TOTAL"}, {"boundingPoly": {"vertices": [{"x": 308.0, "y": 841.0}, {"x": 604.0, "y": 840.0}, {"x": 604.0, "y": 872.0}, {"x": 308.0, "y": 873.0}]}, "description": "*1000 AMEX CHARGE"}, {"boundingPoly": {"vertices": [{"x": 492.0, "y": 872.0}, {"x": 777.0, "y": 872.0}, {"x": 777.0, "y": 907.0}, {"x": 492.0, "y": 907.0}]}, "description": " A000000025010801"}, {"boundingPoly": {"vertices": [{"x": 492.0, "y": 909.0}, {"x": 782.0, "y": 909.0}, {"x": 782.0, "y": 941.0}, {"x": 492.0, "y": 941.0}]}, "description": "AMERICAN EXPRESS"}, {"boundingPoly": {"vertices": [{"x": 431.0, "y": 942.0}, {"x": 602.0, "y": 942.0}, {"x": 602.0, "y": 976.0}, {"x": 431.0, "y": 976.0}]}, "description": " AUTH CODE:"}, {"boundingPoly": {"vertices": [{"x": 669.0, "y": 734.0}, {"x": 779.0, "y": 734.0}, {"x": 779.0, "y": 767.0}, {"x": 669.0, "y": 768.0}]}, "description": "$10.08"}, {"boundingPoly": {"vertices": [{"x": 683.0, "y": 770.0}, {"x": 780.0, "y": 770.0}, {"x": 780.0, "y": 802.0}, {"x": 683.0, "y": 802.0}]}, "description": "$0.00"}, {"boundingPoly": {"vertices": [{"x": 669.0, "y": 803.0}, {"x": 778.0, "y": 803.0}, {"x": 778.0, "y": 834.0}, {"x": 669.0, "y": 836.0}]}, "description": "$10.08"}, {"boundingPoly": {"vertices": [{"x": 669.0, "y": 838.0}, {"x": 778.0, "y": 838.0}, {"x": 778.0, "y": 870.0}, {"x": 669.0, "y": 870.0}]}, "description": "$10.08"}, {"boundingPoly": {"vertices": [{"x": 408.0, "y": 874.0}, {"x": 486.0, "y": 874.0}, {"x": 486.0, "y": 907.0}, {"x": 408.0, "y": 907.0}]}, "description": " AID:"}, {"boundingPoly": {"vertices": [{"x": 673.0, "y": 943.0}, {"x": 781.0, "y": 943.0}, {"x": 781.0, "y": 975.0}, {"x": 673.0, "y": 975.0}]}, "description": "848412"}, {"boundingPoly": {"vertices": [{"x": 203.0, "y": 1112.0}, {"x": 605.0, "y": 1120.0}, {"x": 605.0, "y": 1154.0}, {"x": 202.0, "y": 1146.0}]}, "description": "TOTAL SAVINGS THIS TRIP"}, {"boundingPoly": {"vertices": [{"x": 356.0, "y": 1152.0}, {"x": 444.0, "y": 1153.0}, {"x": 444.0, "y": 1184.0}, {"x": 355.0, "y": 1184.0}]}, "description": "$0.40"}, {"boundingPoly": {"vertices": [{"x": 178.0, "y": 1218.0}, {"x": 432.0, "y": 1218.0}, {"x": 432.0, "y": 1257.0}, {"x": 178.0, "y": 1257.0}]}, "description": " Return before:"}, {"boundingPoly": {"vertices": [{"x": 27.0, "y": 1279.0}, {"x": 783.0, "y": 1291.0}, {"x": 782.0, "y": 1328.0}, {"x": 27.0, "y": 1317.0}]}, "description": "REC#2-9303-1360-0172-0592-9 VCD#752-259-246"}, {"boundingPoly": {"vertices": [{"x": 107.0, "y": 1353.0}, {"x": 693.0, "y": 1363.0}, {"x": 693.0, "y": 1398.0}, {"x": 107.0, "y": 1391.0}]}, "description": "Help make your Target Run better."}, {"boundingPoly": {"vertices": [{"x": 437.0, "y": 1221.0}, {"x": 622.0, "y": 1221.0}, {"x": 622.0, "y": 1258.0}, {"x": 437.0, "y": 1258.0}]}, "description": " 01/28/2020"}, {"boundingPoly": {"vertices": [{"x": 41.0, "y": 1385.0}, {"x": 769.0, "y": 1400.0}, {"x": 768.0, "y": 1437.0}, {"x": 41.0, "y": 1423.0}]}, "description": "Take a 2 minute survey about today's trip"}, {"boundingPoly": {"vertices": [{"x": 247.0, "y": 1462.0}, {"x": 538.0, "y": 1469.0}, {"x": 537.0, "y": 1503.0}, {"x": 247.0, "y": 1495.0}]}, "description": "informtarget.com"}, {"boundingPoly": {"vertices": [{"x": 232.0, "y": 1531.0}, {"x": 404.0, "y": 1531.0}, {"x": 404.0, "y": 1569.0}, {"x": 232.0, "y": 1569.0}]}, "description": " Password:"}, {"boundingPoly": {"vertices": [{"x": 181.0, "y": 1494.0}, {"x": 331.0, "y": 1494.0}, {"x": 331.0, "y": 1532.0}, {"x": 181.0, "y": 1532.0}]}, "description": " User ID:"}, {"boundingPoly": {"vertices": [{"x": 336.0, "y": 1497.0}, {"x": 588.0, "y": 1497.0}, {"x": 588.0, "y": 1537.0}, {"x": 336.0, "y": 1537.0}]}, "description": " 7069 6864 0982"}, {"boundingPoly": {"vertices": [{"x": 409.0, "y": 1534.0}, {"x": 533.0, "y": 1534.0}, {"x": 533.0, "y": 1570.0}, {"x": 409.0, "y": 1570.0}]}, "description": " 794 071"}]}