{"textAnnotations": [{"boundingPoly": {"vertices": [{"x": 11.0, "y": 39.0}, {"x": 385.0, "y": 36.0}, {"x": 385.0, "y": 54.0}, {"x": 11.0, "y": 57.0}]}, "description": "****************************************"}, {"boundingPoly": {"vertices": [{"x": 61.0, "y": 90.0}, {"x": 337.0, "y": 89.0}, {"x": 337.0, "y": 112.0}, {"x": 61.0, "y": 113.0}]}, "description": "merchant name"}, {"boundingPoly": {"vertices": [{"x": 109.0, "y": 116.0}, {"x": 291.0, "y": 115.0}, {"x": 291.0, "y": 137.0}, {"x": 109.0, "y": 137.0}]}, "description": "merchant address"}, {"boundingPoly": {"vertices": [{"x": 184.0, "y": 141.0}, {"x": 228.0, "y": 141.0}, {"x": 228.0, "y": 161.0}, {"x": 184.0, "y": 160.0}]}, "description": "merchant address"}, {"boundingPoly": {"vertices": [{"x": 123.0, "y": 165.0}, {"x": 273.0, "y": 165.0}, {"x": 273.0, "y": 186.0}, {"x": 123.0, "y": 186.0}]}, "description": "merchant phone"}, {"boundingPoly": {"vertices": [{"x": 21.0, "y": 213.0}, {"x": 98.0, "y": 213.0}, {"x": 98.0, "y": 233.0}, {"x": 21.0, "y": 233.0}]}, "description": "BAR MAIN"}, {"boundingPoly": {"vertices": [{"x": 25.0, "y": 238.0}, {"x": 142.0, "y": 237.0}, {"x": 142.0, "y": 256.0}, {"x": 25.0, "y": 257.0}]}, "description": "AUTHORIZATION"}, {"boundingPoly": {"vertices": [{"x": 130.0, "y": 260.0}, {"x": 222.0, "y": 260.0}, {"x": 222.0, "y": 281.0}, {"x": 130.0, "y": 281.0}]}, "description": " : ZW2M18ZC"}, {"boundingPoly": {"vertices": [{"x": 201.0, "y": 213.0}, {"x": 379.0, "y": 213.0}, {"x": 379.0, "y": 234.0}, {"x": 201.0, "y": 234.0}]}, "description": " 11/11/19 07:04:13 PM"}, {"boundingPoly": {"vertices": [{"x": 321.0, "y": 237.0}, {"x": 378.0, "y": 237.0}, {"x": 378.0, "y": 256.0}, {"x": 321.0, "y": 256.0}]}, "description": "Bar PM"}, {"boundingPoly": {"vertices": [{"x": 24.0, "y": 261.0}, {"x": 127.0, "y": 261.0}, {"x": 127.0, "y": 281.0}, {"x": 24.0, "y": 281.0}]}, "description": " MERCHANT ID"}, {"boundingPoly": {"vertices": [{"x": 29.0, "y": 308.0}, {"x": 136.0, "y": 307.0}, {"x": 137.0, "y": 326.0}, {"x": 29.0, "y": 327.0}]}, "description": "CHECK NUMBER"}, {"boundingPoly": {"vertices": [{"x": 218.0, "y": 307.0}, {"x": 272.0, "y": 307.0}, {"x": 272.0, "y": 325.0}, {"x": 218.0, "y": 326.0}]}, "description": "370869"}, {"boundingPoly": {"vertices": [{"x": 49.0, "y": 352.0}, {"x": 167.0, "y": 352.0}, {"x": 167.0, "y": 371.0}, {"x": 49.0, "y": 371.0}]}, "description": " AMOUNT:"}, {"boundingPoly": {"vertices": [{"x": 154.0, "y": 371.0}, {"x": 268.0, "y": 371.0}, {"x": 268.0, "y": 394.0}, {"x": 154.0, "y": 394.0}]}, "description": " :$14. 00"}, {"boundingPoly": {"vertices": [{"x": 153.0, "y": 409.0}, {"x": 281.0, "y": 409.0}, {"x": 281.0, "y": 436.0}, {"x": 153.0, "y": 436.0}]}, "description": " :$88.04"}, {"boundingPoly": {"vertices": [{"x": 161.0, "y": 436.0}, {"x": 182.0, "y": 435.0}, {"x": 183.0, "y": 445.0}, {"x": 162.0, "y": 446.0}]}, "description": "- --"}, {"boundingPoly": {"vertices": [{"x": 171.0, "y": 350.0}, {"x": 271.0, "y": 350.0}, {"x": 271.0, "y": 371.0}, {"x": 171.0, "y": 371.0}]}, "description": " $74.04"}, {"boundingPoly": {"vertices": [{"x": 51.0, "y": 373.0}, {"x": 104.0, "y": 372.0}, {"x": 103.0, "y": 390.0}, {"x": 51.0, "y": 391.0}]}, "description": "TIP"}, {"boundingPoly": {"vertices": [{"x": 49.0, "y": 411.0}, {"x": 133.0, "y": 411.0}, {"x": 133.0, "y": 429.0}, {"x": 49.0, "y": 429.0}]}, "description": "TOTAL"}, {"boundingPoly": {"vertices": [{"x": 83.0, "y": 435.0}, {"x": 136.0, "y": 435.0}, {"x": 136.0, "y": 444.0}, {"x": 83.0, "y": 444.0}]}, "description": "----"}, {"boundingPoly": {"vertices": [{"x": 28.0, "y": 472.0}, {"x": 128.0, "y": 472.0}, {"x": 128.0, "y": 491.0}, {"x": 28.0, "y": 491.0}]}, "description": " TERMINAL ID"}, {"boundingPoly": {"vertices": [{"x": 26.0, "y": 493.0}, {"x": 146.0, "y": 493.0}, {"x": 146.0, "y": 511.0}, {"x": 26.0, "y": 511.0}]}, "description": " APPROVAL CODE"}, {"boundingPoly": {"vertices": [{"x": 24.0, "y": 512.0}, {"x": 120.0, "y": 512.0}, {"x": 120.0, "y": 533.0}, {"x": 24.0, "y": 533.0}]}, "description": " ENTRY MODE"}, {"boundingPoly": {"vertices": [{"x": 132.0, "y": 472.0}, {"x": 160.0, "y": 472.0}, {"x": 160.0, "y": 490.0}, {"x": 132.0, "y": 490.0}]}, "description": " : 0"}, {"boundingPoly": {"vertices": [{"x": 149.0, "y": 494.0}, {"x": 223.0, "y": 494.0}, {"x": 223.0, "y": 513.0}, {"x": 149.0, "y": 513.0}]}, "description": " : 862688"}, {"boundingPoly": {"vertices": [{"x": 123.0, "y": 514.0}, {"x": 186.0, "y": 514.0}, {"x": 186.0, "y": 533.0}, {"x": 123.0, "y": 533.0}]}, "description": " : SWIPE"}, {"boundingPoly": {"vertices": [{"x": 25.0, "y": 557.0}, {"x": 53.0, "y": 556.0}, {"x": 53.0, "y": 574.0}, {"x": 24.0, "y": 574.0}]}, "description": "AID"}, {"boundingPoly": {"vertices": [{"x": 24.0, "y": 578.0}, {"x": 180.0, "y": 578.0}, {"x": 180.0, "y": 599.0}, {"x": 24.0, "y": 599.0}]}, "description": " APPLICATION LABEL"}, {"boundingPoly": {"vertices": [{"x": 25.0, "y": 601.0}, {"x": 171.0, "y": 601.0}, {"x": 171.0, "y": 620.0}, {"x": 25.0, "y": 620.0}]}, "description": " CARD EXPIRY DATE"}, {"boundingPoly": {"vertices": [{"x": 26.0, "y": 621.0}, {"x": 161.0, "y": 622.0}, {"x": 161.0, "y": 640.0}, {"x": 25.0, "y": 639.0}]}, "description": "CRYPTOGRAM TYPE"}, {"boundingPoly": {"vertices": [{"x": 26.0, "y": 641.0}, {"x": 117.0, "y": 642.0}, {"x": 117.0, "y": 660.0}, {"x": 25.0, "y": 659.0}]}, "description": "CRYPTOGRAM"}, {"boundingPoly": {"vertices": [{"x": 24.0, "y": 664.0}, {"x": 36.0, "y": 666.0}, {"x": 36.0, "y": 679.0}, {"x": 24.0, "y": 678.0}]}, "description": "6"}, {"boundingPoly": {"vertices": [{"x": 151.0, "y": 559.0}, {"x": 304.0, "y": 559.0}, {"x": 304.0, "y": 579.0}, {"x": 151.0, "y": 579.0}]}, "description": " : A000000025010801"}, {"boundingPoly": {"vertices": [{"x": 183.0, "y": 580.0}, {"x": 340.0, "y": 580.0}, {"x": 340.0, "y": 601.0}, {"x": 183.0, "y": 601.0}]}, "description": " : AMERICAN EXPRESS"}, {"boundingPoly": {"vertices": [{"x": 174.0, "y": 602.0}, {"x": 239.0, "y": 602.0}, {"x": 239.0, "y": 621.0}, {"x": 174.0, "y": 621.0}]}, "description": " : 07/24"}, {"boundingPoly": {"vertices": [{"x": 227.0, "y": 645.0}, {"x": 372.0, "y": 645.0}, {"x": 372.0, "y": 662.0}, {"x": 227.0, "y": 662.0}]}, "description": " : C1A45F0467F4CCA"}, {"boundingPoly": {"vertices": [{"x": 23.0, "y": 706.0}, {"x": 124.0, "y": 705.0}, {"x": 124.0, "y": 724.0}, {"x": 23.0, "y": 725.0}]}, "description": "CARD NUMBER"}, {"boundingPoly": {"vertices": [{"x": 23.0, "y": 728.0}, {"x": 114.0, "y": 728.0}, {"x": 114.0, "y": 746.0}, {"x": 23.0, "y": 747.0}]}, "description": "CARD BRAND"}, {"boundingPoly": {"vertices": [{"x": 21.0, "y": 750.0}, {"x": 133.0, "y": 750.0}, {"x": 133.0, "y": 770.0}, {"x": 21.0, "y": 770.0}]}, "description": " NAME ON CARD"}, {"boundingPoly": {"vertices": [{"x": 138.0, "y": 706.0}, {"x": 286.0, "y": 706.0}, {"x": 286.0, "y": 725.0}, {"x": 138.0, "y": 725.0}]}, "description": " : xxxxxxxxxxx2007"}, {"boundingPoly": {"vertices": [{"x": 137.0, "y": 728.0}, {"x": 195.0, "y": 728.0}, {"x": 195.0, "y": 747.0}, {"x": 137.0, "y": 747.0}]}, "description": " : AMEX"}, {"boundingPoly": {"vertices": [{"x": 18.0, "y": 795.0}, {"x": 106.0, "y": 795.0}, {"x": 106.0, "y": 815.0}, {"x": 18.0, "y": 815.0}]}, "description": " SIGNATURE"}, {"boundingPoly": {"vertices": [{"x": 108.0, "y": 795.0}, {"x": 119.0, "y": 795.0}, {"x": 119.0, "y": 815.0}, {"x": 108.0, "y": 815.0}]}, "description": " :"}, {"boundingPoly": {"vertices": [{"x": 12.0, "y": 887.0}, {"x": 109.0, "y": 887.0}, {"x": 109.0, "y": 909.0}, {"x": 12.0, "y": 909.0}]}, "description": " Cardholder"}, {"boundingPoly": {"vertices": [{"x": 12.0, "y": 912.0}, {"x": 155.0, "y": 912.0}, {"x": 155.0, "y": 932.0}, {"x": 12.0, "y": 932.0}]}, "description": " amount pursuant"}, {"boundingPoly": {"vertices": [{"x": 112.0, "y": 887.0}, {"x": 354.0, "y": 887.0}, {"x": 354.0, "y": 909.0}, {"x": 112.0, "y": 909.0}]}, "description": " will pay card issuer above"}, {"boundingPoly": {"vertices": [{"x": 158.0, "y": 910.0}, {"x": 372.0, "y": 910.0}, {"x": 372.0, "y": 932.0}, {"x": 158.0, "y": 932.0}]}, "description": " to cardholder agreement"}, {"boundingPoly": {"vertices": [{"x": 49.0, "y": 953.0}, {"x": 343.0, "y": 957.0}, {"x": 343.0, "y": 978.0}, {"x": 49.0, "y": 974.0}]}, "description": "CARD HOLDER COPY"}, {"boundingPoly": {"vertices": [{"x": 15.0, "y": 996.0}, {"x": 381.0, "y": 1000.0}, {"x": 381.0, "y": 1017.0}, {"x": 15.0, "y": 1010.0}]}, "description": "****************************************"}]}