{"textAnnotations": [{"boundingPoly": {"vertices": [{"x": 270.0, "y": 183.0}, {"x": 525.0, "y": 169.0}, {"x": 526.0, "y": 209.0}, {"x": 271.0, "y": 223.0}]}, "description": "merchant name"}, {"boundingPoly": {"vertices": [{"x": 283.0, "y": 224.0}, {"x": 523.0, "y": 210.0}, {"x": 525.0, "y": 250.0}, {"x": 285.0, "y": 264.0}]}, "description": "merchant address"}, {"boundingPoly": {"vertices": [{"x": 115.0, "y": 314.0}, {"x": 379.0, "y": 308.0}, {"x": 380.0, "y": 342.0}, {"x": 116.0, "y": 349.0}]}, "description": "merchant address"}, {"boundingPoly": {"vertices": [{"x": 147.0, "y": 353.0}, {"x": 321.0, "y": 353.0}, {"x": 321.0, "y": 388.0}, {"x": 147.0, "y": 388.0}]}, "description": "merchant phone"}, {"boundingPoly": {"vertices": [{"x": 120.0, "y": 392.0}, {"x": 312.0, "y": 392.0}, {"x": 312.0, "y": 430.0}, {"x": 120.0, "y": 430.0}]}, "description": " FAX:9662 2518"}, {"boundingPoly": {"vertices": [{"x": 121.0, "y": 473.0}, {"x": 288.0, "y": 469.0}, {"x": 289.0, "y": 508.0}, {"x": 121.0, "y": 512.0}]}, "description": "Tax Invoice"}, {"boundingPoly": {"vertices": [{"x": 127.0, "y": 514.0}, {"x": 384.0, "y": 512.0}, {"x": 385.0, "y": 546.0}, {"x": 128.0, "y": 549.0}]}, "description": "ABN 15 816 216 902"}, {"boundingPoly": {"vertices": [{"x": 256.0, "y": 552.0}, {"x": 396.0, "y": 551.0}, {"x": 396.0, "y": 586.0}, {"x": 256.0, "y": 586.0}]}, "description": "Table"}, {"boundingPoly": {"vertices": [{"x": 328.0, "y": 592.0}, {"x": 486.0, "y": 592.0}, {"x": 486.0, "y": 627.0}, {"x": 328.0, "y": 627.0}]}, "description": " 2314 Serv:"}, {"boundingPoly": {"vertices": [{"x": 137.0, "y": 629.0}, {"x": 389.0, "y": 629.0}, {"x": 389.0, "y": 668.0}, {"x": 137.0, "y": 668.0}]}, "description": " 19/11/2019 6:47 PM"}, {"boundingPoly": {"vertices": [{"x": 278.0, "y": 679.0}, {"x": 326.0, "y": 679.0}, {"x": 325.0, "y": 696.0}, {"x": 278.0, "y": 696.0}]}, "description": "===="}, {"boundingPoly": {"vertices": [{"x": 164.0, "y": 709.0}, {"x": 363.0, "y": 706.0}, {"x": 364.0, "y": 740.0}, {"x": 165.0, "y": 743.0}]}, "description": "Quan Descript"}, {"boundingPoly": {"vertices": [{"x": 140.0, "y": 759.0}, {"x": 230.0, "y": 757.0}, {"x": 231.0, "y": 771.0}, {"x": 140.0, "y": 774.0}]}, "description": "======="}, {"boundingPoly": {"vertices": [{"x": 182.0, "y": 784.0}, {"x": 530.0, "y": 786.0}, {"x": 530.0, "y": 819.0}, {"x": 182.0, "y": 816.0}]}, "description": "1 GL FONTALEONI VERNACCIA"}, {"boundingPoly": {"vertices": [{"x": 183.0, "y": 822.0}, {"x": 405.0, "y": 820.0}, {"x": 405.0, "y": 853.0}, {"x": 183.0, "y": 854.0}]}, "description": "1 M/TAGLIER CRAB"}, {"boundingPoly": {"vertices": [{"x": 147.0, "y": 866.0}, {"x": 315.0, "y": 865.0}, {"x": 315.0, "y": 878.0}, {"x": 147.0, "y": 879.0}]}, "description": "=-==========="}, {"boundingPoly": {"vertices": [{"x": 452.0, "y": 552.0}, {"x": 566.0, "y": 551.0}, {"x": 567.0, "y": 585.0}, {"x": 452.0, "y": 586.0}]}, "description": "#210"}, {"boundingPoly": {"vertices": [{"x": 128.0, "y": 589.0}, {"x": 248.0, "y": 589.0}, {"x": 248.0, "y": 632.0}, {"x": 128.0, "y": 632.0}]}, "description": " Trans #:"}, {"boundingPoly": {"vertices": [{"x": 491.0, "y": 592.0}, {"x": 693.0, "y": 592.0}, {"x": 693.0, "y": 627.0}, {"x": 491.0, "y": 627.0}]}, "description": " GRILL TRAINEE"}, {"boundingPoly": {"vertices": [{"x": 551.0, "y": 634.0}, {"x": 677.0, "y": 634.0}, {"x": 677.0, "y": 669.0}, {"x": 551.0, "y": 669.0}]}, "description": " # Cust:1"}, {"boundingPoly": {"vertices": [{"x": 585.0, "y": 684.0}, {"x": 706.0, "y": 686.0}, {"x": 706.0, "y": 703.0}, {"x": 585.0, "y": 700.0}]}, "description": "========"}, {"boundingPoly": {"vertices": [{"x": 612.0, "y": 714.0}, {"x": 677.0, "y": 715.0}, {"x": 675.0, "y": 747.0}, {"x": 613.0, "y": 745.0}]}, "description": "Cost"}, {"boundingPoly": {"vertices": [{"x": 603.0, "y": 761.0}, {"x": 704.0, "y": 766.0}, {"x": 703.0, "y": 781.0}, {"x": 603.0, "y": 775.0}]}, "description": "======="}, {"boundingPoly": {"vertices": [{"x": 613.0, "y": 794.0}, {"x": 705.0, "y": 796.0}, {"x": 704.0, "y": 825.0}, {"x": 613.0, "y": 824.0}]}, "description": "$15.00"}, {"boundingPoly": {"vertices": [{"x": 613.0, "y": 832.0}, {"x": 704.0, "y": 834.0}, {"x": 703.0, "y": 865.0}, {"x": 612.0, "y": 863.0}]}, "description": "$44.00"}, {"boundingPoly": {"vertices": [{"x": 587.0, "y": 878.0}, {"x": 703.0, "y": 882.0}, {"x": 703.0, "y": 900.0}, {"x": 586.0, "y": 894.0}]}, "description": "========"}, {"boundingPoly": {"vertices": [{"x": 609.0, "y": 908.0}, {"x": 703.0, "y": 912.0}, {"x": 701.0, "y": 943.0}, {"x": 609.0, "y": 938.0}]}, "description": "$53.64"}, {"boundingPoly": {"vertices": [{"x": 623.0, "y": 947.0}, {"x": 702.0, "y": 949.0}, {"x": 700.0, "y": 980.0}, {"x": 622.0, "y": 977.0}]}, "description": "$5.36"}, {"boundingPoly": {"vertices": [{"x": 574.0, "y": 987.0}, {"x": 701.0, "y": 995.0}, {"x": 700.0, "y": 1014.0}, {"x": 573.0, "y": 1006.0}]}, "description": "========="}, {"boundingPoly": {"vertices": [{"x": 137.0, "y": 680.0}, {"x": 253.0, "y": 680.0}, {"x": 253.0, "y": 701.0}, {"x": 137.0, "y": 701.0}]}, "description": " ========:"}, {"boundingPoly": {"vertices": [{"x": 429.0, "y": 899.0}, {"x": 571.0, "y": 899.0}, {"x": 571.0, "y": 935.0}, {"x": 429.0, "y": 935.0}]}, "description": " Net Total:"}, {"boundingPoly": {"vertices": [{"x": 501.0, "y": 938.0}, {"x": 545.0, "y": 940.0}, {"x": 543.0, "y": 969.0}, {"x": 500.0, "y": 967.0}]}, "description": "GST"}, {"boundingPoly": {"vertices": [{"x": 501.0, "y": 981.0}, {"x": 547.0, "y": 983.0}, {"x": 545.0, "y": 1001.0}, {"x": 500.0, "y": 998.0}]}, "description": "==="}, {"boundingPoly": {"vertices": [{"x": 524.0, "y": 1007.0}, {"x": 700.0, "y": 1007.0}, {"x": 700.0, "y": 1060.0}, {"x": 524.0, "y": 1060.0}]}, "description": " $59.00"}, {"boundingPoly": {"vertices": [{"x": 339.0, "y": 997.0}, {"x": 516.0, "y": 997.0}, {"x": 516.0, "y": 1046.0}, {"x": 339.0, "y": 1046.0}]}, "description": " TOTAL:"}, {"boundingPoly": {"vertices": [{"x": 206.0, "y": 1032.0}, {"x": 515.0, "y": 1032.0}, {"x": 515.0, "y": 1082.0}, {"x": 206.0, "y": 1082.0}]}, "description": " Amount Due:"}, {"boundingPoly": {"vertices": [{"x": 289.0, "y": 1105.0}, {"x": 375.0, "y": 1105.0}, {"x": 375.0, "y": 1136.0}, {"x": 289.0, "y": 1136.0}]}, "description": " $13.64"}, {"boundingPoly": {"vertices": [{"x": 160.0, "y": 1072.0}, {"x": 228.0, "y": 1072.0}, {"x": 228.0, "y": 1102.0}, {"x": 160.0, "y": 1102.0}]}, "description": " Food:"}, {"boundingPoly": {"vertices": [{"x": 159.0, "y": 1106.0}, {"x": 284.0, "y": 1106.0}, {"x": 284.0, "y": 1136.0}, {"x": 159.0, "y": 1136.0}]}, "description": " Beverage:"}, {"boundingPoly": {"vertices": [{"x": 233.0, "y": 1071.0}, {"x": 321.0, "y": 1071.0}, {"x": 321.0, "y": 1102.0}, {"x": 233.0, "y": 1102.0}]}, "description": " $40.00"}, {"boundingPoly": {"vertices": [{"x": 517.0, "y": 1042.0}, {"x": 700.0, "y": 1057.0}, {"x": 697.0, "y": 1097.0}, {"x": 514.0, "y": 1082.0}]}, "description": "$59.00"}]}