{"textAnnotations": [{"boundingPoly": {"vertices": [{"x": 77.0, "y": 130.0}, {"x": 255.0, "y": 138.0}, {"x": 254.0, "y": 161.0}, {"x": 77.0, "y": 153.0}]}, "description": "0.75 lb \u00d7 $ 6.88/1b"}, {"boundingPoly": {"vertices": [{"x": 75.0, "y": 180.0}, {"x": 262.0, "y": 185.0}, {"x": 261.0, "y": 208.0}, {"x": 74.0, "y": 201.0}]}, "description": "Starbucks Doubleshot"}, {"boundingPoly": {"vertices": [{"x": 427.0, "y": 120.0}, {"x": 456.0, "y": 118.0}, {"x": 457.0, "y": 135.0}, {"x": 428.0, "y": 138.0}]}, "description": "USD"}, {"boundingPoly": {"vertices": [{"x": 75.0, "y": 156.0}, {"x": 264.0, "y": 164.0}, {"x": 263.0, "y": 185.0}, {"x": 74.0, "y": 177.0}]}, "description": "PHX Salad Bar Weighe"}, {"boundingPoly": {"vertices": [{"x": 415.0, "y": 166.0}, {"x": 456.0, "y": 164.0}, {"x": 455.0, "y": 185.0}, {"x": 415.0, "y": 186.0}]}, "description": "5.16"}, {"boundingPoly": {"vertices": [{"x": 414.0, "y": 188.0}, {"x": 455.0, "y": 188.0}, {"x": 454.0, "y": 209.0}, {"x": 414.0, "y": 209.0}]}, "description": "3.46"}, {"boundingPoly": {"vertices": [{"x": 284.0, "y": 234.0}, {"x": 369.0, "y": 235.0}, {"x": 368.0, "y": 255.0}, {"x": 283.0, "y": 254.0}]}, "description": "Sub Total"}, {"boundingPoly": {"vertices": [{"x": 282.0, "y": 258.0}, {"x": 378.0, "y": 258.0}, {"x": 378.0, "y": 278.0}, {"x": 282.0, "y": 278.0}]}, "description": "Tax Amount"}, {"boundingPoly": {"vertices": [{"x": 412.0, "y": 235.0}, {"x": 453.0, "y": 236.0}, {"x": 452.0, "y": 254.0}, {"x": 412.0, "y": 255.0}]}, "description": "8.62"}, {"boundingPoly": {"vertices": [{"x": 409.0, "y": 258.0}, {"x": 453.0, "y": 258.0}, {"x": 452.0, "y": 278.0}, {"x": 410.0, "y": 278.0}]}, "description": "0.74"}, {"boundingPoly": {"vertices": [{"x": 54.0, "y": 323.0}, {"x": 223.0, "y": 326.0}, {"x": 222.0, "y": 364.0}, {"x": 54.0, "y": 361.0}]}, "description": "Total USD"}, {"boundingPoly": {"vertices": [{"x": 369.0, "y": 330.0}, {"x": 446.0, "y": 330.0}, {"x": 446.0, "y": 364.0}, {"x": 369.0, "y": 363.0}]}, "description": "9.36"}, {"boundingPoly": {"vertices": [{"x": 47.0, "y": 440.0}, {"x": 248.0, "y": 442.0}, {"x": 248.0, "y": 466.0}, {"x": 47.0, "y": 464.0}]}, "description": "5009 AMERICAN EXPRESS"}, {"boundingPoly": {"vertices": [{"x": 401.0, "y": 444.0}, {"x": 442.0, "y": 445.0}, {"x": 442.0, "y": 467.0}, {"x": 401.0, "y": 467.0}]}, "description": "9.36"}, {"boundingPoly": {"vertices": [{"x": 48.0, "y": 522.0}, {"x": 80.0, "y": 523.0}, {"x": 79.0, "y": 543.0}, {"x": 48.0, "y": 542.0}]}, "description": "Tax"}, {"boundingPoly": {"vertices": [{"x": 51.0, "y": 547.0}, {"x": 117.0, "y": 547.0}, {"x": 117.0, "y": 570.0}, {"x": 51.0, "y": 570.0}]}, "description": "() 8.60"}, {"boundingPoly": {"vertices": [{"x": 198.0, "y": 523.0}, {"x": 435.0, "y": 525.0}, {"x": 435.0, "y": 548.0}, {"x": 198.0, "y": 546.0}]}, "description": "Taxable Amount Tax Amount"}, {"boundingPoly": {"vertices": [{"x": 286.0, "y": 550.0}, {"x": 326.0, "y": 551.0}, {"x": 324.0, "y": 572.0}, {"x": 286.0, "y": 571.0}]}, "description": "8.62"}, {"boundingPoly": {"vertices": [{"x": 394.0, "y": 551.0}, {"x": 433.0, "y": 552.0}, {"x": 432.0, "y": 572.0}, {"x": 394.0, "y": 572.0}]}, "description": "0.74"}, {"boundingPoly": {"vertices": [{"x": 51.0, "y": 624.0}, {"x": 244.0, "y": 624.0}, {"x": 244.0, "y": 647.0}, {"x": 51.0, "y": 647.0}]}, "description": " 10/16/2019 12:29 PM #:"}, {"boundingPoly": {"vertices": [{"x": 54.0, "y": 648.0}, {"x": 147.0, "y": 648.0}, {"x": 147.0, "y": 670.0}, {"x": 54.0, "y": 670.0}]}, "description": " 201 S:1122"}, {"boundingPoly": {"vertices": [{"x": 56.0, "y": 672.0}, {"x": 149.0, "y": 672.0}, {"x": 149.0, "y": 693.0}, {"x": 56.0, "y": 693.0}]}, "description": " Served you"}, {"boundingPoly": {"vertices": [{"x": 247.0, "y": 625.0}, {"x": 427.0, "y": 625.0}, {"x": 427.0, "y": 647.0}, {"x": 247.0, "y": 647.0}]}, "description": " 40504 Op:8991 C:112"}, {"boundingPoly": {"vertices": [{"x": 152.0, "y": 671.0}, {"x": 303.0, "y": 671.0}, {"x": 303.0, "y": 693.0}, {"x": 152.0, "y": 693.0}]}, "description": " : Cassandra Monje"}, {"boundingPoly": {"vertices": [{"x": 131.0, "y": 757.0}, {"x": 315.0, "y": 756.0}, {"x": 315.0, "y": 774.0}, {"x": 131.0, "y": 775.0}]}, "description": "*** Customer copy ***"}, {"boundingPoly": {"vertices": [{"x": 162.0, "y": 797.0}, {"x": 277.0, "y": 795.0}, {"x": 277.0, "y": 816.0}, {"x": 162.0, "y": 818.0}]}, "description": "AMEX ADR (1)"}, {"boundingPoly": {"vertices": [{"x": 40.0, "y": 842.0}, {"x": 212.0, "y": 840.0}, {"x": 212.0, "y": 861.0}, {"x": 40.0, "y": 863.0}]}, "description": "PURCHASE / APPROVED"}, {"boundingPoly": {"vertices": [{"x": 39.0, "y": 866.0}, {"x": 185.0, "y": 864.0}, {"x": 185.0, "y": 884.0}, {"x": 39.0, "y": 886.0}]}, "description": "AMERICAN EXPRESS"}, {"boundingPoly": {"vertices": [{"x": 36.0, "y": 889.0}, {"x": 173.0, "y": 888.0}, {"x": 174.0, "y": 906.0}, {"x": 37.0, "y": 907.0}]}, "description": "*********** 1007"}, {"boundingPoly": {"vertices": [{"x": 32.0, "y": 912.0}, {"x": 282.0, "y": 909.0}, {"x": 282.0, "y": 930.0}, {"x": 32.0, "y": 933.0}]}, "description": "CHIP READ / VERIFIED BY PIN"}, {"boundingPoly": {"vertices": [{"x": 31.0, "y": 959.0}, {"x": 207.0, "y": 959.0}, {"x": 207.0, "y": 983.0}, {"x": 31.0, "y": 983.0}]}, "description": " 2019/10/16 13:30:07"}, {"boundingPoly": {"vertices": [{"x": 30.0, "y": 986.0}, {"x": 59.0, "y": 985.0}, {"x": 58.0, "y": 1006.0}, {"x": 30.0, "y": 1006.0}]}, "description": "TID"}, {"boundingPoly": {"vertices": [{"x": 27.0, "y": 1011.0}, {"x": 57.0, "y": 1010.0}, {"x": 57.0, "y": 1029.0}, {"x": 28.0, "y": 1030.0}]}, "description": "MID"}, {"boundingPoly": {"vertices": [{"x": 26.0, "y": 1034.0}, {"x": 112.0, "y": 1034.0}, {"x": 112.0, "y": 1054.0}, {"x": 26.0, "y": 1054.0}]}, "description": "REFERENCE"}, {"boundingPoly": {"vertices": [{"x": 24.0, "y": 1058.0}, {"x": 110.0, "y": 1058.0}, {"x": 111.0, "y": 1078.0}, {"x": 24.0, "y": 1079.0}]}, "description": "AUTH CODE"}, {"boundingPoly": {"vertices": [{"x": 319.0, "y": 983.0}, {"x": 394.0, "y": 983.0}, {"x": 394.0, "y": 1003.0}, {"x": 319.0, "y": 1003.0}]}, "description": "**** 6043"}, {"boundingPoly": {"vertices": [{"x": 328.0, "y": 1007.0}, {"x": 393.0, "y": 1007.0}, {"x": 393.0, "y": 1027.0}, {"x": 328.0, "y": 1028.0}]}, "description": "6634460"}, {"boundingPoly": {"vertices": [{"x": 163.0, "y": 1032.0}, {"x": 393.0, "y": 1031.0}, {"x": 393.0, "y": 1053.0}, {"x": 163.0, "y": 1054.0}]}, "description": "S1122T112201#40504@302602"}, {"boundingPoly": {"vertices": [{"x": 335.0, "y": 1057.0}, {"x": 393.0, "y": 1056.0}, {"x": 393.0, "y": 1075.0}, {"x": 334.0, "y": 1077.0}]}, "description": "860837"}, {"boundingPoly": {"vertices": [{"x": 21.0, "y": 1110.0}, {"x": 69.0, "y": 1107.0}, {"x": 68.0, "y": 1129.0}, {"x": 22.0, "y": 1129.0}]}, "description": "TOTAL"}, {"boundingPoly": {"vertices": [{"x": 323.0, "y": 1104.0}, {"x": 391.0, "y": 1103.0}, {"x": 391.0, "y": 1125.0}, {"x": 323.0, "y": 1126.0}]}, "description": "USD9.36"}, {"boundingPoly": {"vertices": [{"x": 17.0, "y": 1158.0}, {"x": 59.0, "y": 1158.0}, {"x": 59.0, "y": 1178.0}, {"x": 17.0, "y": 1178.0}]}, "description": " ARC:"}, {"boundingPoly": {"vertices": [{"x": 17.0, "y": 1183.0}, {"x": 57.0, "y": 1183.0}, {"x": 57.0, "y": 1205.0}, {"x": 17.0, "y": 1205.0}]}, "description": " TSI:"}, {"boundingPoly": {"vertices": [{"x": 16.0, "y": 1208.0}, {"x": 55.0, "y": 1208.0}, {"x": 55.0, "y": 1231.0}, {"x": 16.0, "y": 1231.0}]}, "description": " IAD:"}, {"boundingPoly": {"vertices": [{"x": 14.0, "y": 1234.0}, {"x": 54.0, "y": 1234.0}, {"x": 54.0, "y": 1257.0}, {"x": 14.0, "y": 1257.0}]}, "description": " TVR:"}, {"boundingPoly": {"vertices": [{"x": 10.0, "y": 1259.0}, {"x": 52.0, "y": 1259.0}, {"x": 52.0, "y": 1283.0}, {"x": 10.0, "y": 1283.0}]}, "description": " AID:"}, {"boundingPoly": {"vertices": [{"x": 9.0, "y": 1284.0}, {"x": 116.0, "y": 1284.0}, {"x": 116.0, "y": 1307.0}, {"x": 9.0, "y": 1307.0}]}, "description": " PAN Seq No:"}, {"boundingPoly": {"vertices": [{"x": 63.0, "y": 1158.0}, {"x": 85.0, "y": 1158.0}, {"x": 85.0, "y": 1178.0}, {"x": 63.0, "y": 1178.0}]}, "description": " 00"}, {"boundingPoly": {"vertices": [{"x": 62.0, "y": 1181.0}, {"x": 104.0, "y": 1181.0}, {"x": 104.0, "y": 1205.0}, {"x": 62.0, "y": 1205.0}]}, "description": " F800"}, {"boundingPoly": {"vertices": [{"x": 59.0, "y": 1206.0}, {"x": 193.0, "y": 1206.0}, {"x": 193.0, "y": 1230.0}, {"x": 59.0, "y": 1230.0}]}, "description": " 06600103642002"}, {"boundingPoly": {"vertices": [{"x": 58.0, "y": 1232.0}, {"x": 157.0, "y": 1232.0}, {"x": 157.0, "y": 1255.0}, {"x": 58.0, "y": 1255.0}]}, "description": " 0000008000"}, {"boundingPoly": {"vertices": [{"x": 56.0, "y": 1256.0}, {"x": 208.0, "y": 1256.0}, {"x": 208.0, "y": 1281.0}, {"x": 56.0, "y": 1281.0}]}, "description": " A000000025010801"}, {"boundingPoly": {"vertices": [{"x": 120.0, "y": 1283.0}, {"x": 145.0, "y": 1283.0}, {"x": 145.0, "y": 1306.0}, {"x": 120.0, "y": 1306.0}]}, "description": " 00"}]}