{"textAnnotations": [{"boundingPoly": {"vertices": [{"x": 583.0, "y": 28.0}, {"x": 1071.0, "y": 21.0}, {"x": 1071.0, "y": 69.0}, {"x": 583.0, "y": 77.0}]}, "description": "Thank You For Visiting the"}, {"boundingPoly": {"vertices": [{"x": 662.0, "y": 109.0}, {"x": 974.0, "y": 101.0}, {"x": 975.0, "y": 146.0}, {"x": 663.0, "y": 152.0}]}, "description": "Matthew Fraysier"}, {"boundingPoly": {"vertices": [{"x": 695.0, "y": 189.0}, {"x": 942.0, "y": 184.0}, {"x": 943.0, "y": 226.0}, {"x": 695.0, "y": 231.0}]}, "description": "merchant phone"}, {"boundingPoly": {"vertices": [{"x": 597.0, "y": 275.0}, {"x": 1040.0, "y": 263.0}, {"x": 1041.0, "y": 308.0}, {"x": 598.0, "y": 318.0}]}, "description": "Text @LTF11479 to 73940"}, {"boundingPoly": {"vertices": [{"x": 579.0, "y": 72.0}, {"x": 1059.0, "y": 63.0}, {"x": 1060.0, "y": 107.0}, {"x": 580.0, "y": 119.0}]}, "description": "merchant name"}, {"boundingPoly": {"vertices": [{"x": 670.0, "y": 149.0}, {"x": 960.0, "y": 143.0}, {"x": 961.0, "y": 187.0}, {"x": 671.0, "y": 192.0}]}, "description": "General Manager"}, {"boundingPoly": {"vertices": [{"x": 599.0, "y": 234.0}, {"x": 1028.0, "y": 222.0}, {"x": 1029.0, "y": 266.0}, {"x": 600.0, "y": 277.0}]}, "description": "We Love Your Feedback!"}, {"boundingPoly": {"vertices": [{"x": 1154.0, "y": 349.0}, {"x": 1219.0, "y": 348.0}, {"x": 1217.0, "y": 386.0}, {"x": 1153.0, "y": 386.0}]}, "description": "USD"}, {"boundingPoly": {"vertices": [{"x": 1139.0, "y": 394.0}, {"x": 1227.0, "y": 393.0}, {"x": 1228.0, "y": 430.0}, {"x": 1140.0, "y": 431.0}]}, "description": "2.99"}, {"boundingPoly": {"vertices": [{"x": 421.0, "y": 404.0}, {"x": 818.0, "y": 401.0}, {"x": 818.0, "y": 444.0}, {"x": 421.0, "y": 447.0}]}, "description": "Strawberry Fruit Yog"}, {"boundingPoly": {"vertices": [{"x": 418.0, "y": 446.0}, {"x": 798.0, "y": 444.0}, {"x": 798.0, "y": 484.0}, {"x": 418.0, "y": 487.0}]}, "description": "0.44 lb x $ 7.68/1b"}, {"boundingPoly": {"vertices": [{"x": 413.0, "y": 488.0}, {"x": 720.0, "y": 487.0}, {"x": 720.0, "y": 527.0}, {"x": 413.0, "y": 529.0}]}, "description": "Small Clamshell"}, {"boundingPoly": {"vertices": [{"x": 413.0, "y": 532.0}, {"x": 811.0, "y": 529.0}, {"x": 812.0, "y": 572.0}, {"x": 413.0, "y": 575.0}]}, "description": "Tropicana Orange w/C"}, {"boundingPoly": {"vertices": [{"x": 1137.0, "y": 478.0}, {"x": 1221.0, "y": 477.0}, {"x": 1222.0, "y": 514.0}, {"x": 1139.0, "y": 516.0}]}, "description": "3.38"}, {"boundingPoly": {"vertices": [{"x": 1135.0, "y": 523.0}, {"x": 1229.0, "y": 521.0}, {"x": 1228.0, "y": 557.0}, {"x": 1136.0, "y": 560.0}]}, "description": "2.05"}, {"boundingPoly": {"vertices": [{"x": 860.0, "y": 616.0}, {"x": 1047.0, "y": 610.0}, {"x": 1048.0, "y": 651.0}, {"x": 860.0, "y": 656.0}]}, "description": "Sub Total"}, {"boundingPoly": {"vertices": [{"x": 863.0, "y": 661.0}, {"x": 1062.0, "y": 657.0}, {"x": 1063.0, "y": 697.0}, {"x": 863.0, "y": 702.0}]}, "description": "Tax Amount"}, {"boundingPoly": {"vertices": [{"x": 1139.0, "y": 610.0}, {"x": 1223.0, "y": 612.0}, {"x": 1221.0, "y": 651.0}, {"x": 1139.0, "y": 649.0}]}, "description": "8.42"}, {"boundingPoly": {"vertices": [{"x": 1142.0, "y": 656.0}, {"x": 1223.0, "y": 657.0}, {"x": 1220.0, "y": 694.0}, {"x": 1142.0, "y": 694.0}]}, "description": "0.75"}, {"boundingPoly": {"vertices": [{"x": 376.0, "y": 799.0}, {"x": 739.0, "y": 794.0}, {"x": 740.0, "y": 869.0}, {"x": 376.0, "y": 874.0}]}, "description": "Total USD"}, {"boundingPoly": {"vertices": [{"x": 1060.0, "y": 795.0}, {"x": 1220.0, "y": 792.0}, {"x": 1220.0, "y": 864.0}, {"x": 1060.0, "y": 867.0}]}, "description": "9.17"}, {"boundingPoly": {"vertices": [{"x": 1140.0, "y": 1006.0}, {"x": 1224.0, "y": 1007.0}, {"x": 1225.0, "y": 1049.0}, {"x": 1141.0, "y": 1047.0}]}, "description": "9.17"}, {"boundingPoly": {"vertices": [{"x": 356.0, "y": 1157.0}, {"x": 430.0, "y": 1159.0}, {"x": 428.0, "y": 1200.0}, {"x": 354.0, "y": 1197.0}]}, "description": "Tax"}, {"boundingPoly": {"vertices": [{"x": 355.0, "y": 1202.0}, {"x": 521.0, "y": 1203.0}, {"x": 520.0, "y": 1251.0}, {"x": 355.0, "y": 1250.0}]}, "description": "() 8.875"}, {"boundingPoly": {"vertices": [{"x": 686.0, "y": 1153.0}, {"x": 998.0, "y": 1153.0}, {"x": 998.0, "y": 1201.0}, {"x": 686.0, "y": 1201.0}]}, "description": " Taxable Amount"}, {"boundingPoly": {"vertices": [{"x": 897.0, "y": 1206.0}, {"x": 977.0, "y": 1205.0}, {"x": 977.0, "y": 1245.0}, {"x": 896.0, "y": 1245.0}]}, "description": "8.42"}, {"boundingPoly": {"vertices": [{"x": 1015.0, "y": 1151.0}, {"x": 1230.0, "y": 1151.0}, {"x": 1230.0, "y": 1199.0}, {"x": 1015.0, "y": 1199.0}]}, "description": " Tax Amount"}, {"boundingPoly": {"vertices": [{"x": 1145.0, "y": 1203.0}, {"x": 1228.0, "y": 1200.0}, {"x": 1229.0, "y": 1241.0}, {"x": 1145.0, "y": 1242.0}]}, "description": "0.75"}, {"boundingPoly": {"vertices": [{"x": 345.0, "y": 1348.0}, {"x": 1230.0, "y": 1348.0}, {"x": 1230.0, "y": 1401.0}, {"x": 345.0, "y": 1401.0}]}, "description": " 11/11/2019 08:58 AM #:39925 Op:4024 C:111"}, {"boundingPoly": {"vertices": [{"x": 345.0, "y": 1402.0}, {"x": 549.0, "y": 1402.0}, {"x": 549.0, "y": 1449.0}, {"x": 345.0, "y": 1449.0}]}, "description": " 103 S:1111"}, {"boundingPoly": {"vertices": [{"x": 332.0, "y": 1452.0}, {"x": 558.0, "y": 1452.0}, {"x": 558.0, "y": 1502.0}, {"x": 332.0, "y": 1502.0}]}, "description": " Served you"}, {"boundingPoly": {"vertices": [{"x": 566.0, "y": 1450.0}, {"x": 1024.0, "y": 1450.0}, {"x": 1024.0, "y": 1502.0}, {"x": 566.0, "y": 1502.0}]}, "description": " : Winifred Wellington"}, {"boundingPoly": {"vertices": [{"x": 514.0, "y": 1661.0}, {"x": 978.0, "y": 1661.0}, {"x": 978.0, "y": 1707.0}, {"x": 514.0, "y": 1707.0}]}, "description": "*** Customer copy ***"}, {"boundingPoly": {"vertices": [{"x": 596.0, "y": 1765.0}, {"x": 898.0, "y": 1763.0}, {"x": 898.0, "y": 1812.0}, {"x": 596.0, "y": 1814.0}]}, "description": "AMEX NY937 (3)"}, {"boundingPoly": {"vertices": [{"x": 482.0, "y": 1877.0}, {"x": 1013.0, "y": 1875.0}, {"x": 1014.0, "y": 1923.0}, {"x": 482.0, "y": 1926.0}]}, "description": "according to card issuer"}, {"boundingPoly": {"vertices": [{"x": 294.0, "y": 1933.0}, {"x": 1167.0, "y": 1925.0}, {"x": 1168.0, "y": 1978.0}, {"x": 294.0, "y": 1984.0}]}, "description": "agreement. (Merchant agreement if Credit"}, {"boundingPoly": {"vertices": [{"x": 362.0, "y": 1985.0}, {"x": 1096.0, "y": 1983.0}, {"x": 1096.0, "y": 2038.0}, {"x": 362.0, "y": 2040.0}]}, "description": "Voucher)Retain this copy for your"}, {"boundingPoly": {"vertices": [{"x": 645.0, "y": 2047.0}, {"x": 824.0, "y": 2044.0}, {"x": 825.0, "y": 2091.0}, {"x": 645.0, "y": 2094.0}]}, "description": "records."}, {"boundingPoly": {"vertices": [{"x": 283.0, "y": 2153.0}, {"x": 720.0, "y": 2153.0}, {"x": 720.0, "y": 2207.0}, {"x": 283.0, "y": 2207.0}]}, "description": "PURCHASE / APPROVED"}, {"boundingPoly": {"vertices": [{"x": 274.0, "y": 2214.0}, {"x": 645.0, "y": 2214.0}, {"x": 645.0, "y": 2266.0}, {"x": 274.0, "y": 2266.0}]}, "description": "AMERICAN EXPRESS"}, {"boundingPoly": {"vertices": [{"x": 274.0, "y": 2274.0}, {"x": 621.0, "y": 2274.0}, {"x": 621.0, "y": 2321.0}, {"x": 274.0, "y": 2320.0}]}, "description": "*********** 1006"}, {"boundingPoly": {"vertices": [{"x": 268.0, "y": 2329.0}, {"x": 525.0, "y": 2330.0}, {"x": 525.0, "y": 2384.0}, {"x": 268.0, "y": 2383.0}]}, "description": "CHIP READ /"}, {"boundingPoly": {"vertices": [{"x": 258.0, "y": 2449.0}, {"x": 698.0, "y": 2449.0}, {"x": 698.0, "y": 2505.0}, {"x": 258.0, "y": 2505.0}]}, "description": " 2019/11/11 08:58:51"}, {"boundingPoly": {"vertices": [{"x": 253.0, "y": 2512.0}, {"x": 333.0, "y": 2513.0}, {"x": 330.0, "y": 2563.0}, {"x": 252.0, "y": 2562.0}]}, "description": "TID"}, {"boundingPoly": {"vertices": [{"x": 250.0, "y": 2572.0}, {"x": 331.0, "y": 2574.0}, {"x": 329.0, "y": 2624.0}, {"x": 248.0, "y": 2623.0}]}, "description": "MID"}, {"boundingPoly": {"vertices": [{"x": 246.0, "y": 2635.0}, {"x": 466.0, "y": 2634.0}, {"x": 466.0, "y": 2685.0}, {"x": 246.0, "y": 2686.0}]}, "description": "REFERENCE"}, {"boundingPoly": {"vertices": [{"x": 237.0, "y": 2694.0}, {"x": 462.0, "y": 2693.0}, {"x": 463.0, "y": 2743.0}, {"x": 237.0, "y": 2748.0}]}, "description": "AUTH SADE"}, {"boundingPoly": {"vertices": [{"x": 207.0, "y": 2747.0}, {"x": 314.0, "y": 2747.0}, {"x": 309.0, "y": 2826.0}, {"x": 207.0, "y": 2825.0}]}, "description": "O"}, {"boundingPoly": {"vertices": [{"x": 999.0, "y": 2513.0}, {"x": 1192.0, "y": 2514.0}, {"x": 1191.0, "y": 2563.0}, {"x": 999.0, "y": 2560.0}]}, "description": "**** 6038"}, {"boundingPoly": {"vertices": [{"x": 1028.0, "y": 2574.0}, {"x": 1192.0, "y": 2573.0}, {"x": 1192.0, "y": 2625.0}, {"x": 1028.0, "y": 2626.0}]}, "description": "6634459"}, {"boundingPoly": {"vertices": [{"x": 598.0, "y": 2634.0}, {"x": 1191.0, "y": 2635.0}, {"x": 1191.0, "y": 2686.0}, {"x": 598.0, "y": 2686.0}]}, "description": "S1111T111103#39925@181042"}, {"boundingPoly": {"vertices": [{"x": 1046.0, "y": 2699.0}, {"x": 1192.0, "y": 2697.0}, {"x": 1190.0, "y": 2752.0}, {"x": 1046.0, "y": 2753.0}]}, "description": "815962"}, {"boundingPoly": {"vertices": [{"x": 341.0, "y": 2720.0}, {"x": 851.0, "y": 2723.0}, {"x": 851.0, "y": 2779.0}, {"x": 340.0, "y": 2775.0}]}, "description": "REDMI NOTE 5 PRO"}, {"boundingPoly": {"vertices": [{"x": 228.0, "y": 2806.0}, {"x": 810.0, "y": 2790.0}, {"x": 812.0, "y": 2853.0}, {"x": 230.0, "y": 2877.0}]}, "description": "TOTALMI DUAL CAMERA"}, {"boundingPoly": {"vertices": [{"x": 1019.0, "y": 2822.0}, {"x": 1193.0, "y": 2823.0}, {"x": 1192.0, "y": 2881.0}, {"x": 1019.0, "y": 2879.0}]}, "description": "USD9.17"}]}