{"textAnnotations": [{"boundingPoly": {"vertices": [{"x": 290.0, "y": 409.0}, {"x": 339.0, "y": 409.0}, {"x": 339.0, "y": 440.0}, {"x": 290.0, "y": 440.0}]}, "description": "merchant name"}, {"boundingPoly": {"vertices": [{"x": 345.0, "y": 410.0}, {"x": 551.0, "y": 410.0}, {"x": 551.0, "y": 439.0}, {"x": 345.0, "y": 439.0}]}, "description": "merchant name"}, {"boundingPoly": {"vertices": [{"x": 348.0, "y": 441.0}, {"x": 387.0, "y": 441.0}, {"x": 387.0, "y": 465.0}, {"x": 348.0, "y": 465.0}]}, "description": "merchant address"}, {"boundingPoly": {"vertices": [{"x": 346.0, "y": 469.0}, {"x": 426.0, "y": 469.0}, {"x": 426.0, "y": 495.0}, {"x": 346.0, "y": 495.0}]}, "description": "merchant address"}, {"boundingPoly": {"vertices": [{"x": 327.0, "y": 497.0}, {"x": 381.0, "y": 497.0}, {"x": 381.0, "y": 524.0}, {"x": 327.0, "y": 524.0}]}, "description": "merchant phone"}, {"boundingPoly": {"vertices": [{"x": 391.0, "y": 441.0}, {"x": 495.0, "y": 441.0}, {"x": 495.0, "y": 466.0}, {"x": 391.0, "y": 466.0}]}, "description": "merchant address"}, {"boundingPoly": {"vertices": [{"x": 477.0, "y": 467.0}, {"x": 551.0, "y": 467.0}, {"x": 551.0, "y": 494.0}, {"x": 477.0, "y": 494.0}]}, "description": "merchant address"}, {"boundingPoly": {"vertices": [{"x": 445.0, "y": 495.0}, {"x": 510.0, "y": 495.0}, {"x": 510.0, "y": 524.0}, {"x": 445.0, "y": 524.0}]}, "description": "merchant phone"}, {"boundingPoly": {"vertices": [{"x": 286.0, "y": 470.0}, {"x": 338.0, "y": 470.0}, {"x": 338.0, "y": 495.0}, {"x": 286.0, "y": 495.0}]}, "description": "merchant address"}, {"boundingPoly": {"vertices": [{"x": 430.0, "y": 468.0}, {"x": 472.0, "y": 468.0}, {"x": 472.0, "y": 495.0}, {"x": 430.0, "y": 495.0}]}, "description": "merchant address"}, {"boundingPoly": {"vertices": [{"x": 385.0, "y": 498.0}, {"x": 440.0, "y": 498.0}, {"x": 440.0, "y": 524.0}, {"x": 385.0, "y": 524.0}]}, "description": "merchant phone"}, {"boundingPoly": {"vertices": [{"x": 110.0, "y": 569.0}, {"x": 196.0, "y": 569.0}, {"x": 196.0, "y": 603.0}, {"x": 110.0, "y": 603.0}]}, "description": " Server"}, {"boundingPoly": {"vertices": [{"x": 109.0, "y": 603.0}, {"x": 237.0, "y": 603.0}, {"x": 237.0, "y": 639.0}, {"x": 109.0, "y": 639.0}]}, "description": " 09:42 PM"}, {"boundingPoly": {"vertices": [{"x": 204.0, "y": 637.0}, {"x": 264.0, "y": 637.0}, {"x": 264.0, "y": 670.0}, {"x": 204.0, "y": 670.0}]}, "description": " 11/1"}, {"boundingPoly": {"vertices": [{"x": 200.0, "y": 568.0}, {"x": 308.0, "y": 568.0}, {"x": 308.0, "y": 601.0}, {"x": 200.0, "y": 601.0}]}, "description": " : Nancy"}, {"boundingPoly": {"vertices": [{"x": 509.0, "y": 560.0}, {"x": 575.0, "y": 560.0}, {"x": 575.0, "y": 591.0}, {"x": 509.0, "y": 591.0}]}, "description": " DOB:"}, {"boundingPoly": {"vertices": [{"x": 580.0, "y": 559.0}, {"x": 726.0, "y": 559.0}, {"x": 726.0, "y": 590.0}, {"x": 580.0, "y": 590.0}]}, "description": " 11/20/2019"}, {"boundingPoly": {"vertices": [{"x": 585.0, "y": 597.0}, {"x": 725.0, "y": 594.0}, {"x": 726.0, "y": 624.0}, {"x": 585.0, "y": 627.0}]}, "description": "11/20/2019"}, {"boundingPoly": {"vertices": [{"x": 627.0, "y": 630.0}, {"x": 732.0, "y": 630.0}, {"x": 732.0, "y": 658.0}, {"x": 627.0, "y": 660.0}]}, "description": "2/20293"}, {"boundingPoly": {"vertices": [{"x": 115.0, "y": 640.0}, {"x": 198.0, "y": 640.0}, {"x": 198.0, "y": 673.0}, {"x": 115.0, "y": 673.0}]}, "description": " Table"}, {"boundingPoly": {"vertices": [{"x": 399.0, "y": 701.0}, {"x": 460.0, "y": 701.0}, {"x": 460.0, "y": 733.0}, {"x": 399.0, "y": 732.0}]}, "description": "SALE"}, {"boundingPoly": {"vertices": [{"x": 967.0, "y": 670.0}, {"x": 1219.0, "y": 682.0}, {"x": 1218.0, "y": 712.0}, {"x": 965.0, "y": 701.0}]}, "description": "merchant name"}, {"boundingPoly": {"vertices": [{"x": 963.0, "y": 738.0}, {"x": 1095.0, "y": 738.0}, {"x": 1095.0, "y": 773.0}, {"x": 963.0, "y": 773.0}]}, "description": "merchant address"}, {"boundingPoly": {"vertices": [{"x": 1006.0, "y": 772.0}, {"x": 1180.0, "y": 779.0}, {"x": 1178.0, "y": 809.0}, {"x": 1005.0, "y": 802.0}]}, "description": "merchant phone"}, {"boundingPoly": {"vertices": [{"x": 1021.0, "y": 707.0}, {"x": 1058.0, "y": 707.0}, {"x": 1058.0, "y": 739.0}, {"x": 1021.0, "y": 739.0}]}, "description": "merchant address"}, {"boundingPoly": {"vertices": [{"x": 1062.0, "y": 709.0}, {"x": 1165.0, "y": 709.0}, {"x": 1165.0, "y": 741.0}, {"x": 1062.0, "y": 741.0}]}, "description": "merchant address"}, {"boundingPoly": {"vertices": [{"x": 1100.0, "y": 743.0}, {"x": 1220.0, "y": 743.0}, {"x": 1220.0, "y": 777.0}, {"x": 1100.0, "y": 777.0}]}, "description": "merchant address"}, {"boundingPoly": {"vertices": [{"x": 116.0, "y": 787.0}, {"x": 180.0, "y": 787.0}, {"x": 180.0, "y": 811.0}, {"x": 114.0, "y": 810.0}]}, "description": "Amex"}, {"boundingPoly": {"vertices": [{"x": 630.0, "y": 769.0}, {"x": 736.0, "y": 767.0}, {"x": 737.0, "y": 796.0}, {"x": 630.0, "y": 798.0}]}, "description": "2097210"}, {"boundingPoly": {"vertices": [{"x": 114.0, "y": 818.0}, {"x": 431.0, "y": 807.0}, {"x": 433.0, "y": 839.0}, {"x": 115.0, "y": 851.0}]}, "description": "Card #XXXXXXXXXXX3001"}, {"boundingPoly": {"vertices": [{"x": 116.0, "y": 844.0}, {"x": 427.0, "y": 844.0}, {"x": 427.0, "y": 888.0}, {"x": 116.0, "y": 888.0}]}, "description": " Magnetic card present"}, {"boundingPoly": {"vertices": [{"x": 417.0, "y": 915.0}, {"x": 441.0, "y": 914.0}, {"x": 441.0, "y": 942.0}, {"x": 418.0, "y": 943.0}]}, "description": "S"}, {"boundingPoly": {"vertices": [{"x": 791.0, "y": 836.0}, {"x": 872.0, "y": 836.0}, {"x": 872.0, "y": 866.0}, {"x": 791.0, "y": 866.0}]}, "description": " Server"}, {"boundingPoly": {"vertices": [{"x": 796.0, "y": 866.0}, {"x": 935.0, "y": 870.0}, {"x": 934.0, "y": 902.0}, {"x": 795.0, "y": 897.0}]}, "description": "Table 11/1"}, {"boundingPoly": {"vertices": [{"x": 792.0, "y": 902.0}, {"x": 899.0, "y": 902.0}, {"x": 899.0, "y": 934.0}, {"x": 792.0, "y": 934.0}]}, "description": " Guests:"}, {"boundingPoly": {"vertices": [{"x": 875.0, "y": 838.0}, {"x": 981.0, "y": 838.0}, {"x": 981.0, "y": 871.0}, {"x": 875.0, "y": 871.0}]}, "description": " : Nancy"}, {"boundingPoly": {"vertices": [{"x": 1246.0, "y": 849.0}, {"x": 1387.0, "y": 854.0}, {"x": 1386.0, "y": 884.0}, {"x": 1245.0, "y": 878.0}]}, "description": "11/20/2019"}, {"boundingPoly": {"vertices": [{"x": 1285.0, "y": 887.0}, {"x": 1386.0, "y": 887.0}, {"x": 1386.0, "y": 917.0}, {"x": 1285.0, "y": 917.0}]}, "description": " 9:40 PM"}, {"boundingPoly": {"vertices": [{"x": 1310.0, "y": 920.0}, {"x": 1383.0, "y": 922.0}, {"x": 1381.0, "y": 952.0}, {"x": 1309.0, "y": 950.0}]}, "description": "20293"}, {"boundingPoly": {"vertices": [{"x": 905.0, "y": 903.0}, {"x": 923.0, "y": 903.0}, {"x": 923.0, "y": 934.0}, {"x": 905.0, "y": 934.0}]}, "description": " 1"}, {"boundingPoly": {"vertices": [{"x": 122.0, "y": 916.0}, {"x": 400.0, "y": 916.0}, {"x": 400.0, "y": 961.0}, {"x": 122.0, "y": 961.0}]}, "description": " Card Entry Method:"}, {"boundingPoly": {"vertices": [{"x": 274.0, "y": 986.0}, {"x": 367.0, "y": 986.0}, {"x": 367.0, "y": 1022.0}, {"x": 274.0, "y": 1022.0}]}, "description": " 561364"}, {"boundingPoly": {"vertices": [{"x": 789.0, "y": 967.0}, {"x": 980.0, "y": 973.0}, {"x": 979.0, "y": 998.0}, {"x": 788.0, "y": 992.0}]}, "description": "Stella Artois"}, {"boundingPoly": {"vertices": [{"x": 789.0, "y": 999.0}, {"x": 911.0, "y": 999.0}, {"x": 911.0, "y": 1031.0}, {"x": 789.0, "y": 1031.0}]}, "description": " Leinster"}, {"boundingPoly": {"vertices": [{"x": 818.0, "y": 1030.0}, {"x": 984.0, "y": 1035.0}, {"x": 983.0, "y": 1065.0}, {"x": 817.0, "y": 1060.0}]}, "description": "Irish Bacon"}, {"boundingPoly": {"vertices": [{"x": 787.0, "y": 1064.0}, {"x": 986.0, "y": 1064.0}, {"x": 986.0, "y": 1102.0}, {"x": 787.0, "y": 1102.0}]}, "description": " Stella Artois"}, {"boundingPoly": {"vertices": [{"x": 129.0, "y": 992.0}, {"x": 269.0, "y": 992.0}, {"x": 269.0, "y": 1028.0}, {"x": 129.0, "y": 1028.0}]}, "description": " Approval:"}, {"boundingPoly": {"vertices": [{"x": 915.0, "y": 1001.0}, {"x": 1090.0, "y": 1001.0}, {"x": 1090.0, "y": 1038.0}, {"x": 915.0, "y": 1038.0}]}, "description": " House Burger"}, {"boundingPoly": {"vertices": [{"x": 1332.0, "y": 986.0}, {"x": 1389.0, "y": 985.0}, {"x": 1390.0, "y": 1011.0}, {"x": 1332.0, "y": 1011.0}]}, "description": "9.00"}, {"boundingPoly": {"vertices": [{"x": 1325.0, "y": 1015.0}, {"x": 1355.0, "y": 1015.0}, {"x": 1355.0, "y": 1045.0}, {"x": 1325.0, "y": 1045.0}]}, "description": " 19."}, {"boundingPoly": {"vertices": [{"x": 1340.0, "y": 1049.0}, {"x": 1396.0, "y": 1049.0}, {"x": 1395.0, "y": 1077.0}, {"x": 1339.0, "y": 1077.0}]}, "description": "1.00"}, {"boundingPoly": {"vertices": [{"x": 1332.0, "y": 1083.0}, {"x": 1402.0, "y": 1084.0}, {"x": 1401.0, "y": 1114.0}, {"x": 1330.0, "y": 1112.0}]}, "description": "27.00"}, {"boundingPoly": {"vertices": [{"x": 425.0, "y": 1045.0}, {"x": 510.0, "y": 1045.0}, {"x": 510.0, "y": 1076.0}, {"x": 425.0, "y": 1076.0}]}, "description": " Amount"}, {"boundingPoly": {"vertices": [{"x": 514.0, "y": 1044.0}, {"x": 528.0, "y": 1044.0}, {"x": 528.0, "y": 1072.0}, {"x": 514.0, "y": 1072.0}]}, "description": " :"}, {"boundingPoly": {"vertices": [{"x": 662.0, "y": 1033.0}, {"x": 748.0, "y": 1029.0}, {"x": 748.0, "y": 1059.0}, {"x": 663.0, "y": 1062.0}]}, "description": "$60. 98"}, {"boundingPoly": {"vertices": [{"x": 563.0, "y": 1087.0}, {"x": 766.0, "y": 1079.0}, {"x": 768.0, "y": 1128.0}, {"x": 565.0, "y": 1137.0}]}, "description": "$12.00"}, {"boundingPoly": {"vertices": [{"x": 544.0, "y": 1157.0}, {"x": 743.0, "y": 1150.0}, {"x": 746.0, "y": 1206.0}, {"x": 547.0, "y": 1216.0}]}, "description": "$ 72.98"}, {"boundingPoly": {"vertices": [{"x": 1361.0, "y": 1015.0}, {"x": 1393.0, "y": 1015.0}, {"x": 1393.0, "y": 1045.0}, {"x": 1361.0, "y": 1045.0}]}, "description": " 00"}, {"boundingPoly": {"vertices": [{"x": 991.0, "y": 1070.0}, {"x": 1121.0, "y": 1070.0}, {"x": 1121.0, "y": 1107.0}, {"x": 991.0, "y": 1107.0}]}, "description": " (3 @9.00)"}, {"boundingPoly": {"vertices": [{"x": 440.0, "y": 1109.0}, {"x": 539.0, "y": 1109.0}, {"x": 539.0, "y": 1146.0}, {"x": 440.0, "y": 1146.0}]}, "description": " + Tip:"}, {"boundingPoly": {"vertices": [{"x": 787.0, "y": 1135.0}, {"x": 1037.0, "y": 1141.0}, {"x": 1036.0, "y": 1175.0}, {"x": 787.0, "y": 1168.0}]}, "description": "Complete Subtotal"}, {"boundingPoly": {"vertices": [{"x": 408.0, "y": 1180.0}, {"x": 544.0, "y": 1180.0}, {"x": 544.0, "y": 1221.0}, {"x": 408.0, "y": 1221.0}]}, "description": " = Total:"}, {"boundingPoly": {"vertices": [{"x": 1332.0, "y": 1153.0}, {"x": 1406.0, "y": 1154.0}, {"x": 1407.0, "y": 1187.0}, {"x": 1331.0, "y": 1185.0}]}, "description": "56.00"}, {"boundingPoly": {"vertices": [{"x": 786.0, "y": 1209.0}, {"x": 903.0, "y": 1212.0}, {"x": 903.0, "y": 1243.0}, {"x": 785.0, "y": 1241.0}]}, "description": "Subtotal"}, {"boundingPoly": {"vertices": [{"x": 787.0, "y": 1247.0}, {"x": 832.0, "y": 1248.0}, {"x": 830.0, "y": 1276.0}, {"x": 786.0, "y": 1275.0}]}, "description": "Tax"}, {"boundingPoly": {"vertices": [{"x": 1330.0, "y": 1226.0}, {"x": 1365.0, "y": 1226.0}, {"x": 1365.0, "y": 1259.0}, {"x": 1330.0, "y": 1259.0}]}, "description": " 56."}, {"boundingPoly": {"vertices": [{"x": 1347.0, "y": 1262.0}, {"x": 1364.0, "y": 1262.0}, {"x": 1364.0, "y": 1294.0}, {"x": 1347.0, "y": 1294.0}]}, "description": " 4."}, {"boundingPoly": {"vertices": [{"x": 1371.0, "y": 1227.0}, {"x": 1405.0, "y": 1227.0}, {"x": 1405.0, "y": 1260.0}, {"x": 1371.0, "y": 1260.0}]}, "description": " 00"}, {"boundingPoly": {"vertices": [{"x": 1370.0, "y": 1261.0}, {"x": 1407.0, "y": 1261.0}, {"x": 1407.0, "y": 1294.0}, {"x": 1370.0, "y": 1294.0}]}, "description": " 98"}, {"boundingPoly": {"vertices": [{"x": 255.0, "y": 1312.0}, {"x": 275.0, "y": 1312.0}, {"x": 275.0, "y": 1347.0}, {"x": 255.0, "y": 1347.0}]}, "description": " I"}, {"boundingPoly": {"vertices": [{"x": 281.0, "y": 1307.0}, {"x": 371.0, "y": 1307.0}, {"x": 371.0, "y": 1346.0}, {"x": 281.0, "y": 1346.0}]}, "description": " agree"}, {"boundingPoly": {"vertices": [{"x": 377.0, "y": 1304.0}, {"x": 416.0, "y": 1304.0}, {"x": 416.0, "y": 1340.0}, {"x": 377.0, "y": 1340.0}]}, "description": " to"}, {"boundingPoly": {"vertices": [{"x": 211.0, "y": 1343.0}, {"x": 402.0, "y": 1343.0}, {"x": 402.0, "y": 1388.0}, {"x": 211.0, "y": 1388.0}]}, "description": " total amount"}, {"boundingPoly": {"vertices": [{"x": 360.0, "y": 1432.0}, {"x": 620.0, "y": 1411.0}, {"x": 624.0, "y": 1466.0}, {"x": 364.0, "y": 1487.0}]}, "description": "J. Webster"}, {"boundingPoly": {"vertices": [{"x": 336.0, "y": 1515.0}, {"x": 594.0, "y": 1515.0}, {"x": 594.0, "y": 1565.0}, {"x": 336.0, "y": 1565.0}]}, "description": " You Have Enjoyed"}, {"boundingPoly": {"vertices": [{"x": 304.0, "y": 1567.0}, {"x": 377.0, "y": 1567.0}, {"x": 377.0, "y": 1607.0}, {"x": 304.0, "y": 1607.0}]}, "description": " Your"}, {"boundingPoly": {"vertices": [{"x": 221.0, "y": 1610.0}, {"x": 322.0, "y": 1610.0}, {"x": 322.0, "y": 1654.0}, {"x": 221.0, "y": 1654.0}]}, "description": " Please"}, {"boundingPoly": {"vertices": [{"x": 421.0, "y": 1297.0}, {"x": 540.0, "y": 1297.0}, {"x": 540.0, "y": 1337.0}, {"x": 421.0, "y": 1337.0}]}, "description": " pay the"}, {"boundingPoly": {"vertices": [{"x": 546.0, "y": 1293.0}, {"x": 629.0, "y": 1293.0}, {"x": 629.0, "y": 1329.0}, {"x": 546.0, "y": 1329.0}]}, "description": " above"}, {"boundingPoly": {"vertices": [{"x": 407.0, "y": 1327.0}, {"x": 662.0, "y": 1327.0}, {"x": 662.0, "y": 1376.0}, {"x": 407.0, "y": 1376.0}]}, "description": " according to the"}, {"boundingPoly": {"vertices": [{"x": 273.0, "y": 1379.0}, {"x": 451.0, "y": 1379.0}, {"x": 451.0, "y": 1422.0}, {"x": 273.0, "y": 1422.0}]}, "description": " card issuer"}, {"boundingPoly": {"vertices": [{"x": 785.0, "y": 1322.0}, {"x": 856.0, "y": 1323.0}, {"x": 855.0, "y": 1353.0}, {"x": 783.0, "y": 1351.0}]}, "description": "Total"}, {"boundingPoly": {"vertices": [{"x": 1329.0, "y": 1333.0}, {"x": 1363.0, "y": 1333.0}, {"x": 1363.0, "y": 1365.0}, {"x": 1329.0, "y": 1365.0}]}, "description": " 60."}, {"boundingPoly": {"vertices": [{"x": 1368.0, "y": 1335.0}, {"x": 1402.0, "y": 1335.0}, {"x": 1402.0, "y": 1367.0}, {"x": 1368.0, "y": 1367.0}]}, "description": " 98"}, {"boundingPoly": {"vertices": [{"x": 455.0, "y": 1368.0}, {"x": 610.0, "y": 1368.0}, {"x": 610.0, "y": 1412.0}, {"x": 455.0, "y": 1412.0}]}, "description": " agreement."}, {"boundingPoly": {"vertices": [{"x": 778.0, "y": 1394.0}, {"x": 1109.0, "y": 1401.0}, {"x": 1109.0, "y": 1435.0}, {"x": 778.0, "y": 1430.0}]}, "description": "Balance Due"}, {"boundingPoly": {"vertices": [{"x": 1255.0, "y": 1402.0}, {"x": 1404.0, "y": 1402.0}, {"x": 1404.0, "y": 1435.0}, {"x": 1255.0, "y": 1435.0}]}, "description": "60.98"}, {"boundingPoly": {"vertices": [{"x": 117.0, "y": 1475.0}, {"x": 137.0, "y": 1473.0}, {"x": 137.0, "y": 1498.0}, {"x": 117.0, "y": 1500.0}]}, "description": "X"}, {"boundingPoly": {"vertices": [{"x": 946.0, "y": 1471.0}, {"x": 983.0, "y": 1471.0}, {"x": 983.0, "y": 1504.0}, {"x": 946.0, "y": 1504.0}]}, "description": " If"}, {"boundingPoly": {"vertices": [{"x": 962.0, "y": 1510.0}, {"x": 1033.0, "y": 1510.0}, {"x": 1033.0, "y": 1543.0}, {"x": 962.0, "y": 1543.0}]}, "description": " Your"}, {"boundingPoly": {"vertices": [{"x": 884.0, "y": 1544.0}, {"x": 1334.0, "y": 1542.0}, {"x": 1334.0, "y": 1580.0}, {"x": 885.0, "y": 1582.0}]}, "description": "Please Review Us On YELP. COM"}, {"boundingPoly": {"vertices": [{"x": 988.0, "y": 1471.0}, {"x": 1246.0, "y": 1471.0}, {"x": 1246.0, "y": 1505.0}, {"x": 988.0, "y": 1505.0}]}, "description": " You Have Enjoyed"}, {"boundingPoly": {"vertices": [{"x": 1039.0, "y": 1509.0}, {"x": 1233.0, "y": 1509.0}, {"x": 1233.0, "y": 1544.0}, {"x": 1039.0, "y": 1544.0}]}, "description": " Time With Us"}, {"boundingPoly": {"vertices": [{"x": 291.0, "y": 1532.0}, {"x": 331.0, "y": 1532.0}, {"x": 331.0, "y": 1567.0}, {"x": 291.0, "y": 1567.0}]}, "description": " If"}, {"boundingPoly": {"vertices": [{"x": 382.0, "y": 1561.0}, {"x": 452.0, "y": 1561.0}, {"x": 452.0, "y": 1603.0}, {"x": 382.0, "y": 1603.0}]}, "description": " Time"}, {"boundingPoly": {"vertices": [{"x": 327.0, "y": 1602.0}, {"x": 434.0, "y": 1602.0}, {"x": 434.0, "y": 1646.0}, {"x": 327.0, "y": 1646.0}]}, "description": " Review"}, {"boundingPoly": {"vertices": [{"x": 457.0, "y": 1552.0}, {"x": 580.0, "y": 1552.0}, {"x": 580.0, "y": 1597.0}, {"x": 457.0, "y": 1597.0}]}, "description": " With Us"}, {"boundingPoly": {"vertices": [{"x": 439.0, "y": 1598.0}, {"x": 484.0, "y": 1598.0}, {"x": 484.0, "y": 1638.0}, {"x": 439.0, "y": 1638.0}]}, "description": " Us"}, {"boundingPoly": {"vertices": [{"x": 489.0, "y": 1594.0}, {"x": 534.0, "y": 1594.0}, {"x": 534.0, "y": 1634.0}, {"x": 489.0, "y": 1634.0}]}, "description": " On"}, {"boundingPoly": {"vertices": [{"x": 539.0, "y": 1582.0}, {"x": 674.0, "y": 1582.0}, {"x": 674.0, "y": 1630.0}, {"x": 539.0, "y": 1630.0}]}, "description": " YELP. COM"}, {"boundingPoly": {"vertices": [{"x": 289.0, "y": 1737.0}, {"x": 580.0, "y": 1713.0}, {"x": 583.0, "y": 1751.0}, {"x": 292.0, "y": 1775.0}]}, "description": ">>Customer Copy<<"}]}