{"textAnnotations": [{"boundingPoly": {"vertices": [{"x": 398.0, "y": 40.0}, {"x": 577.0, "y": 29.0}, {"x": 582.0, "y": 100.0}, {"x": 402.0, "y": 113.0}]}, "description": "merchant name"}, {"boundingPoly": {"vertices": [{"x": 416.0, "y": 162.0}, {"x": 569.0, "y": 154.0}, {"x": 570.0, "y": 178.0}, {"x": 416.0, "y": 186.0}]}, "description": "merchant address"}, {"boundingPoly": {"vertices": [{"x": 319.0, "y": 197.0}, {"x": 606.0, "y": 184.0}, {"x": 607.0, "y": 209.0}, {"x": 320.0, "y": 221.0}]}, "description": "Served by ELIZABETH ALVAREZ"}, {"boundingPoly": {"vertices": [{"x": 324.0, "y": 230.0}, {"x": 493.0, "y": 230.0}, {"x": 493.0, "y": 258.0}, {"x": 324.0, "y": 258.0}]}, "description": " 11/3/2019 3:16 PM"}, {"boundingPoly": {"vertices": [{"x": 325.0, "y": 262.0}, {"x": 394.0, "y": 261.0}, {"x": 395.0, "y": 280.0}, {"x": 325.0, "y": 282.0}]}, "description": "1 Cover"}, {"boundingPoly": {"vertices": [{"x": 324.0, "y": 287.0}, {"x": 532.0, "y": 281.0}, {"x": 532.0, "y": 304.0}, {"x": 324.0, "y": 308.0}]}, "description": "Receipt Number 25433"}, {"boundingPoly": {"vertices": [{"x": 326.0, "y": 317.0}, {"x": 415.0, "y": 319.0}, {"x": 415.0, "y": 344.0}, {"x": 325.0, "y": 342.0}]}, "description": "To Stay"}, {"boundingPoly": {"vertices": [{"x": 382.0, "y": 121.0}, {"x": 614.0, "y": 104.0}, {"x": 616.0, "y": 147.0}, {"x": 383.0, "y": 162.0}]}, "description": "merchant name"}, {"boundingPoly": {"vertices": [{"x": 417.0, "y": 359.0}, {"x": 594.0, "y": 358.0}, {"x": 594.0, "y": 393.0}, {"x": 417.0, "y": 394.0}]}, "description": "Buzzer 39"}, {"boundingPoly": {"vertices": [{"x": 330.0, "y": 432.0}, {"x": 561.0, "y": 430.0}, {"x": 561.0, "y": 451.0}, {"x": 330.0, "y": 452.0}]}, "description": "Bucatini All'AMATRICIANA"}, {"boundingPoly": {"vertices": [{"x": 352.0, "y": 468.0}, {"x": 454.0, "y": 468.0}, {"x": 454.0, "y": 490.0}, {"x": 352.0, "y": 491.0}]}, "description": "Item Total"}, {"boundingPoly": {"vertices": [{"x": 352.0, "y": 499.0}, {"x": 509.0, "y": 497.0}, {"x": 509.0, "y": 517.0}, {"x": 352.0, "y": 518.0}]}, "description": "Sales Tax 8 875%"}, {"boundingPoly": {"vertices": [{"x": 422.0, "y": 523.0}, {"x": 529.0, "y": 523.0}, {"x": 529.0, "y": 543.0}, {"x": 422.0, "y": 543.0}]}, "description": " - Thank You"}, {"boundingPoly": {"vertices": [{"x": 630.0, "y": 430.0}, {"x": 690.0, "y": 427.0}, {"x": 691.0, "y": 446.0}, {"x": 631.0, "y": 448.0}]}, "description": "$15 00"}, {"boundingPoly": {"vertices": [{"x": 620.0, "y": 464.0}, {"x": 689.0, "y": 461.0}, {"x": 691.0, "y": 482.0}, {"x": 621.0, "y": 487.0}]}, "description": "$15.00"}, {"boundingPoly": {"vertices": [{"x": 643.0, "y": 493.0}, {"x": 692.0, "y": 489.0}, {"x": 694.0, "y": 508.0}, {"x": 643.0, "y": 511.0}]}, "description": "$1.33"}, {"boundingPoly": {"vertices": [{"x": 643.0, "y": 517.0}, {"x": 692.0, "y": 513.0}, {"x": 693.0, "y": 531.0}, {"x": 644.0, "y": 535.0}]}, "description": "$1.11"}, {"boundingPoly": {"vertices": [{"x": 354.0, "y": 525.0}, {"x": 419.0, "y": 525.0}, {"x": 419.0, "y": 544.0}, {"x": 354.0, "y": 544.0}]}, "description": " Gratuity"}, {"boundingPoly": {"vertices": [{"x": 356.0, "y": 568.0}, {"x": 422.0, "y": 567.0}, {"x": 421.0, "y": 592.0}, {"x": 356.0, "y": 592.0}]}, "description": "Total"}, {"boundingPoly": {"vertices": [{"x": 608.0, "y": 563.0}, {"x": 692.0, "y": 559.0}, {"x": 693.0, "y": 584.0}, {"x": 609.0, "y": 588.0}]}, "description": "$17.44"}, {"boundingPoly": {"vertices": [{"x": 623.0, "y": 614.0}, {"x": 698.0, "y": 609.0}, {"x": 699.0, "y": 627.0}, {"x": 623.0, "y": 632.0}]}, "description": "Amount"}, {"boundingPoly": {"vertices": [{"x": 648.0, "y": 634.0}, {"x": 702.0, "y": 632.0}, {"x": 703.0, "y": 647.0}, {"x": 648.0, "y": 651.0}]}, "description": "$17.44"}, {"boundingPoly": {"vertices": [{"x": 639.0, "y": 654.0}, {"x": 703.0, "y": 652.0}, {"x": 704.0, "y": 670.0}, {"x": 640.0, "y": 672.0}]}, "description": "$17.44"}, {"boundingPoly": {"vertices": [{"x": 338.0, "y": 621.0}, {"x": 422.0, "y": 619.0}, {"x": 422.0, "y": 639.0}, {"x": 338.0, "y": 641.0}]}, "description": "Payment"}, {"boundingPoly": {"vertices": [{"x": 340.0, "y": 647.0}, {"x": 377.0, "y": 645.0}, {"x": 377.0, "y": 658.0}, {"x": 340.0, "y": 660.0}]}, "description": "amex"}, {"boundingPoly": {"vertices": [{"x": 340.0, "y": 665.0}, {"x": 381.0, "y": 664.0}, {"x": 381.0, "y": 681.0}, {"x": 340.0, "y": 682.0}]}, "description": "Paid"}, {"boundingPoly": {"vertices": [{"x": 339.0, "y": 696.0}, {"x": 470.0, "y": 695.0}, {"x": 470.0, "y": 711.0}, {"x": 339.0, "y": 712.0}]}, "description": "Card information"}, {"boundingPoly": {"vertices": [{"x": 341.0, "y": 715.0}, {"x": 436.0, "y": 715.0}, {"x": 436.0, "y": 731.0}, {"x": 341.0, "y": 731.0}]}, "description": " Card number:"}, {"boundingPoly": {"vertices": [{"x": 345.0, "y": 734.0}, {"x": 390.0, "y": 734.0}, {"x": 390.0, "y": 749.0}, {"x": 345.0, "y": 749.0}]}, "description": " Result:"}, {"boundingPoly": {"vertices": [{"x": 344.0, "y": 754.0}, {"x": 412.0, "y": 751.0}, {"x": 412.0, "y": 765.0}, {"x": 345.0, "y": 768.0}]}, "description": "AuthCode"}, {"boundingPoly": {"vertices": [{"x": 637.0, "y": 701.0}, {"x": 702.0, "y": 701.0}, {"x": 702.0, "y": 714.0}, {"x": 637.0, "y": 715.0}]}, "description": "**** 1000"}, {"boundingPoly": {"vertices": [{"x": 612.0, "y": 724.0}, {"x": 700.0, "y": 718.0}, {"x": 701.0, "y": 733.0}, {"x": 612.0, "y": 738.0}]}, "description": "APPROVED"}, {"boundingPoly": {"vertices": [{"x": 649.0, "y": 741.0}, {"x": 703.0, "y": 737.0}, {"x": 704.0, "y": 750.0}, {"x": 650.0, "y": 754.0}]}, "description": "888006"}, {"boundingPoly": {"vertices": [{"x": 369.0, "y": 792.0}, {"x": 390.0, "y": 791.0}, {"x": 390.0, "y": 805.0}, {"x": 368.0, "y": 806.0}]}, "description": "Tra"}, {"boundingPoly": {"vertices": [{"x": 351.0, "y": 808.0}, {"x": 374.0, "y": 808.0}, {"x": 374.0, "y": 823.0}, {"x": 351.0, "y": 823.0}]}, "description": " no:"}, {"boundingPoly": {"vertices": [{"x": 403.0, "y": 804.0}, {"x": 707.0, "y": 791.0}, {"x": 707.0, "y": 812.0}, {"x": 403.0, "y": 824.0}]}, "description": "5Yj0001572812155001.6815728121754674"}, {"boundingPoly": {"vertices": [{"x": 356.0, "y": 926.0}, {"x": 516.0, "y": 926.0}, {"x": 517.0, "y": 943.0}, {"x": 356.0, "y": 944.0}]}, "description": "CARDHOLDER COPY"}, {"boundingPoly": {"vertices": [{"x": 356.0, "y": 971.0}, {"x": 388.0, "y": 972.0}, {"x": 386.0, "y": 988.0}, {"x": 354.0, "y": 986.0}]}, "description": "Date"}, {"boundingPoly": {"vertices": [{"x": 356.0, "y": 992.0}, {"x": 393.0, "y": 992.0}, {"x": 392.0, "y": 1007.0}, {"x": 355.0, "y": 1006.0}]}, "description": "Time"}, {"boundingPoly": {"vertices": [{"x": 354.0, "y": 1008.0}, {"x": 388.0, "y": 1009.0}, {"x": 386.0, "y": 1026.0}, {"x": 353.0, "y": 1024.0}]}, "description": "Card"}, {"boundingPoly": {"vertices": [{"x": 351.0, "y": 1028.0}, {"x": 420.0, "y": 1029.0}, {"x": 420.0, "y": 1046.0}, {"x": 351.0, "y": 1045.0}]}, "description": "PAN seq"}, {"boundingPoly": {"vertices": [{"x": 350.0, "y": 1049.0}, {"x": 435.0, "y": 1049.0}, {"x": 435.0, "y": 1065.0}, {"x": 350.0, "y": 1065.0}]}, "description": "Pref. name"}, {"boundingPoly": {"vertices": [{"x": 349.0, "y": 1068.0}, {"x": 422.0, "y": 1069.0}, {"x": 422.0, "y": 1086.0}, {"x": 349.0, "y": 1085.0}]}, "description": "Card type"}, {"boundingPoly": {"vertices": [{"x": 347.0, "y": 1088.0}, {"x": 476.0, "y": 1088.0}, {"x": 476.0, "y": 1104.0}, {"x": 347.0, "y": 1104.0}]}, "description": "Payment method"}, {"boundingPoly": {"vertices": [{"x": 347.0, "y": 1107.0}, {"x": 469.0, "y": 1107.0}, {"x": 469.0, "y": 1124.0}, {"x": 347.0, "y": 1124.0}]}, "description": "Payment variant"}, {"boundingPoly": {"vertices": [{"x": 346.0, "y": 1127.0}, {"x": 434.0, "y": 1128.0}, {"x": 433.0, "y": 1146.0}, {"x": 346.0, "y": 1145.0}]}, "description": "Entry mode"}, {"boundingPoly": {"vertices": [{"x": 342.0, "y": 1145.0}, {"x": 413.0, "y": 1149.0}, {"x": 412.0, "y": 1166.0}, {"x": 342.0, "y": 1162.0}]}, "description": "CVM res"}, {"boundingPoly": {"vertices": [{"x": 342.0, "y": 1165.0}, {"x": 371.0, "y": 1166.0}, {"x": 370.0, "y": 1183.0}, {"x": 340.0, "y": 1182.0}]}, "description": "AID"}, {"boundingPoly": {"vertices": [{"x": 342.0, "y": 1185.0}, {"x": 372.0, "y": 1185.0}, {"x": 370.0, "y": 1202.0}, {"x": 341.0, "y": 1201.0}]}, "description": "MID"}, {"boundingPoly": {"vertices": [{"x": 337.0, "y": 1206.0}, {"x": 368.0, "y": 1205.0}, {"x": 368.0, "y": 1222.0}, {"x": 336.0, "y": 1222.0}]}, "description": "TID"}, {"boundingPoly": {"vertices": [{"x": 332.0, "y": 1225.0}, {"x": 377.0, "y": 1226.0}, {"x": 376.0, "y": 1243.0}, {"x": 330.0, "y": 1243.0}]}, "description": "PTID"}, {"boundingPoly": {"vertices": [{"x": 329.0, "y": 1248.0}, {"x": 417.0, "y": 1250.0}, {"x": 417.0, "y": 1268.0}, {"x": 329.0, "y": 1266.0}]}, "description": "Auth. code"}, {"boundingPoly": {"vertices": [{"x": 329.0, "y": 1269.0}, {"x": 393.0, "y": 1270.0}, {"x": 392.0, "y": 1289.0}, {"x": 329.0, "y": 1288.0}]}, "description": "Tender"}, {"boundingPoly": {"vertices": [{"x": 326.0, "y": 1291.0}, {"x": 611.0, "y": 1291.0}, {"x": 611.0, "y": 1315.0}, {"x": 326.0, "y": 1315.0}]}, "description": " Reference 25433:2019307201553"}, {"boundingPoly": {"vertices": [{"x": 328.0, "y": 1314.0}, {"x": 375.0, "y": 1315.0}, {"x": 373.0, "y": 1334.0}, {"x": 326.0, "y": 1333.0}]}, "description": "Type"}, {"boundingPoly": {"vertices": [{"x": 325.0, "y": 1336.0}, {"x": 471.0, "y": 1339.0}, {"x": 471.0, "y": 1358.0}, {"x": 325.0, "y": 1355.0}]}, "description": "Purchase Amount"}, {"boundingPoly": {"vertices": [{"x": 322.0, "y": 1359.0}, {"x": 388.0, "y": 1361.0}, {"x": 387.0, "y": 1381.0}, {"x": 322.0, "y": 1379.0}]}, "description": "Gratuity"}, {"boundingPoly": {"vertices": [{"x": 320.0, "y": 1381.0}, {"x": 384.0, "y": 1383.0}, {"x": 384.0, "y": 1403.0}, {"x": 320.0, "y": 1402.0}]}, "description": "TOTAL"}, {"boundingPoly": {"vertices": [{"x": 317.0, "y": 1405.0}, {"x": 421.0, "y": 1405.0}, {"x": 421.0, "y": 1426.0}, {"x": 317.0, "y": 1426.0}]}, "description": "APPROVED"}, {"boundingPoly": {"vertices": [{"x": 316.0, "y": 1429.0}, {"x": 557.0, "y": 1433.0}, {"x": 556.0, "y": 1456.0}, {"x": 315.0, "y": 1449.0}]}, "description": "Please retain for your records"}, {"boundingPoly": {"vertices": [{"x": 461.0, "y": 969.0}, {"x": 542.0, "y": 970.0}, {"x": 542.0, "y": 987.0}, {"x": 461.0, "y": 987.0}]}, "description": "03/11/2019"}, {"boundingPoly": {"vertices": [{"x": 474.0, "y": 990.0}, {"x": 537.0, "y": 990.0}, {"x": 537.0, "y": 1007.0}, {"x": 474.0, "y": 1007.0}]}, "description": " 15:15:55"}, {"boundingPoly": {"vertices": [{"x": 497.0, "y": 1006.0}, {"x": 553.0, "y": 1008.0}, {"x": 552.0, "y": 1025.0}, {"x": 497.0, "y": 1024.0}]}, "description": "** 1000"}, {"boundingPoly": {"vertices": [{"x": 512.0, "y": 1027.0}, {"x": 534.0, "y": 1027.0}, {"x": 534.0, "y": 1043.0}, {"x": 512.0, "y": 1043.0}]}, "description": "00"}, {"boundingPoly": {"vertices": [{"x": 454.0, "y": 1047.0}, {"x": 622.0, "y": 1046.0}, {"x": 622.0, "y": 1063.0}, {"x": 454.0, "y": 1064.0}]}, "description": "AMERICAN EXPRESS"}, {"boundingPoly": {"vertices": [{"x": 501.0, "y": 1069.0}, {"x": 542.0, "y": 1071.0}, {"x": 542.0, "y": 1083.0}, {"x": 497.0, "y": 1085.0}]}, "description": "amex"}, {"boundingPoly": {"vertices": [{"x": 533.0, "y": 1090.0}, {"x": 575.0, "y": 1090.0}, {"x": 575.0, "y": 1102.0}, {"x": 533.0, "y": 1103.0}]}, "description": "amex"}, {"boundingPoly": {"vertices": [{"x": 521.0, "y": 1111.0}, {"x": 563.0, "y": 1110.0}, {"x": 563.0, "y": 1122.0}, {"x": 521.0, "y": 1122.0}]}, "description": "amex"}, {"boundingPoly": {"vertices": [{"x": 516.0, "y": 1129.0}, {"x": 545.0, "y": 1128.0}, {"x": 544.0, "y": 1144.0}, {"x": 515.0, "y": 1145.0}]}, "description": "ICC"}, {"boundingPoly": {"vertices": [{"x": 465.0, "y": 1146.0}, {"x": 576.0, "y": 1146.0}, {"x": 576.0, "y": 1165.0}, {"x": 464.0, "y": 1164.0}]}, "description": "PIN VERIFIED"}, {"boundingPoly": {"vertices": [{"x": 423.0, "y": 1165.0}, {"x": 575.0, "y": 1166.0}, {"x": 575.0, "y": 1185.0}, {"x": 423.0, "y": 1184.0}]}, "description": "A000000025010801"}, {"boundingPoly": {"vertices": [{"x": 448.0, "y": 1187.0}, {"x": 548.0, "y": 1187.0}, {"x": 548.0, "y": 1205.0}, {"x": 448.0, "y": 1204.0}]}, "description": "2043493246"}, {"boundingPoly": {"vertices": [{"x": 413.0, "y": 1205.0}, {"x": 581.0, "y": 1209.0}, {"x": 580.0, "y": 1228.0}, {"x": 412.0, "y": 1223.0}]}, "description": "P400Plus-275206806"}, {"boundingPoly": {"vertices": [{"x": 463.0, "y": 1228.0}, {"x": 541.0, "y": 1229.0}, {"x": 541.0, "y": 1248.0}, {"x": 462.0, "y": 1247.0}]}, "description": "75206806"}, {"boundingPoly": {"vertices": [{"x": 487.0, "y": 1251.0}, {"x": 546.0, "y": 1252.0}, {"x": 546.0, "y": 1270.0}, {"x": 486.0, "y": 1269.0}]}, "description": "888006"}, {"boundingPoly": {"vertices": [{"x": 417.0, "y": 1270.0}, {"x": 599.0, "y": 1274.0}, {"x": 599.0, "y": 1293.0}, {"x": 417.0, "y": 1290.0}]}, "description": "5Yj0001572812155001"}, {"boundingPoly": {"vertices": [{"x": 429.0, "y": 1314.0}, {"x": 598.0, "y": 1316.0}, {"x": 597.0, "y": 1337.0}, {"x": 429.0, "y": 1334.0}]}, "description": "GOODS_SERVICES"}, {"boundingPoly": {"vertices": [{"x": 511.0, "y": 1339.0}, {"x": 571.0, "y": 1340.0}, {"x": 569.0, "y": 1359.0}, {"x": 510.0, "y": 1359.0}]}, "description": "$ 16 33"}, {"boundingPoly": {"vertices": [{"x": 467.0, "y": 1362.0}, {"x": 518.0, "y": 1363.0}, {"x": 517.0, "y": 1382.0}, {"x": 466.0, "y": 1382.0}]}, "description": "$ 1.11"}, {"boundingPoly": {"vertices": [{"x": 469.0, "y": 1384.0}, {"x": 536.0, "y": 1386.0}, {"x": 535.0, "y": 1406.0}, {"x": 469.0, "y": 1404.0}]}, "description": "$ 17.44"}, {"boundingPoly": {"vertices": [{"x": 312.0, "y": 1453.0}, {"x": 406.0, "y": 1453.0}, {"x": 406.0, "y": 1475.0}, {"x": 312.0, "y": 1474.0}]}, "description": "Thank you"}, {"boundingPoly": {"vertices": [{"x": 398.0, "y": 1539.0}, {"x": 637.0, "y": 1546.0}, {"x": 636.0, "y": 1574.0}, {"x": 397.0, "y": 1568.0}]}, "description": "Gratuity Is Not Included"}]}