{"textAnnotations": [{"boundingPoly": {"vertices": [{"x": 420.0, "y": 343.0}, {"x": 561.0, "y": 348.0}, {"x": 560.0, "y": 373.0}, {"x": 419.0, "y": 367.0}]}, "description": "merchant name"}, {"boundingPoly": {"vertices": [{"x": 479.0, "y": 393.0}, {"x": 603.0, "y": 397.0}, {"x": 602.0, "y": 418.0}, {"x": 479.0, "y": 414.0}]}, "description": "merchant address"}, {"boundingPoly": {"vertices": [{"x": 424.0, "y": 367.0}, {"x": 455.0, "y": 367.0}, {"x": 453.0, "y": 389.0}, {"x": 422.0, "y": 388.0}]}, "description": "merchant address"}, {"boundingPoly": {"vertices": [{"x": 585.0, "y": 351.0}, {"x": 672.0, "y": 354.0}, {"x": 671.0, "y": 378.0}, {"x": 585.0, "y": 375.0}]}, "description": "merchant name"}, {"boundingPoly": {"vertices": [{"x": 471.0, "y": 370.0}, {"x": 703.0, "y": 380.0}, {"x": 702.0, "y": 402.0}, {"x": 471.0, "y": 391.0}]}, "description": "merchant address"}, {"boundingPoly": {"vertices": [{"x": 482.0, "y": 414.0}, {"x": 659.0, "y": 419.0}, {"x": 658.0, "y": 441.0}, {"x": 482.0, "y": 437.0}]}, "description": "merchant phone"}, {"boundingPoly": {"vertices": [{"x": 514.0, "y": 440.0}, {"x": 686.0, "y": 440.0}, {"x": 686.0, "y": 465.0}, {"x": 514.0, "y": 465.0}]}, "description": " Nov03' 19/ 04:"}, {"boundingPoly": {"vertices": [{"x": 516.0, "y": 467.0}, {"x": 578.0, "y": 468.0}, {"x": 578.0, "y": 488.0}, {"x": 516.0, "y": 487.0}]}, "description": "amex"}, {"boundingPoly": {"vertices": [{"x": 515.0, "y": 488.0}, {"x": 738.0, "y": 492.0}, {"x": 737.0, "y": 517.0}, {"x": 515.0, "y": 513.0}]}, "description": "XXXXXXXXXXX1004"}, {"boundingPoly": {"vertices": [{"x": 515.0, "y": 517.0}, {"x": 609.0, "y": 517.0}, {"x": 609.0, "y": 541.0}, {"x": 515.0, "y": 541.0}]}, "description": " SWIPED"}, {"boundingPoly": {"vertices": [{"x": 518.0, "y": 543.0}, {"x": 641.0, "y": 543.0}, {"x": 641.0, "y": 569.0}, {"x": 518.0, "y": 569.0}]}, "description": " PURCHASE"}, {"boundingPoly": {"vertices": [{"x": 519.0, "y": 570.0}, {"x": 742.0, "y": 569.0}, {"x": 742.0, "y": 594.0}, {"x": 519.0, "y": 594.0}]}, "description": "KIK010213601023"}, {"boundingPoly": {"vertices": [{"x": 521.0, "y": 597.0}, {"x": 613.0, "y": 597.0}, {"x": 613.0, "y": 621.0}, {"x": 521.0, "y": 621.0}]}, "description": "542833"}, {"boundingPoly": {"vertices": [{"x": 523.0, "y": 624.0}, {"x": 584.0, "y": 623.0}, {"x": 583.0, "y": 647.0}, {"x": 524.0, "y": 647.0}]}, "description": "3797"}, {"boundingPoly": {"vertices": [{"x": 525.0, "y": 653.0}, {"x": 586.0, "y": 653.0}, {"x": 586.0, "y": 677.0}, {"x": 526.0, "y": 677.0}]}, "description": "43/1"}, {"boundingPoly": {"vertices": [{"x": 530.0, "y": 681.0}, {"x": 695.0, "y": 678.0}, {"x": 696.0, "y": 704.0}, {"x": 530.0, "y": 708.0}]}, "description": "12 STELLA B"}, {"boundingPoly": {"vertices": [{"x": 658.0, "y": 732.0}, {"x": 804.0, "y": 728.0}, {"x": 805.0, "y": 756.0}, {"x": 659.0, "y": 760.0}]}, "description": "21.50"}, {"boundingPoly": {"vertices": [{"x": 617.0, "y": 398.0}, {"x": 649.0, "y": 399.0}, {"x": 649.0, "y": 419.0}, {"x": 617.0, "y": 418.0}]}, "description": "merchant address"}, {"boundingPoly": {"vertices": [{"x": 329.0, "y": 438.0}, {"x": 404.0, "y": 438.0}, {"x": 404.0, "y": 461.0}, {"x": 329.0, "y": 461.0}]}, "description": " Date:"}, {"boundingPoly": {"vertices": [{"x": 329.0, "y": 462.0}, {"x": 467.0, "y": 462.0}, {"x": 467.0, "y": 489.0}, {"x": 329.0, "y": 489.0}]}, "description": " Card Type"}, {"boundingPoly": {"vertices": [{"x": 330.0, "y": 487.0}, {"x": 422.0, "y": 487.0}, {"x": 422.0, "y": 513.0}, {"x": 330.0, "y": 513.0}]}, "description": " Acct #"}, {"boundingPoly": {"vertices": [{"x": 329.0, "y": 515.0}, {"x": 511.0, "y": 515.0}, {"x": 511.0, "y": 541.0}, {"x": 329.0, "y": 541.0}]}, "description": " Card Entry:"}, {"boundingPoly": {"vertices": [{"x": 331.0, "y": 543.0}, {"x": 513.0, "y": 543.0}, {"x": 513.0, "y": 569.0}, {"x": 331.0, "y": 569.0}]}, "description": " Trans Type:"}, {"boundingPoly": {"vertices": [{"x": 330.0, "y": 569.0}, {"x": 493.0, "y": 569.0}, {"x": 493.0, "y": 596.0}, {"x": 330.0, "y": 596.0}]}, "description": " Trans Key:"}, {"boundingPoly": {"vertices": [{"x": 333.0, "y": 597.0}, {"x": 490.0, "y": 597.0}, {"x": 490.0, "y": 623.0}, {"x": 333.0, "y": 623.0}]}, "description": " Auth Code:"}, {"boundingPoly": {"vertices": [{"x": 334.0, "y": 625.0}, {"x": 431.0, "y": 625.0}, {"x": 431.0, "y": 651.0}, {"x": 334.0, "y": 651.0}]}, "description": " Check:"}, {"boundingPoly": {"vertices": [{"x": 333.0, "y": 654.0}, {"x": 429.0, "y": 654.0}, {"x": 429.0, "y": 680.0}, {"x": 333.0, "y": 680.0}]}, "description": " Table:"}, {"boundingPoly": {"vertices": [{"x": 332.0, "y": 684.0}, {"x": 427.0, "y": 684.0}, {"x": 427.0, "y": 710.0}, {"x": 332.0, "y": 710.0}]}, "description": " Server"}, {"boundingPoly": {"vertices": [{"x": 470.0, "y": 464.0}, {"x": 481.0, "y": 464.0}, {"x": 481.0, "y": 489.0}, {"x": 470.0, "y": 489.0}]}, "description": " :"}, {"boundingPoly": {"vertices": [{"x": 689.0, "y": 442.0}, {"x": 747.0, "y": 442.0}, {"x": 747.0, "y": 467.0}, {"x": 689.0, "y": 467.0}]}, "description": " 14PM"}, {"boundingPoly": {"vertices": [{"x": 425.0, "y": 489.0}, {"x": 440.0, "y": 489.0}, {"x": 440.0, "y": 513.0}, {"x": 425.0, "y": 513.0}]}, "description": " :"}, {"boundingPoly": {"vertices": [{"x": 431.0, "y": 685.0}, {"x": 445.0, "y": 685.0}, {"x": 445.0, "y": 709.0}, {"x": 431.0, "y": 709.0}]}, "description": " :"}, {"boundingPoly": {"vertices": [{"x": 333.0, "y": 738.0}, {"x": 480.0, "y": 738.0}, {"x": 480.0, "y": 769.0}, {"x": 333.0, "y": 769.0}]}, "description": " Subtotal:"}, {"boundingPoly": {"vertices": [{"x": 492.0, "y": 771.0}, {"x": 508.0, "y": 771.0}, {"x": 508.0, "y": 823.0}, {"x": 492.0, "y": 823.0}]}, "description": " 3"}, {"boundingPoly": {"vertices": [{"x": 334.0, "y": 837.0}, {"x": 537.0, "y": 837.0}, {"x": 537.0, "y": 896.0}, {"x": 334.0, "y": 896.0}]}, "description": " TOTAL ___ 2 4"}, {"boundingPoly": {"vertices": [{"x": 335.0, "y": 929.0}, {"x": 495.0, "y": 920.0}, {"x": 497.0, "y": 952.0}, {"x": 337.0, "y": 960.0}]}, "description": "SIGNATURE"}, {"boundingPoly": {"vertices": [{"x": 336.0, "y": 998.0}, {"x": 837.0, "y": 964.0}, {"x": 839.0, "y": 996.0}, {"x": 337.0, "y": 1029.0}]}, "description": "Thank you for dining with us!"}, {"boundingPoly": {"vertices": [{"x": 333.0, "y": 1067.0}, {"x": 798.0, "y": 1034.0}, {"x": 800.0, "y": 1067.0}, {"x": 335.0, "y": 1101.0}]}, "description": "Customer Copy"}, {"boundingPoly": {"vertices": [{"x": 516.0, "y": 768.0}, {"x": 619.0, "y": 768.0}, {"x": 619.0, "y": 822.0}, {"x": 516.0, "y": 822.0}]}, "description": " : 23"}, {"boundingPoly": {"vertices": [{"x": 540.0, "y": 829.0}, {"x": 641.0, "y": 829.0}, {"x": 641.0, "y": 892.0}, {"x": 540.0, "y": 892.0}]}, "description": " : 23"}, {"boundingPoly": {"vertices": [{"x": 332.0, "y": 803.0}, {"x": 387.0, "y": 801.0}, {"x": 388.0, "y": 829.0}, {"x": 333.0, "y": 830.0}]}, "description": "TIP"}]}