{"textAnnotations": [{"boundingPoly": {"vertices": [{"x": 411.0, "y": 189.0}, {"x": 1007.0, "y": 174.0}, {"x": 1009.0, "y": 225.0}, {"x": 411.0, "y": 233.0}]}, "description": "merchant name"}, {"boundingPoly": {"vertices": [{"x": 460.0, "y": 237.0}, {"x": 736.0, "y": 231.0}, {"x": 736.0, "y": 263.0}, {"x": 461.0, "y": 269.0}]}, "description": "TAX INVOICE"}, {"boundingPoly": {"vertices": [{"x": 405.0, "y": 278.0}, {"x": 808.0, "y": 269.0}, {"x": 809.0, "y": 305.0}, {"x": 405.0, "y": 314.0}]}, "description": "merchant name"}, {"boundingPoly": {"vertices": [{"x": 249.0, "y": 326.0}, {"x": 992.0, "y": 309.0}, {"x": 993.0, "y": 347.0}, {"x": 250.0, "y": 364.0}]}, "description": "merchant address"}, {"boundingPoly": {"vertices": [{"x": 420.0, "y": 369.0}, {"x": 786.0, "y": 361.0}, {"x": 787.0, "y": 411.0}, {"x": 421.0, "y": 420.0}]}, "description": "merchant address"}, {"boundingPoly": {"vertices": [{"x": 341.0, "y": 425.0}, {"x": 943.0, "y": 425.0}, {"x": 943.0, "y": 489.0}, {"x": 341.0, "y": 489.0}]}, "description": "merchant phone"}, {"boundingPoly": {"vertices": [{"x": 444.0, "y": 495.0}, {"x": 899.0, "y": 490.0}, {"x": 900.0, "y": 557.0}, {"x": 444.0, "y": 558.0}]}, "description": "A division of"}, {"boundingPoly": {"vertices": [{"x": 445.0, "y": 571.0}, {"x": 734.0, "y": 569.0}, {"x": 734.0, "y": 622.0}, {"x": 445.0, "y": 623.0}]}, "description": "Mars Realty"}, {"boundingPoly": {"vertices": [{"x": 549.0, "y": 629.0}, {"x": 994.0, "y": 629.0}, {"x": 994.0, "y": 689.0}, {"x": 549.0, "y": 689.0}]}, "description": " : 27AAAFN0971B1ZP"}, {"boundingPoly": {"vertices": [{"x": 370.0, "y": 706.0}, {"x": 660.0, "y": 706.0}, {"x": 660.0, "y": 758.0}, {"x": 370.0, "y": 758.0}]}, "description": " : K00045709"}, {"boundingPoly": {"vertices": [{"x": 1.0, "y": 446.0}, {"x": 33.0, "y": 448.0}, {"x": 30.0, "y": 475.0}, {"x": 0.0, "y": 473.0}]}, "description": "Cri"}, {"boundingPoly": {"vertices": [{"x": 245.0, "y": 439.0}, {"x": 334.0, "y": 439.0}, {"x": 334.0, "y": 491.0}, {"x": 245.0, "y": 491.0}]}, "description": " TEL"}, {"boundingPoly": {"vertices": [{"x": 236.0, "y": 496.0}, {"x": 330.0, "y": 494.0}, {"x": 329.0, "y": 570.0}, {"x": 236.0, "y": 572.0}]}, "description": "P"}, {"boundingPoly": {"vertices": [{"x": 244.0, "y": 638.0}, {"x": 540.0, "y": 638.0}, {"x": 540.0, "y": 691.0}, {"x": 244.0, "y": 691.0}]}, "description": " POS GSTN NO"}, {"boundingPoly": {"vertices": [{"x": 93.0, "y": 713.0}, {"x": 305.0, "y": 711.0}, {"x": 306.0, "y": 761.0}, {"x": 93.0, "y": 764.0}]}, "description": "Order No"}, {"boundingPoly": {"vertices": [{"x": 97.0, "y": 796.0}, {"x": 156.0, "y": 795.0}, {"x": 156.0, "y": 813.0}, {"x": 97.0, "y": 814.0}]}, "description": "----"}, {"boundingPoly": {"vertices": [{"x": 96.0, "y": 848.0}, {"x": 277.0, "y": 846.0}, {"x": 278.0, "y": 894.0}, {"x": 96.0, "y": 896.0}]}, "description": "BILL NO"}, {"boundingPoly": {"vertices": [{"x": 99.0, "y": 902.0}, {"x": 856.0, "y": 902.0}, {"x": 856.0, "y": 961.0}, {"x": 99.0, "y": 961.0}]}, "description": " PF00019631 20/11/2019 3:22 PM"}, {"boundingPoly": {"vertices": [{"x": 303.0, "y": 977.0}, {"x": 614.0, "y": 977.0}, {"x": 614.0, "y": 1029.0}, {"x": 303.0, "y": 1029.0}]}, "description": " :Ketan Barot"}, {"boundingPoly": {"vertices": [{"x": 278.0, "y": 1043.0}, {"x": 590.0, "y": 1043.0}, {"x": 590.0, "y": 1095.0}, {"x": 278.0, "y": 1095.0}]}, "description": " :Ketan Barot"}, {"boundingPoly": {"vertices": [{"x": 429.0, "y": 844.0}, {"x": 766.0, "y": 839.0}, {"x": 767.0, "y": 887.0}, {"x": 429.0, "y": 892.0}]}, "description": "DATE AND TIME"}, {"boundingPoly": {"vertices": [{"x": 862.0, "y": 836.0}, {"x": 1105.0, "y": 832.0}, {"x": 1106.0, "y": 884.0}, {"x": 862.0, "y": 887.0}]}, "description": "PAX TABLE"}, {"boundingPoly": {"vertices": [{"x": 990.0, "y": 897.0}, {"x": 1076.0, "y": 896.0}, {"x": 1076.0, "y": 956.0}, {"x": 991.0, "y": 958.0}]}, "description": "007"}, {"boundingPoly": {"vertices": [{"x": 101.0, "y": 979.0}, {"x": 294.0, "y": 979.0}, {"x": 294.0, "y": 1031.0}, {"x": 101.0, "y": 1031.0}]}, "description": " CASHIER"}, {"boundingPoly": {"vertices": [{"x": 103.0, "y": 1046.0}, {"x": 268.0, "y": 1046.0}, {"x": 268.0, "y": 1096.0}, {"x": 103.0, "y": 1096.0}]}, "description": " WAITER"}, {"boundingPoly": {"vertices": [{"x": 171.0, "y": 1173.0}, {"x": 515.0, "y": 1173.0}, {"x": 516.0, "y": 1221.0}, {"x": 171.0, "y": 1224.0}]}, "description": "Qty Menu Item"}, {"boundingPoly": {"vertices": [{"x": 761.0, "y": 1171.0}, {"x": 870.0, "y": 1172.0}, {"x": 869.0, "y": 1215.0}, {"x": 761.0, "y": 1215.0}]}, "description": "Rate"}, {"boundingPoly": {"vertices": [{"x": 943.0, "y": 1171.0}, {"x": 1106.0, "y": 1171.0}, {"x": 1106.0, "y": 1215.0}, {"x": 943.0, "y": 1215.0}]}, "description": "Amount"}, {"boundingPoly": {"vertices": [{"x": 86.0, "y": 1305.0}, {"x": 436.0, "y": 1305.0}, {"x": 436.0, "y": 1359.0}, {"x": 86.0, "y": 1359.0}]}, "description": " SAC/HSN Code:"}, {"boundingPoly": {"vertices": [{"x": 257.0, "y": 1372.0}, {"x": 718.0, "y": 1372.0}, {"x": 718.0, "y": 1427.0}, {"x": 257.0, "y": 1427.0}]}, "description": " HERB FRIED CRISPY"}, {"boundingPoly": {"vertices": [{"x": 265.0, "y": 1444.0}, {"x": 454.0, "y": 1443.0}, {"x": 455.0, "y": 1495.0}, {"x": 265.0, "y": 1496.0}]}, "description": "CHICKEN"}, {"boundingPoly": {"vertices": [{"x": 252.0, "y": 1514.0}, {"x": 613.0, "y": 1514.0}, {"x": 613.0, "y": 1568.0}, {"x": 252.0, "y": 1568.0}]}, "description": " MEAT ULTIMO 8"}, {"boundingPoly": {"vertices": [{"x": 446.0, "y": 1302.0}, {"x": 607.0, "y": 1302.0}, {"x": 607.0, "y": 1356.0}, {"x": 446.0, "y": 1356.0}]}, "description": " 996331"}, {"boundingPoly": {"vertices": [{"x": 671.0, "y": 1286.0}, {"x": 1033.0, "y": 1287.0}, {"x": 1033.0, "y": 1373.0}, {"x": 671.0, "y": 1372.0}]}, "description": "UEBAY"}, {"boundingPoly": {"vertices": [{"x": 212.0, "y": 1377.0}, {"x": 248.0, "y": 1377.0}, {"x": 248.0, "y": 1427.0}, {"x": 212.0, "y": 1427.0}]}, "description": " 1"}, {"boundingPoly": {"vertices": [{"x": 738.0, "y": 1442.0}, {"x": 905.0, "y": 1442.0}, {"x": 905.0, "y": 1494.0}, {"x": 738.0, "y": 1494.0}]}, "description": "750.00"}, {"boundingPoly": {"vertices": [{"x": 736.0, "y": 1512.0}, {"x": 906.0, "y": 1512.0}, {"x": 906.0, "y": 1564.0}, {"x": 736.0, "y": 1565.0}]}, "description": "940.00"}, {"boundingPoly": {"vertices": [{"x": 951.0, "y": 1443.0}, {"x": 1119.0, "y": 1443.0}, {"x": 1119.0, "y": 1494.0}, {"x": 951.0, "y": 1494.0}]}, "description": "750.00"}, {"boundingPoly": {"vertices": [{"x": 949.0, "y": 1512.0}, {"x": 1121.0, "y": 1512.0}, {"x": 1121.0, "y": 1565.0}, {"x": 949.0, "y": 1565.0}]}, "description": "940.00"}, {"boundingPoly": {"vertices": [{"x": 205.0, "y": 1515.0}, {"x": 243.0, "y": 1515.0}, {"x": 243.0, "y": 1568.0}, {"x": 205.0, "y": 1568.0}]}, "description": " 1"}, {"boundingPoly": {"vertices": [{"x": 259.0, "y": 1659.0}, {"x": 396.0, "y": 1660.0}, {"x": 397.0, "y": 1709.0}, {"x": 259.0, "y": 1711.0}]}, "description": "Total"}, {"boundingPoly": {"vertices": [{"x": 931.0, "y": 1658.0}, {"x": 1128.0, "y": 1656.0}, {"x": 1128.0, "y": 1708.0}, {"x": 931.0, "y": 1710.0}]}, "description": "1690.00"}, {"boundingPoly": {"vertices": [{"x": 633.0, "y": 1722.0}, {"x": 975.0, "y": 1724.0}, {"x": 975.0, "y": 1800.0}, {"x": 633.0, "y": 1796.0}]}, "description": "YDE BA"}, {"boundingPoly": {"vertices": [{"x": 258.0, "y": 1801.0}, {"x": 368.0, "y": 1803.0}, {"x": 367.0, "y": 1851.0}, {"x": 258.0, "y": 1850.0}]}, "description": "CGST"}, {"boundingPoly": {"vertices": [{"x": 258.0, "y": 1873.0}, {"x": 369.0, "y": 1872.0}, {"x": 370.0, "y": 1917.0}, {"x": 260.0, "y": 1923.0}]}, "description": "SGST"}, {"boundingPoly": {"vertices": [{"x": 984.0, "y": 1798.0}, {"x": 1124.0, "y": 1801.0}, {"x": 1125.0, "y": 1850.0}, {"x": 986.0, "y": 1848.0}]}, "description": "42.25"}, {"boundingPoly": {"vertices": [{"x": 985.0, "y": 1868.0}, {"x": 1122.0, "y": 1867.0}, {"x": 1123.0, "y": 1918.0}, {"x": 986.0, "y": 1917.0}]}, "description": "42.25"}, {"boundingPoly": {"vertices": [{"x": 932.0, "y": 1957.0}, {"x": 1123.0, "y": 1957.0}, {"x": 1123.0, "y": 1973.0}, {"x": 932.0, "y": 1975.0}]}, "description": "-------"}, {"boundingPoly": {"vertices": [{"x": 250.0, "y": 2017.0}, {"x": 558.0, "y": 2014.0}, {"x": 559.0, "y": 2077.0}, {"x": 250.0, "y": 2082.0}]}, "description": "Grand Total"}, {"boundingPoly": {"vertices": [{"x": 934.0, "y": 2017.0}, {"x": 1132.0, "y": 2015.0}, {"x": 1132.0, "y": 2068.0}, {"x": 935.0, "y": 2070.0}]}, "description": "1775.00"}, {"boundingPoly": {"vertices": [{"x": 937.0, "y": 2109.0}, {"x": 995.0, "y": 2110.0}, {"x": 994.0, "y": 2129.0}, {"x": 937.0, "y": 2128.0}]}, "description": "--"}, {"boundingPoly": {"vertices": [{"x": 54.0, "y": 2246.0}, {"x": 1030.0, "y": 2245.0}, {"x": 1030.0, "y": 2309.0}, {"x": 55.0, "y": 2311.0}]}, "description": "Charity contribution is voluntary &"}, {"boundingPoly": {"vertices": [{"x": 58.0, "y": 2323.0}, {"x": 841.0, "y": 2321.0}, {"x": 842.0, "y": 2387.0}, {"x": 58.0, "y": 2391.0}]}, "description": "is made on behalf of charity"}, {"boundingPoly": {"vertices": [{"x": 53.0, "y": 2399.0}, {"x": 1060.0, "y": 2401.0}, {"x": 1059.0, "y": 2472.0}, {"x": 53.0, "y": 2468.0}]}, "description": "GARHWAL ENGLISH MEDIUM SCHOOL (GEMS)"}, {"boundingPoly": {"vertices": [{"x": 48.0, "y": 2484.0}, {"x": 926.0, "y": 2487.0}, {"x": 926.0, "y": 2551.0}, {"x": 48.0, "y": 2545.0}]}, "description": "Prices are inclusive of charges"}, {"boundingPoly": {"vertices": [{"x": 42.0, "y": 2564.0}, {"x": 835.0, "y": 2567.0}, {"x": 835.0, "y": 2629.0}, {"x": 42.0, "y": 2624.0}]}, "description": "for facilities and services."}, {"boundingPoly": {"vertices": [{"x": 45.0, "y": 2666.0}, {"x": 79.0, "y": 2666.0}, {"x": 80.0, "y": 2688.0}, {"x": 45.0, "y": 2688.0}]}, "description": "-"}]}