{"textAnnotations": [{"boundingPoly": {"vertices": [{"x": 445.0, "y": 108.0}, {"x": 905.0, "y": 99.0}, {"x": 906.0, "y": 145.0}, {"x": 446.0, "y": 152.0}]}, "description": "merchant name"}, {"boundingPoly": {"vertices": [{"x": 388.0, "y": 155.0}, {"x": 963.0, "y": 148.0}, {"x": 963.0, "y": 197.0}, {"x": 388.0, "y": 202.0}]}, "description": "merchant address"}, {"boundingPoly": {"vertices": [{"x": 546.0, "y": 202.0}, {"x": 776.0, "y": 205.0}, {"x": 775.0, "y": 249.0}, {"x": 546.0, "y": 245.0}]}, "description": "merchant address"}, {"boundingPoly": {"vertices": [{"x": 545.0, "y": 246.0}, {"x": 802.0, "y": 253.0}, {"x": 801.0, "y": 297.0}, {"x": 543.0, "y": 291.0}]}, "description": "merchant phone"}, {"boundingPoly": {"vertices": [{"x": 382.0, "y": 300.0}, {"x": 573.0, "y": 300.0}, {"x": 573.0, "y": 346.0}, {"x": 382.0, "y": 346.0}]}, "description": " Operator:"}, {"boundingPoly": {"vertices": [{"x": 581.0, "y": 300.0}, {"x": 965.0, "y": 300.0}, {"x": 965.0, "y": 350.0}, {"x": 581.0, "y": 350.0}]}, "description": " Alberto Eyzaguirre"}, {"boundingPoly": {"vertices": [{"x": 522.0, "y": 445.0}, {"x": 799.0, "y": 445.0}, {"x": 799.0, "y": 491.0}, {"x": 522.0, "y": 491.0}]}, "description": "CUSTOMER COPY"}, {"boundingPoly": {"vertices": [{"x": 483.0, "y": 498.0}, {"x": 926.0, "y": 498.0}, {"x": 926.0, "y": 547.0}, {"x": 483.0, "y": 547.0}]}, "description": " 12/2/2019 12:24:02 PM"}, {"boundingPoly": {"vertices": [{"x": 582.0, "y": 548.0}, {"x": 734.0, "y": 549.0}, {"x": 734.0, "y": 596.0}, {"x": 581.0, "y": 594.0}]}, "description": "DINE IN"}, {"boundingPoly": {"vertices": [{"x": 583.0, "y": 600.0}, {"x": 732.0, "y": 601.0}, {"x": 732.0, "y": 646.0}, {"x": 583.0, "y": 644.0}]}, "description": "6252811"}, {"boundingPoly": {"vertices": [{"x": 251.0, "y": 600.0}, {"x": 520.0, "y": 600.0}, {"x": 520.0, "y": 646.0}, {"x": 251.0, "y": 646.0}]}, "description": " Order Number:"}, {"boundingPoly": {"vertices": [{"x": 251.0, "y": 702.0}, {"x": 293.0, "y": 702.0}, {"x": 293.0, "y": 746.0}, {"x": 251.0, "y": 746.0}]}, "description": " 1"}, {"boundingPoly": {"vertices": [{"x": 306.0, "y": 702.0}, {"x": 584.0, "y": 702.0}, {"x": 584.0, "y": 749.0}, {"x": 306.0, "y": 749.0}]}, "description": " Meal-Nugg 8ct"}, {"boundingPoly": {"vertices": [{"x": 354.0, "y": 756.0}, {"x": 563.0, "y": 753.0}, {"x": 564.0, "y": 797.0}, {"x": 354.0, "y": 800.0}]}, "description": "Nugget 8ct"}, {"boundingPoly": {"vertices": [{"x": 398.0, "y": 806.0}, {"x": 596.0, "y": 805.0}, {"x": 596.0, "y": 850.0}, {"x": 398.0, "y": 851.0}]}, "description": "Hny Must."}, {"boundingPoly": {"vertices": [{"x": 414.0, "y": 854.0}, {"x": 608.0, "y": 858.0}, {"x": 607.0, "y": 901.0}, {"x": 414.0, "y": 898.0}]}, "description": "CFA Sauce"}, {"boundingPoly": {"vertices": [{"x": 353.0, "y": 907.0}, {"x": 521.0, "y": 907.0}, {"x": 521.0, "y": 951.0}, {"x": 353.0, "y": 951.0}]}, "description": "Fries MD"}, {"boundingPoly": {"vertices": [{"x": 348.0, "y": 957.0}, {"x": 563.0, "y": 957.0}, {"x": 563.0, "y": 1000.0}, {"x": 348.0, "y": 999.0}]}, "description": "Swt Tea MD"}, {"boundingPoly": {"vertices": [{"x": 993.0, "y": 709.0}, {"x": 1080.0, "y": 710.0}, {"x": 1080.0, "y": 753.0}, {"x": 992.0, "y": 753.0}]}, "description": "7.19"}, {"boundingPoly": {"vertices": [{"x": 289.0, "y": 805.0}, {"x": 321.0, "y": 809.0}, {"x": 318.0, "y": 849.0}, {"x": 286.0, "y": 845.0}]}, "description": "3"}, {"boundingPoly": {"vertices": [{"x": 347.0, "y": 812.0}, {"x": 387.0, "y": 811.0}, {"x": 387.0, "y": 843.0}, {"x": 346.0, "y": 844.0}]}, "description": "+"}, {"boundingPoly": {"vertices": [{"x": 378.0, "y": 865.0}, {"x": 375.0, "y": 894.0}, {"x": 355.0, "y": 893.0}, {"x": 358.0, "y": 864.0}]}, "description": "+"}, {"boundingPoly": {"vertices": [{"x": 300.0, "y": 1051.0}, {"x": 534.0, "y": 1051.0}, {"x": 534.0, "y": 1098.0}, {"x": 300.0, "y": 1098.0}]}, "description": " Sub. Total:"}, {"boundingPoly": {"vertices": [{"x": 303.0, "y": 1105.0}, {"x": 389.0, "y": 1105.0}, {"x": 389.0, "y": 1145.0}, {"x": 303.0, "y": 1145.0}]}, "description": " Tax:"}, {"boundingPoly": {"vertices": [{"x": 299.0, "y": 1154.0}, {"x": 431.0, "y": 1154.0}, {"x": 431.0, "y": 1199.0}, {"x": 299.0, "y": 1199.0}]}, "description": " Total:"}, {"boundingPoly": {"vertices": [{"x": 961.0, "y": 1060.0}, {"x": 1072.0, "y": 1060.0}, {"x": 1072.0, "y": 1105.0}, {"x": 962.0, "y": 1104.0}]}, "description": "$7.19"}, {"boundingPoly": {"vertices": [{"x": 964.0, "y": 1109.0}, {"x": 1068.0, "y": 1109.0}, {"x": 1068.0, "y": 1151.0}, {"x": 964.0, "y": 1154.0}]}, "description": "$0.51"}, {"boundingPoly": {"vertices": [{"x": 964.0, "y": 1160.0}, {"x": 1070.0, "y": 1159.0}, {"x": 1070.0, "y": 1203.0}, {"x": 965.0, "y": 1205.0}]}, "description": "$7.70"}, {"boundingPoly": {"vertices": [{"x": 295.0, "y": 1254.0}, {"x": 430.0, "y": 1258.0}, {"x": 429.0, "y": 1301.0}, {"x": 294.0, "y": 1300.0}]}, "description": "Change"}, {"boundingPoly": {"vertices": [{"x": 298.0, "y": 1312.0}, {"x": 375.0, "y": 1312.0}, {"x": 375.0, "y": 1353.0}, {"x": 298.0, "y": 1353.0}]}, "description": " Amex"}, {"boundingPoly": {"vertices": [{"x": 225.0, "y": 1360.0}, {"x": 452.0, "y": 1360.0}, {"x": 452.0, "y": 1410.0}, {"x": 225.0, "y": 1410.0}]}, "description": " Register:6"}, {"boundingPoly": {"vertices": [{"x": 378.0, "y": 1411.0}, {"x": 531.0, "y": 1411.0}, {"x": 531.0, "y": 1462.0}, {"x": 378.0, "y": 1462.0}]}, "description": " :Sophia"}, {"boundingPoly": {"vertices": [{"x": 289.0, "y": 1464.0}, {"x": 986.0, "y": 1463.0}, {"x": 986.0, "y": 1511.0}, {"x": 289.0, "y": 1514.0}]}, "description": "It's been a pleasure serving you!"}, {"boundingPoly": {"vertices": [{"x": 418.0, "y": 1516.0}, {"x": 865.0, "y": 1513.0}, {"x": 866.0, "y": 1562.0}, {"x": 418.0, "y": 1564.0}]}, "description": "Have a wonderful day."}, {"boundingPoly": {"vertices": [{"x": 964.0, "y": 1263.0}, {"x": 1070.0, "y": 1261.0}, {"x": 1070.0, "y": 1304.0}, {"x": 963.0, "y": 1304.0}]}, "description": "$0.00"}, {"boundingPoly": {"vertices": [{"x": 962.0, "y": 1313.0}, {"x": 1073.0, "y": 1312.0}, {"x": 1072.0, "y": 1357.0}, {"x": 964.0, "y": 1357.0}]}, "description": "$7.70"}, {"boundingPoly": {"vertices": [{"x": 914.0, "y": 1361.0}, {"x": 1067.0, "y": 1361.0}, {"x": 1067.0, "y": 1407.0}, {"x": 914.0, "y": 1407.0}]}, "description": " 6252811"}, {"boundingPoly": {"vertices": [{"x": 383.0, "y": 1312.0}, {"x": 402.0, "y": 1312.0}, {"x": 402.0, "y": 1353.0}, {"x": 383.0, "y": 1353.0}]}, "description": " :"}, {"boundingPoly": {"vertices": [{"x": 652.0, "y": 1358.0}, {"x": 906.0, "y": 1358.0}, {"x": 906.0, "y": 1407.0}, {"x": 652.0, "y": 1407.0}]}, "description": " Tran Seq No:"}, {"boundingPoly": {"vertices": [{"x": 222.0, "y": 1413.0}, {"x": 369.0, "y": 1413.0}, {"x": 369.0, "y": 1465.0}, {"x": 222.0, "y": 1465.0}]}, "description": " Cashier"}, {"boundingPoly": {"vertices": [{"x": 207.0, "y": 1754.0}, {"x": 461.0, "y": 1737.0}, {"x": 464.0, "y": 1786.0}, {"x": 210.0, "y": 1804.0}]}, "description": "Card Number"}, {"boundingPoly": {"vertices": [{"x": 212.0, "y": 1866.0}, {"x": 390.0, "y": 1849.0}, {"x": 396.0, "y": 1916.0}, {"x": 215.0, "y": 1935.0}]}, "description": "Approval"}, {"boundingPoly": {"vertices": [{"x": 568.0, "y": 1716.0}, {"x": 922.0, "y": 1716.0}, {"x": 922.0, "y": 1771.0}, {"x": 568.0, "y": 1771.0}]}, "description": " : *********** 1004"}, {"boundingPoly": {"vertices": [{"x": 207.0, "y": 1814.0}, {"x": 422.0, "y": 1797.0}, {"x": 425.0, "y": 1849.0}, {"x": 210.0, "y": 1865.0}]}, "description": "Card Type"}, {"boundingPoly": {"vertices": [{"x": 567.0, "y": 1767.0}, {"x": 947.0, "y": 1767.0}, {"x": 947.0, "y": 1829.0}, {"x": 567.0, "y": 1829.0}]}, "description": " : AMERICAN EXPRESS"}, {"boundingPoly": {"vertices": [{"x": 567.0, "y": 1829.0}, {"x": 738.0, "y": 1829.0}, {"x": 738.0, "y": 1882.0}, {"x": 567.0, "y": 1882.0}]}, "description": " : 859913"}, {"boundingPoly": {"vertices": [{"x": 202.0, "y": 1937.0}, {"x": 279.0, "y": 1929.0}, {"x": 282.0, "y": 1978.0}, {"x": 207.0, "y": 1985.0}]}, "description": "AID"}, {"boundingPoly": {"vertices": [{"x": 565.0, "y": 1875.0}, {"x": 922.0, "y": 1875.0}, {"x": 922.0, "y": 1941.0}, {"x": 565.0, "y": 1941.0}]}, "description": " : A00000002501080"}]}