{"textAnnotations": [{"boundingPoly": {"vertices": [{"x": 221.0, "y": 135.0}, {"x": 390.0, "y": 139.0}, {"x": 389.0, "y": 167.0}, {"x": 220.0, "y": 163.0}]}, "description": "merchant name"}, {"boundingPoly": {"vertices": [{"x": 181.0, "y": 168.0}, {"x": 442.0, "y": 168.0}, {"x": 442.0, "y": 197.0}, {"x": 181.0, "y": 197.0}]}, "description": "merchant address"}, {"boundingPoly": {"vertices": [{"x": 208.0, "y": 203.0}, {"x": 401.0, "y": 201.0}, {"x": 401.0, "y": 229.0}, {"x": 209.0, "y": 230.0}]}, "description": "merchant address"}, {"boundingPoly": {"vertices": [{"x": 245.0, "y": 236.0}, {"x": 363.0, "y": 236.0}, {"x": 363.0, "y": 262.0}, {"x": 245.0, "y": 262.0}]}, "description": "merchant address"}, {"boundingPoly": {"vertices": [{"x": 260.0, "y": 268.0}, {"x": 349.0, "y": 268.0}, {"x": 349.0, "y": 295.0}, {"x": 260.0, "y": 295.0}]}, "description": "merchant address"}, {"boundingPoly": {"vertices": [{"x": 54.0, "y": 329.0}, {"x": 474.0, "y": 329.0}, {"x": 474.0, "y": 363.0}, {"x": 54.0, "y": 363.0}]}, "description": " 14/08/2019 18:21:04 32754000251"}, {"boundingPoly": {"vertices": [{"x": 101.0, "y": 400.0}, {"x": 258.0, "y": 400.0}, {"x": 258.0, "y": 428.0}, {"x": 101.0, "y": 428.0}]}, "description": " : 6 - Till 6"}, {"boundingPoly": {"vertices": [{"x": 51.0, "y": 401.0}, {"x": 96.0, "y": 401.0}, {"x": 96.0, "y": 429.0}, {"x": 51.0, "y": 429.0}]}, "description": " POS"}, {"boundingPoly": {"vertices": [{"x": 127.0, "y": 466.0}, {"x": 244.0, "y": 465.0}, {"x": 244.0, "y": 490.0}, {"x": 127.0, "y": 491.0}]}, "description": "TAKE AWAY"}, {"boundingPoly": {"vertices": [{"x": 119.0, "y": 496.0}, {"x": 257.0, "y": 495.0}, {"x": 258.0, "y": 523.0}, {"x": 119.0, "y": 525.0}]}, "description": "FLAT WHITE"}, {"boundingPoly": {"vertices": [{"x": 123.0, "y": 530.0}, {"x": 294.0, "y": 529.0}, {"x": 294.0, "y": 555.0}, {"x": 123.0, "y": 556.0}]}, "description": "BEST EVER BLT"}, {"boundingPoly": {"vertices": [{"x": 492.0, "y": 493.0}, {"x": 575.0, "y": 491.0}, {"x": 576.0, "y": 517.0}, {"x": 492.0, "y": 520.0}]}, "description": "2.75 *"}, {"boundingPoly": {"vertices": [{"x": 491.0, "y": 525.0}, {"x": 547.0, "y": 525.0}, {"x": 548.0, "y": 553.0}, {"x": 492.0, "y": 553.0}]}, "description": "3.45"}, {"boundingPoly": {"vertices": [{"x": 123.0, "y": 593.0}, {"x": 366.0, "y": 592.0}, {"x": 366.0, "y": 619.0}, {"x": 123.0, "y": 621.0}]}, "description": "INCLUSIVE TOTAL DUE"}, {"boundingPoly": {"vertices": [{"x": 488.0, "y": 592.0}, {"x": 545.0, "y": 591.0}, {"x": 545.0, "y": 617.0}, {"x": 490.0, "y": 618.0}]}, "description": "6.20"}, {"boundingPoly": {"vertices": [{"x": 119.0, "y": 659.0}, {"x": 176.0, "y": 659.0}, {"x": 175.0, "y": 684.0}, {"x": 120.0, "y": 685.0}]}, "description": "AMEX"}, {"boundingPoly": {"vertices": [{"x": 487.0, "y": 655.0}, {"x": 544.0, "y": 655.0}, {"x": 545.0, "y": 684.0}, {"x": 488.0, "y": 684.0}]}, "description": "6.20"}, {"boundingPoly": {"vertices": [{"x": 120.0, "y": 723.0}, {"x": 287.0, "y": 723.0}, {"x": 287.0, "y": 749.0}, {"x": 120.0, "y": 750.0}]}, "description": "VAT BREAKDOWN"}, {"boundingPoly": {"vertices": [{"x": 115.0, "y": 759.0}, {"x": 133.0, "y": 759.0}, {"x": 133.0, "y": 780.0}, {"x": 115.0, "y": 780.0}]}, "description": "%"}, {"boundingPoly": {"vertices": [{"x": 116.0, "y": 790.0}, {"x": 182.0, "y": 789.0}, {"x": 182.0, "y": 814.0}, {"x": 116.0, "y": 815.0}]}, "description": "20.00"}, {"boundingPoly": {"vertices": [{"x": 294.0, "y": 754.0}, {"x": 336.0, "y": 754.0}, {"x": 335.0, "y": 782.0}, {"x": 293.0, "y": 782.0}]}, "description": "NET"}, {"boundingPoly": {"vertices": [{"x": 279.0, "y": 787.0}, {"x": 335.0, "y": 787.0}, {"x": 335.0, "y": 815.0}, {"x": 279.0, "y": 816.0}]}, "description": "2.29"}, {"boundingPoly": {"vertices": [{"x": 396.0, "y": 753.0}, {"x": 440.0, "y": 752.0}, {"x": 440.0, "y": 781.0}, {"x": 396.0, "y": 782.0}]}, "description": "TAX"}, {"boundingPoly": {"vertices": [{"x": 381.0, "y": 788.0}, {"x": 438.0, "y": 789.0}, {"x": 438.0, "y": 815.0}, {"x": 382.0, "y": 814.0}]}, "description": "0.46"}, {"boundingPoly": {"vertices": [{"x": 473.0, "y": 755.0}, {"x": 543.0, "y": 755.0}, {"x": 542.0, "y": 781.0}, {"x": 473.0, "y": 781.0}]}, "description": "Gross"}, {"boundingPoly": {"vertices": [{"x": 485.0, "y": 787.0}, {"x": 570.0, "y": 787.0}, {"x": 570.0, "y": 814.0}, {"x": 485.0, "y": 815.0}]}, "description": "2.75 *"}, {"boundingPoly": {"vertices": [{"x": 215.0, "y": 854.0}, {"x": 373.0, "y": 854.0}, {"x": 373.0, "y": 881.0}, {"x": 215.0, "y": 881.0}]}, "description": "merchant phone"}, {"boundingPoly": {"vertices": [{"x": 186.0, "y": 886.0}, {"x": 412.0, "y": 886.0}, {"x": 412.0, "y": 916.0}, {"x": 186.0, "y": 915.0}]}, "description": "VAT No. 927137420"}, {"boundingPoly": {"vertices": [{"x": 78.0, "y": 1052.0}, {"x": 418.0, "y": 1052.0}, {"x": 418.0, "y": 1087.0}, {"x": 78.0, "y": 1087.0}]}, "description": " CLOSED 14/08/2019 18:21:35"}]}