{"textAnnotations": [{"boundingPoly": {"vertices": [{"x": 403.0, "y": 4.0}, {"x": 406.0, "y": 278.0}, {"x": 377.0, "y": 278.0}, {"x": 375.0, "y": 4.0}]}, "description": "erican Express\u00ae Cards"}, {"boundingPoly": {"vertices": [{"x": 326.0, "y": 314.0}, {"x": 391.0, "y": 316.0}, {"x": 390.0, "y": 337.0}, {"x": 326.0, "y": 336.0}]}, "description": "55. 00"}, {"boundingPoly": {"vertices": [{"x": 155.0, "y": 66.0}, {"x": 261.0, "y": 66.0}, {"x": 261.0, "y": 87.0}, {"x": 156.0, "y": 88.0}]}, "description": "merchant name"}, {"boundingPoly": {"vertices": [{"x": 97.0, "y": 96.0}, {"x": 313.0, "y": 95.0}, {"x": 313.0, "y": 118.0}, {"x": 97.0, "y": 119.0}]}, "description": "GS1 06AMPP5473LIZF"}, {"boundingPoly": {"vertices": [{"x": 19.0, "y": 157.0}, {"x": 180.0, "y": 157.0}, {"x": 180.0, "y": 181.0}, {"x": 19.0, "y": 181.0}]}, "description": " SILL NO:82737"}, {"boundingPoly": {"vertices": [{"x": 233.0, "y": 155.0}, {"x": 292.0, "y": 155.0}, {"x": 292.0, "y": 182.0}, {"x": 233.0, "y": 182.0}]}, "description": " DATE:"}, {"boundingPoly": {"vertices": [{"x": 234.0, "y": 188.0}, {"x": 292.0, "y": 188.0}, {"x": 292.0, "y": 213.0}, {"x": 234.0, "y": 213.0}]}, "description": " TIME:"}, {"boundingPoly": {"vertices": [{"x": 297.0, "y": 153.0}, {"x": 379.0, "y": 153.0}, {"x": 379.0, "y": 183.0}, {"x": 297.0, "y": 183.0}]}, "description": " 09/09/1"}, {"boundingPoly": {"vertices": [{"x": 297.0, "y": 188.0}, {"x": 359.0, "y": 188.0}, {"x": 359.0, "y": 214.0}, {"x": 297.0, "y": 214.0}]}, "description": " 20:18"}, {"boundingPoly": {"vertices": [{"x": 45.0, "y": 251.0}, {"x": 75.0, "y": 250.0}, {"x": 76.0, "y": 274.0}, {"x": 46.0, "y": 275.0}]}, "description": "EM"}, {"boundingPoly": {"vertices": [{"x": 129.0, "y": 249.0}, {"x": 167.0, "y": 250.0}, {"x": 168.0, "y": 272.0}, {"x": 130.0, "y": 272.0}]}, "description": "OTY"}, {"boundingPoly": {"vertices": [{"x": 231.0, "y": 251.0}, {"x": 292.0, "y": 251.0}, {"x": 292.0, "y": 275.0}, {"x": 230.0, "y": 275.0}]}, "description": "PRICE"}, {"boundingPoly": {"vertices": [{"x": 320.0, "y": 252.0}, {"x": 402.0, "y": 253.0}, {"x": 401.0, "y": 276.0}, {"x": 319.0, "y": 274.0}]}, "description": "AMOUNT"}, {"boundingPoly": {"vertices": [{"x": 14.0, "y": 278.0}, {"x": 15.0, "y": 1.0}, {"x": 44.0, "y": 1.0}, {"x": 41.0, "y": 279.0}]}, "description": "American Express\u00ae Ca"}, {"boundingPoly": {"vertices": [{"x": 23.0, "y": 314.0}, {"x": 93.0, "y": 313.0}, {"x": 93.0, "y": 335.0}, {"x": 23.0, "y": 336.0}]}, "description": "COMBO1"}, {"boundingPoly": {"vertices": [{"x": 174.0, "y": 314.0}, {"x": 199.0, "y": 313.0}, {"x": 198.0, "y": 334.0}, {"x": 175.0, "y": 335.0}]}, "description": "IP"}, {"boundingPoly": {"vertices": [{"x": 237.0, "y": 316.0}, {"x": 302.0, "y": 313.0}, {"x": 302.0, "y": 336.0}, {"x": 238.0, "y": 338.0}]}, "description": "55. 00"}, {"boundingPoly": {"vertices": [{"x": 22.0, "y": 376.0}, {"x": 86.0, "y": 375.0}, {"x": 87.0, "y": 398.0}, {"x": 22.0, "y": 399.0}]}, "description": "TOTAL"}, {"boundingPoly": {"vertices": [{"x": 330.0, "y": 378.0}, {"x": 389.0, "y": 379.0}, {"x": 389.0, "y": 401.0}, {"x": 330.0, "y": 401.0}]}, "description": "55. 00"}, {"boundingPoly": {"vertices": [{"x": 21.0, "y": 438.0}, {"x": 87.0, "y": 438.0}, {"x": 87.0, "y": 463.0}, {"x": 21.0, "y": 463.0}]}, "description": " PRICE"}, {"boundingPoly": {"vertices": [{"x": 91.0, "y": 438.0}, {"x": 120.0, "y": 438.0}, {"x": 120.0, "y": 461.0}, {"x": 91.0, "y": 461.0}]}, "description": " IS"}, {"boundingPoly": {"vertices": [{"x": 124.0, "y": 438.0}, {"x": 232.0, "y": 438.0}, {"x": 232.0, "y": 461.0}, {"x": 124.0, "y": 461.0}]}, "description": " INCLUSIVE"}, {"boundingPoly": {"vertices": [{"x": 237.0, "y": 439.0}, {"x": 275.0, "y": 439.0}, {"x": 275.0, "y": 462.0}, {"x": 237.0, "y": 462.0}]}, "description": " GST"}]}