{"textAnnotations": [{"boundingPoly": {"vertices": [{"x": 140.0, "y": 95.0}, {"x": 372.0, "y": 95.0}, {"x": 372.0, "y": 117.0}, {"x": 140.0, "y": 117.0}]}, "description": "merchant name"}, {"boundingPoly": {"vertices": [{"x": 170.0, "y": 117.0}, {"x": 362.0, "y": 117.0}, {"x": 362.0, "y": 139.0}, {"x": 170.0, "y": 139.0}]}, "description": "merchant address"}, {"boundingPoly": {"vertices": [{"x": 260.0, "y": 137.0}, {"x": 333.0, "y": 137.0}, {"x": 332.0, "y": 158.0}, {"x": 260.0, "y": 158.0}]}, "description": "merchant address"}, {"boundingPoly": {"vertices": [{"x": 247.0, "y": 158.0}, {"x": 336.0, "y": 158.0}, {"x": 337.0, "y": 178.0}, {"x": 247.0, "y": 178.0}]}, "description": "merchant address"}, {"boundingPoly": {"vertices": [{"x": 161.0, "y": 194.0}, {"x": 291.0, "y": 193.0}, {"x": 292.0, "y": 217.0}, {"x": 162.0, "y": 218.0}]}, "description": "1051 Tytianna"}, {"boundingPoly": {"vertices": [{"x": 193.0, "y": 233.0}, {"x": 414.0, "y": 233.0}, {"x": 414.0, "y": 256.0}, {"x": 193.0, "y": 256.0}]}, "description": " Nov11'19 12:37P Gst 0"}, {"boundingPoly": {"vertices": [{"x": 126.0, "y": 274.0}, {"x": 263.0, "y": 272.0}, {"x": 263.0, "y": 292.0}, {"x": 127.0, "y": 294.0}]}, "description": "Dine In"}, {"boundingPoly": {"vertices": [{"x": 26.0, "y": 235.0}, {"x": 107.0, "y": 234.0}, {"x": 108.0, "y": 254.0}, {"x": 26.0, "y": 255.0}]}, "description": "Chk 1047"}, {"boundingPoly": {"vertices": [{"x": 80.0, "y": 293.0}, {"x": 165.0, "y": 290.0}, {"x": 166.0, "y": 313.0}, {"x": 80.0, "y": 316.0}]}, "description": "Aquafina"}, {"boundingPoly": {"vertices": [{"x": 67.0, "y": 314.0}, {"x": 81.0, "y": 314.0}, {"x": 81.0, "y": 333.0}, {"x": 67.0, "y": 333.0}]}, "description": " 1"}, {"boundingPoly": {"vertices": [{"x": 359.0, "y": 291.0}, {"x": 400.0, "y": 292.0}, {"x": 399.0, "y": 310.0}, {"x": 359.0, "y": 309.0}]}, "description": "3.25"}, {"boundingPoly": {"vertices": [{"x": 360.0, "y": 309.0}, {"x": 399.0, "y": 311.0}, {"x": 399.0, "y": 329.0}, {"x": 359.0, "y": 325.0}]}, "description": "5.50"}, {"boundingPoly": {"vertices": [{"x": 361.0, "y": 328.0}, {"x": 399.0, "y": 328.0}, {"x": 399.0, "y": 347.0}, {"x": 360.0, "y": 346.0}]}, "description": "3.89"}, {"boundingPoly": {"vertices": [{"x": 84.0, "y": 312.0}, {"x": 175.0, "y": 312.0}, {"x": 175.0, "y": 333.0}, {"x": 84.0, "y": 333.0}]}, "description": " Fruit Cup"}, {"boundingPoly": {"vertices": [{"x": 168.0, "y": 347.0}, {"x": 312.0, "y": 343.0}, {"x": 313.0, "y": 363.0}, {"x": 169.0, "y": 367.0}]}, "description": "XXXXXXXXXXX3003"}, {"boundingPoly": {"vertices": [{"x": 85.0, "y": 329.0}, {"x": 204.0, "y": 324.0}, {"x": 205.0, "y": 349.0}, {"x": 85.0, "y": 354.0}]}, "description": "Protien Pack"}, {"boundingPoly": {"vertices": [{"x": 93.0, "y": 368.0}, {"x": 132.0, "y": 368.0}, {"x": 132.0, "y": 383.0}, {"x": 93.0, "y": 385.0}]}, "description": "Amex"}, {"boundingPoly": {"vertices": [{"x": 95.0, "y": 396.0}, {"x": 170.0, "y": 396.0}, {"x": 170.0, "y": 416.0}, {"x": 95.0, "y": 416.0}]}, "description": "Subtotal"}, {"boundingPoly": {"vertices": [{"x": 96.0, "y": 414.0}, {"x": 127.0, "y": 414.0}, {"x": 127.0, "y": 435.0}, {"x": 96.0, "y": 435.0}]}, "description": "Tax"}, {"boundingPoly": {"vertices": [{"x": 355.0, "y": 362.0}, {"x": 401.0, "y": 363.0}, {"x": 400.0, "y": 385.0}, {"x": 354.0, "y": 384.0}]}, "description": "13.44"}, {"boundingPoly": {"vertices": [{"x": 354.0, "y": 397.0}, {"x": 401.0, "y": 399.0}, {"x": 399.0, "y": 417.0}, {"x": 354.0, "y": 417.0}]}, "description": "12.64"}, {"boundingPoly": {"vertices": [{"x": 360.0, "y": 417.0}, {"x": 399.0, "y": 417.0}, {"x": 399.0, "y": 436.0}, {"x": 360.0, "y": 435.0}]}, "description": "0.80"}, {"boundingPoly": {"vertices": [{"x": 354.0, "y": 437.0}, {"x": 401.0, "y": 436.0}, {"x": 400.0, "y": 455.0}, {"x": 354.0, "y": 455.0}]}, "description": "13.44"}, {"boundingPoly": {"vertices": [{"x": 96.0, "y": 433.0}, {"x": 162.0, "y": 432.0}, {"x": 162.0, "y": 455.0}, {"x": 96.0, "y": 455.0}]}, "description": "Payment"}, {"boundingPoly": {"vertices": [{"x": 94.0, "y": 469.0}, {"x": 182.0, "y": 470.0}, {"x": 181.0, "y": 489.0}, {"x": 94.0, "y": 489.0}]}, "description": "Sales Tax"}, {"boundingPoly": {"vertices": [{"x": 145.0, "y": 489.0}, {"x": 309.0, "y": 489.0}, {"x": 309.0, "y": 509.0}, {"x": 145.0, "y": 509.0}]}, "description": "1051 Check Closed-"}, {"boundingPoly": {"vertices": [{"x": 148.0, "y": 507.0}, {"x": 310.0, "y": 507.0}, {"x": 310.0, "y": 529.0}, {"x": 148.0, "y": 529.0}]}, "description": " -Nov11'19 12:37PM-"}, {"boundingPoly": {"vertices": [{"x": 103.0, "y": 538.0}, {"x": 396.0, "y": 544.0}, {"x": 395.0, "y": 568.0}, {"x": 103.0, "y": 562.0}]}, "description": "If we did or did not exceed your"}, {"boundingPoly": {"vertices": [{"x": 125.0, "y": 578.0}, {"x": 263.0, "y": 578.0}, {"x": 263.0, "y": 601.0}, {"x": 125.0, "y": 601.0}]}, "description": " hear from you."}, {"boundingPoly": {"vertices": [{"x": 139.0, "y": 611.0}, {"x": 366.0, "y": 621.0}, {"x": 365.0, "y": 640.0}, {"x": 139.0, "y": 632.0}]}, "description": "124@hbfcares.com, or text"}, {"boundingPoly": {"vertices": [{"x": 361.0, "y": 472.0}, {"x": 400.0, "y": 472.0}, {"x": 399.0, "y": 491.0}, {"x": 361.0, "y": 491.0}]}, "description": "0.80"}, {"boundingPoly": {"vertices": [{"x": 114.0, "y": 561.0}, {"x": 389.0, "y": 565.0}, {"x": 388.0, "y": 586.0}, {"x": 114.0, "y": 580.0}]}, "description": "expectations, we would like to"}, {"boundingPoly": {"vertices": [{"x": 128.0, "y": 595.0}, {"x": 374.0, "y": 604.0}, {"x": 373.0, "y": 622.0}, {"x": 128.0, "y": 613.0}]}, "description": "800-426-5971 x1021 or email"}, {"boundingPoly": {"vertices": [{"x": 196.0, "y": 633.0}, {"x": 307.0, "y": 637.0}, {"x": 306.0, "y": 656.0}, {"x": 195.0, "y": 651.0}]}, "description": "merchant phone"}, {"boundingPoly": {"vertices": [{"x": 269.0, "y": 582.0}, {"x": 373.0, "y": 582.0}, {"x": 373.0, "y": 604.0}, {"x": 269.0, "y": 604.0}]}, "description": " Please call"}]}