{"textAnnotations": [{"boundingPoly": {"vertices": [{"x": 39.0, "y": 22.0}, {"x": 188.0, "y": 22.0}, {"x": 188.0, "y": 62.0}, {"x": 39.0, "y": 62.0}]}, "description": " Supper while"}, {"boundingPoly": {"vertices": [{"x": 128.0, "y": 77.0}, {"x": 206.0, "y": 77.0}, {"x": 206.0, "y": 92.0}, {"x": 128.0, "y": 92.0}]}, "description": "merchant name"}, {"boundingPoly": {"vertices": [{"x": 70.0, "y": 90.0}, {"x": 165.0, "y": 90.0}, {"x": 165.0, "y": 106.0}, {"x": 70.0, "y": 106.0}]}, "description": "merchant address"}, {"boundingPoly": {"vertices": [{"x": 96.0, "y": 112.0}, {"x": 194.0, "y": 112.0}, {"x": 194.0, "y": 129.0}, {"x": 96.0, "y": 129.0}]}, "description": " 80263594RT0001"}, {"boundingPoly": {"vertices": [{"x": 70.0, "y": 140.0}, {"x": 101.0, "y": 140.0}, {"x": 101.0, "y": 157.0}, {"x": 70.0, "y": 157.0}]}, "description": " Call"}, {"boundingPoly": {"vertices": [{"x": 28.0, "y": 165.0}, {"x": 236.0, "y": 165.0}, {"x": 236.0, "y": 187.0}, {"x": 28.0, "y": 187.0}]}, "description": " Chk 9900 Oct23 19 07:49P Gst 1"}, {"boundingPoly": {"vertices": [{"x": 54.0, "y": 199.0}, {"x": 156.0, "y": 195.0}, {"x": 157.0, "y": 210.0}, {"x": 54.0, "y": 214.0}]}, "description": "Delivery"}, {"boundingPoly": {"vertices": [{"x": 55.0, "y": 227.0}, {"x": 128.0, "y": 223.0}, {"x": 129.0, "y": 238.0}, {"x": 56.0, "y": 242.0}]}, "description": "AMEX $22.76"}, {"boundingPoly": {"vertices": [{"x": 56.0, "y": 253.0}, {"x": 175.0, "y": 247.0}, {"x": 176.0, "y": 264.0}, {"x": 56.0, "y": 270.0}]}, "description": "TIP INCLUDED $2.67"}, {"boundingPoly": {"vertices": [{"x": 57.0, "y": 280.0}, {"x": 98.0, "y": 280.0}, {"x": 98.0, "y": 293.0}, {"x": 57.0, "y": 294.0}]}, "description": "Online"}, {"boundingPoly": {"vertices": [{"x": 56.0, "y": 302.0}, {"x": 143.0, "y": 302.0}, {"x": 143.0, "y": 316.0}, {"x": 56.0, "y": 316.0}]}, "description": "Delivery Time"}, {"boundingPoly": {"vertices": [{"x": 56.0, "y": 325.0}, {"x": 112.0, "y": 325.0}, {"x": 112.0, "y": 340.0}, {"x": 56.0, "y": 340.0}]}, "description": " 08:39 PM"}, {"boundingPoly": {"vertices": [{"x": 196.0, "y": 20.0}, {"x": 288.0, "y": 20.0}, {"x": 288.0, "y": 56.0}, {"x": 196.0, "y": 56.0}]}, "description": " Travelling"}, {"boundingPoly": {"vertices": [{"x": 53.0, "y": 78.0}, {"x": 126.0, "y": 78.0}, {"x": 126.0, "y": 94.0}, {"x": 53.0, "y": 94.0}]}, "description": "merchant name"}, {"boundingPoly": {"vertices": [{"x": 52.0, "y": 102.0}, {"x": 151.0, "y": 102.0}, {"x": 151.0, "y": 119.0}, {"x": 52.0, "y": 119.0}]}, "description": "merchant address"}, {"boundingPoly": {"vertices": [{"x": 167.0, "y": 90.0}, {"x": 185.0, "y": 90.0}, {"x": 185.0, "y": 102.0}, {"x": 167.0, "y": 102.0}]}, "description": "merchant address"}, {"boundingPoly": {"vertices": [{"x": 154.0, "y": 101.0}, {"x": 179.0, "y": 101.0}, {"x": 179.0, "y": 114.0}, {"x": 154.0, "y": 114.0}]}, "description": "merchant address"}, {"boundingPoly": {"vertices": [{"x": 182.0, "y": 101.0}, {"x": 202.0, "y": 101.0}, {"x": 202.0, "y": 114.0}, {"x": 182.0, "y": 114.0}]}, "description": "merchant address"}, {"boundingPoly": {"vertices": [{"x": 65.0, "y": 115.0}, {"x": 94.0, "y": 115.0}, {"x": 94.0, "y": 130.0}, {"x": 65.0, "y": 130.0}]}, "description": " REG:"}, {"boundingPoly": {"vertices": [{"x": 33.0, "y": 141.0}, {"x": 67.0, "y": 141.0}, {"x": 67.0, "y": 158.0}, {"x": 33.0, "y": 158.0}]}, "description": " 20999"}, {"boundingPoly": {"vertices": [{"x": 54.0, "y": 214.0}, {"x": 102.0, "y": 211.0}, {"x": 103.0, "y": 225.0}, {"x": 55.0, "y": 228.0}]}, "description": "PREPAID"}, {"boundingPoly": {"vertices": [{"x": 95.0, "y": 404.0}, {"x": 150.0, "y": 404.0}, {"x": 150.0, "y": 419.0}, {"x": 95.0, "y": 419.0}]}, "description": " 915-5745"}, {"boundingPoly": {"vertices": [{"x": 57.0, "y": 428.0}, {"x": 168.0, "y": 428.0}, {"x": 168.0, "y": 442.0}, {"x": 57.0, "y": 443.0}]}, "description": "900 York Mills Rd"}, {"boundingPoly": {"vertices": [{"x": 103.0, "y": 452.0}, {"x": 129.0, "y": 452.0}, {"x": 129.0, "y": 467.0}, {"x": 103.0, "y": 467.0}]}, "description": " 1710"}, {"boundingPoly": {"vertices": [{"x": 95.0, "y": 476.0}, {"x": 129.0, "y": 476.0}, {"x": 129.0, "y": 491.0}, {"x": 95.0, "y": 491.0}]}, "description": " York,"}, {"boundingPoly": {"vertices": [{"x": 56.0, "y": 501.0}, {"x": 96.0, "y": 501.0}, {"x": 96.0, "y": 515.0}, {"x": 56.0, "y": 515.0}]}, "description": "M383H2"}, {"boundingPoly": {"vertices": [{"x": 59.0, "y": 405.0}, {"x": 93.0, "y": 405.0}, {"x": 93.0, "y": 419.0}, {"x": 59.0, "y": 419.0}]}, "description": " (514)"}, {"boundingPoly": {"vertices": [{"x": 57.0, "y": 453.0}, {"x": 100.0, "y": 453.0}, {"x": 100.0, "y": 467.0}, {"x": 57.0, "y": 467.0}]}, "description": " Room#:"}, {"boundingPoly": {"vertices": [{"x": 57.0, "y": 477.0}, {"x": 92.0, "y": 477.0}, {"x": 92.0, "y": 491.0}, {"x": 57.0, "y": 491.0}]}, "description": " North"}, {"boundingPoly": {"vertices": [{"x": 132.0, "y": 476.0}, {"x": 149.0, "y": 476.0}, {"x": 149.0, "y": 491.0}, {"x": 132.0, "y": 491.0}]}, "description": " ON"}, {"boundingPoly": {"vertices": [{"x": 55.0, "y": 527.0}, {"x": 110.0, "y": 527.0}, {"x": 109.0, "y": 543.0}, {"x": 55.0, "y": 543.0}]}, "description": "Building"}, {"boundingPoly": {"vertices": [{"x": 55.0, "y": 555.0}, {"x": 83.0, "y": 555.0}, {"x": 83.0, "y": 570.0}, {"x": 55.0, "y": 570.0}]}, "description": " name:"}, {"boundingPoly": {"vertices": [{"x": 54.0, "y": 581.0}, {"x": 63.0, "y": 582.0}, {"x": 63.0, "y": 593.0}, {"x": 54.0, "y": 592.0}]}, "description": "2"}, {"boundingPoly": {"vertices": [{"x": 86.0, "y": 555.0}, {"x": 174.0, "y": 555.0}, {"x": 174.0, "y": 569.0}, {"x": 86.0, "y": 569.0}]}, "description": " Westin Prince"}, {"boundingPoly": {"vertices": [{"x": 56.0, "y": 620.0}, {"x": 97.0, "y": 620.0}, {"x": 97.0, "y": 634.0}, {"x": 56.0, "y": 634.0}]}, "description": " eSwiss"}, {"boundingPoly": {"vertices": [{"x": 99.0, "y": 619.0}, {"x": 142.0, "y": 619.0}, {"x": 142.0, "y": 634.0}, {"x": 99.0, "y": 634.0}]}, "description": " Ticket"}, {"boundingPoly": {"vertices": [{"x": 56.0, "y": 645.0}, {"x": 111.0, "y": 645.0}, {"x": 111.0, "y": 660.0}, {"x": 56.0, "y": 660.0}]}, "description": " 20191023"}, {"boundingPoly": {"vertices": [{"x": 81.0, "y": 670.0}, {"x": 117.0, "y": 670.0}, {"x": 117.0, "y": 685.0}, {"x": 81.0, "y": 685.0}]}, "description": " FRIES"}, {"boundingPoly": {"vertices": [{"x": 81.0, "y": 683.0}, {"x": 130.0, "y": 683.0}, {"x": 130.0, "y": 698.0}, {"x": 81.0, "y": 698.0}]}, "description": " CHICKEN"}, {"boundingPoly": {"vertices": [{"x": 68.0, "y": 707.0}, {"x": 135.0, "y": 707.0}, {"x": 136.0, "y": 719.0}, {"x": 68.0, "y": 720.0}]}, "description": "WHITE MEAT"}, {"boundingPoly": {"vertices": [{"x": 68.0, "y": 719.0}, {"x": 141.0, "y": 718.0}, {"x": 141.0, "y": 730.0}, {"x": 68.0, "y": 731.0}]}, "description": "+ GARON SLD"}, {"boundingPoly": {"vertices": [{"x": 66.0, "y": 730.0}, {"x": 133.0, "y": 730.0}, {"x": 133.0, "y": 744.0}, {"x": 66.0, "y": 744.0}]}, "description": " VIN BALSMC"}, {"boundingPoly": {"vertices": [{"x": 144.0, "y": 618.0}, {"x": 154.0, "y": 618.0}, {"x": 154.0, "y": 633.0}, {"x": 144.0, "y": 633.0}]}, "description": " #"}, {"boundingPoly": {"vertices": [{"x": 113.0, "y": 645.0}, {"x": 160.0, "y": 645.0}, {"x": 160.0, "y": 660.0}, {"x": 113.0, "y": 660.0}]}, "description": " 1217034"}, {"boundingPoly": {"vertices": [{"x": 44.0, "y": 672.0}, {"x": 53.0, "y": 672.0}, {"x": 53.0, "y": 686.0}, {"x": 44.0, "y": 686.0}]}, "description": " 1"}, {"boundingPoly": {"vertices": [{"x": 45.0, "y": 684.0}, {"x": 55.0, "y": 684.0}, {"x": 55.0, "y": 698.0}, {"x": 45.0, "y": 698.0}]}, "description": " 1"}, {"boundingPoly": {"vertices": [{"x": 56.0, "y": 671.0}, {"x": 79.0, "y": 671.0}, {"x": 79.0, "y": 685.0}, {"x": 56.0, "y": 685.0}]}, "description": " ADD"}, {"boundingPoly": {"vertices": [{"x": 58.0, "y": 684.0}, {"x": 79.0, "y": 684.0}, {"x": 79.0, "y": 698.0}, {"x": 58.0, "y": 698.0}]}, "description": " 1/4"}, {"boundingPoly": {"vertices": [{"x": 187.0, "y": 670.0}, {"x": 217.0, "y": 670.0}, {"x": 216.0, "y": 683.0}, {"x": 187.0, "y": 683.0}]}, "description": "2.99"}, {"boundingPoly": {"vertices": [{"x": 183.0, "y": 683.0}, {"x": 218.0, "y": 682.0}, {"x": 216.0, "y": 694.0}, {"x": 183.0, "y": 695.0}]}, "description": "14.79"}, {"boundingPoly": {"vertices": [{"x": 67.0, "y": 694.0}, {"x": 143.0, "y": 694.0}, {"x": 143.0, "y": 708.0}, {"x": 67.0, "y": 708.0}]}, "description": "1/4 CHICKEN"}, {"boundingPoly": {"vertices": [{"x": 136.0, "y": 730.0}, {"x": 172.0, "y": 730.0}, {"x": 172.0, "y": 744.0}, {"x": 136.0, "y": 744.0}]}, "description": " DRESS"}, {"boundingPoly": {"vertices": [{"x": 66.0, "y": 742.0}, {"x": 134.0, "y": 741.0}, {"x": 134.0, "y": 755.0}, {"x": 66.0, "y": 756.0}]}, "description": "WHITE ROLL"}, {"boundingPoly": {"vertices": [{"x": 51.0, "y": 767.0}, {"x": 79.0, "y": 766.0}, {"x": 80.0, "y": 779.0}, {"x": 51.0, "y": 780.0}]}, "description": "Food"}, {"boundingPoly": {"vertices": [{"x": 50.0, "y": 779.0}, {"x": 75.0, "y": 777.0}, {"x": 75.0, "y": 790.0}, {"x": 50.0, "y": 791.0}]}, "description": "HIST"}, {"boundingPoly": {"vertices": [{"x": 49.0, "y": 791.0}, {"x": 110.0, "y": 791.0}, {"x": 110.0, "y": 804.0}, {"x": 49.0, "y": 804.0}]}, "description": "Total Due"}, {"boundingPoly": {"vertices": [{"x": 183.0, "y": 766.0}, {"x": 215.0, "y": 766.0}, {"x": 214.0, "y": 779.0}, {"x": 183.0, "y": 780.0}]}, "description": "17.78"}, {"boundingPoly": {"vertices": [{"x": 185.0, "y": 778.0}, {"x": 212.0, "y": 778.0}, {"x": 212.0, "y": 791.0}, {"x": 185.0, "y": 791.0}]}, "description": "2.31"}, {"boundingPoly": {"vertices": [{"x": 147.0, "y": 789.0}, {"x": 213.0, "y": 790.0}, {"x": 213.0, "y": 804.0}, {"x": 147.0, "y": 803.0}]}, "description": "20.09"}]}