{"textAnnotations": [{"boundingPoly": {"vertices": [{"x": 8.0, "y": 8.0}, {"x": 43.0, "y": 8.0}, {"x": 43.0, "y": 37.0}, {"x": 8.0, "y": 37.0}]}, "description": " .ll"}, {"boundingPoly": {"vertices": [{"x": 49.0, "y": 5.0}, {"x": 193.0, "y": 5.0}, {"x": 193.0, "y": 37.0}, {"x": 49.0, "y": 37.0}]}, "description": " Vodafone IN"}, {"boundingPoly": {"vertices": [{"x": 292.0, "y": 9.0}, {"x": 355.0, "y": 9.0}, {"x": 355.0, "y": 31.0}, {"x": 292.0, "y": 31.0}]}, "description": " 17:20"}, {"boundingPoly": {"vertices": [{"x": 493.0, "y": 8.0}, {"x": 546.0, "y": 9.0}, {"x": 547.0, "y": 29.0}, {"x": 494.0, "y": 30.0}]}, "description": "@ 'O"}, {"boundingPoly": {"vertices": [{"x": 65.0, "y": 72.0}, {"x": 110.0, "y": 72.0}, {"x": 110.0, "y": 93.0}, {"x": 66.0, "y": 93.0}]}, "description": "316"}, {"boundingPoly": {"vertices": [{"x": 162.0, "y": 133.0}, {"x": 472.0, "y": 136.0}, {"x": 472.0, "y": 169.0}, {"x": 162.0, "y": 164.0}]}, "description": "Powered by 1Razorpay"}, {"boundingPoly": {"vertices": [{"x": 252.0, "y": 242.0}, {"x": 409.0, "y": 242.0}, {"x": 409.0, "y": 274.0}, {"x": 252.0, "y": 273.0}]}, "description": "merchant name"}, {"boundingPoly": {"vertices": [{"x": 247.0, "y": 354.0}, {"x": 394.0, "y": 354.0}, {"x": 394.0, "y": 393.0}, {"x": 247.0, "y": 392.0}]}, "description": "<162.00"}, {"boundingPoly": {"vertices": [{"x": 284.0, "y": 421.0}, {"x": 459.0, "y": 421.0}, {"x": 459.0, "y": 454.0}, {"x": 284.0, "y": 454.0}]}, "description": " Successfully"}, {"boundingPoly": {"vertices": [{"x": 217.0, "y": 422.0}, {"x": 279.0, "y": 422.0}, {"x": 279.0, "y": 450.0}, {"x": 217.0, "y": 450.0}]}, "description": " Paid"}, {"boundingPoly": {"vertices": [{"x": 91.0, "y": 562.0}, {"x": 236.0, "y": 561.0}, {"x": 236.0, "y": 590.0}, {"x": 91.0, "y": 590.0}]}, "description": "Payment Id"}, {"boundingPoly": {"vertices": [{"x": 91.0, "y": 605.0}, {"x": 362.0, "y": 600.0}, {"x": 362.0, "y": 630.0}, {"x": 91.0, "y": 636.0}]}, "description": "pay_DabEOlX7tosDKC"}, {"boundingPoly": {"vertices": [{"x": 94.0, "y": 687.0}, {"x": 149.0, "y": 687.0}, {"x": 149.0, "y": 712.0}, {"x": 94.0, "y": 712.0}]}, "description": " Paid"}, {"boundingPoly": {"vertices": [{"x": 92.0, "y": 726.0}, {"x": 278.0, "y": 726.0}, {"x": 278.0, "y": 756.0}, {"x": 92.0, "y": 757.0}]}, "description": "31st Oct, 2019"}, {"boundingPoly": {"vertices": [{"x": 154.0, "y": 686.0}, {"x": 191.0, "y": 686.0}, {"x": 191.0, "y": 712.0}, {"x": 154.0, "y": 712.0}]}, "description": " On"}, {"boundingPoly": {"vertices": [{"x": 93.0, "y": 811.0}, {"x": 188.0, "y": 810.0}, {"x": 188.0, "y": 834.0}, {"x": 93.0, "y": 835.0}]}, "description": "Method"}, {"boundingPoly": {"vertices": [{"x": 93.0, "y": 851.0}, {"x": 372.0, "y": 850.0}, {"x": 372.0, "y": 877.0}, {"x": 93.0, "y": 878.0}]}, "description": "XXXX-XXXX-XXXX-1003"}, {"boundingPoly": {"vertices": [{"x": 93.0, "y": 895.0}, {"x": 153.0, "y": 894.0}, {"x": 154.0, "y": 918.0}, {"x": 94.0, "y": 919.0}]}, "description": "Card"}, {"boundingPoly": {"vertices": [{"x": 93.0, "y": 977.0}, {"x": 177.0, "y": 977.0}, {"x": 177.0, "y": 1002.0}, {"x": 93.0, "y": 1002.0}]}, "description": " Mobile"}, {"boundingPoly": {"vertices": [{"x": 95.0, "y": 1017.0}, {"x": 286.0, "y": 1017.0}, {"x": 286.0, "y": 1044.0}, {"x": 95.0, "y": 1043.0}]}, "description": "+919820834199"}, {"boundingPoly": {"vertices": [{"x": 181.0, "y": 977.0}, {"x": 284.0, "y": 977.0}, {"x": 284.0, "y": 1002.0}, {"x": 181.0, "y": 1002.0}]}, "description": " Number"}]}