{"textAnnotations": [{"boundingPoly": {"vertices": [{"x": 215.0, "y": 145.0}, {"x": 529.0, "y": 151.0}, {"x": 527.0, "y": 219.0}, {"x": 215.0, "y": 209.0}]}, "description": "merchant name"}, {"boundingPoly": {"vertices": [{"x": 282.0, "y": 246.0}, {"x": 401.0, "y": 246.0}, {"x": 401.0, "y": 266.0}, {"x": 282.0, "y": 266.0}]}, "description": "merchant address"}, {"boundingPoly": {"vertices": [{"x": 264.0, "y": 268.0}, {"x": 494.0, "y": 268.0}, {"x": 494.0, "y": 290.0}, {"x": 264.0, "y": 290.0}]}, "description": "merchant address"}, {"boundingPoly": {"vertices": [{"x": 253.0, "y": 291.0}, {"x": 368.0, "y": 291.0}, {"x": 368.0, "y": 313.0}, {"x": 253.0, "y": 313.0}]}, "description": "merchant address"}, {"boundingPoly": {"vertices": [{"x": 254.0, "y": 313.0}, {"x": 428.0, "y": 314.0}, {"x": 428.0, "y": 336.0}, {"x": 254.0, "y": 335.0}]}, "description": "merchant phone"}, {"boundingPoly": {"vertices": [{"x": 265.0, "y": 204.0}, {"x": 477.0, "y": 206.0}, {"x": 476.0, "y": 228.0}, {"x": 265.0, "y": 224.0}]}, "description": "merchant name"}, {"boundingPoly": {"vertices": [{"x": 187.0, "y": 267.0}, {"x": 260.0, "y": 267.0}, {"x": 260.0, "y": 288.0}, {"x": 187.0, "y": 288.0}]}, "description": "merchant address"}, {"boundingPoly": {"vertices": [{"x": 376.0, "y": 291.0}, {"x": 428.0, "y": 291.0}, {"x": 428.0, "y": 312.0}, {"x": 376.0, "y": 312.0}]}, "description": " 85050"}, {"boundingPoly": {"vertices": [{"x": 173.0, "y": 360.0}, {"x": 258.0, "y": 360.0}, {"x": 259.0, "y": 381.0}, {"x": 173.0, "y": 382.0}]}, "description": "Check 171"}, {"boundingPoly": {"vertices": [{"x": 175.0, "y": 384.0}, {"x": 238.0, "y": 384.0}, {"x": 239.0, "y": 405.0}, {"x": 175.0, "y": 406.0}]}, "description": "Ryan T."}, {"boundingPoly": {"vertices": [{"x": 175.0, "y": 407.0}, {"x": 207.0, "y": 407.0}, {"x": 207.0, "y": 428.0}, {"x": 175.0, "y": 428.0}]}, "description": " Eat"}, {"boundingPoly": {"vertices": [{"x": 417.0, "y": 385.0}, {"x": 512.0, "y": 386.0}, {"x": 512.0, "y": 408.0}, {"x": 417.0, "y": 408.0}]}, "description": "11/11/2019"}, {"boundingPoly": {"vertices": [{"x": 443.0, "y": 410.0}, {"x": 511.0, "y": 410.0}, {"x": 511.0, "y": 431.0}, {"x": 443.0, "y": 431.0}]}, "description": " 6:33 PM"}, {"boundingPoly": {"vertices": [{"x": 211.0, "y": 408.0}, {"x": 232.0, "y": 408.0}, {"x": 232.0, "y": 428.0}, {"x": 211.0, "y": 428.0}]}, "description": " In"}, {"boundingPoly": {"vertices": [{"x": 202.0, "y": 454.0}, {"x": 244.0, "y": 454.0}, {"x": 244.0, "y": 474.0}, {"x": 202.0, "y": 474.0}]}, "description": " Love"}, {"boundingPoly": {"vertices": [{"x": 210.0, "y": 476.0}, {"x": 325.0, "y": 477.0}, {"x": 325.0, "y": 499.0}, {"x": 210.0, "y": 497.0}]}, "description": "Plain Waffle"}, {"boundingPoly": {"vertices": [{"x": 202.0, "y": 500.0}, {"x": 248.0, "y": 501.0}, {"x": 248.0, "y": 519.0}, {"x": 201.0, "y": 518.0}]}, "description": "Water"}, {"boundingPoly": {"vertices": [{"x": 247.0, "y": 454.0}, {"x": 270.0, "y": 454.0}, {"x": 270.0, "y": 474.0}, {"x": 247.0, "y": 474.0}]}, "description": " It"}, {"boundingPoly": {"vertices": [{"x": 273.0, "y": 454.0}, {"x": 306.0, "y": 454.0}, {"x": 306.0, "y": 474.0}, {"x": 273.0, "y": 474.0}]}, "description": " CYO"}, {"boundingPoly": {"vertices": [{"x": 461.0, "y": 456.0}, {"x": 499.0, "y": 456.0}, {"x": 499.0, "y": 477.0}, {"x": 461.0, "y": 476.0}]}, "description": "5.49"}, {"boundingPoly": {"vertices": [{"x": 461.0, "y": 480.0}, {"x": 501.0, "y": 480.0}, {"x": 499.0, "y": 499.0}, {"x": 462.0, "y": 499.0}]}, "description": "1.29"}, {"boundingPoly": {"vertices": [{"x": 461.0, "y": 502.0}, {"x": 500.0, "y": 503.0}, {"x": 499.0, "y": 520.0}, {"x": 461.0, "y": 520.0}]}, "description": "2.59"}, {"boundingPoly": {"vertices": [{"x": 167.0, "y": 538.0}, {"x": 243.0, "y": 540.0}, {"x": 243.0, "y": 557.0}, {"x": 167.0, "y": 556.0}]}, "description": "Subtotal"}, {"boundingPoly": {"vertices": [{"x": 163.0, "y": 558.0}, {"x": 242.0, "y": 559.0}, {"x": 241.0, "y": 577.0}, {"x": 163.0, "y": 576.0}]}, "description": "Food Tax"}, {"boundingPoly": {"vertices": [{"x": 158.0, "y": 579.0}, {"x": 278.0, "y": 579.0}, {"x": 278.0, "y": 599.0}, {"x": 158.0, "y": 598.0}]}, "description": "Beverage Tax"}, {"boundingPoly": {"vertices": [{"x": 460.0, "y": 541.0}, {"x": 498.0, "y": 542.0}, {"x": 497.0, "y": 559.0}, {"x": 459.0, "y": 558.0}]}, "description": "9.37"}, {"boundingPoly": {"vertices": [{"x": 459.0, "y": 560.0}, {"x": 500.0, "y": 562.0}, {"x": 498.0, "y": 578.0}, {"x": 459.0, "y": 578.0}]}, "description": "0.58"}, {"boundingPoly": {"vertices": [{"x": 458.0, "y": 580.0}, {"x": 497.0, "y": 581.0}, {"x": 497.0, "y": 598.0}, {"x": 457.0, "y": 598.0}]}, "description": "0.22"}, {"boundingPoly": {"vertices": [{"x": 151.0, "y": 623.0}, {"x": 201.0, "y": 623.0}, {"x": 200.0, "y": 642.0}, {"x": 151.0, "y": 643.0}]}, "description": "TOTAL"}, {"boundingPoly": {"vertices": [{"x": 449.0, "y": 621.0}, {"x": 497.0, "y": 621.0}, {"x": 496.0, "y": 642.0}, {"x": 449.0, "y": 641.0}]}, "description": "10.17"}, {"boundingPoly": {"vertices": [{"x": 153.0, "y": 670.0}, {"x": 195.0, "y": 670.0}, {"x": 194.0, "y": 690.0}, {"x": 153.0, "y": 690.0}]}, "description": "Visa"}, {"boundingPoly": {"vertices": [{"x": 173.0, "y": 695.0}, {"x": 222.0, "y": 694.0}, {"x": 223.0, "y": 714.0}, {"x": 172.0, "y": 713.0}]}, "description": "Acct."}, {"boundingPoly": {"vertices": [{"x": 153.0, "y": 717.0}, {"x": 255.0, "y": 716.0}, {"x": 255.0, "y": 737.0}, {"x": 153.0, "y": 739.0}]}, "description": "CHANGE DUE"}, {"boundingPoly": {"vertices": [{"x": 437.0, "y": 668.0}, {"x": 498.0, "y": 668.0}, {"x": 498.0, "y": 690.0}, {"x": 437.0, "y": 689.0}]}, "description": "-10.17"}, {"boundingPoly": {"vertices": [{"x": 456.0, "y": 714.0}, {"x": 501.0, "y": 715.0}, {"x": 501.0, "y": 735.0}, {"x": 457.0, "y": 735.0}]}, "description": "0.00"}, {"boundingPoly": {"vertices": [{"x": 223.0, "y": 765.0}, {"x": 443.0, "y": 764.0}, {"x": 443.0, "y": 786.0}, {"x": 223.0, "y": 787.0}]}, "description": "Thank you for visiting"}, {"boundingPoly": {"vertices": [{"x": 243.0, "y": 789.0}, {"x": 433.0, "y": 788.0}, {"x": 433.0, "y": 810.0}, {"x": 243.0, "y": 811.0}]}, "description": "Cold Stone Creamery"}, {"boundingPoly": {"vertices": [{"x": 244.0, "y": 833.0}, {"x": 422.0, "y": 831.0}, {"x": 423.0, "y": 853.0}, {"x": 244.0, "y": 855.0}]}, "description": "Please come again!"}, {"boundingPoly": {"vertices": [{"x": 194.0, "y": 1099.0}, {"x": 545.0, "y": 1120.0}, {"x": 543.0, "y": 1148.0}, {"x": 193.0, "y": 1124.0}]}, "description": "My Cold Stone Club"}, {"boundingPoly": {"vertices": [{"x": 297.0, "y": 1125.0}, {"x": 434.0, "y": 1135.0}, {"x": 432.0, "y": 1159.0}, {"x": 296.0, "y": 1148.0}]}, "description": "Rewards"}]}