{"textAnnotations": [{"boundingPoly": {"vertices": [{"x": 151.0, "y": 87.0}, {"x": 267.0, "y": 88.0}, {"x": 267.0, "y": 105.0}, {"x": 151.0, "y": 103.0}]}, "description": "merchant name"}, {"boundingPoly": {"vertices": [{"x": 150.0, "y": 106.0}, {"x": 265.0, "y": 107.0}, {"x": 264.0, "y": 124.0}, {"x": 150.0, "y": 123.0}]}, "description": "merchant address"}, {"boundingPoly": {"vertices": [{"x": 133.0, "y": 126.0}, {"x": 285.0, "y": 126.0}, {"x": 285.0, "y": 145.0}, {"x": 133.0, "y": 143.0}]}, "description": "merchant address"}, {"boundingPoly": {"vertices": [{"x": 26.0, "y": 167.0}, {"x": 376.0, "y": 167.0}, {"x": 376.0, "y": 189.0}, {"x": 26.0, "y": 189.0}]}, "description": " S0143 T01 E0059 010106 12/04/19 11:50am"}, {"boundingPoly": {"vertices": [{"x": 27.0, "y": 213.0}, {"x": 280.0, "y": 209.0}, {"x": 280.0, "y": 228.0}, {"x": 28.0, "y": 233.0}]}, "description": "KETTLE DILL PIC 084114112484"}, {"boundingPoly": {"vertices": [{"x": 168.0, "y": 233.0}, {"x": 278.0, "y": 231.0}, {"x": 278.0, "y": 249.0}, {"x": 169.0, "y": 250.0}]}, "description": "049000049930"}, {"boundingPoly": {"vertices": [{"x": 31.0, "y": 257.0}, {"x": 279.0, "y": 253.0}, {"x": 279.0, "y": 272.0}, {"x": 31.0, "y": 276.0}]}, "description": "BAZZINI PEARAIS 075062000336"}, {"boundingPoly": {"vertices": [{"x": 339.0, "y": 210.0}, {"x": 392.0, "y": 210.0}, {"x": 392.0, "y": 228.0}, {"x": 339.0, "y": 227.0}]}, "description": "1.99 N"}, {"boundingPoly": {"vertices": [{"x": 339.0, "y": 231.0}, {"x": 393.0, "y": 232.0}, {"x": 393.0, "y": 249.0}, {"x": 339.0, "y": 249.0}]}, "description": "1.79 T"}, {"boundingPoly": {"vertices": [{"x": 341.0, "y": 253.0}, {"x": 394.0, "y": 253.0}, {"x": 394.0, "y": 271.0}, {"x": 341.0, "y": 271.0}]}, "description": "1.69 N"}, {"boundingPoly": {"vertices": [{"x": 28.0, "y": 236.0}, {"x": 118.0, "y": 233.0}, {"x": 118.0, "y": 252.0}, {"x": 29.0, "y": 254.0}]}, "description": "COKE 85 OZ"}, {"boundingPoly": {"vertices": [{"x": 121.0, "y": 298.0}, {"x": 184.0, "y": 297.0}, {"x": 184.0, "y": 316.0}, {"x": 121.0, "y": 317.0}]}, "description": "Sub/Ttl"}, {"boundingPoly": {"vertices": [{"x": 123.0, "y": 320.0}, {"x": 152.0, "y": 321.0}, {"x": 152.0, "y": 337.0}, {"x": 123.0, "y": 336.0}]}, "description": "Tax"}, {"boundingPoly": {"vertices": [{"x": 122.0, "y": 340.0}, {"x": 166.0, "y": 340.0}, {"x": 166.0, "y": 357.0}, {"x": 123.0, "y": 357.0}]}, "description": "Total"}, {"boundingPoly": {"vertices": [{"x": 340.0, "y": 295.0}, {"x": 378.0, "y": 296.0}, {"x": 377.0, "y": 314.0}, {"x": 341.0, "y": 313.0}]}, "description": "5.47"}, {"boundingPoly": {"vertices": [{"x": 341.0, "y": 317.0}, {"x": 378.0, "y": 318.0}, {"x": 378.0, "y": 336.0}, {"x": 341.0, "y": 335.0}]}, "description": "0.16"}, {"boundingPoly": {"vertices": [{"x": 340.0, "y": 339.0}, {"x": 378.0, "y": 339.0}, {"x": 379.0, "y": 358.0}, {"x": 340.0, "y": 358.0}]}, "description": "5.63"}, {"boundingPoly": {"vertices": [{"x": 33.0, "y": 382.0}, {"x": 69.0, "y": 383.0}, {"x": 68.0, "y": 400.0}, {"x": 33.0, "y": 400.0}]}, "description": "AmEx"}, {"boundingPoly": {"vertices": [{"x": 341.0, "y": 382.0}, {"x": 378.0, "y": 382.0}, {"x": 379.0, "y": 404.0}, {"x": 342.0, "y": 405.0}]}, "description": "5.63"}, {"boundingPoly": {"vertices": [{"x": 75.0, "y": 406.0}, {"x": 122.0, "y": 406.0}, {"x": 122.0, "y": 424.0}, {"x": 75.0, "y": 424.0}]}, "description": " Acct:"}, {"boundingPoly": {"vertices": [{"x": 73.0, "y": 428.0}, {"x": 122.0, "y": 428.0}, {"x": 122.0, "y": 447.0}, {"x": 73.0, "y": 447.0}]}, "description": " Auth:"}, {"boundingPoly": {"vertices": [{"x": 72.0, "y": 450.0}, {"x": 157.0, "y": 450.0}, {"x": 157.0, "y": 469.0}, {"x": 72.0, "y": 469.0}]}, "description": " Trans ID:"}, {"boundingPoly": {"vertices": [{"x": 126.0, "y": 406.0}, {"x": 262.0, "y": 406.0}, {"x": 262.0, "y": 425.0}, {"x": 126.0, "y": 425.0}]}, "description": " *********** 1001"}, {"boundingPoly": {"vertices": [{"x": 125.0, "y": 428.0}, {"x": 183.0, "y": 428.0}, {"x": 183.0, "y": 448.0}, {"x": 125.0, "y": 448.0}]}, "description": " 808590"}, {"boundingPoly": {"vertices": [{"x": 160.0, "y": 451.0}, {"x": 210.0, "y": 451.0}, {"x": 210.0, "y": 470.0}, {"x": 160.0, "y": 470.0}]}, "description": " 47355"}, {"boundingPoly": {"vertices": [{"x": 169.0, "y": 495.0}, {"x": 255.0, "y": 495.0}, {"x": 255.0, "y": 513.0}, {"x": 169.0, "y": 513.0}]}, "description": "# Items 3"}, {"boundingPoly": {"vertices": [{"x": 27.0, "y": 536.0}, {"x": 217.0, "y": 536.0}, {"x": 217.0, "y": 554.0}, {"x": 27.0, "y": 554.0}]}, "description": "Your cashier was Khan"}, {"boundingPoly": {"vertices": [{"x": 73.0, "y": 556.0}, {"x": 347.0, "y": 555.0}, {"x": 347.0, "y": 575.0}, {"x": 73.0, "y": 576.0}]}, "description": "Thank you for shopping with us!"}]}