{"textAnnotations": [{"boundingPoly": {"vertices": [{"x": 47.0, "y": 124.0}, {"x": 145.0, "y": 125.0}, {"x": 145.0, "y": 144.0}, {"x": 47.0, "y": 143.0}]}, "description": "Subway#528"}, {"boundingPoly": {"vertices": [{"x": 30.0, "y": 146.0}, {"x": 148.0, "y": 147.0}, {"x": 148.0, "y": 166.0}, {"x": 30.0, "y": 165.0}]}, "description": "merchant name"}, {"boundingPoly": {"vertices": [{"x": 37.0, "y": 169.0}, {"x": 122.0, "y": 169.0}, {"x": 122.0, "y": 189.0}, {"x": 37.0, "y": 189.0}]}, "description": "merchant address"}, {"boundingPoly": {"vertices": [{"x": 54.0, "y": 189.0}, {"x": 353.0, "y": 196.0}, {"x": 352.0, "y": 216.0}, {"x": 54.0, "y": 208.0}]}, "description": "merchant address"}, {"boundingPoly": {"vertices": [{"x": 193.0, "y": 127.0}, {"x": 246.0, "y": 127.0}, {"x": 246.0, "y": 147.0}, {"x": 193.0, "y": 147.0}]}, "description": " Phone"}, {"boundingPoly": {"vertices": [{"x": 187.0, "y": 151.0}, {"x": 242.0, "y": 151.0}, {"x": 242.0, "y": 169.0}, {"x": 187.0, "y": 169.0}]}, "description": "merchant address"}, {"boundingPoly": {"vertices": [{"x": 125.0, "y": 171.0}, {"x": 259.0, "y": 171.0}, {"x": 259.0, "y": 191.0}, {"x": 125.0, "y": 191.0}]}, "description": "merchant address"}, {"boundingPoly": {"vertices": [{"x": 249.0, "y": 128.0}, {"x": 295.0, "y": 128.0}, {"x": 295.0, "y": 148.0}, {"x": 249.0, "y": 148.0}]}, "description": "merchant phone"}, {"boundingPoly": {"vertices": [{"x": 245.0, "y": 151.0}, {"x": 338.0, "y": 151.0}, {"x": 338.0, "y": 171.0}, {"x": 245.0, "y": 171.0}]}, "description": "merchant address"}, {"boundingPoly": {"vertices": [{"x": 298.0, "y": 128.0}, {"x": 370.0, "y": 128.0}, {"x": 370.0, "y": 150.0}, {"x": 298.0, "y": 150.0}]}, "description": "merchant phone"}, {"boundingPoly": {"vertices": [{"x": 341.0, "y": 153.0}, {"x": 382.0, "y": 153.0}, {"x": 382.0, "y": 173.0}, {"x": 341.0, "y": 173.0}]}, "description": "merchant address"}, {"boundingPoly": {"vertices": [{"x": 263.0, "y": 173.0}, {"x": 373.0, "y": 173.0}, {"x": 373.0, "y": 193.0}, {"x": 263.0, "y": 193.0}]}, "description": "merchant address"}, {"boundingPoly": {"vertices": [{"x": 91.0, "y": 213.0}, {"x": 321.0, "y": 219.0}, {"x": 320.0, "y": 240.0}, {"x": 91.0, "y": 233.0}]}, "description": "merchant address"}, {"boundingPoly": {"vertices": [{"x": 46.0, "y": 238.0}, {"x": 153.0, "y": 238.0}, {"x": 153.0, "y": 261.0}, {"x": 46.0, "y": 261.0}]}, "description": " Served by:"}, {"boundingPoly": {"vertices": [{"x": 77.0, "y": 262.0}, {"x": 327.0, "y": 268.0}, {"x": 327.0, "y": 289.0}, {"x": 77.0, "y": 282.0}]}, "description": "Term ID-Trans# 1/A-62726"}, {"boundingPoly": {"vertices": [{"x": 156.0, "y": 240.0}, {"x": 365.0, "y": 240.0}, {"x": 365.0, "y": 266.0}, {"x": 156.0, "y": 266.0}]}, "description": " 7 11/03/2019 22:01:54"}, {"boundingPoly": {"vertices": [{"x": 89.0, "y": 311.0}, {"x": 134.0, "y": 311.0}, {"x": 134.0, "y": 332.0}, {"x": 89.0, "y": 332.0}]}, "description": " GST:"}, {"boundingPoly": {"vertices": [{"x": 138.0, "y": 312.0}, {"x": 327.0, "y": 312.0}, {"x": 327.0, "y": 336.0}, {"x": 138.0, "y": 336.0}]}, "description": " GST#06AADCT9526A1ZJ"}, {"boundingPoly": {"vertices": [{"x": 183.0, "y": 338.0}, {"x": 224.0, "y": 338.0}, {"x": 224.0, "y": 357.0}, {"x": 183.0, "y": 357.0}]}, "description": " CIN:"}, {"boundingPoly": {"vertices": [{"x": 2.0, "y": 381.0}, {"x": 133.0, "y": 382.0}, {"x": 132.0, "y": 402.0}, {"x": 2.0, "y": 401.0}]}, "description": "Qty Size Item"}, {"boundingPoly": {"vertices": [{"x": 337.0, "y": 384.0}, {"x": 389.0, "y": 385.0}, {"x": 389.0, "y": 408.0}, {"x": 337.0, "y": 407.0}]}, "description": "Price"}, {"boundingPoly": {"vertices": [{"x": 90.0, "y": 428.0}, {"x": 267.0, "y": 428.0}, {"x": 267.0, "y": 449.0}, {"x": 90.0, "y": 448.0}]}, "description": "Bottled Soda 600ml"}, {"boundingPoly": {"vertices": [{"x": 89.0, "y": 452.0}, {"x": 320.0, "y": 452.0}, {"x": 320.0, "y": 474.0}, {"x": 89.0, "y": 474.0}]}, "description": " ChatpataChanaPatty Wrap"}, {"boundingPoly": {"vertices": [{"x": 330.0, "y": 431.0}, {"x": 379.0, "y": 432.0}, {"x": 378.0, "y": 450.0}, {"x": 329.0, "y": 450.0}]}, "description": "60.00"}, {"boundingPoly": {"vertices": [{"x": 330.0, "y": 455.0}, {"x": 380.0, "y": 455.0}, {"x": 380.0, "y": 474.0}, {"x": 330.0, "y": 474.0}]}, "description": " 75.00"}, {"boundingPoly": {"vertices": [{"x": 1.0, "y": 500.0}, {"x": 38.0, "y": 500.0}, {"x": 38.0, "y": 520.0}, {"x": 1.0, "y": 520.0}]}, "description": " Sub"}, {"boundingPoly": {"vertices": [{"x": 0.0, "y": 522.0}, {"x": 168.0, "y": 522.0}, {"x": 168.0, "y": 543.0}, {"x": 0.0, "y": 543.0}]}, "description": "S GST 2.5% (2.5%)"}, {"boundingPoly": {"vertices": [{"x": 41.0, "y": 499.0}, {"x": 93.0, "y": 499.0}, {"x": 93.0, "y": 519.0}, {"x": 41.0, "y": 519.0}]}, "description": " Total"}, {"boundingPoly": {"vertices": [{"x": 322.0, "y": 501.0}, {"x": 380.0, "y": 501.0}, {"x": 379.0, "y": 521.0}, {"x": 322.0, "y": 521.0}]}, "description": "128.58"}, {"boundingPoly": {"vertices": [{"x": 341.0, "y": 524.0}, {"x": 378.0, "y": 525.0}, {"x": 378.0, "y": 543.0}, {"x": 340.0, "y": 543.0}]}, "description": "3.21"}, {"boundingPoly": {"vertices": [{"x": 338.0, "y": 547.0}, {"x": 377.0, "y": 548.0}, {"x": 376.0, "y": 569.0}, {"x": 337.0, "y": 567.0}]}, "description": "3.21"}, {"boundingPoly": {"vertices": [{"x": 324.0, "y": 571.0}, {"x": 379.0, "y": 571.0}, {"x": 377.0, "y": 591.0}, {"x": 322.0, "y": 591.0}]}, "description": "135.00"}, {"boundingPoly": {"vertices": [{"x": 322.0, "y": 595.0}, {"x": 378.0, "y": 595.0}, {"x": 378.0, "y": 614.0}, {"x": 322.0, "y": 614.0}]}, "description": "135.00"}, {"boundingPoly": {"vertices": [{"x": 339.0, "y": 618.0}, {"x": 379.0, "y": 619.0}, {"x": 378.0, "y": 639.0}, {"x": 338.0, "y": 638.0}]}, "description": "0.00"}, {"boundingPoly": {"vertices": [{"x": 95.0, "y": 538.0}, {"x": 322.0, "y": 535.0}, {"x": 323.0, "y": 597.0}, {"x": 96.0, "y": 602.0}]}, "description": "UBWA"}, {"boundingPoly": {"vertices": [{"x": 0.0, "y": 642.0}, {"x": 119.0, "y": 642.0}, {"x": 119.0, "y": 663.0}, {"x": 0.0, "y": 663.0}]}, "description": "jyoti order,"}, {"boundingPoly": {"vertices": [{"x": 3.0, "y": 664.0}, {"x": 100.0, "y": 664.0}, {"x": 100.0, "y": 688.0}, {"x": 3.0, "y": 688.0}]}, "description": " We love to"}, {"boundingPoly": {"vertices": [{"x": 2.0, "y": 690.0}, {"x": 63.0, "y": 690.0}, {"x": 63.0, "y": 711.0}, {"x": 2.0, "y": 711.0}]}, "description": " how we"}, {"boundingPoly": {"vertices": [{"x": 0.0, "y": 715.0}, {"x": 305.0, "y": 713.0}, {"x": 305.0, "y": 734.0}, {"x": 0.0, "y": 735.0}]}, "description": "survey at www.global.subway.com"}, {"boundingPoly": {"vertices": [{"x": 5.0, "y": 571.0}, {"x": 141.0, "y": 568.0}, {"x": 142.0, "y": 590.0}, {"x": 5.0, "y": 592.0}]}, "description": "Total (Eat)In)"}, {"boundingPoly": {"vertices": [{"x": 3.0, "y": 594.0}, {"x": 104.0, "y": 593.0}, {"x": 104.0, "y": 613.0}, {"x": 3.0, "y": 614.0}]}, "description": "MasterCard"}, {"boundingPoly": {"vertices": [{"x": 4.0, "y": 617.0}, {"x": 65.0, "y": 619.0}, {"x": 64.0, "y": 638.0}, {"x": 4.0, "y": 636.0}]}, "description": "Change"}, {"boundingPoly": {"vertices": [{"x": 104.0, "y": 664.0}, {"x": 162.0, "y": 664.0}, {"x": 162.0, "y": 688.0}, {"x": 104.0, "y": 688.0}]}, "description": " LISTEN"}, {"boundingPoly": {"vertices": [{"x": 107.0, "y": 690.0}, {"x": 161.0, "y": 690.0}, {"x": 161.0, "y": 711.0}, {"x": 107.0, "y": 711.0}]}, "description": " today"}, {"boundingPoly": {"vertices": [{"x": 167.0, "y": 663.0}, {"x": 373.0, "y": 663.0}, {"x": 373.0, "y": 688.0}, {"x": 167.0, "y": 688.0}]}, "description": " !! Please let us know"}, {"boundingPoly": {"vertices": [{"x": 196.0, "y": 689.0}, {"x": 300.0, "y": 689.0}, {"x": 300.0, "y": 711.0}, {"x": 196.0, "y": 711.0}]}, "description": " taking our"}, {"boundingPoly": {"vertices": [{"x": 67.0, "y": 690.0}, {"x": 104.0, "y": 690.0}, {"x": 104.0, "y": 711.0}, {"x": 67.0, "y": 711.0}]}, "description": " did"}, {"boundingPoly": {"vertices": [{"x": 165.0, "y": 690.0}, {"x": 192.0, "y": 690.0}, {"x": 192.0, "y": 711.0}, {"x": 165.0, "y": 711.0}]}, "description": " by"}, {"boundingPoly": {"vertices": [{"x": 304.0, "y": 689.0}, {"x": 315.0, "y": 689.0}, {"x": 315.0, "y": 711.0}, {"x": 304.0, "y": 711.0}]}, "description": " 1"}, {"boundingPoly": {"vertices": [{"x": 318.0, "y": 689.0}, {"x": 380.0, "y": 689.0}, {"x": 380.0, "y": 711.0}, {"x": 318.0, "y": 711.0}]}, "description": " minute"}]}