{"textAnnotations": [{"boundingPoly": {"vertices": [{"x": 118.0, "y": 28.0}, {"x": 411.0, "y": 33.0}, {"x": 409.0, "y": 89.0}, {"x": 117.0, "y": 80.0}]}, "description": "merchant name"}, {"boundingPoly": {"vertices": [{"x": 159.0, "y": 100.0}, {"x": 375.0, "y": 105.0}, {"x": 375.0, "y": 122.0}, {"x": 158.0, "y": 117.0}]}, "description": "merchant name"}, {"boundingPoly": {"vertices": [{"x": 143.0, "y": 163.0}, {"x": 384.0, "y": 163.0}, {"x": 384.0, "y": 186.0}, {"x": 143.0, "y": 187.0}]}, "description": "Chopt Creative Salad Co."}, {"boundingPoly": {"vertices": [{"x": 32.0, "y": 212.0}, {"x": 109.0, "y": 212.0}, {"x": 109.0, "y": 238.0}, {"x": 32.0, "y": 238.0}]}, "description": " Server:"}, {"boundingPoly": {"vertices": [{"x": 35.0, "y": 239.0}, {"x": 147.0, "y": 238.0}, {"x": 147.0, "y": 259.0}, {"x": 35.0, "y": 260.0}]}, "description": "Check #1426"}, {"boundingPoly": {"vertices": [{"x": 113.0, "y": 212.0}, {"x": 188.0, "y": 212.0}, {"x": 188.0, "y": 238.0}, {"x": 113.0, "y": 238.0}]}, "description": " Julia M"}, {"boundingPoly": {"vertices": [{"x": 415.0, "y": 210.0}, {"x": 500.0, "y": 207.0}, {"x": 501.0, "y": 228.0}, {"x": 416.0, "y": 231.0}]}, "description": "11/20/19"}, {"boundingPoly": {"vertices": [{"x": 424.0, "y": 232.0}, {"x": 500.0, "y": 232.0}, {"x": 500.0, "y": 255.0}, {"x": 424.0, "y": 255.0}]}, "description": " 8:27 PM"}, {"boundingPoly": {"vertices": [{"x": 34.0, "y": 312.0}, {"x": 296.0, "y": 313.0}, {"x": 296.0, "y": 336.0}, {"x": 34.0, "y": 335.0}]}, "description": "Crispy Chicken Ranch Salad"}, {"boundingPoly": {"vertices": [{"x": 33.0, "y": 337.0}, {"x": 257.0, "y": 337.0}, {"x": 257.0, "y": 358.0}, {"x": 33.0, "y": 358.0}]}, "description": "Honest Tea Half & Half"}, {"boundingPoly": {"vertices": [{"x": 432.0, "y": 309.0}, {"x": 502.0, "y": 307.0}, {"x": 502.0, "y": 330.0}, {"x": 433.0, "y": 333.0}]}, "description": "$11.49"}, {"boundingPoly": {"vertices": [{"x": 447.0, "y": 333.0}, {"x": 501.0, "y": 332.0}, {"x": 501.0, "y": 356.0}, {"x": 447.0, "y": 357.0}]}, "description": "$2.49"}, {"boundingPoly": {"vertices": [{"x": 33.0, "y": 387.0}, {"x": 115.0, "y": 386.0}, {"x": 116.0, "y": 408.0}, {"x": 33.0, "y": 408.0}]}, "description": "Subtotal"}, {"boundingPoly": {"vertices": [{"x": 34.0, "y": 413.0}, {"x": 69.0, "y": 413.0}, {"x": 69.0, "y": 433.0}, {"x": 35.0, "y": 433.0}]}, "description": "Tax"}, {"boundingPoly": {"vertices": [{"x": 38.0, "y": 438.0}, {"x": 87.0, "y": 437.0}, {"x": 87.0, "y": 456.0}, {"x": 38.0, "y": 457.0}]}, "description": "Total"}, {"boundingPoly": {"vertices": [{"x": 434.0, "y": 385.0}, {"x": 500.0, "y": 384.0}, {"x": 501.0, "y": 406.0}, {"x": 434.0, "y": 407.0}]}, "description": "$13.98"}, {"boundingPoly": {"vertices": [{"x": 445.0, "y": 411.0}, {"x": 500.0, "y": 410.0}, {"x": 500.0, "y": 431.0}, {"x": 445.0, "y": 432.0}]}, "description": "$1.24"}, {"boundingPoly": {"vertices": [{"x": 433.0, "y": 435.0}, {"x": 497.0, "y": 434.0}, {"x": 498.0, "y": 458.0}, {"x": 433.0, "y": 459.0}]}, "description": "$15.22"}, {"boundingPoly": {"vertices": [{"x": 39.0, "y": 485.0}, {"x": 152.0, "y": 484.0}, {"x": 153.0, "y": 504.0}, {"x": 40.0, "y": 505.0}]}, "description": "Credit Card"}, {"boundingPoly": {"vertices": [{"x": 43.0, "y": 507.0}, {"x": 83.0, "y": 507.0}, {"x": 84.0, "y": 531.0}, {"x": 44.0, "y": 531.0}]}, "description": "Amex"}, {"boundingPoly": {"vertices": [{"x": 433.0, "y": 486.0}, {"x": 498.0, "y": 485.0}, {"x": 498.0, "y": 507.0}, {"x": 433.0, "y": 508.0}]}, "description": "Swiped"}, {"boundingPoly": {"vertices": [{"x": 373.0, "y": 513.0}, {"x": 496.0, "y": 511.0}, {"x": 497.0, "y": 530.0}, {"x": 373.0, "y": 532.0}]}, "description": "xxxxxxxx1002"}, {"boundingPoly": {"vertices": [{"x": 48.0, "y": 552.0}, {"x": 204.0, "y": 553.0}, {"x": 204.0, "y": 577.0}, {"x": 48.0, "y": 577.0}]}, "description": "Transaction Type"}, {"boundingPoly": {"vertices": [{"x": 47.0, "y": 578.0}, {"x": 175.0, "y": 578.0}, {"x": 175.0, "y": 598.0}, {"x": 47.0, "y": 597.0}]}, "description": "Authorization"}, {"boundingPoly": {"vertices": [{"x": 47.0, "y": 602.0}, {"x": 174.0, "y": 601.0}, {"x": 174.0, "y": 621.0}, {"x": 47.0, "y": 623.0}]}, "description": "Approval Code"}, {"boundingPoly": {"vertices": [{"x": 47.0, "y": 623.0}, {"x": 147.0, "y": 622.0}, {"x": 147.0, "y": 646.0}, {"x": 47.0, "y": 648.0}]}, "description": "Payment ID"}, {"boundingPoly": {"vertices": [{"x": 48.0, "y": 649.0}, {"x": 156.0, "y": 648.0}, {"x": 156.0, "y": 668.0}, {"x": 48.0, "y": 668.0}]}, "description": "Merchant ID"}, {"boundingPoly": {"vertices": [{"x": 49.0, "y": 670.0}, {"x": 155.0, "y": 670.0}, {"x": 155.0, "y": 694.0}, {"x": 49.0, "y": 694.0}]}, "description": "Card Reader"}, {"boundingPoly": {"vertices": [{"x": 454.0, "y": 559.0}, {"x": 496.0, "y": 559.0}, {"x": 495.0, "y": 579.0}, {"x": 453.0, "y": 579.0}]}, "description": "Sale"}, {"boundingPoly": {"vertices": [{"x": 413.0, "y": 584.0}, {"x": 495.0, "y": 583.0}, {"x": 495.0, "y": 604.0}, {"x": 413.0, "y": 604.0}]}, "description": "Approved"}, {"boundingPoly": {"vertices": [{"x": 432.0, "y": 606.0}, {"x": 495.0, "y": 606.0}, {"x": 495.0, "y": 626.0}, {"x": 432.0, "y": 626.0}]}, "description": "582989"}, {"boundingPoly": {"vertices": [{"x": 374.0, "y": 630.0}, {"x": 495.0, "y": 631.0}, {"x": 494.0, "y": 651.0}, {"x": 374.0, "y": 649.0}]}, "description": "rFdYwTmTHYrk"}, {"boundingPoly": {"vertices": [{"x": 401.0, "y": 653.0}, {"x": 493.0, "y": 655.0}, {"x": 492.0, "y": 675.0}, {"x": 401.0, "y": 672.0}]}, "description": "032656371"}, {"boundingPoly": {"vertices": [{"x": 350.0, "y": 670.0}, {"x": 493.0, "y": 677.0}, {"x": 492.0, "y": 701.0}, {"x": 349.0, "y": 694.0}]}, "description": "MAGTEK_DYNAMAG"}, {"boundingPoly": {"vertices": [{"x": 430.0, "y": 724.0}, {"x": 493.0, "y": 727.0}, {"x": 492.0, "y": 748.0}, {"x": 429.0, "y": 744.0}]}, "description": "$15.22"}, {"boundingPoly": {"vertices": [{"x": 144.0, "y": 719.0}, {"x": 204.0, "y": 719.0}, {"x": 204.0, "y": 738.0}, {"x": 144.0, "y": 738.0}]}, "description": "Amount"}, {"boundingPoly": {"vertices": [{"x": 132.0, "y": 807.0}, {"x": 404.0, "y": 809.0}, {"x": 403.0, "y": 832.0}, {"x": 132.0, "y": 828.0}]}, "description": "Thank you for dining with us!"}, {"boundingPoly": {"vertices": [{"x": 216.0, "y": 849.0}, {"x": 322.0, "y": 851.0}, {"x": 321.0, "y": 872.0}, {"x": 216.0, "y": 869.0}]}, "description": "Download at"}, {"boundingPoly": {"vertices": [{"x": 143.0, "y": 872.0}, {"x": 395.0, "y": 872.0}, {"x": 395.0, "y": 902.0}, {"x": 143.0, "y": 902.0}]}, "description": " http://choptsalad.com/order"}, {"boundingPoly": {"vertices": [{"x": 119.0, "y": 829.0}, {"x": 418.0, "y": 833.0}, {"x": 418.0, "y": 859.0}, {"x": 118.0, "y": 851.0}]}, "description": "Earn rewards with the Chopt App."}]}