{"textAnnotations": [{"boundingPoly": {"vertices": [{"x": 483.0, "y": 1249.0}, {"x": 913.0, "y": 1253.0}, {"x": 913.0, "y": 1286.0}, {"x": 483.0, "y": 1282.0}]}, "description": "merchant name"}, {"boundingPoly": {"vertices": [{"x": 582.0, "y": 1286.0}, {"x": 640.0, "y": 1286.0}, {"x": 640.0, "y": 1314.0}, {"x": 582.0, "y": 1314.0}]}, "description": " Tel:"}, {"boundingPoly": {"vertices": [{"x": 581.0, "y": 1317.0}, {"x": 890.0, "y": 1312.0}, {"x": 890.0, "y": 1349.0}, {"x": 581.0, "y": 1351.0}]}, "description": "beaubourgnyc.com"}, {"boundingPoly": {"vertices": [{"x": 575.0, "y": 1353.0}, {"x": 824.0, "y": 1355.0}, {"x": 823.0, "y": 1384.0}, {"x": 575.0, "y": 1380.0}]}, "description": "www.ledistrict.com"}, {"boundingPoly": {"vertices": [{"x": 508.0, "y": 1384.0}, {"x": 809.0, "y": 1384.0}, {"x": 809.0, "y": 1417.0}, {"x": 508.0, "y": 1417.0}]}, "description": " Suggested Gratuity 18%"}, {"boundingPoly": {"vertices": [{"x": 579.0, "y": 1416.0}, {"x": 826.0, "y": 1416.0}, {"x": 826.0, "y": 1449.0}, {"x": 579.0, "y": 1449.0}]}, "description": " 11/21/2019 9:43 PM"}, {"boundingPoly": {"vertices": [{"x": 643.0, "y": 1286.0}, {"x": 810.0, "y": 1286.0}, {"x": 810.0, "y": 1318.0}, {"x": 643.0, "y": 1318.0}]}, "description": "merchant phone"}, {"boundingPoly": {"vertices": [{"x": 815.0, "y": 1385.0}, {"x": 836.0, "y": 1385.0}, {"x": 836.0, "y": 1417.0}, {"x": 815.0, "y": 1417.0}]}, "description": " -"}, {"boundingPoly": {"vertices": [{"x": 842.0, "y": 1385.0}, {"x": 890.0, "y": 1385.0}, {"x": 890.0, "y": 1418.0}, {"x": 842.0, "y": 1418.0}]}, "description": " 20%"}, {"boundingPoly": {"vertices": [{"x": 433.0, "y": 1481.0}, {"x": 493.0, "y": 1481.0}, {"x": 493.0, "y": 1512.0}, {"x": 433.0, "y": 1512.0}]}, "description": " Check"}, {"boundingPoly": {"vertices": [{"x": 434.0, "y": 1517.0}, {"x": 511.0, "y": 1517.0}, {"x": 511.0, "y": 1545.0}, {"x": 434.0, "y": 1545.0}]}, "description": " Table:"}, {"boundingPoly": {"vertices": [{"x": 429.0, "y": 1552.0}, {"x": 507.0, "y": 1552.0}, {"x": 507.0, "y": 1578.0}, {"x": 429.0, "y": 1578.0}]}, "description": " Server"}, {"boundingPoly": {"vertices": [{"x": 428.0, "y": 1582.0}, {"x": 571.0, "y": 1582.0}, {"x": 571.0, "y": 1611.0}, {"x": 428.0, "y": 1611.0}]}, "description": " Card Type:"}, {"boundingPoly": {"vertices": [{"x": 433.0, "y": 1616.0}, {"x": 559.0, "y": 1616.0}, {"x": 559.0, "y": 1644.0}, {"x": 433.0, "y": 1644.0}]}, "description": " Acct Num:"}, {"boundingPoly": {"vertices": [{"x": 430.0, "y": 1647.0}, {"x": 569.0, "y": 1647.0}, {"x": 569.0, "y": 1678.0}, {"x": 430.0, "y": 1678.0}]}, "description": " Auth Code:"}, {"boundingPoly": {"vertices": [{"x": 430.0, "y": 1680.0}, {"x": 568.0, "y": 1680.0}, {"x": 568.0, "y": 1711.0}, {"x": 430.0, "y": 1711.0}]}, "description": " Customer:"}, {"boundingPoly": {"vertices": [{"x": 498.0, "y": 1483.0}, {"x": 511.0, "y": 1483.0}, {"x": 511.0, "y": 1513.0}, {"x": 498.0, "y": 1513.0}]}, "description": " :"}, {"boundingPoly": {"vertices": [{"x": 574.0, "y": 1483.0}, {"x": 701.0, "y": 1483.0}, {"x": 701.0, "y": 1514.0}, {"x": 574.0, "y": 1514.0}]}, "description": "CHK 11654"}, {"boundingPoly": {"vertices": [{"x": 585.0, "y": 1517.0}, {"x": 653.0, "y": 1518.0}, {"x": 653.0, "y": 1547.0}, {"x": 583.0, "y": 1545.0}]}, "description": "RT2/2"}, {"boundingPoly": {"vertices": [{"x": 582.0, "y": 1548.0}, {"x": 707.0, "y": 1549.0}, {"x": 707.0, "y": 1581.0}, {"x": 582.0, "y": 1580.0}]}, "description": "13056 Abu"}, {"boundingPoly": {"vertices": [{"x": 575.0, "y": 1584.0}, {"x": 639.0, "y": 1584.0}, {"x": 639.0, "y": 1611.0}, {"x": 575.0, "y": 1611.0}]}, "description": " AMEX"}, {"boundingPoly": {"vertices": [{"x": 567.0, "y": 1616.0}, {"x": 784.0, "y": 1616.0}, {"x": 784.0, "y": 1646.0}, {"x": 567.0, "y": 1644.0}]}, "description": "*********** 3007"}, {"boundingPoly": {"vertices": [{"x": 511.0, "y": 1552.0}, {"x": 524.0, "y": 1552.0}, {"x": 524.0, "y": 1578.0}, {"x": 511.0, "y": 1578.0}]}, "description": " :"}, {"boundingPoly": {"vertices": [{"x": 574.0, "y": 1647.0}, {"x": 664.0, "y": 1647.0}, {"x": 664.0, "y": 1678.0}, {"x": 574.0, "y": 1678.0}]}, "description": " 562444"}, {"boundingPoly": {"vertices": [{"x": 430.0, "y": 1746.0}, {"x": 591.0, "y": 1746.0}, {"x": 591.0, "y": 1779.0}, {"x": 430.0, "y": 1779.0}]}, "description": " Amount"}, {"boundingPoly": {"vertices": [{"x": 597.0, "y": 1747.0}, {"x": 614.0, "y": 1747.0}, {"x": 614.0, "y": 1779.0}, {"x": 597.0, "y": 1779.0}]}, "description": " :"}, {"boundingPoly": {"vertices": [{"x": 808.0, "y": 1748.0}, {"x": 967.0, "y": 1748.0}, {"x": 967.0, "y": 1780.0}, {"x": 808.0, "y": 1780.0}]}, "description": "$33.75"}, {"boundingPoly": {"vertices": [{"x": 512.0, "y": 1844.0}, {"x": 570.0, "y": 1844.0}, {"x": 570.0, "y": 1879.0}, {"x": 512.0, "y": 1879.0}]}, "description": " Tip:"}, {"boundingPoly": {"vertices": [{"x": 702.0, "y": 1833.0}, {"x": 810.0, "y": 1821.0}, {"x": 811.0, "y": 1864.0}, {"x": 710.0, "y": 1882.0}]}, "description": "7.4"}, {"boundingPoly": {"vertices": [{"x": 679.0, "y": 1886.0}, {"x": 804.0, "y": 1890.0}, {"x": 803.0, "y": 1938.0}, {"x": 677.0, "y": 1933.0}]}, "description": "40.75"}, {"boundingPoly": {"vertices": [{"x": 502.0, "y": 1911.0}, {"x": 588.0, "y": 1911.0}, {"x": 588.0, "y": 1943.0}, {"x": 502.0, "y": 1943.0}]}, "description": " Total:"}, {"boundingPoly": {"vertices": [{"x": 471.0, "y": 1976.0}, {"x": 606.0, "y": 1976.0}, {"x": 606.0, "y": 2010.0}, {"x": 471.0, "y": 2010.0}]}, "description": " Signature:"}, {"boundingPoly": {"vertices": [{"x": 529.0, "y": 2045.0}, {"x": 864.0, "y": 2045.0}, {"x": 864.0, "y": 2078.0}, {"x": 529.0, "y": 2076.0}]}, "description": "** Gratuity Not Included **"}, {"boundingPoly": {"vertices": [{"x": 540.0, "y": 2076.0}, {"x": 849.0, "y": 2077.0}, {"x": 849.0, "y": 2109.0}, {"x": 540.0, "y": 2107.0}]}, "description": "** Service Pas Compris **"}, {"boundingPoly": {"vertices": [{"x": 537.0, "y": 2110.0}, {"x": 850.0, "y": 2108.0}, {"x": 850.0, "y": 2139.0}, {"x": 537.0, "y": 2140.0}]}, "description": "** Propina No Includia **"}, {"boundingPoly": {"vertices": [{"x": 510.0, "y": 2175.0}, {"x": 892.0, "y": 2176.0}, {"x": 892.0, "y": 2208.0}, {"x": 510.0, "y": 2208.0}]}, "description": "** Suggested Gratuity 18%-20%"}]}