{"textAnnotations": [{"boundingPoly": {"vertices": [{"x": 28.0, "y": 7.0}, {"x": 95.0, "y": 7.0}, {"x": 95.0, "y": 33.0}, {"x": 28.0, "y": 33.0}]}, "description": " From:"}, {"boundingPoly": {"vertices": [{"x": 29.0, "y": 41.0}, {"x": 91.0, "y": 41.0}, {"x": 91.0, "y": 67.0}, {"x": 29.0, "y": 67.0}]}, "description": " Date:"}, {"boundingPoly": {"vertices": [{"x": 29.0, "y": 75.0}, {"x": 119.0, "y": 75.0}, {"x": 119.0, "y": 102.0}, {"x": 29.0, "y": 102.0}]}, "description": " Subject:"}, {"boundingPoly": {"vertices": [{"x": 30.0, "y": 110.0}, {"x": 61.0, "y": 110.0}, {"x": 61.0, "y": 135.0}, {"x": 30.0, "y": 135.0}]}, "description": " To:"}, {"boundingPoly": {"vertices": [{"x": 99.0, "y": 7.0}, {"x": 612.0, "y": 7.0}, {"x": 612.0, "y": 33.0}, {"x": 99.0, "y": 33.0}]}, "description": " DoorDash Order <no-reply@doordash.com>"}, {"boundingPoly": {"vertices": [{"x": 95.0, "y": 40.0}, {"x": 446.0, "y": 40.0}, {"x": 446.0, "y": 67.0}, {"x": 95.0, "y": 67.0}]}, "description": " Thu, Nov 14, 2019 at 11:36 AM"}, {"boundingPoly": {"vertices": [{"x": 123.0, "y": 74.0}, {"x": 720.0, "y": 74.0}, {"x": 720.0, "y": 103.0}, {"x": 123.0, "y": 103.0}]}, "description": " Order Confirmation for Mezi from Dumpling Garden"}, {"boundingPoly": {"vertices": [{"x": 66.0, "y": 110.0}, {"x": 493.0, "y": 110.0}, {"x": 493.0, "y": 136.0}, {"x": 66.0, "y": 136.0}]}, "description": " Mezi Lunch <mezilunch@gmail.com>"}, {"boundingPoly": {"vertices": [{"x": 635.0, "y": 385.0}, {"x": 1319.0, "y": 385.0}, {"x": 1319.0, "y": 435.0}, {"x": 635.0, "y": 434.0}]}, "description": "Thanks for your order, Mezi"}, {"boundingPoly": {"vertices": [{"x": 667.0, "y": 478.0}, {"x": 1288.0, "y": 478.0}, {"x": 1288.0, "y": 515.0}, {"x": 667.0, "y": 513.0}]}, "description": "Paid with American Express ending in 1004"}, {"boundingPoly": {"vertices": [{"x": 850.0, "y": 528.0}, {"x": 1102.0, "y": 528.0}, {"x": 1102.0, "y": 564.0}, {"x": 850.0, "y": 564.0}]}, "description": "Dumpling Garden"}, {"boundingPoly": {"vertices": [{"x": 962.0, "y": 578.0}, {"x": 1082.0, "y": 578.0}, {"x": 1082.0, "y": 611.0}, {"x": 962.0, "y": 611.0}]}, "description": " $200.51"}, {"boundingPoly": {"vertices": [{"x": 872.0, "y": 579.0}, {"x": 956.0, "y": 579.0}, {"x": 956.0, "y": 611.0}, {"x": 872.0, "y": 611.0}]}, "description": " Total:"}, {"boundingPoly": {"vertices": [{"x": 835.0, "y": 691.0}, {"x": 1120.0, "y": 692.0}, {"x": 1120.0, "y": 731.0}, {"x": 835.0, "y": 730.0}]}, "description": "Track your order"}, {"boundingPoly": {"vertices": [{"x": 854.0, "y": 870.0}, {"x": 1107.0, "y": 871.0}, {"x": 1107.0, "y": 918.0}, {"x": 854.0, "y": 917.0}]}, "description": "Your receipt"}]}