{"textAnnotations": [{"boundingPoly": {"vertices": [{"x": 141.0, "y": 72.0}, {"x": 222.0, "y": 73.0}, {"x": 222.0, "y": 90.0}, {"x": 141.0, "y": 88.0}]}, "description": "merchant name"}, {"boundingPoly": {"vertices": [{"x": 113.0, "y": 88.0}, {"x": 246.0, "y": 94.0}, {"x": 245.0, "y": 111.0}, {"x": 112.0, "y": 105.0}]}, "description": "merchant address"}, {"boundingPoly": {"vertices": [{"x": 114.0, "y": 109.0}, {"x": 244.0, "y": 114.0}, {"x": 243.0, "y": 129.0}, {"x": 113.0, "y": 124.0}]}, "description": "merchant address"}, {"boundingPoly": {"vertices": [{"x": 124.0, "y": 127.0}, {"x": 236.0, "y": 132.0}, {"x": 235.0, "y": 149.0}, {"x": 123.0, "y": 143.0}]}, "description": "merchant phone"}, {"boundingPoly": {"vertices": [{"x": 154.0, "y": 169.0}, {"x": 204.0, "y": 172.0}, {"x": 203.0, "y": 187.0}, {"x": 154.0, "y": 185.0}]}, "description": "Dine In"}, {"boundingPoly": {"vertices": [{"x": 15.0, "y": 192.0}, {"x": 57.0, "y": 192.0}, {"x": 57.0, "y": 208.0}, {"x": 15.0, "y": 208.0}]}, "description": " Server:"}, {"boundingPoly": {"vertices": [{"x": 14.0, "y": 217.0}, {"x": 127.0, "y": 215.0}, {"x": 127.0, "y": 230.0}, {"x": 14.0, "y": 232.0}]}, "description": "Receipt. JAR2-69"}, {"boundingPoly": {"vertices": [{"x": 60.0, "y": 191.0}, {"x": 137.0, "y": 191.0}, {"x": 137.0, "y": 208.0}, {"x": 60.0, "y": 208.0}]}, "description": " SIN WON K."}, {"boundingPoly": {"vertices": [{"x": 264.0, "y": 194.0}, {"x": 347.0, "y": 191.0}, {"x": 348.0, "y": 206.0}, {"x": 264.0, "y": 210.0}]}, "description": "Nov 13, 2019"}, {"boundingPoly": {"vertices": [{"x": 293.0, "y": 217.0}, {"x": 346.0, "y": 217.0}, {"x": 346.0, "y": 232.0}, {"x": 293.0, "y": 232.0}]}, "description": " 8:56 PM"}, {"boundingPoly": {"vertices": [{"x": 329.0, "y": 239.0}, {"x": 347.0, "y": 239.0}, {"x": 347.0, "y": 255.0}, {"x": 329.0, "y": 255.0}]}, "description": " 22"}, {"boundingPoly": {"vertices": [{"x": 142.0, "y": 249.0}, {"x": 194.0, "y": 249.0}, {"x": 194.0, "y": 265.0}, {"x": 142.0, "y": 265.0}]}, "description": " Ticket #:"}, {"boundingPoly": {"vertices": [{"x": 197.0, "y": 250.0}, {"x": 218.0, "y": 250.0}, {"x": 218.0, "y": 265.0}, {"x": 197.0, "y": 265.0}]}, "description": " 69"}, {"boundingPoly": {"vertices": [{"x": 291.0, "y": 240.0}, {"x": 326.0, "y": 240.0}, {"x": 326.0, "y": 255.0}, {"x": 291.0, "y": 255.0}]}, "description": " Table:"}, {"boundingPoly": {"vertices": [{"x": 9.0, "y": 319.0}, {"x": 61.0, "y": 319.0}, {"x": 61.0, "y": 334.0}, {"x": 9.0, "y": 334.0}]}, "description": "Item(s)"}, {"boundingPoly": {"vertices": [{"x": 15.0, "y": 360.0}, {"x": 169.0, "y": 360.0}, {"x": 169.0, "y": 379.0}, {"x": 15.0, "y": 379.0}]}, "description": " Marinated Beef Platter 9"}, {"boundingPoly": {"vertices": [{"x": 13.0, "y": 388.0}, {"x": 159.0, "y": 388.0}, {"x": 159.0, "y": 403.0}, {"x": 13.0, "y": 404.0}]}, "description": "merchant address"}, {"boundingPoly": {"vertices": [{"x": 111.0, "y": 411.0}, {"x": 172.0, "y": 411.0}, {"x": 172.0, "y": 428.0}, {"x": 111.0, "y": 428.0}]}, "description": "$0.00 x 2"}, {"boundingPoly": {"vertices": [{"x": 109.0, "y": 436.0}, {"x": 169.0, "y": 436.0}, {"x": 169.0, "y": 452.0}, {"x": 109.0, "y": 452.0}]}, "description": "$1.00 x 2"}, {"boundingPoly": {"vertices": [{"x": 189.0, "y": 359.0}, {"x": 247.0, "y": 359.0}, {"x": 247.0, "y": 378.0}, {"x": 189.0, "y": 378.0}]}, "description": " \u4e2a \u536b 7| \u552e"}, {"boundingPoly": {"vertices": [{"x": 299.0, "y": 360.0}, {"x": 348.0, "y": 360.0}, {"x": 348.0, "y": 375.0}, {"x": 299.0, "y": 375.0}]}, "description": "$85.99"}, {"boundingPoly": {"vertices": [{"x": 307.0, "y": 386.0}, {"x": 348.0, "y": 386.0}, {"x": 348.0, "y": 401.0}, {"x": 307.0, "y": 401.0}]}, "description": "$0.00"}, {"boundingPoly": {"vertices": [{"x": 307.0, "y": 412.0}, {"x": 346.0, "y": 411.0}, {"x": 346.0, "y": 425.0}, {"x": 307.0, "y": 427.0}]}, "description": "$0.00"}, {"boundingPoly": {"vertices": [{"x": 305.0, "y": 436.0}, {"x": 346.0, "y": 435.0}, {"x": 346.0, "y": 449.0}, {"x": 305.0, "y": 451.0}]}, "description": "$2.00"}, {"boundingPoly": {"vertices": [{"x": 12.0, "y": 413.0}, {"x": 88.0, "y": 414.0}, {"x": 88.0, "y": 429.0}, {"x": 12.0, "y": 428.0}]}, "description": "Yang Neum"}, {"boundingPoly": {"vertices": [{"x": 14.0, "y": 437.0}, {"x": 84.0, "y": 439.0}, {"x": 84.0, "y": 453.0}, {"x": 14.0, "y": 452.0}]}, "description": "White Rice"}, {"boundingPoly": {"vertices": [{"x": 13.0, "y": 487.0}, {"x": 68.0, "y": 487.0}, {"x": 68.0, "y": 501.0}, {"x": 13.0, "y": 501.0}]}, "description": "Subtotal"}, {"boundingPoly": {"vertices": [{"x": 13.0, "y": 510.0}, {"x": 136.0, "y": 509.0}, {"x": 137.0, "y": 526.0}, {"x": 13.0, "y": 527.0}]}, "description": "Sales Tax (8.875%)"}, {"boundingPoly": {"vertices": [{"x": 15.0, "y": 536.0}, {"x": 48.0, "y": 536.0}, {"x": 48.0, "y": 551.0}, {"x": 15.0, "y": 550.0}]}, "description": "Total"}, {"boundingPoly": {"vertices": [{"x": 298.0, "y": 485.0}, {"x": 346.0, "y": 483.0}, {"x": 347.0, "y": 498.0}, {"x": 299.0, "y": 500.0}]}, "description": "$87.99"}, {"boundingPoly": {"vertices": [{"x": 311.0, "y": 508.0}, {"x": 345.0, "y": 508.0}, {"x": 346.0, "y": 521.0}, {"x": 311.0, "y": 523.0}]}, "description": "$7.81"}, {"boundingPoly": {"vertices": [{"x": 294.0, "y": 533.0}, {"x": 345.0, "y": 532.0}, {"x": 346.0, "y": 547.0}, {"x": 294.0, "y": 548.0}]}, "description": "$95.80"}, {"boundingPoly": {"vertices": [{"x": 15.0, "y": 600.0}, {"x": 131.0, "y": 599.0}, {"x": 132.0, "y": 615.0}, {"x": 15.0, "y": 616.0}]}, "description": "Amount Charged"}, {"boundingPoly": {"vertices": [{"x": 294.0, "y": 596.0}, {"x": 344.0, "y": 596.0}, {"x": 344.0, "y": 611.0}, {"x": 294.0, "y": 611.0}]}, "description": "$47.90"}, {"boundingPoly": {"vertices": [{"x": 14.0, "y": 641.0}, {"x": 36.0, "y": 642.0}, {"x": 36.0, "y": 656.0}, {"x": 14.0, "y": 655.0}]}, "description": "Tip"}, {"boundingPoly": {"vertices": [{"x": 14.0, "y": 680.0}, {"x": 48.0, "y": 680.0}, {"x": 47.0, "y": 693.0}, {"x": 13.0, "y": 694.0}]}, "description": "Total"}, {"boundingPoly": {"vertices": [{"x": 285.0, "y": 670.0}, {"x": 346.0, "y": 664.0}, {"x": 346.0, "y": 688.0}, {"x": 286.0, "y": 692.0}]}, "description": "55.90"}, {"boundingPoly": {"vertices": [{"x": 11.0, "y": 715.0}, {"x": 90.0, "y": 715.0}, {"x": 90.0, "y": 732.0}, {"x": 11.0, "y": 732.0}]}, "description": " AMEX Credit"}, {"boundingPoly": {"vertices": [{"x": 8.0, "y": 739.0}, {"x": 88.0, "y": 739.0}, {"x": 88.0, "y": 756.0}, {"x": 8.0, "y": 756.0}]}, "description": " Card Holder:"}, {"boundingPoly": {"vertices": [{"x": 8.0, "y": 763.0}, {"x": 160.0, "y": 761.0}, {"x": 160.0, "y": 777.0}, {"x": 8.0, "y": 780.0}]}, "description": "Card # *********** 2007"}, {"boundingPoly": {"vertices": [{"x": 83.0, "y": 785.0}, {"x": 139.0, "y": 785.0}, {"x": 139.0, "y": 802.0}, {"x": 83.0, "y": 802.0}]}, "description": " 548406"}, {"boundingPoly": {"vertices": [{"x": 93.0, "y": 714.0}, {"x": 148.0, "y": 714.0}, {"x": 148.0, "y": 731.0}, {"x": 93.0, "y": 731.0}]}, "description": " - SWIPE"}, {"boundingPoly": {"vertices": [{"x": 10.0, "y": 787.0}, {"x": 80.0, "y": 787.0}, {"x": 80.0, "y": 805.0}, {"x": 10.0, "y": 805.0}]}, "description": " Auth Code:"}, {"boundingPoly": {"vertices": [{"x": 136.0, "y": 831.0}, {"x": 214.0, "y": 829.0}, {"x": 214.0, "y": 845.0}, {"x": 136.0, "y": 846.0}]}, "description": "APPROVAL"}, {"boundingPoly": {"vertices": [{"x": 11.0, "y": 871.0}, {"x": 160.0, "y": 868.0}, {"x": 161.0, "y": 884.0}, {"x": 11.0, "y": 887.0}]}, "description": "SIGNATURE REQUIRED"}, {"boundingPoly": {"vertices": [{"x": 10.0, "y": 928.0}, {"x": 88.0, "y": 928.0}, {"x": 88.0, "y": 946.0}, {"x": 10.0, "y": 946.0}]}, "description": " IMPORTANT"}, {"boundingPoly": {"vertices": [{"x": 91.0, "y": 924.0}, {"x": 293.0, "y": 924.0}, {"x": 293.0, "y": 944.0}, {"x": 91.0, "y": 944.0}]}, "description": " - RETAIN FOR YOUR RECORDS"}, {"boundingPoly": {"vertices": [{"x": 94.0, "y": 997.0}, {"x": 258.0, "y": 992.0}, {"x": 259.0, "y": 1007.0}, {"x": 94.0, "y": 1013.0}]}, "description": "Suggested Tip Amounts"}, {"boundingPoly": {"vertices": [{"x": 139.0, "y": 1015.0}, {"x": 218.0, "y": 1014.0}, {"x": 218.0, "y": 1029.0}, {"x": 139.0, "y": 1031.0}]}, "description": "Tip Amount"}, {"boundingPoly": {"vertices": [{"x": 160.0, "y": 1039.0}, {"x": 198.0, "y": 1038.0}, {"x": 198.0, "y": 1053.0}, {"x": 160.0, "y": 1053.0}]}, "description": "$8.62"}, {"boundingPoly": {"vertices": [{"x": 160.0, "y": 1063.0}, {"x": 198.0, "y": 1063.0}, {"x": 197.0, "y": 1077.0}, {"x": 160.0, "y": 1077.0}]}, "description": "$9.58"}, {"boundingPoly": {"vertices": [{"x": 154.0, "y": 1087.0}, {"x": 202.0, "y": 1087.0}, {"x": 202.0, "y": 1102.0}, {"x": 154.0, "y": 1102.0}]}, "description": "$10.54"}, {"boundingPoly": {"vertices": [{"x": 13.0, "y": 1020.0}, {"x": 35.0, "y": 1021.0}, {"x": 35.0, "y": 1035.0}, {"x": 13.0, "y": 1034.0}]}, "description": "Tip"}, {"boundingPoly": {"vertices": [{"x": 14.0, "y": 1043.0}, {"x": 40.0, "y": 1043.0}, {"x": 40.0, "y": 1058.0}, {"x": 14.0, "y": 1058.0}]}, "description": "18%"}, {"boundingPoly": {"vertices": [{"x": 12.0, "y": 1068.0}, {"x": 42.0, "y": 1067.0}, {"x": 42.0, "y": 1082.0}, {"x": 12.0, "y": 1082.0}]}, "description": "20%"}, {"boundingPoly": {"vertices": [{"x": 12.0, "y": 1091.0}, {"x": 40.0, "y": 1092.0}, {"x": 40.0, "y": 1106.0}, {"x": 12.0, "y": 1105.0}]}, "description": "22%"}, {"boundingPoly": {"vertices": [{"x": 309.0, "y": 1010.0}, {"x": 345.0, "y": 1010.0}, {"x": 345.0, "y": 1025.0}, {"x": 310.0, "y": 1024.0}]}, "description": "Total"}, {"boundingPoly": {"vertices": [{"x": 297.0, "y": 1035.0}, {"x": 345.0, "y": 1035.0}, {"x": 345.0, "y": 1049.0}, {"x": 297.0, "y": 1049.0}]}, "description": "$56.52"}, {"boundingPoly": {"vertices": [{"x": 299.0, "y": 1060.0}, {"x": 346.0, "y": 1059.0}, {"x": 346.0, "y": 1072.0}, {"x": 299.0, "y": 1074.0}]}, "description": "$57.48"}, {"boundingPoly": {"vertices": [{"x": 296.0, "y": 1085.0}, {"x": 346.0, "y": 1084.0}, {"x": 346.0, "y": 1097.0}, {"x": 297.0, "y": 1099.0}]}, "description": "$58.44"}, {"boundingPoly": {"vertices": [{"x": 13.0, "y": 1137.0}, {"x": 147.0, "y": 1137.0}, {"x": 147.0, "y": 1155.0}, {"x": 13.0, "y": 1155.0}]}, "description": " 11/13/2019 20:56:35"}, {"boundingPoly": {"vertices": [{"x": 123.0, "y": 1198.0}, {"x": 231.0, "y": 1199.0}, {"x": 231.0, "y": 1216.0}, {"x": 123.0, "y": 1215.0}]}, "description": "Customer Copy"}, {"boundingPoly": {"vertices": [{"x": 16.0, "y": 1260.0}, {"x": 306.0, "y": 1260.0}, {"x": 306.0, "y": 1277.0}, {"x": 16.0, "y": 1277.0}]}, "description": "6 people or more 18%, 13 or more 20% gratuity"}, {"boundingPoly": {"vertices": [{"x": 17.0, "y": 1278.0}, {"x": 85.0, "y": 1277.0}, {"x": 85.0, "y": 1293.0}, {"x": 17.0, "y": 1294.0}]}, "description": "Thank You"}]}