{"textAnnotations": [{"boundingPoly": {"vertices": [{"x": 132.0, "y": 62.0}, {"x": 420.0, "y": 76.0}, {"x": 418.0, "y": 136.0}, {"x": 130.0, "y": 119.0}]}, "description": "merchant name"}, {"boundingPoly": {"vertices": [{"x": 169.0, "y": 144.0}, {"x": 313.0, "y": 148.0}, {"x": 312.0, "y": 166.0}, {"x": 168.0, "y": 162.0}]}, "description": "merchant address"}, {"boundingPoly": {"vertices": [{"x": 129.0, "y": 164.0}, {"x": 296.0, "y": 164.0}, {"x": 296.0, "y": 187.0}, {"x": 129.0, "y": 187.0}]}, "description": "merchant address"}, {"boundingPoly": {"vertices": [{"x": 308.0, "y": 171.0}, {"x": 357.0, "y": 171.0}, {"x": 357.0, "y": 191.0}, {"x": 308.0, "y": 191.0}]}, "description": "merchant address"}, {"boundingPoly": {"vertices": [{"x": 184.0, "y": 184.0}, {"x": 299.0, "y": 190.0}, {"x": 298.0, "y": 207.0}, {"x": 184.0, "y": 201.0}]}, "description": "merchant phone"}, {"boundingPoly": {"vertices": [{"x": 59.0, "y": 221.0}, {"x": 419.0, "y": 227.0}, {"x": 418.0, "y": 244.0}, {"x": 59.0, "y": 240.0}]}, "description": "REG#04 TRN#5900 CSHR#1792223 STR#11004"}, {"boundingPoly": {"vertices": [{"x": 56.0, "y": 261.0}, {"x": 157.0, "y": 261.0}, {"x": 157.0, "y": 278.0}, {"x": 56.0, "y": 278.0}]}, "description": " Helped by:"}, {"boundingPoly": {"vertices": [{"x": 159.0, "y": 262.0}, {"x": 210.0, "y": 262.0}, {"x": 210.0, "y": 278.0}, {"x": 159.0, "y": 278.0}]}, "description": " DAVID"}, {"boundingPoly": {"vertices": [{"x": 71.0, "y": 300.0}, {"x": 79.0, "y": 300.0}, {"x": 79.0, "y": 318.0}, {"x": 71.0, "y": 318.0}]}, "description": " 1"}, {"boundingPoly": {"vertices": [{"x": 69.0, "y": 320.0}, {"x": 79.0, "y": 320.0}, {"x": 79.0, "y": 338.0}, {"x": 69.0, "y": 338.0}]}, "description": " 1"}, {"boundingPoly": {"vertices": [{"x": 83.0, "y": 300.0}, {"x": 282.0, "y": 300.0}, {"x": 282.0, "y": 319.0}, {"x": 83.0, "y": 319.0}]}, "description": " EVIAN NAT SPRG WIR 33.Z"}, {"boundingPoly": {"vertices": [{"x": 82.0, "y": 321.0}, {"x": 201.0, "y": 321.0}, {"x": 201.0, "y": 339.0}, {"x": 82.0, "y": 339.0}]}, "description": " BOTTLE DEPOSIT"}, {"boundingPoly": {"vertices": [{"x": 291.0, "y": 301.0}, {"x": 342.0, "y": 301.0}, {"x": 342.0, "y": 319.0}, {"x": 291.0, "y": 318.0}]}, "description": "3.29F"}, {"boundingPoly": {"vertices": [{"x": 305.0, "y": 324.0}, {"x": 340.0, "y": 324.0}, {"x": 339.0, "y": 341.0}, {"x": 305.0, "y": 341.0}]}, "description": ".10F"}, {"boundingPoly": {"vertices": [{"x": 86.0, "y": 360.0}, {"x": 137.0, "y": 362.0}, {"x": 137.0, "y": 379.0}, {"x": 85.0, "y": 378.0}]}, "description": "2 ITEMS"}, {"boundingPoly": {"vertices": [{"x": 171.0, "y": 385.0}, {"x": 274.0, "y": 385.0}, {"x": 274.0, "y": 402.0}, {"x": 171.0, "y": 402.0}]}, "description": "Survey ID #"}, {"boundingPoly": {"vertices": [{"x": 103.0, "y": 402.0}, {"x": 343.0, "y": 405.0}, {"x": 342.0, "y": 433.0}, {"x": 103.0, "y": 430.0}]}, "description": "0635 3111 1881 851 65"}, {"boundingPoly": {"vertices": [{"x": 294.0, "y": 453.0}, {"x": 326.0, "y": 453.0}, {"x": 326.0, "y": 469.0}, {"x": 294.0, "y": 469.0}]}, "description": "3.39"}, {"boundingPoly": {"vertices": [{"x": 295.0, "y": 471.0}, {"x": 324.0, "y": 472.0}, {"x": 324.0, "y": 487.0}, {"x": 294.0, "y": 487.0}]}, "description": "3.39"}, {"boundingPoly": {"vertices": [{"x": 118.0, "y": 454.0}, {"x": 153.0, "y": 454.0}, {"x": 153.0, "y": 471.0}, {"x": 118.0, "y": 471.0}]}, "description": "TOTAL"}, {"boundingPoly": {"vertices": [{"x": 116.0, "y": 474.0}, {"x": 160.0, "y": 474.0}, {"x": 161.0, "y": 489.0}, {"x": 116.0, "y": 490.0}]}, "description": "CHARGE"}, {"boundingPoly": {"vertices": [{"x": 116.0, "y": 493.0}, {"x": 220.0, "y": 493.0}, {"x": 220.0, "y": 508.0}, {"x": 116.0, "y": 508.0}]}, "description": "*********** 1000"}, {"boundingPoly": {"vertices": [{"x": 188.0, "y": 510.0}, {"x": 297.0, "y": 510.0}, {"x": 297.0, "y": 527.0}, {"x": 188.0, "y": 527.0}]}, "description": " *********** 1000"}, {"boundingPoly": {"vertices": [{"x": 274.0, "y": 491.0}, {"x": 289.0, "y": 492.0}, {"x": 289.0, "y": 506.0}, {"x": 273.0, "y": 505.0}]}, "description": "CH"}, {"boundingPoly": {"vertices": [{"x": 65.0, "y": 512.0}, {"x": 184.0, "y": 512.0}, {"x": 184.0, "y": 530.0}, {"x": 65.0, "y": 530.0}]}, "description": " AMERICAN EXPRESS"}, {"boundingPoly": {"vertices": [{"x": 65.0, "y": 531.0}, {"x": 177.0, "y": 531.0}, {"x": 177.0, "y": 546.0}, {"x": 65.0, "y": 547.0}]}, "description": "APPROVED# 800288"}, {"boundingPoly": {"vertices": [{"x": 66.0, "y": 551.0}, {"x": 141.0, "y": 550.0}, {"x": 141.0, "y": 566.0}, {"x": 66.0, "y": 567.0}]}, "description": "REF# 049005"}, {"boundingPoly": {"vertices": [{"x": 66.0, "y": 569.0}, {"x": 135.0, "y": 569.0}, {"x": 135.0, "y": 587.0}, {"x": 66.0, "y": 587.0}]}, "description": " TRAN TYPE:"}, {"boundingPoly": {"vertices": [{"x": 103.0, "y": 588.0}, {"x": 215.0, "y": 588.0}, {"x": 215.0, "y": 606.0}, {"x": 103.0, "y": 606.0}]}, "description": " A000000025010801"}, {"boundingPoly": {"vertices": [{"x": 90.0, "y": 608.0}, {"x": 203.0, "y": 608.0}, {"x": 203.0, "y": 626.0}, {"x": 90.0, "y": 626.0}]}, "description": " 88C109BB87CB61FD"}, {"boundingPoly": {"vertices": [{"x": 64.0, "y": 629.0}, {"x": 188.0, "y": 627.0}, {"x": 189.0, "y": 643.0}, {"x": 64.0, "y": 645.0}]}, "description": "TERMINAL# 84120817"}, {"boundingPoly": {"vertices": [{"x": 62.0, "y": 648.0}, {"x": 201.0, "y": 646.0}, {"x": 201.0, "y": 663.0}, {"x": 62.0, "y": 665.0}]}, "description": "PIN VERIFIED OFFLINE"}, {"boundingPoly": {"vertices": [{"x": 62.0, "y": 667.0}, {"x": 93.0, "y": 667.0}, {"x": 93.0, "y": 684.0}, {"x": 62.0, "y": 684.0}]}, "description": " CVM:"}, {"boundingPoly": {"vertices": [{"x": 62.0, "y": 687.0}, {"x": 119.0, "y": 687.0}, {"x": 119.0, "y": 703.0}, {"x": 62.0, "y": 703.0}]}, "description": " TVR( 95):"}, {"boundingPoly": {"vertices": [{"x": 64.0, "y": 707.0}, {"x": 118.0, "y": 707.0}, {"x": 118.0, "y": 723.0}, {"x": 64.0, "y": 723.0}]}, "description": " TSI(9B):"}, {"boundingPoly": {"vertices": [{"x": 138.0, "y": 569.0}, {"x": 169.0, "y": 569.0}, {"x": 169.0, "y": 586.0}, {"x": 138.0, "y": 586.0}]}, "description": " SALE"}, {"boundingPoly": {"vertices": [{"x": 64.0, "y": 590.0}, {"x": 100.0, "y": 590.0}, {"x": 100.0, "y": 607.0}, {"x": 64.0, "y": 607.0}]}, "description": " AID:"}, {"boundingPoly": {"vertices": [{"x": 65.0, "y": 609.0}, {"x": 87.0, "y": 609.0}, {"x": 87.0, "y": 626.0}, {"x": 65.0, "y": 626.0}]}, "description": " TC:"}, {"boundingPoly": {"vertices": [{"x": 96.0, "y": 667.0}, {"x": 141.0, "y": 667.0}, {"x": 141.0, "y": 684.0}, {"x": 96.0, "y": 684.0}]}, "description": " 410302"}, {"boundingPoly": {"vertices": [{"x": 122.0, "y": 686.0}, {"x": 194.0, "y": 686.0}, {"x": 194.0, "y": 703.0}, {"x": 122.0, "y": 703.0}]}, "description": " 0000008000"}, {"boundingPoly": {"vertices": [{"x": 121.0, "y": 706.0}, {"x": 152.0, "y": 706.0}, {"x": 152.0, "y": 722.0}, {"x": 121.0, "y": 722.0}]}, "description": " E800"}, {"boundingPoly": {"vertices": [{"x": 106.0, "y": 745.0}, {"x": 150.0, "y": 744.0}, {"x": 150.0, "y": 760.0}, {"x": 106.0, "y": 761.0}]}, "description": "CHANGE"}, {"boundingPoly": {"vertices": [{"x": 298.0, "y": 743.0}, {"x": 313.0, "y": 743.0}, {"x": 312.0, "y": 758.0}, {"x": 297.0, "y": 757.0}]}, "description": "00"}, {"boundingPoly": {"vertices": [{"x": 121.0, "y": 858.0}, {"x": 327.0, "y": 856.0}, {"x": 328.0, "y": 872.0}, {"x": 121.0, "y": 875.0}]}, "description": "3511 0049 3145 9000 45"}, {"boundingPoly": {"vertices": [{"x": 64.0, "y": 880.0}, {"x": 363.0, "y": 875.0}, {"x": 363.0, "y": 892.0}, {"x": 64.0, "y": 897.0}]}, "description": "Returns with receipt, subject to"}, {"boundingPoly": {"vertices": [{"x": 67.0, "y": 898.0}, {"x": 374.0, "y": 893.0}, {"x": 374.0, "y": 911.0}, {"x": 68.0, "y": 916.0}]}, "description": "'S Return Policy, thru 01/09/2020"}, {"boundingPoly": {"vertices": [{"x": 80.0, "y": 918.0}, {"x": 354.0, "y": 915.0}, {"x": 354.0, "y": 931.0}, {"x": 80.0, "y": 935.0}]}, "description": "Fund amount is based on price"}, {"boundingPoly": {"vertices": [{"x": 93.0, "y": 938.0}, {"x": 360.0, "y": 932.0}, {"x": 361.0, "y": 949.0}, {"x": 93.0, "y": 955.0}]}, "description": "er all coupons and discounts."}, {"boundingPoly": {"vertices": [{"x": 280.0, "y": 969.0}, {"x": 353.0, "y": 969.0}, {"x": 353.0, "y": 985.0}, {"x": 280.0, "y": 985.0}]}, "description": " 10:49 AM"}, {"boundingPoly": {"vertices": [{"x": 84.0, "y": 976.0}, {"x": 222.0, "y": 972.0}, {"x": 222.0, "y": 987.0}, {"x": 84.0, "y": 992.0}]}, "description": "VEMBER 10, 2019"}, {"boundingPoly": {"vertices": [{"x": 76.0, "y": 1007.0}, {"x": 338.0, "y": 1002.0}, {"x": 338.0, "y": 1018.0}, {"x": 76.0, "y": 1023.0}]}, "description": "GET YOUR CVS EXTRACARE CARD"}, {"boundingPoly": {"vertices": [{"x": 22.0, "y": 1043.0}, {"x": 190.0, "y": 1040.0}, {"x": 190.0, "y": 1053.0}, {"x": 22.0, "y": 1056.0}]}, "description": "*****************"}, {"boundingPoly": {"vertices": [{"x": 340.0, "y": 1040.0}, {"x": 400.0, "y": 1039.0}, {"x": 400.0, "y": 1052.0}, {"x": 340.0, "y": 1052.0}]}, "description": "******"}, {"boundingPoly": {"vertices": [{"x": 26.0, "y": 1077.0}, {"x": 383.0, "y": 1077.0}, {"x": 383.0, "y": 1094.0}, {"x": 26.0, "y": 1094.0}]}, "description": "We would love to hear your feedback"}, {"boundingPoly": {"vertices": [{"x": 34.0, "y": 1098.0}, {"x": 377.0, "y": 1098.0}, {"x": 377.0, "y": 1115.0}, {"x": 34.0, "y": 1114.0}]}, "description": "on your recent experience with us"}, {"boundingPoly": {"vertices": [{"x": 75.0, "y": 1115.0}, {"x": 343.0, "y": 1118.0}, {"x": 343.0, "y": 1136.0}, {"x": 75.0, "y": 1132.0}]}, "description": "This survey will take only"}, {"boundingPoly": {"vertices": [{"x": 107.0, "y": 1136.0}, {"x": 120.0, "y": 1136.0}, {"x": 120.0, "y": 1151.0}, {"x": 107.0, "y": 1151.0}]}, "description": " 1"}, {"boundingPoly": {"vertices": [{"x": 123.0, "y": 1136.0}, {"x": 321.0, "y": 1136.0}, {"x": 321.0, "y": 1155.0}, {"x": 123.0, "y": 1155.0}]}, "description": " minute to complete."}, {"boundingPoly": {"vertices": [{"x": 11.0, "y": 1174.0}, {"x": 398.0, "y": 1177.0}, {"x": 398.0, "y": 1210.0}, {"x": 11.0, "y": 1207.0}]}, "description": "Share Your Feedback"}, {"boundingPoly": {"vertices": [{"x": 72.0, "y": 1233.0}, {"x": 355.0, "y": 1234.0}, {"x": 354.0, "y": 1267.0}, {"x": 71.0, "y": 1266.0}]}, "description": "www.CVSHealthSurvey.com"}]}