{"textAnnotations": [{"boundingPoly": {"vertices": [{"x": 1299.0, "y": 340.0}, {"x": 1705.0, "y": 331.0}, {"x": 1707.0, "y": 402.0}, {"x": 1300.0, "y": 409.0}]}, "description": "merchant name"}, {"boundingPoly": {"vertices": [{"x": 1241.0, "y": 576.0}, {"x": 1754.0, "y": 576.0}, {"x": 1754.0, "y": 624.0}, {"x": 1241.0, "y": 623.0}]}, "description": "www.bom ayny.com"}, {"boundingPoly": {"vertices": [{"x": 1265.0, "y": 623.0}, {"x": 1719.0, "y": 621.0}, {"x": 1719.0, "y": 666.0}, {"x": 1265.0, "y": 668.0}]}, "description": "bombayny@gmail.com"}, {"boundingPoly": {"vertices": [{"x": 1387.0, "y": 679.0}, {"x": 1610.0, "y": 678.0}, {"x": 1610.0, "y": 720.0}, {"x": 1387.0, "y": 721.0}]}, "description": "merchant address"}, {"boundingPoly": {"vertices": [{"x": 1288.0, "y": 732.0}, {"x": 1710.0, "y": 733.0}, {"x": 1709.0, "y": 781.0}, {"x": 1288.0, "y": 779.0}]}, "description": "merchant address"}, {"boundingPoly": {"vertices": [{"x": 1350.0, "y": 786.0}, {"x": 1648.0, "y": 787.0}, {"x": 1648.0, "y": 835.0}, {"x": 1350.0, "y": 834.0}]}, "description": "merchant phone"}, {"boundingPoly": {"vertices": [{"x": 1297.0, "y": 840.0}, {"x": 1706.0, "y": 840.0}, {"x": 1706.0, "y": 892.0}, {"x": 1297.0, "y": 892.0}]}, "description": "(212) 742-2227 (Fax)"}, {"boundingPoly": {"vertices": [{"x": 1382.0, "y": 942.0}, {"x": 1620.0, "y": 941.0}, {"x": 1620.0, "y": 990.0}, {"x": 1382.0, "y": 992.0}]}, "description": "DELIVERY"}, {"boundingPoly": {"vertices": [{"x": 1368.0, "y": 1005.0}, {"x": 1634.0, "y": 1007.0}, {"x": 1634.0, "y": 1054.0}, {"x": 1368.0, "y": 1051.0}]}, "description": "ORDER #242"}, {"boundingPoly": {"vertices": [{"x": 992.0, "y": 1106.0}, {"x": 1126.0, "y": 1106.0}, {"x": 1126.0, "y": 1151.0}, {"x": 992.0, "y": 1151.0}]}, "description": " Name:"}, {"boundingPoly": {"vertices": [{"x": 990.0, "y": 1163.0}, {"x": 1200.0, "y": 1163.0}, {"x": 1200.0, "y": 1214.0}, {"x": 990.0, "y": 1214.0}]}, "description": " Company:"}, {"boundingPoly": {"vertices": [{"x": 1180.0, "y": 1218.0}, {"x": 1688.0, "y": 1218.0}, {"x": 1688.0, "y": 1271.0}, {"x": 1180.0, "y": 1271.0}]}, "description": "merchant address"}, {"boundingPoly": {"vertices": [{"x": 1139.0, "y": 1280.0}, {"x": 1450.0, "y": 1280.0}, {"x": 1450.0, "y": 1336.0}, {"x": 1139.0, "y": 1336.0}]}, "description": "merchant phone"}, {"boundingPoly": {"vertices": [{"x": 1134.0, "y": 1105.0}, {"x": 1466.0, "y": 1105.0}, {"x": 1466.0, "y": 1154.0}, {"x": 1134.0, "y": 1154.0}]}, "description": " Cell Phone NM"}, {"boundingPoly": {"vertices": [{"x": 1207.0, "y": 1163.0}, {"x": 1358.0, "y": 1163.0}, {"x": 1358.0, "y": 1214.0}, {"x": 1207.0, "y": 1214.0}]}, "description": " 1.30PM"}, {"boundingPoly": {"vertices": [{"x": 992.0, "y": 1222.0}, {"x": 1172.0, "y": 1222.0}, {"x": 1172.0, "y": 1269.0}, {"x": 992.0, "y": 1269.0}]}, "description": " Address:"}, {"boundingPoly": {"vertices": [{"x": 985.0, "y": 1277.0}, {"x": 1130.0, "y": 1277.0}, {"x": 1130.0, "y": 1332.0}, {"x": 985.0, "y": 1332.0}]}, "description": " Phone:"}, {"boundingPoly": {"vertices": [{"x": 984.0, "y": 1379.0}, {"x": 1213.0, "y": 1384.0}, {"x": 1212.0, "y": 1422.0}, {"x": 984.0, "y": 1418.0}]}, "description": "Invoice #2241"}, {"boundingPoly": {"vertices": [{"x": 984.0, "y": 1424.0}, {"x": 1168.0, "y": 1426.0}, {"x": 1167.0, "y": 1468.0}, {"x": 984.0, "y": 1465.0}]}, "description": "Abhijeet V"}, {"boundingPoly": {"vertices": [{"x": 1618.0, "y": 1385.0}, {"x": 2031.0, "y": 1385.0}, {"x": 2031.0, "y": 1433.0}, {"x": 1618.0, "y": 1433.0}]}, "description": " Tue, 11/26/2019 2:19 PM"}, {"boundingPoly": {"vertices": [{"x": 976.0, "y": 1523.0}, {"x": 1469.0, "y": 1526.0}, {"x": 1468.0, "y": 1588.0}, {"x": 976.0, "y": 1584.0}]}, "description": "3 (A) Aloo Tikkiyas"}, {"boundingPoly": {"vertices": [{"x": 1032.0, "y": 1593.0}, {"x": 1358.0, "y": 1593.0}, {"x": 1358.0, "y": 1652.0}, {"x": 1032.0, "y": 1652.0}]}, "description": " (A) Bhel Puri"}, {"boundingPoly": {"vertices": [{"x": 975.0, "y": 1660.0}, {"x": 1614.0, "y": 1670.0}, {"x": 1613.0, "y": 1726.0}, {"x": 974.0, "y": 1717.0}]}, "description": "2 Sweet Cardamom Lassi"}, {"boundingPoly": {"vertices": [{"x": 1885.0, "y": 1537.0}, {"x": 2044.0, "y": 1539.0}, {"x": 2040.0, "y": 1595.0}, {"x": 1886.0, "y": 1593.0}]}, "description": "$17.85"}, {"boundingPoly": {"vertices": [{"x": 1902.0, "y": 1610.0}, {"x": 2047.0, "y": 1613.0}, {"x": 2043.0, "y": 1669.0}, {"x": 1904.0, "y": 1665.0}]}, "description": "$6.95"}, {"boundingPoly": {"vertices": [{"x": 1911.0, "y": 1687.0}, {"x": 2051.0, "y": 1685.0}, {"x": 2050.0, "y": 1737.0}, {"x": 1911.0, "y": 1739.0}]}, "description": "$7.90"}, {"boundingPoly": {"vertices": [{"x": 971.0, "y": 1594.0}, {"x": 1023.0, "y": 1594.0}, {"x": 1023.0, "y": 1650.0}, {"x": 971.0, "y": 1650.0}]}, "description": " 1"}, {"boundingPoly": {"vertices": [{"x": 1456.0, "y": 1789.0}, {"x": 1695.0, "y": 1789.0}, {"x": 1695.0, "y": 1843.0}, {"x": 1456.0, "y": 1843.0}]}, "description": " SUBTOTAL"}, {"boundingPoly": {"vertices": [{"x": 1613.0, "y": 1857.0}, {"x": 1696.0, "y": 1857.0}, {"x": 1696.0, "y": 1907.0}, {"x": 1613.0, "y": 1907.0}]}, "description": " TAX"}, {"boundingPoly": {"vertices": [{"x": 1553.0, "y": 1920.0}, {"x": 1697.0, "y": 1920.0}, {"x": 1697.0, "y": 1974.0}, {"x": 1553.0, "y": 1974.0}]}, "description": " TOTAL"}, {"boundingPoly": {"vertices": [{"x": 1200.0, "y": 1977.0}, {"x": 1701.0, "y": 1977.0}, {"x": 1701.0, "y": 2048.0}, {"x": 1200.0, "y": 2048.0}]}, "description": " CREDIT CARD (AMEX)"}, {"boundingPoly": {"vertices": [{"x": 1703.0, "y": 1794.0}, {"x": 1729.0, "y": 1794.0}, {"x": 1729.0, "y": 1843.0}, {"x": 1703.0, "y": 1843.0}]}, "description": " :"}, {"boundingPoly": {"vertices": [{"x": 1704.0, "y": 1859.0}, {"x": 1722.0, "y": 1859.0}, {"x": 1722.0, "y": 1908.0}, {"x": 1704.0, "y": 1908.0}]}, "description": " :"}, {"boundingPoly": {"vertices": [{"x": 1704.0, "y": 1926.0}, {"x": 1734.0, "y": 1926.0}, {"x": 1734.0, "y": 1975.0}, {"x": 1704.0, "y": 1975.0}]}, "description": " :"}, {"boundingPoly": {"vertices": [{"x": 1709.0, "y": 1990.0}, {"x": 1740.0, "y": 1990.0}, {"x": 1740.0, "y": 2049.0}, {"x": 1709.0, "y": 2049.0}]}, "description": " :"}, {"boundingPoly": {"vertices": [{"x": 1901.0, "y": 1805.0}, {"x": 2053.0, "y": 1805.0}, {"x": 2053.0, "y": 1854.0}, {"x": 1901.0, "y": 1854.0}]}, "description": "$32.70"}, {"boundingPoly": {"vertices": [{"x": 1927.0, "y": 1871.0}, {"x": 2057.0, "y": 1873.0}, {"x": 2055.0, "y": 1921.0}, {"x": 1926.0, "y": 1918.0}]}, "description": "$2.90"}, {"boundingPoly": {"vertices": [{"x": 1905.0, "y": 1936.0}, {"x": 2064.0, "y": 1936.0}, {"x": 2064.0, "y": 1989.0}, {"x": 1905.0, "y": 1989.0}]}, "description": "$35.60"}, {"boundingPoly": {"vertices": [{"x": 1906.0, "y": 2004.0}, {"x": 2061.0, "y": 2002.0}, {"x": 2061.0, "y": 2055.0}, {"x": 1906.0, "y": 2056.0}]}, "description": "$35.60"}, {"boundingPoly": {"vertices": [{"x": 1822.0, "y": 2071.0}, {"x": 2093.0, "y": 2077.0}, {"x": 2094.0, "y": 2159.0}, {"x": 1827.0, "y": 2170.0}]}, "description": "$ 4.90"}, {"boundingPoly": {"vertices": [{"x": 1150.0, "y": 2184.0}, {"x": 1895.0, "y": 2204.0}, {"x": 1893.0, "y": 2264.0}, {"x": 1148.0, "y": 2244.0}]}, "description": "15%=$4.91, 18%=$5.89, 20%=$6.54"}, {"boundingPoly": {"vertices": [{"x": 1395.0, "y": 2116.0}, {"x": 1625.0, "y": 2122.0}, {"x": 1624.0, "y": 2186.0}, {"x": 1394.0, "y": 2180.0}]}, "description": "Tip Guide"}, {"boundingPoly": {"vertices": [{"x": 1900.0, "y": 2255.0}, {"x": 2135.0, "y": 2248.0}, {"x": 2133.0, "y": 2374.0}, {"x": 1903.0, "y": 2378.0}]}, "description": "$ 40 w"}, {"boundingPoly": {"vertices": [{"x": 1114.0, "y": 2393.0}, {"x": 1917.0, "y": 2419.0}, {"x": 1914.0, "y": 2490.0}, {"x": 1112.0, "y": 2459.0}]}, "description": "Cell Phone NM (505) 567-7917"}, {"boundingPoly": {"vertices": [{"x": 534.0, "y": 2831.0}, {"x": 1032.0, "y": 2799.0}, {"x": 1036.0, "y": 2856.0}, {"x": 537.0, "y": 2888.0}]}, "description": "REDMI NOTE 5 PRO"}, {"boundingPoly": {"vertices": [{"x": 527.0, "y": 2900.0}, {"x": 993.0, "y": 2872.0}, {"x": 997.0, "y": 2930.0}, {"x": 531.0, "y": 2957.0}]}, "description": "MI DUAL CAMERA"}]}