{"textAnnotations": [{"boundingPoly": {"vertices": [{"x": 355.0, "y": 80.0}, {"x": 399.0, "y": 82.0}, {"x": 398.0, "y": 97.0}, {"x": 355.0, "y": 95.0}]}, "description": "merchant name"}, {"boundingPoly": {"vertices": [{"x": 347.0, "y": 98.0}, {"x": 423.0, "y": 98.0}, {"x": 423.0, "y": 109.0}, {"x": 347.0, "y": 109.0}]}, "description": "merchant address"}, {"boundingPoly": {"vertices": [{"x": 247.0, "y": 136.0}, {"x": 352.0, "y": 130.0}, {"x": 353.0, "y": 142.0}, {"x": 247.0, "y": 148.0}]}, "description": "Amer icano Large"}, {"boundingPoly": {"vertices": [{"x": 236.0, "y": 169.0}, {"x": 349.0, "y": 161.0}, {"x": 351.0, "y": 183.0}, {"x": 238.0, "y": 191.0}]}, "description": "Total GB"}, {"boundingPoly": {"vertices": [{"x": 245.0, "y": 146.0}, {"x": 385.0, "y": 139.0}, {"x": 386.0, "y": 153.0}, {"x": 245.0, "y": 160.0}]}, "description": "il Cake Croissant A"}, {"boundingPoly": {"vertices": [{"x": 479.0, "y": 137.0}, {"x": 514.0, "y": 137.0}, {"x": 513.0, "y": 152.0}, {"x": 479.0, "y": 150.0}]}, "description": "1.40"}, {"boundingPoly": {"vertices": [{"x": 480.0, "y": 145.0}, {"x": 514.0, "y": 147.0}, {"x": 513.0, "y": 160.0}, {"x": 479.0, "y": 158.0}]}, "description": "1.10"}, {"boundingPoly": {"vertices": [{"x": 458.0, "y": 166.0}, {"x": 516.0, "y": 169.0}, {"x": 514.0, "y": 192.0}, {"x": 457.0, "y": 189.0}]}, "description": "2.50"}, {"boundingPoly": {"vertices": [{"x": 233.0, "y": 226.0}, {"x": 378.0, "y": 218.0}, {"x": 379.0, "y": 233.0}, {"x": 234.0, "y": 243.0}]}, "description": "5005 AMERICANEXPRESS"}, {"boundingPoly": {"vertices": [{"x": 327.0, "y": 256.0}, {"x": 354.0, "y": 255.0}, {"x": 355.0, "y": 268.0}, {"x": 327.0, "y": 269.0}]}, "description": "Net"}, {"boundingPoly": {"vertices": [{"x": 321.0, "y": 272.0}, {"x": 353.0, "y": 269.0}, {"x": 354.0, "y": 282.0}, {"x": 322.0, "y": 285.0}]}, "description": "2.08"}, {"boundingPoly": {"vertices": [{"x": 485.0, "y": 226.0}, {"x": 517.0, "y": 228.0}, {"x": 517.0, "y": 241.0}, {"x": 485.0, "y": 240.0}]}, "description": "2.50"}, {"boundingPoly": {"vertices": [{"x": 230.0, "y": 267.0}, {"x": 313.0, "y": 263.0}, {"x": 314.0, "y": 276.0}, {"x": 230.0, "y": 280.0}]}, "description": "Vat percent"}, {"boundingPoly": {"vertices": [{"x": 391.0, "y": 259.0}, {"x": 432.0, "y": 261.0}, {"x": 431.0, "y": 273.0}, {"x": 390.0, "y": 270.0}]}, "description": "Gross"}, {"boundingPoly": {"vertices": [{"x": 398.0, "y": 272.0}, {"x": 432.0, "y": 272.0}, {"x": 432.0, "y": 284.0}, {"x": 398.0, "y": 285.0}]}, "description": "2.50"}, {"boundingPoly": {"vertices": [{"x": 230.0, "y": 276.0}, {"x": 299.0, "y": 276.0}, {"x": 298.0, "y": 290.0}, {"x": 230.0, "y": 289.0}]}, "description": "(2) 20.00"}, {"boundingPoly": {"vertices": [{"x": 467.0, "y": 263.0}, {"x": 489.0, "y": 263.0}, {"x": 489.0, "y": 275.0}, {"x": 466.0, "y": 274.0}]}, "description": "VAT"}, {"boundingPoly": {"vertices": [{"x": 461.0, "y": 274.0}, {"x": 492.0, "y": 274.0}, {"x": 492.0, "y": 287.0}, {"x": 461.0, "y": 286.0}]}, "description": "0.42"}, {"boundingPoly": {"vertices": [{"x": 235.0, "y": 310.0}, {"x": 562.0, "y": 310.0}, {"x": 562.0, "y": 331.0}, {"x": 235.0, "y": 331.0}]}, "description": " 8 10/2019 11:14 AM #:37227 Op:2042 C:21330"}, {"boundingPoly": {"vertices": [{"x": 307.0, "y": 343.0}, {"x": 416.0, "y": 343.0}, {"x": 416.0, "y": 360.0}, {"x": 307.0, "y": 360.0}]}, "description": " : Justin Swift"}, {"boundingPoly": {"vertices": [{"x": 225.0, "y": 328.0}, {"x": 291.0, "y": 328.0}, {"x": 291.0, "y": 347.0}, {"x": 225.0, "y": 347.0}]}, "description": " 2 5:2133"}, {"boundingPoly": {"vertices": [{"x": 225.0, "y": 344.0}, {"x": 304.0, "y": 344.0}, {"x": 304.0, "y": 361.0}, {"x": 225.0, "y": 361.0}]}, "description": " Served you"}, {"boundingPoly": {"vertices": [{"x": 311.0, "y": 373.0}, {"x": 369.0, "y": 373.0}, {"x": 369.0, "y": 389.0}, {"x": 311.0, "y": 389.0}]}, "description": " VAT No:"}, {"boundingPoly": {"vertices": [{"x": 331.0, "y": 389.0}, {"x": 420.0, "y": 389.0}, {"x": 420.0, "y": 405.0}, {"x": 331.0, "y": 405.0}]}, "description": "Thank You !"}, {"boundingPoly": {"vertices": [{"x": 270.0, "y": 404.0}, {"x": 486.0, "y": 404.0}, {"x": 486.0, "y": 421.0}, {"x": 270.0, "y": 422.0}]}, "description": "All prices inclusive of VAT."}, {"boundingPoly": {"vertices": [{"x": 371.0, "y": 374.0}, {"x": 443.0, "y": 374.0}, {"x": 443.0, "y": 389.0}, {"x": 371.0, "y": 389.0}]}, "description": " 561229061"}, {"boundingPoly": {"vertices": [{"x": 246.0, "y": 452.0}, {"x": 423.0, "y": 452.0}, {"x": 423.0, "y": 469.0}, {"x": 246.0, "y": 469.0}]}, "description": "*** CARDHOLDER COPY ***"}, {"boundingPoly": {"vertices": [{"x": 218.0, "y": 518.0}, {"x": 232.0, "y": 518.0}, {"x": 232.0, "y": 534.0}, {"x": 218.0, "y": 534.0}]}, "description": " P:"}, {"boundingPoly": {"vertices": [{"x": 226.0, "y": 534.0}, {"x": 317.0, "y": 534.0}, {"x": 317.0, "y": 550.0}, {"x": 226.0, "y": 550.0}]}, "description": " :***** 15982"}, {"boundingPoly": {"vertices": [{"x": 257.0, "y": 549.0}, {"x": 411.0, "y": 549.0}, {"x": 411.0, "y": 565.0}, {"x": 257.0, "y": 565.0}]}, "description": " 23/10/2019 11:14:48"}, {"boundingPoly": {"vertices": [{"x": 235.0, "y": 518.0}, {"x": 301.0, "y": 518.0}, {"x": 301.0, "y": 534.0}, {"x": 235.0, "y": 534.0}]}, "description": " W3625115"}, {"boundingPoly": {"vertices": [{"x": 384.0, "y": 515.0}, {"x": 387.0, "y": 515.0}, {"x": 387.0, "y": 532.0}, {"x": 384.0, "y": 532.0}]}, "description": " T"}, {"boundingPoly": {"vertices": [{"x": 391.0, "y": 515.0}, {"x": 464.0, "y": 515.0}, {"x": 464.0, "y": 532.0}, {"x": 391.0, "y": 532.0}]}, "description": " :**** 7675"}, {"boundingPoly": {"vertices": [{"x": 216.0, "y": 535.0}, {"x": 224.0, "y": 535.0}, {"x": 224.0, "y": 550.0}, {"x": 216.0, "y": 550.0}]}, "description": " M"}, {"boundingPoly": {"vertices": [{"x": 215.0, "y": 579.0}, {"x": 345.0, "y": 579.0}, {"x": 345.0, "y": 596.0}, {"x": 215.0, "y": 596.0}]}, "description": "AMERICAN EXPRESS"}, {"boundingPoly": {"vertices": [{"x": 215.0, "y": 598.0}, {"x": 338.0, "y": 597.0}, {"x": 338.0, "y": 612.0}, {"x": 215.0, "y": 613.0}]}, "description": "*********** 1004"}, {"boundingPoly": {"vertices": [{"x": 211.0, "y": 630.0}, {"x": 386.0, "y": 629.0}, {"x": 386.0, "y": 646.0}, {"x": 211.0, "y": 647.0}]}, "description": "CONTACTLESS CP SALE"}, {"boundingPoly": {"vertices": [{"x": 232.0, "y": 665.0}, {"x": 426.0, "y": 665.0}, {"x": 426.0, "y": 683.0}, {"x": 232.0, "y": 683.0}]}, "description": "Please debit my account"}, {"boundingPoly": {"vertices": [{"x": 408.0, "y": 682.0}, {"x": 468.0, "y": 682.0}, {"x": 468.0, "y": 698.0}, {"x": 408.0, "y": 699.0}]}, "description": "GBP2.50"}, {"boundingPoly": {"vertices": [{"x": 407.0, "y": 700.0}, {"x": 468.0, "y": 700.0}, {"x": 468.0, "y": 716.0}, {"x": 407.0, "y": 717.0}]}, "description": "GBP2.50"}, {"boundingPoly": {"vertices": [{"x": 207.0, "y": 683.0}, {"x": 260.0, "y": 683.0}, {"x": 260.0, "y": 699.0}, {"x": 207.0, "y": 699.0}]}, "description": "AMOUNT"}, {"boundingPoly": {"vertices": [{"x": 208.0, "y": 701.0}, {"x": 251.0, "y": 702.0}, {"x": 251.0, "y": 717.0}, {"x": 207.0, "y": 716.0}]}, "description": "TOTAL"}, {"boundingPoly": {"vertices": [{"x": 222.0, "y": 735.0}, {"x": 446.0, "y": 735.0}, {"x": 446.0, "y": 754.0}, {"x": 222.0, "y": 753.0}]}, "description": "NO CARDHOLDER VERIFICATION"}, {"boundingPoly": {"vertices": [{"x": 227.0, "y": 772.0}, {"x": 436.0, "y": 773.0}, {"x": 436.0, "y": 791.0}, {"x": 227.0, "y": 790.0}]}, "description": "Please Keep This Receipt"}, {"boundingPoly": {"vertices": [{"x": 259.0, "y": 791.0}, {"x": 402.0, "y": 793.0}, {"x": 402.0, "y": 810.0}, {"x": 259.0, "y": 808.0}]}, "description": "For your Records"}, {"boundingPoly": {"vertices": [{"x": 198.0, "y": 809.0}, {"x": 292.0, "y": 809.0}, {"x": 292.0, "y": 828.0}, {"x": 198.0, "y": 828.0}]}, "description": " Auth Code:"}, {"boundingPoly": {"vertices": [{"x": 196.0, "y": 828.0}, {"x": 233.0, "y": 828.0}, {"x": 233.0, "y": 845.0}, {"x": 196.0, "y": 845.0}]}, "description": " Ref:"}, {"boundingPoly": {"vertices": [{"x": 196.0, "y": 847.0}, {"x": 224.0, "y": 848.0}, {"x": 223.0, "y": 864.0}, {"x": 195.0, "y": 863.0}]}, "description": "133"}, {"boundingPoly": {"vertices": [{"x": 194.0, "y": 866.0}, {"x": 234.0, "y": 866.0}, {"x": 234.0, "y": 884.0}, {"x": 194.0, "y": 884.0}]}, "description": " AID:"}, {"boundingPoly": {"vertices": [{"x": 191.0, "y": 886.0}, {"x": 268.0, "y": 886.0}, {"x": 268.0, "y": 905.0}, {"x": 191.0, "y": 905.0}]}, "description": " App Seq:"}, {"boundingPoly": {"vertices": [{"x": 294.0, "y": 810.0}, {"x": 316.0, "y": 810.0}, {"x": 316.0, "y": 828.0}, {"x": 294.0, "y": 828.0}]}, "description": " 39"}, {"boundingPoly": {"vertices": [{"x": 293.0, "y": 828.0}, {"x": 587.0, "y": 831.0}, {"x": 587.0, "y": 852.0}, {"x": 293.0, "y": 847.0}]}, "description": "Trn# 37227 - Till 213302 - Shop 2"}, {"boundingPoly": {"vertices": [{"x": 237.0, "y": 866.0}, {"x": 383.0, "y": 866.0}, {"x": 383.0, "y": 887.0}, {"x": 237.0, "y": 887.0}]}, "description": " A000000025010801"}, {"boundingPoly": {"vertices": [{"x": 272.0, "y": 886.0}, {"x": 294.0, "y": 886.0}, {"x": 294.0, "y": 905.0}, {"x": 272.0, "y": 905.0}]}, "description": " 00"}]}