{"textAnnotations": [{"boundingPoly": {"vertices": [{"x": 578.0, "y": 10.0}, {"x": 629.0, "y": 59.0}, {"x": 607.0, "y": 85.0}, {"x": 552.0, "y": 33.0}]}, "description": "merchant name"}, {"boundingPoly": {"vertices": [{"x": 407.0, "y": 111.0}, {"x": 627.0, "y": 113.0}, {"x": 625.0, "y": 190.0}, {"x": 406.0, "y": 186.0}]}, "description": "merchant name"}, {"boundingPoly": {"vertices": [{"x": 351.0, "y": 246.0}, {"x": 706.0, "y": 239.0}, {"x": 707.0, "y": 278.0}, {"x": 353.0, "y": 290.0}]}, "description": "BUILD-YOUR-OWN HAPPINESS"}, {"boundingPoly": {"vertices": [{"x": 339.0, "y": 326.0}, {"x": 713.0, "y": 305.0}, {"x": 714.0, "y": 341.0}, {"x": 341.0, "y": 365.0}]}, "description": "merchant address"}, {"boundingPoly": {"vertices": [{"x": 434.0, "y": 397.0}, {"x": 640.0, "y": 377.0}, {"x": 643.0, "y": 412.0}, {"x": 435.0, "y": 434.0}]}, "description": "merchant phone"}, {"boundingPoly": {"vertices": [{"x": 279.0, "y": 382.0}, {"x": 391.0, "y": 379.0}, {"x": 392.0, "y": 420.0}, {"x": 280.0, "y": 423.0}]}, "description": "TA 301"}, {"boundingPoly": {"vertices": [{"x": 316.0, "y": 439.0}, {"x": 430.0, "y": 439.0}, {"x": 430.0, "y": 473.0}, {"x": 316.0, "y": 473.0}]}, "description": " Marlene"}, {"boundingPoly": {"vertices": [{"x": 234.0, "y": 481.0}, {"x": 385.0, "y": 478.0}, {"x": 386.0, "y": 511.0}, {"x": 235.0, "y": 514.0}]}, "description": "ORDER #240"}, {"boundingPoly": {"vertices": [{"x": 416.0, "y": 362.0}, {"x": 653.0, "y": 339.0}, {"x": 657.0, "y": 374.0}, {"x": 419.0, "y": 397.0}]}, "description": "merchant address"}, {"boundingPoly": {"vertices": [{"x": 682.0, "y": 479.0}, {"x": 465.0, "y": 497.0}, {"x": 460.0, "y": 428.0}, {"x": 677.0, "y": 410.0}]}, "description": "EE CHI"}, {"boundingPoly": {"vertices": [{"x": 230.0, "y": 442.0}, {"x": 310.0, "y": 442.0}, {"x": 310.0, "y": 474.0}, {"x": 230.0, "y": 474.0}]}, "description": " Host:"}, {"boundingPoly": {"vertices": [{"x": 698.0, "y": 417.0}, {"x": 845.0, "y": 421.0}, {"x": 844.0, "y": 454.0}, {"x": 698.0, "y": 451.0}]}, "description": "10/30/2019"}, {"boundingPoly": {"vertices": [{"x": 731.0, "y": 454.0}, {"x": 846.0, "y": 454.0}, {"x": 846.0, "y": 490.0}, {"x": 731.0, "y": 490.0}]}, "description": " 12:46 PM"}, {"boundingPoly": {"vertices": [{"x": 774.0, "y": 494.0}, {"x": 847.0, "y": 494.0}, {"x": 846.0, "y": 526.0}, {"x": 774.0, "y": 526.0}]}, "description": "10141"}, {"boundingPoly": {"vertices": [{"x": 244.0, "y": 664.0}, {"x": 421.0, "y": 658.0}, {"x": 422.0, "y": 690.0}, {"x": 245.0, "y": 697.0}]}, "description": "Chicken Bowl"}, {"boundingPoly": {"vertices": [{"x": 278.0, "y": 701.0}, {"x": 410.0, "y": 696.0}, {"x": 412.0, "y": 725.0}, {"x": 279.0, "y": 730.0}]}, "description": "Guacamole"}, {"boundingPoly": {"vertices": [{"x": 791.0, "y": 641.0}, {"x": 856.0, "y": 641.0}, {"x": 857.0, "y": 673.0}, {"x": 792.0, "y": 673.0}]}, "description": "6.95"}, {"boundingPoly": {"vertices": [{"x": 792.0, "y": 678.0}, {"x": 856.0, "y": 677.0}, {"x": 857.0, "y": 709.0}, {"x": 793.0, "y": 710.0}]}, "description": "2.05"}, {"boundingPoly": {"vertices": [{"x": 257.0, "y": 805.0}, {"x": 697.0, "y": 796.0}, {"x": 698.0, "y": 827.0}, {"x": 258.0, "y": 838.0}]}, "description": "How're we doing? Let us know at"}, {"boundingPoly": {"vertices": [{"x": 262.0, "y": 874.0}, {"x": 712.0, "y": 869.0}, {"x": 713.0, "y": 902.0}, {"x": 263.0, "y": 907.0}]}, "description": "to win FREE Chipotle for a year!"}, {"boundingPoly": {"vertices": [{"x": 264.0, "y": 906.0}, {"x": 430.0, "y": 906.0}, {"x": 430.0, "y": 941.0}, {"x": 264.0, "y": 941.0}]}, "description": " Unique Code:"}, {"boundingPoly": {"vertices": [{"x": 261.0, "y": 840.0}, {"x": 539.0, "y": 835.0}, {"x": 540.0, "y": 866.0}, {"x": 261.0, "y": 873.0}]}, "description": "ChipotleFeedback.com"}, {"boundingPoly": {"vertices": [{"x": 280.0, "y": 975.0}, {"x": 641.0, "y": 976.0}, {"x": 641.0, "y": 1007.0}, {"x": 280.0, "y": 1006.0}]}, "description": "128 000 100 102 310 513 54"}, {"boundingPoly": {"vertices": [{"x": 269.0, "y": 1043.0}, {"x": 789.0, "y": 1049.0}, {"x": 788.0, "y": 1086.0}, {"x": 269.0, "y": 1077.0}]}, "description": "For complete rules visit our website."}, {"boundingPoly": {"vertices": [{"x": 277.0, "y": 1146.0}, {"x": 393.0, "y": 1145.0}, {"x": 393.0, "y": 1175.0}, {"x": 277.0, "y": 1176.0}]}, "description": "Subtotal"}, {"boundingPoly": {"vertices": [{"x": 281.0, "y": 1180.0}, {"x": 323.0, "y": 1183.0}, {"x": 323.0, "y": 1208.0}, {"x": 281.0, "y": 1206.0}]}, "description": "Tax"}, {"boundingPoly": {"vertices": [{"x": 399.0, "y": 1136.0}, {"x": 778.0, "y": 1140.0}, {"x": 777.0, "y": 1179.0}, {"x": 399.0, "y": 1172.0}]}, "description": "MOTTA RUDY T30 3W DIG"}, {"boundingPoly": {"vertices": [{"x": 806.0, "y": 1162.0}, {"x": 871.0, "y": 1164.0}, {"x": 869.0, "y": 1195.0}, {"x": 806.0, "y": 1195.0}]}, "description": "9.00"}, {"boundingPoly": {"vertices": [{"x": 808.0, "y": 1196.0}, {"x": 870.0, "y": 1200.0}, {"x": 869.0, "y": 1227.0}, {"x": 806.0, "y": 1225.0}]}, "description": "0.77"}, {"boundingPoly": {"vertices": [{"x": 284.0, "y": 1248.0}, {"x": 473.0, "y": 1250.0}, {"x": 473.0, "y": 1279.0}, {"x": 284.0, "y": 1276.0}]}, "description": "TAKE OUT Total"}, {"boundingPoly": {"vertices": [{"x": 285.0, "y": 1280.0}, {"x": 382.0, "y": 1282.0}, {"x": 381.0, "y": 1310.0}, {"x": 284.0, "y": 1308.0}]}, "description": "CP Card"}, {"boundingPoly": {"vertices": [{"x": 312.0, "y": 1315.0}, {"x": 501.0, "y": 1321.0}, {"x": 500.0, "y": 1351.0}, {"x": 311.0, "y": 1342.0}]}, "description": "Authorizing ..."}, {"boundingPoly": {"vertices": [{"x": 813.0, "y": 1262.0}, {"x": 876.0, "y": 1267.0}, {"x": 874.0, "y": 1295.0}, {"x": 812.0, "y": 1292.0}]}, "description": "9.77"}, {"boundingPoly": {"vertices": [{"x": 812.0, "y": 1295.0}, {"x": 875.0, "y": 1300.0}, {"x": 873.0, "y": 1327.0}, {"x": 810.0, "y": 1324.0}]}, "description": "9.77"}, {"boundingPoly": {"vertices": [{"x": 292.0, "y": 1343.0}, {"x": 442.0, "y": 1350.0}, {"x": 441.0, "y": 1378.0}, {"x": 290.0, "y": 1371.0}]}, "description": "Balance Due"}, {"boundingPoly": {"vertices": [{"x": 815.0, "y": 1361.0}, {"x": 879.0, "y": 1365.0}, {"x": 877.0, "y": 1395.0}, {"x": 814.0, "y": 1391.0}]}, "description": "9.77"}, {"boundingPoly": {"vertices": [{"x": 359.0, "y": 1409.0}, {"x": 808.0, "y": 1425.0}, {"x": 807.0, "y": 1458.0}, {"x": 359.0, "y": 1440.0}]}, "description": "Chipotle Rewards is finally here"}, {"boundingPoly": {"vertices": [{"x": 442.0, "y": 1477.0}, {"x": 727.0, "y": 1488.0}, {"x": 726.0, "y": 1518.0}, {"x": 442.0, "y": 1508.0}]}, "description": "In our app or online"}, {"boundingPoly": {"vertices": [{"x": 403.0, "y": 1443.0}, {"x": 750.0, "y": 1459.0}, {"x": 749.0, "y": 1489.0}, {"x": 401.0, "y": 1473.0}]}, "description": "Sign up and start earning"}, {"boundingPoly": {"vertices": [{"x": 446.0, "y": 1507.0}, {"x": 727.0, "y": 1523.0}, {"x": 725.0, "y": 1553.0}, {"x": 445.0, "y": 1537.0}]}, "description": "chipotle.com/rewards"}]}