{"textAnnotations": [{"boundingPoly": {"vertices": [{"x": 616.0, "y": 47.0}, {"x": 1058.0, "y": 42.0}, {"x": 1059.0, "y": 92.0}, {"x": 616.0, "y": 99.0}]}, "description": "DUPLICATE RECEIPT"}, {"boundingPoly": {"vertices": [{"x": 537.0, "y": 158.0}, {"x": 1126.0, "y": 148.0}, {"x": 1127.0, "y": 203.0}, {"x": 538.0, "y": 210.0}]}, "description": "merchant name"}, {"boundingPoly": {"vertices": [{"x": 712.0, "y": 214.0}, {"x": 973.0, "y": 214.0}, {"x": 973.0, "y": 261.0}, {"x": 712.0, "y": 262.0}]}, "description": "merchant address"}, {"boundingPoly": {"vertices": [{"x": 511.0, "y": 273.0}, {"x": 1149.0, "y": 260.0}, {"x": 1150.0, "y": 313.0}, {"x": 511.0, "y": 322.0}]}, "description": "merchant address"}, {"boundingPoly": {"vertices": [{"x": 709.0, "y": 383.0}, {"x": 966.0, "y": 379.0}, {"x": 967.0, "y": 427.0}, {"x": 709.0, "y": 433.0}]}, "description": "CHK 713373"}, {"boundingPoly": {"vertices": [{"x": 583.0, "y": 435.0}, {"x": 1075.0, "y": 435.0}, {"x": 1075.0, "y": 492.0}, {"x": 583.0, "y": 492.0}]}, "description": " 11/16/2019 02:08 PM"}, {"boundingPoly": {"vertices": [{"x": 1006.0, "y": 493.0}, {"x": 1136.0, "y": 493.0}, {"x": 1136.0, "y": 544.0}, {"x": 1006.0, "y": 544.0}]}, "description": " Reg:"}, {"boundingPoly": {"vertices": [{"x": 472.0, "y": 499.0}, {"x": 665.0, "y": 495.0}, {"x": 666.0, "y": 543.0}, {"x": 472.0, "y": 549.0}]}, "description": "2818482"}, {"boundingPoly": {"vertices": [{"x": 723.0, "y": 495.0}, {"x": 927.0, "y": 495.0}, {"x": 927.0, "y": 547.0}, {"x": 723.0, "y": 547.0}]}, "description": " Drawer:"}, {"boundingPoly": {"vertices": [{"x": 936.0, "y": 495.0}, {"x": 971.0, "y": 495.0}, {"x": 971.0, "y": 548.0}, {"x": 936.0, "y": 548.0}]}, "description": " 1"}, {"boundingPoly": {"vertices": [{"x": 1146.0, "y": 493.0}, {"x": 1170.0, "y": 493.0}, {"x": 1170.0, "y": 543.0}, {"x": 1146.0, "y": 543.0}]}, "description": " 1"}, {"boundingPoly": {"vertices": [{"x": 384.0, "y": 616.0}, {"x": 731.0, "y": 616.0}, {"x": 731.0, "y": 668.0}, {"x": 384.0, "y": 668.0}]}, "description": "Gr Cappuccino"}, {"boundingPoly": {"vertices": [{"x": 387.0, "y": 673.0}, {"x": 804.0, "y": 673.0}, {"x": 804.0, "y": 726.0}, {"x": 387.0, "y": 727.0}]}, "description": "Almond Croissant"}, {"boundingPoly": {"vertices": [{"x": 384.0, "y": 732.0}, {"x": 827.0, "y": 732.0}, {"x": 827.0, "y": 788.0}, {"x": 384.0, "y": 788.0}]}, "description": "Vanilla Madeleine"}, {"boundingPoly": {"vertices": [{"x": 1120.0, "y": 608.0}, {"x": 1223.0, "y": 612.0}, {"x": 1222.0, "y": 663.0}, {"x": 1119.0, "y": 663.0}]}, "description": "4.75"}, {"boundingPoly": {"vertices": [{"x": 1117.0, "y": 671.0}, {"x": 1225.0, "y": 675.0}, {"x": 1220.0, "y": 724.0}, {"x": 1117.0, "y": 725.0}]}, "description": "3.45"}, {"boundingPoly": {"vertices": [{"x": 1114.0, "y": 733.0}, {"x": 1222.0, "y": 735.0}, {"x": 1221.0, "y": 788.0}, {"x": 1114.0, "y": 788.0}]}, "description": "2.45"}, {"boundingPoly": {"vertices": [{"x": 369.0, "y": 862.0}, {"x": 489.0, "y": 862.0}, {"x": 488.0, "y": 908.0}, {"x": 368.0, "y": 905.0}]}, "description": "Amex"}, {"boundingPoly": {"vertices": [{"x": 369.0, "y": 918.0}, {"x": 800.0, "y": 915.0}, {"x": 801.0, "y": 968.0}, {"x": 369.0, "y": 972.0}]}, "description": "XXXXXXXXXXXX1006"}, {"boundingPoly": {"vertices": [{"x": 679.0, "y": 980.0}, {"x": 959.0, "y": 980.0}, {"x": 959.0, "y": 1038.0}, {"x": 679.0, "y": 1038.0}]}, "description": " QUICK CHIP"}, {"boundingPoly": {"vertices": [{"x": 676.0, "y": 1044.0}, {"x": 903.0, "y": 1044.0}, {"x": 903.0, "y": 1100.0}, {"x": 676.0, "y": 1100.0}]}, "description": " PURCHASE"}, {"boundingPoly": {"vertices": [{"x": 359.0, "y": 1109.0}, {"x": 693.0, "y": 1109.0}, {"x": 693.0, "y": 1163.0}, {"x": 359.0, "y": 1163.0}]}, "description": " Reference #:"}, {"boundingPoly": {"vertices": [{"x": 645.0, "y": 1171.0}, {"x": 1086.0, "y": 1171.0}, {"x": 1086.0, "y": 1230.0}, {"x": 645.0, "y": 1230.0}]}, "description": " AMERICAN EXPRESS"}, {"boundingPoly": {"vertices": [{"x": 563.0, "y": 1236.0}, {"x": 744.0, "y": 1236.0}, {"x": 744.0, "y": 1295.0}, {"x": 563.0, "y": 1295.0}]}, "description": " 888183"}, {"boundingPoly": {"vertices": [{"x": 478.0, "y": 1303.0}, {"x": 923.0, "y": 1303.0}, {"x": 923.0, "y": 1359.0}, {"x": 478.0, "y": 1359.0}]}, "description": " A000000025010801"}, {"boundingPoly": {"vertices": [{"x": 474.0, "y": 1368.0}, {"x": 761.0, "y": 1368.0}, {"x": 761.0, "y": 1426.0}, {"x": 474.0, "y": 1426.0}]}, "description": " 0000008000"}, {"boundingPoly": {"vertices": [{"x": 474.0, "y": 1435.0}, {"x": 594.0, "y": 1435.0}, {"x": 594.0, "y": 1492.0}, {"x": 474.0, "y": 1492.0}]}, "description": " E800"}, {"boundingPoly": {"vertices": [{"x": 1093.0, "y": 856.0}, {"x": 1226.0, "y": 854.0}, {"x": 1222.0, "y": 905.0}, {"x": 1092.0, "y": 907.0}]}, "description": "11.07"}, {"boundingPoly": {"vertices": [{"x": 364.0, "y": 981.0}, {"x": 670.0, "y": 981.0}, {"x": 670.0, "y": 1038.0}, {"x": 364.0, "y": 1038.0}]}, "description": " Card Entry:"}, {"boundingPoly": {"vertices": [{"x": 363.0, "y": 1044.0}, {"x": 668.0, "y": 1044.0}, {"x": 668.0, "y": 1100.0}, {"x": 363.0, "y": 1100.0}]}, "description": " Trans Type:"}, {"boundingPoly": {"vertices": [{"x": 703.0, "y": 1109.0}, {"x": 925.0, "y": 1109.0}, {"x": 925.0, "y": 1162.0}, {"x": 703.0, "y": 1162.0}]}, "description": " 00000088"}, {"boundingPoly": {"vertices": [{"x": 354.0, "y": 1172.0}, {"x": 635.0, "y": 1172.0}, {"x": 635.0, "y": 1230.0}, {"x": 354.0, "y": 1230.0}]}, "description": " App Label:"}, {"boundingPoly": {"vertices": [{"x": 350.0, "y": 1236.0}, {"x": 552.0, "y": 1236.0}, {"x": 552.0, "y": 1295.0}, {"x": 350.0, "y": 1295.0}]}, "description": " Auth #:"}, {"boundingPoly": {"vertices": [{"x": 348.0, "y": 1303.0}, {"x": 468.0, "y": 1303.0}, {"x": 468.0, "y": 1359.0}, {"x": 348.0, "y": 1359.0}]}, "description": " AID:"}, {"boundingPoly": {"vertices": [{"x": 346.0, "y": 1367.0}, {"x": 464.0, "y": 1367.0}, {"x": 464.0, "y": 1426.0}, {"x": 346.0, "y": 1426.0}]}, "description": " TVR:"}, {"boundingPoly": {"vertices": [{"x": 344.0, "y": 1434.0}, {"x": 463.0, "y": 1434.0}, {"x": 463.0, "y": 1492.0}, {"x": 344.0, "y": 1492.0}]}, "description": " TSI:"}, {"boundingPoly": {"vertices": [{"x": 336.0, "y": 1567.0}, {"x": 559.0, "y": 1567.0}, {"x": 560.0, "y": 1626.0}, {"x": 337.0, "y": 1627.0}]}, "description": "Subtotal"}, {"boundingPoly": {"vertices": [{"x": 334.0, "y": 1636.0}, {"x": 614.0, "y": 1635.0}, {"x": 614.0, "y": 1697.0}, {"x": 334.0, "y": 1697.0}]}, "description": "Tax 8.875%"}, {"boundingPoly": {"vertices": [{"x": 329.0, "y": 1707.0}, {"x": 471.0, "y": 1706.0}, {"x": 470.0, "y": 1761.0}, {"x": 327.0, "y": 1765.0}]}, "description": "Total"}, {"boundingPoly": {"vertices": [{"x": 240.0, "y": 1774.0}, {"x": 804.0, "y": 1775.0}, {"x": 804.0, "y": 1841.0}, {"x": 239.0, "y": 1840.0}]}, "description": "Change Due"}, {"boundingPoly": {"vertices": [{"x": 1028.0, "y": 1570.0}, {"x": 1203.0, "y": 1568.0}, {"x": 1205.0, "y": 1626.0}, {"x": 1030.0, "y": 1629.0}]}, "description": "$10.65"}, {"boundingPoly": {"vertices": [{"x": 1056.0, "y": 1638.0}, {"x": 1204.0, "y": 1638.0}, {"x": 1200.0, "y": 1694.0}, {"x": 1056.0, "y": 1698.0}]}, "description": "$0.42"}, {"boundingPoly": {"vertices": [{"x": 1026.0, "y": 1707.0}, {"x": 1201.0, "y": 1707.0}, {"x": 1201.0, "y": 1765.0}, {"x": 1027.0, "y": 1767.0}]}, "description": "$11.07"}, {"boundingPoly": {"vertices": [{"x": 1079.0, "y": 1779.0}, {"x": 1366.0, "y": 1774.0}, {"x": 1367.0, "y": 1836.0}, {"x": 1080.0, "y": 1841.0}]}, "description": "$0.00"}, {"boundingPoly": {"vertices": [{"x": 554.0, "y": 1916.0}, {"x": 927.0, "y": 1917.0}, {"x": 927.0, "y": 1980.0}, {"x": 554.0, "y": 1979.0}]}, "description": "Check Closed"}, {"boundingPoly": {"vertices": [{"x": 515.0, "y": 1989.0}, {"x": 1068.0, "y": 1989.0}, {"x": 1068.0, "y": 2057.0}, {"x": 515.0, "y": 2057.0}]}, "description": " 11/16/2019 02:08 PM"}, {"boundingPoly": {"vertices": [{"x": 1316.0, "y": 1940.0}, {"x": 1376.0, "y": 1940.0}, {"x": 1376.0, "y": 1960.0}, {"x": 1316.0, "y": 1960.0}]}, "description": "--"}, {"boundingPoly": {"vertices": [{"x": 439.0, "y": 2359.0}, {"x": 1149.0, "y": 2362.0}, {"x": 1148.0, "y": 2427.0}, {"x": 439.0, "y": 2423.0}]}, "description": "Join our loyalty program"}, {"boundingPoly": {"vertices": [{"x": 521.0, "y": 2434.0}, {"x": 1055.0, "y": 2432.0}, {"x": 1055.0, "y": 2497.0}, {"x": 521.0, "y": 2500.0}]}, "description": "Starbucks Rewards\u00ae"}, {"boundingPoly": {"vertices": [{"x": 347.0, "y": 2509.0}, {"x": 1241.0, "y": 2509.0}, {"x": 1241.0, "y": 2578.0}, {"x": 347.0, "y": 2579.0}]}, "description": "Sign up for promotional emails"}, {"boundingPoly": {"vertices": [{"x": 375.0, "y": 2585.0}, {"x": 1179.0, "y": 2589.0}, {"x": 1179.0, "y": 2657.0}, {"x": 375.0, "y": 2653.0}]}, "description": "Visit Starbucks.com/rewards"}, {"boundingPoly": {"vertices": [{"x": 483.0, "y": 2663.0}, {"x": 1061.0, "y": 2673.0}, {"x": 1060.0, "y": 2736.0}, {"x": 482.0, "y": 2725.0}]}, "description": "Or download our app"}, {"boundingPoly": {"vertices": [{"x": 716.0, "y": 2749.0}, {"x": 1126.0, "y": 2749.0}, {"x": 1127.0, "y": 2811.0}, {"x": 716.0, "y": 2814.0}]}, "description": "mating stores"}, {"boundingPoly": {"vertices": [{"x": 349.0, "y": 2789.0}, {"x": 848.0, "y": 2788.0}, {"x": 849.0, "y": 2845.0}, {"x": 349.0, "y": 2846.0}]}, "description": "MI DUAL CAMERA !"}]}