{"textAnnotations": [{"boundingPoly": {"vertices": [{"x": 559.0, "y": 110.0}, {"x": 649.0, "y": 110.0}, {"x": 649.0, "y": 147.0}, {"x": 559.0, "y": 147.0}]}, "description": " Thank"}, {"boundingPoly": {"vertices": [{"x": 655.0, "y": 111.0}, {"x": 1002.0, "y": 111.0}, {"x": 1002.0, "y": 158.0}, {"x": 655.0, "y": 158.0}]}, "description": " You For Joining Us At"}, {"boundingPoly": {"vertices": [{"x": 512.0, "y": 179.0}, {"x": 675.0, "y": 185.0}, {"x": 674.0, "y": 221.0}, {"x": 511.0, "y": 214.0}]}, "description": "11/13/2019"}, {"boundingPoly": {"vertices": [{"x": 506.0, "y": 222.0}, {"x": 585.0, "y": 224.0}, {"x": 584.0, "y": 249.0}, {"x": 505.0, "y": 246.0}]}, "description": "====="}, {"boundingPoly": {"vertices": [{"x": 658.0, "y": 152.0}, {"x": 906.0, "y": 154.0}, {"x": 906.0, "y": 187.0}, {"x": 657.0, "y": 183.0}]}, "description": "merchant name"}, {"boundingPoly": {"vertices": [{"x": 980.0, "y": 198.0}, {"x": 1051.0, "y": 198.0}, {"x": 1051.0, "y": 227.0}, {"x": 980.0, "y": 227.0}]}, "description": " 8:18"}, {"boundingPoly": {"vertices": [{"x": 685.0, "y": 263.0}, {"x": 870.0, "y": 266.0}, {"x": 869.0, "y": 296.0}, {"x": 685.0, "y": 292.0}]}, "description": "Avenue Cafe"}, {"boundingPoly": {"vertices": [{"x": 629.0, "y": 294.0}, {"x": 753.0, "y": 294.0}, {"x": 753.0, "y": 327.0}, {"x": 629.0, "y": 327.0}]}, "description": " 3450272"}, {"boundingPoly": {"vertices": [{"x": 632.0, "y": 331.0}, {"x": 701.0, "y": 331.0}, {"x": 701.0, "y": 361.0}, {"x": 632.0, "y": 361.0}]}, "description": " Jose"}, {"boundingPoly": {"vertices": [{"x": 493.0, "y": 362.0}, {"x": 655.0, "y": 362.0}, {"x": 655.0, "y": 397.0}, {"x": 493.0, "y": 397.0}]}, "description": " Terminal:"}, {"boundingPoly": {"vertices": [{"x": 490.0, "y": 404.0}, {"x": 531.0, "y": 404.0}, {"x": 531.0, "y": 426.0}, {"x": 490.0, "y": 426.0}]}, "description": " ==:"}, {"boundingPoly": {"vertices": [{"x": 497.0, "y": 291.0}, {"x": 615.0, "y": 291.0}, {"x": 615.0, "y": 326.0}, {"x": 497.0, "y": 326.0}]}, "description": " Check:"}, {"boundingPoly": {"vertices": [{"x": 494.0, "y": 327.0}, {"x": 626.0, "y": 327.0}, {"x": 626.0, "y": 361.0}, {"x": 494.0, "y": 361.0}]}, "description": " Server:"}, {"boundingPoly": {"vertices": [{"x": 831.0, "y": 301.0}, {"x": 943.0, "y": 301.0}, {"x": 943.0, "y": 333.0}, {"x": 831.0, "y": 333.0}]}, "description": " Table:"}, {"boundingPoly": {"vertices": [{"x": 828.0, "y": 334.0}, {"x": 958.0, "y": 334.0}, {"x": 958.0, "y": 368.0}, {"x": 828.0, "y": 368.0}]}, "description": " Guests:"}, {"boundingPoly": {"vertices": [{"x": 948.0, "y": 302.0}, {"x": 1002.0, "y": 302.0}, {"x": 1002.0, "y": 335.0}, {"x": 948.0, "y": 335.0}]}, "description": " 105"}, {"boundingPoly": {"vertices": [{"x": 661.0, "y": 367.0}, {"x": 716.0, "y": 367.0}, {"x": 716.0, "y": 397.0}, {"x": 661.0, "y": 397.0}]}, "description": " 345"}, {"boundingPoly": {"vertices": [{"x": 964.0, "y": 335.0}, {"x": 987.0, "y": 335.0}, {"x": 987.0, "y": 368.0}, {"x": 964.0, "y": 368.0}]}, "description": " 3"}, {"boundingPoly": {"vertices": [{"x": 1015.0, "y": 412.0}, {"x": 1054.0, "y": 412.0}, {"x": 1053.0, "y": 431.0}, {"x": 1013.0, "y": 432.0}]}, "description": "=="}, {"boundingPoly": {"vertices": [{"x": 657.0, "y": 437.0}, {"x": 882.0, "y": 441.0}, {"x": 882.0, "y": 474.0}, {"x": 656.0, "y": 470.0}]}, "description": "Regular Check"}, {"boundingPoly": {"vertices": [{"x": 586.0, "y": 471.0}, {"x": 729.0, "y": 475.0}, {"x": 728.0, "y": 508.0}, {"x": 586.0, "y": 505.0}]}, "description": "2 Coffee"}, {"boundingPoly": {"vertices": [{"x": 618.0, "y": 512.0}, {"x": 732.0, "y": 512.0}, {"x": 731.0, "y": 545.0}, {"x": 618.0, "y": 544.0}]}, "description": "@ 5.00"}, {"boundingPoly": {"vertices": [{"x": 584.0, "y": 549.0}, {"x": 760.0, "y": 549.0}, {"x": 760.0, "y": 583.0}, {"x": 584.0, "y": 584.0}]}, "description": "2 Fresh OJ"}, {"boundingPoly": {"vertices": [{"x": 613.0, "y": 587.0}, {"x": 728.0, "y": 589.0}, {"x": 727.0, "y": 620.0}, {"x": 613.0, "y": 618.0}]}, "description": "@ 8.00"}, {"boundingPoly": {"vertices": [{"x": 608.0, "y": 623.0}, {"x": 880.0, "y": 623.0}, {"x": 880.0, "y": 663.0}, {"x": 608.0, "y": 663.0}]}, "description": " Belgian Waffles"}, {"boundingPoly": {"vertices": [{"x": 606.0, "y": 661.0}, {"x": 826.0, "y": 661.0}, {"x": 826.0, "y": 698.0}, {"x": 606.0, "y": 698.0}]}, "description": " Ave Scramble"}, {"boundingPoly": {"vertices": [{"x": 604.0, "y": 697.0}, {"x": 789.0, "y": 697.0}, {"x": 789.0, "y": 736.0}, {"x": 604.0, "y": 736.0}]}, "description": " BYO Omelet"}, {"boundingPoly": {"vertices": [{"x": 608.0, "y": 737.0}, {"x": 784.0, "y": 737.0}, {"x": 784.0, "y": 774.0}, {"x": 607.0, "y": 774.0}]}, "description": "$Bell P $1"}, {"boundingPoly": {"vertices": [{"x": 599.0, "y": 778.0}, {"x": 790.0, "y": 778.0}, {"x": 790.0, "y": 816.0}, {"x": 599.0, "y": 816.0}]}, "description": " BYO Omelet"}, {"boundingPoly": {"vertices": [{"x": 594.0, "y": 816.0}, {"x": 730.0, "y": 816.0}, {"x": 730.0, "y": 856.0}, {"x": 594.0, "y": 856.0}]}, "description": " Hot Tea"}, {"boundingPoly": {"vertices": [{"x": 971.0, "y": 479.0}, {"x": 1055.0, "y": 479.0}, {"x": 1054.0, "y": 512.0}, {"x": 970.0, "y": 512.0}]}, "description": "10.00"}, {"boundingPoly": {"vertices": [{"x": 966.0, "y": 552.0}, {"x": 1056.0, "y": 553.0}, {"x": 1056.0, "y": 585.0}, {"x": 968.0, "y": 585.0}]}, "description": "16.00"}, {"boundingPoly": {"vertices": [{"x": 581.0, "y": 622.0}, {"x": 601.0, "y": 622.0}, {"x": 601.0, "y": 660.0}, {"x": 581.0, "y": 660.0}]}, "description": " 1"}, {"boundingPoly": {"vertices": [{"x": 578.0, "y": 660.0}, {"x": 601.0, "y": 660.0}, {"x": 601.0, "y": 695.0}, {"x": 578.0, "y": 695.0}]}, "description": " 1"}, {"boundingPoly": {"vertices": [{"x": 579.0, "y": 695.0}, {"x": 598.0, "y": 695.0}, {"x": 598.0, "y": 733.0}, {"x": 579.0, "y": 733.0}]}, "description": " 1"}, {"boundingPoly": {"vertices": [{"x": 970.0, "y": 627.0}, {"x": 1055.0, "y": 626.0}, {"x": 1055.0, "y": 660.0}, {"x": 970.0, "y": 659.0}]}, "description": "15.00"}, {"boundingPoly": {"vertices": [{"x": 969.0, "y": 666.0}, {"x": 1054.0, "y": 665.0}, {"x": 1054.0, "y": 695.0}, {"x": 970.0, "y": 697.0}]}, "description": "19.00"}, {"boundingPoly": {"vertices": [{"x": 967.0, "y": 703.0}, {"x": 1057.0, "y": 704.0}, {"x": 1056.0, "y": 735.0}, {"x": 966.0, "y": 734.0}]}, "description": "20.00"}, {"boundingPoly": {"vertices": [{"x": 575.0, "y": 778.0}, {"x": 593.0, "y": 778.0}, {"x": 593.0, "y": 814.0}, {"x": 575.0, "y": 814.0}]}, "description": " 1"}, {"boundingPoly": {"vertices": [{"x": 567.0, "y": 815.0}, {"x": 588.0, "y": 815.0}, {"x": 588.0, "y": 854.0}, {"x": 567.0, "y": 854.0}]}, "description": " 1"}, {"boundingPoly": {"vertices": [{"x": 967.0, "y": 781.0}, {"x": 1057.0, "y": 781.0}, {"x": 1057.0, "y": 817.0}, {"x": 967.0, "y": 814.0}]}, "description": "19.00"}, {"boundingPoly": {"vertices": [{"x": 984.0, "y": 821.0}, {"x": 1061.0, "y": 822.0}, {"x": 1061.0, "y": 856.0}, {"x": 984.0, "y": 855.0}]}, "description": "5.00"}, {"boundingPoly": {"vertices": [{"x": 635.0, "y": 899.0}, {"x": 785.0, "y": 902.0}, {"x": 784.0, "y": 940.0}, {"x": 635.0, "y": 937.0}]}, "description": "Subtotal"}, {"boundingPoly": {"vertices": [{"x": 614.0, "y": 946.0}, {"x": 786.0, "y": 948.0}, {"x": 785.0, "y": 986.0}, {"x": 614.0, "y": 984.0}]}, "description": "Sales Tax"}, {"boundingPoly": {"vertices": [{"x": 689.0, "y": 991.0}, {"x": 784.0, "y": 994.0}, {"x": 782.0, "y": 1030.0}, {"x": 688.0, "y": 1030.0}]}, "description": "Total"}, {"boundingPoly": {"vertices": [{"x": 914.0, "y": 906.0}, {"x": 1023.0, "y": 908.0}, {"x": 1022.0, "y": 945.0}, {"x": 914.0, "y": 944.0}]}, "description": "104.00"}, {"boundingPoly": {"vertices": [{"x": 944.0, "y": 952.0}, {"x": 1020.0, "y": 952.0}, {"x": 1019.0, "y": 988.0}, {"x": 945.0, "y": 988.0}]}, "description": "8.58"}, {"boundingPoly": {"vertices": [{"x": 915.0, "y": 994.0}, {"x": 1023.0, "y": 993.0}, {"x": 1022.0, "y": 1032.0}, {"x": 915.0, "y": 1032.0}]}, "description": "112.58"}, {"boundingPoly": {"vertices": [{"x": 448.0, "y": 1131.0}, {"x": 604.0, "y": 1137.0}, {"x": 603.0, "y": 1158.0}, {"x": 447.0, "y": 1151.0}]}, "description": "========="}, {"boundingPoly": {"vertices": [{"x": 668.0, "y": 1172.0}, {"x": 823.0, "y": 1174.0}, {"x": 822.0, "y": 1211.0}, {"x": 668.0, "y": 1208.0}]}, "description": "Payments"}, {"boundingPoly": {"vertices": [{"x": 448.0, "y": 1255.0}, {"x": 731.0, "y": 1257.0}, {"x": 731.0, "y": 1296.0}, {"x": 448.0, "y": 1293.0}]}, "description": "MGM Room Charge"}, {"boundingPoly": {"vertices": [{"x": 490.0, "y": 1297.0}, {"x": 1037.0, "y": 1303.0}, {"x": 1037.0, "y": 1343.0}, {"x": 489.0, "y": 1337.0}]}, "description": "merchant address"}, {"boundingPoly": {"vertices": [{"x": 945.0, "y": 1258.0}, {"x": 1054.0, "y": 1260.0}, {"x": 1053.0, "y": 1297.0}, {"x": 945.0, "y": 1297.0}]}, "description": "112.58"}, {"boundingPoly": {"vertices": [{"x": 434.0, "y": 1423.0}, {"x": 706.0, "y": 1425.0}, {"x": 706.0, "y": 1467.0}, {"x": 434.0, "y": 1464.0}]}, "description": "Total Payments"}, {"boundingPoly": {"vertices": [{"x": 949.0, "y": 1428.0}, {"x": 1061.0, "y": 1428.0}, {"x": 1062.0, "y": 1468.0}, {"x": 950.0, "y": 1469.0}]}, "description": "112.58"}, {"boundingPoly": {"vertices": [{"x": 423.0, "y": 1518.0}, {"x": 760.0, "y": 1520.0}, {"x": 759.0, "y": 1564.0}, {"x": 422.0, "y": 1562.0}]}, "description": "Remaining Balance"}, {"boundingPoly": {"vertices": [{"x": 986.0, "y": 1521.0}, {"x": 1070.0, "y": 1524.0}, {"x": 1070.0, "y": 1566.0}, {"x": 987.0, "y": 1564.0}]}, "description": "0.00"}, {"boundingPoly": {"vertices": [{"x": 416.0, "y": 1616.0}, {"x": 860.0, "y": 1618.0}, {"x": 860.0, "y": 1665.0}, {"x": 416.0, "y": 1661.0}]}, "description": "Check Fully Authorized"}, {"boundingPoly": {"vertices": [{"x": 416.0, "y": 1723.0}, {"x": 600.0, "y": 1723.0}, {"x": 600.0, "y": 1755.0}, {"x": 415.0, "y": 1752.0}]}, "description": "========="}, {"boundingPoly": {"vertices": [{"x": 417.0, "y": 1767.0}, {"x": 1113.0, "y": 1770.0}, {"x": 1113.0, "y": 1814.0}, {"x": 417.0, "y": 1810.0}]}, "description": "***** GRATUITY/TIP Not Included *****"}, {"boundingPoly": {"vertices": [{"x": 413.0, "y": 1816.0}, {"x": 1196.0, "y": 1819.0}, {"x": 1195.0, "y": 1868.0}, {"x": 412.0, "y": 1864.0}]}, "description": "This tip/gratuity guide is provided for"}, {"boundingPoly": {"vertices": [{"x": 408.0, "y": 1873.0}, {"x": 752.0, "y": 1872.0}, {"x": 752.0, "y": 1914.0}, {"x": 408.0, "y": 1915.0}]}, "description": "your convenience."}, {"boundingPoly": {"vertices": [{"x": 575.0, "y": 1972.0}, {"x": 756.0, "y": 1972.0}, {"x": 757.0, "y": 2016.0}, {"x": 575.0, "y": 2017.0}]}, "description": "18%-18.72"}, {"boundingPoly": {"vertices": [{"x": 576.0, "y": 2023.0}, {"x": 755.0, "y": 2024.0}, {"x": 754.0, "y": 2067.0}, {"x": 576.0, "y": 2066.0}]}, "description": "19%-19.76"}, {"boundingPoly": {"vertices": [{"x": 568.0, "y": 2075.0}, {"x": 755.0, "y": 2075.0}, {"x": 755.0, "y": 2118.0}, {"x": 568.0, "y": 2117.0}]}, "description": "20%-20.80"}]}