{"textAnnotations": [{"boundingPoly": {"vertices": [{"x": 6.0, "y": 100.0}, {"x": 60.0, "y": 100.0}, {"x": 60.0, "y": 118.0}, {"x": 6.0, "y": 118.0}]}, "description": " Date:"}, {"boundingPoly": {"vertices": [{"x": 6.0, "y": 121.0}, {"x": 106.0, "y": 121.0}, {"x": 106.0, "y": 139.0}, {"x": 6.0, "y": 139.0}]}, "description": " Card Type"}, {"boundingPoly": {"vertices": [{"x": 11.0, "y": 141.0}, {"x": 89.0, "y": 141.0}, {"x": 89.0, "y": 158.0}, {"x": 11.0, "y": 158.0}]}, "description": " Acct #:"}, {"boundingPoly": {"vertices": [{"x": 12.0, "y": 161.0}, {"x": 139.0, "y": 161.0}, {"x": 139.0, "y": 179.0}, {"x": 12.0, "y": 179.0}]}, "description": " Card Entry:"}, {"boundingPoly": {"vertices": [{"x": 17.0, "y": 181.0}, {"x": 139.0, "y": 181.0}, {"x": 139.0, "y": 198.0}, {"x": 17.0, "y": 198.0}]}, "description": " Trans Type:"}, {"boundingPoly": {"vertices": [{"x": 17.0, "y": 200.0}, {"x": 126.0, "y": 200.0}, {"x": 126.0, "y": 217.0}, {"x": 17.0, "y": 217.0}]}, "description": " Auth Code:"}, {"boundingPoly": {"vertices": [{"x": 16.0, "y": 219.0}, {"x": 68.0, "y": 219.0}, {"x": 68.0, "y": 236.0}, {"x": 16.0, "y": 236.0}]}, "description": " Check"}, {"boundingPoly": {"vertices": [{"x": 16.0, "y": 239.0}, {"x": 100.0, "y": 239.0}, {"x": 100.0, "y": 256.0}, {"x": 16.0, "y": 256.0}]}, "description": " Check ID"}, {"boundingPoly": {"vertices": [{"x": 16.0, "y": 259.0}, {"x": 79.0, "y": 259.0}, {"x": 79.0, "y": 276.0}, {"x": 16.0, "y": 276.0}]}, "description": " Server"}, {"boundingPoly": {"vertices": [{"x": 139.0, "y": 100.0}, {"x": 322.0, "y": 100.0}, {"x": 322.0, "y": 119.0}, {"x": 139.0, "y": 119.0}]}, "description": " Oct28'19 09:05AM"}, {"boundingPoly": {"vertices": [{"x": 141.0, "y": 122.0}, {"x": 185.0, "y": 122.0}, {"x": 185.0, "y": 138.0}, {"x": 141.0, "y": 138.0}]}, "description": "Amex"}, {"boundingPoly": {"vertices": [{"x": 142.0, "y": 142.0}, {"x": 307.0, "y": 141.0}, {"x": 307.0, "y": 158.0}, {"x": 142.0, "y": 159.0}]}, "description": "XXXXXXXXXXX1000"}, {"boundingPoly": {"vertices": [{"x": 142.0, "y": 162.0}, {"x": 208.0, "y": 162.0}, {"x": 208.0, "y": 179.0}, {"x": 142.0, "y": 179.0}]}, "description": " SWIPED"}, {"boundingPoly": {"vertices": [{"x": 143.0, "y": 181.0}, {"x": 231.0, "y": 181.0}, {"x": 231.0, "y": 198.0}, {"x": 143.0, "y": 198.0}]}, "description": " PURCHASE"}, {"boundingPoly": {"vertices": [{"x": 145.0, "y": 199.0}, {"x": 209.0, "y": 199.0}, {"x": 209.0, "y": 216.0}, {"x": 145.0, "y": 216.0}]}, "description": "585879"}, {"boundingPoly": {"vertices": [{"x": 147.0, "y": 219.0}, {"x": 188.0, "y": 219.0}, {"x": 188.0, "y": 235.0}, {"x": 148.0, "y": 235.0}]}, "description": "1746"}, {"boundingPoly": {"vertices": [{"x": 145.0, "y": 239.0}, {"x": 165.0, "y": 239.0}, {"x": 165.0, "y": 255.0}, {"x": 145.0, "y": 255.0}]}, "description": "20"}, {"boundingPoly": {"vertices": [{"x": 147.0, "y": 258.0}, {"x": 273.0, "y": 258.0}, {"x": 273.0, "y": 275.0}, {"x": 147.0, "y": 275.0}]}, "description": "1006 CASHIER"}, {"boundingPoly": {"vertices": [{"x": 109.0, "y": 122.0}, {"x": 117.0, "y": 122.0}, {"x": 117.0, "y": 139.0}, {"x": 109.0, "y": 139.0}]}, "description": " :"}, {"boundingPoly": {"vertices": [{"x": 71.0, "y": 220.0}, {"x": 79.0, "y": 220.0}, {"x": 79.0, "y": 236.0}, {"x": 71.0, "y": 236.0}]}, "description": " :"}, {"boundingPoly": {"vertices": [{"x": 103.0, "y": 239.0}, {"x": 112.0, "y": 239.0}, {"x": 112.0, "y": 256.0}, {"x": 103.0, "y": 256.0}]}, "description": " :"}, {"boundingPoly": {"vertices": [{"x": 82.0, "y": 260.0}, {"x": 90.0, "y": 260.0}, {"x": 90.0, "y": 276.0}, {"x": 82.0, "y": 276.0}]}, "description": " :"}, {"boundingPoly": {"vertices": [{"x": 15.0, "y": 298.0}, {"x": 112.0, "y": 298.0}, {"x": 112.0, "y": 315.0}, {"x": 15.0, "y": 315.0}]}, "description": " Subtotal:"}, {"boundingPoly": {"vertices": [{"x": 232.0, "y": 296.0}, {"x": 334.0, "y": 295.0}, {"x": 334.0, "y": 315.0}, {"x": 232.0, "y": 315.0}]}, "description": "34.17"}, {"boundingPoly": {"vertices": [{"x": 15.0, "y": 358.0}, {"x": 45.0, "y": 358.0}, {"x": 45.0, "y": 374.0}, {"x": 15.0, "y": 374.0}]}, "description": " TIP"}, {"boundingPoly": {"vertices": [{"x": 48.0, "y": 358.0}, {"x": 57.0, "y": 358.0}, {"x": 57.0, "y": 374.0}, {"x": 48.0, "y": 374.0}]}, "description": " :"}, {"boundingPoly": {"vertices": [{"x": 12.0, "y": 457.0}, {"x": 68.0, "y": 458.0}, {"x": 68.0, "y": 475.0}, {"x": 12.0, "y": 475.0}]}, "description": "TOTAL"}, {"boundingPoly": {"vertices": [{"x": 78.0, "y": 518.0}, {"x": 291.0, "y": 518.0}, {"x": 291.0, "y": 537.0}, {"x": 78.0, "y": 538.0}]}, "description": "GUEST COPY"}]}