{"textAnnotations": [{"boundingPoly": {"vertices": [{"x": 232.0, "y": 49.0}, {"x": 267.0, "y": 49.0}, {"x": 267.0, "y": 65.0}, {"x": 232.0, "y": 64.0}]}, "description": "merchant name"}, {"boundingPoly": {"vertices": [{"x": 223.0, "y": 66.0}, {"x": 284.0, "y": 66.0}, {"x": 284.0, "y": 77.0}, {"x": 223.0, "y": 76.0}]}, "description": "merchant address"}, {"boundingPoly": {"vertices": [{"x": 146.0, "y": 94.0}, {"x": 189.0, "y": 95.0}, {"x": 189.0, "y": 105.0}, {"x": 146.0, "y": 104.0}]}, "description": "Kettles"}, {"boundingPoly": {"vertices": [{"x": 145.0, "y": 104.0}, {"x": 236.0, "y": 104.0}, {"x": 236.0, "y": 114.0}, {"x": 145.0, "y": 114.0}]}, "description": "Hot deli offer 2"}, {"boundingPoly": {"vertices": [{"x": 201.0, "y": 94.0}, {"x": 257.0, "y": 93.0}, {"x": 257.0, "y": 104.0}, {"x": 201.0, "y": 104.0}]}, "description": "Sea Salt &"}, {"boundingPoly": {"vertices": [{"x": 141.0, "y": 123.0}, {"x": 229.0, "y": 123.0}, {"x": 229.0, "y": 141.0}, {"x": 141.0, "y": 141.0}]}, "description": "Total GB"}, {"boundingPoly": {"vertices": [{"x": 312.0, "y": 123.0}, {"x": 356.0, "y": 124.0}, {"x": 356.0, "y": 141.0}, {"x": 311.0, "y": 141.0}]}, "description": "4.70"}, {"boundingPoly": {"vertices": [{"x": 138.0, "y": 171.0}, {"x": 253.0, "y": 169.0}, {"x": 253.0, "y": 182.0}, {"x": 138.0, "y": 183.0}]}, "description": "5005 AMERICANEXPRESS"}, {"boundingPoly": {"vertices": [{"x": 334.0, "y": 168.0}, {"x": 359.0, "y": 168.0}, {"x": 359.0, "y": 179.0}, {"x": 334.0, "y": 180.0}]}, "description": "4.70"}, {"boundingPoly": {"vertices": [{"x": 137.0, "y": 203.0}, {"x": 202.0, "y": 203.0}, {"x": 202.0, "y": 212.0}, {"x": 137.0, "y": 213.0}]}, "description": "Vat percent"}, {"boundingPoly": {"vertices": [{"x": 137.0, "y": 213.0}, {"x": 192.0, "y": 212.0}, {"x": 192.0, "y": 222.0}, {"x": 137.0, "y": 223.0}]}, "description": "(2) 20.00"}, {"boundingPoly": {"vertices": [{"x": 216.0, "y": 202.0}, {"x": 233.0, "y": 202.0}, {"x": 233.0, "y": 211.0}, {"x": 216.0, "y": 211.0}]}, "description": "Not"}, {"boundingPoly": {"vertices": [{"x": 211.0, "y": 211.0}, {"x": 238.0, "y": 209.0}, {"x": 238.0, "y": 217.0}, {"x": 211.0, "y": 219.0}]}, "description": "3.925"}, {"boundingPoly": {"vertices": [{"x": 265.0, "y": 207.0}, {"x": 295.0, "y": 207.0}, {"x": 295.0, "y": 217.0}, {"x": 265.0, "y": 217.0}]}, "description": "24.20"}, {"boundingPoly": {"vertices": [{"x": 315.0, "y": 207.0}, {"x": 341.0, "y": 207.0}, {"x": 342.0, "y": 217.0}, {"x": 315.0, "y": 218.0}]}, "description": "0.78"}, {"boundingPoly": {"vertices": [{"x": 134.0, "y": 240.0}, {"x": 262.0, "y": 240.0}, {"x": 262.0, "y": 253.0}, {"x": 134.0, "y": 253.0}]}, "description": " 23/10/2019 12:07 PM #:"}, {"boundingPoly": {"vertices": [{"x": 133.0, "y": 251.0}, {"x": 183.0, "y": 251.0}, {"x": 183.0, "y": 263.0}, {"x": 133.0, "y": 263.0}]}, "description": "3 S. 2132"}, {"boundingPoly": {"vertices": [{"x": 133.0, "y": 264.0}, {"x": 196.0, "y": 264.0}, {"x": 196.0, "y": 276.0}, {"x": 133.0, "y": 276.0}]}, "description": " Solved you"}, {"boundingPoly": {"vertices": [{"x": 264.0, "y": 240.0}, {"x": 392.0, "y": 240.0}, {"x": 392.0, "y": 253.0}, {"x": 264.0, "y": 253.0}]}, "description": " 75362 012030 L /1320"}, {"boundingPoly": {"vertices": [{"x": 198.0, "y": 264.0}, {"x": 301.0, "y": 264.0}, {"x": 301.0, "y": 276.0}, {"x": 198.0, "y": 276.0}]}, "description": " : Shirley Gatland"}, {"boundingPoly": {"vertices": [{"x": 201.0, "y": 287.0}, {"x": 246.0, "y": 287.0}, {"x": 246.0, "y": 298.0}, {"x": 201.0, "y": 298.0}]}, "description": " VAT No:"}, {"boundingPoly": {"vertices": [{"x": 216.0, "y": 297.0}, {"x": 285.0, "y": 298.0}, {"x": 285.0, "y": 308.0}, {"x": 216.0, "y": 308.0}]}, "description": "Thank You !"}, {"boundingPoly": {"vertices": [{"x": 169.0, "y": 308.0}, {"x": 336.0, "y": 307.0}, {"x": 336.0, "y": 320.0}, {"x": 169.0, "y": 320.0}]}, "description": "All prices inclusive of VAT."}, {"boundingPoly": {"vertices": [{"x": 248.0, "y": 287.0}, {"x": 303.0, "y": 287.0}, {"x": 303.0, "y": 298.0}, {"x": 248.0, "y": 298.0}]}, "description": " 561229061"}, {"boundingPoly": {"vertices": [{"x": 148.0, "y": 341.0}, {"x": 291.0, "y": 342.0}, {"x": 291.0, "y": 354.0}, {"x": 148.0, "y": 352.0}]}, "description": "*** CARDHOLDER COPY ***"}, {"boundingPoly": {"vertices": [{"x": 126.0, "y": 387.0}, {"x": 136.0, "y": 387.0}, {"x": 136.0, "y": 400.0}, {"x": 126.0, "y": 400.0}]}, "description": " P:"}, {"boundingPoly": {"vertices": [{"x": 125.0, "y": 400.0}, {"x": 130.0, "y": 400.0}, {"x": 130.0, "y": 411.0}, {"x": 125.0, "y": 411.0}]}, "description": " M"}, {"boundingPoly": {"vertices": [{"x": 139.0, "y": 385.0}, {"x": 191.0, "y": 385.0}, {"x": 191.0, "y": 399.0}, {"x": 139.0, "y": 399.0}]}, "description": " W3625112"}, {"boundingPoly": {"vertices": [{"x": 132.0, "y": 397.0}, {"x": 204.0, "y": 397.0}, {"x": 204.0, "y": 411.0}, {"x": 132.0, "y": 411.0}]}, "description": " :***** 1 082"}, {"boundingPoly": {"vertices": [{"x": 258.0, "y": 385.0}, {"x": 323.0, "y": 384.0}, {"x": 324.0, "y": 397.0}, {"x": 258.0, "y": 398.0}]}, "description": "I .**** 7676"}, {"boundingPoly": {"vertices": [{"x": 156.0, "y": 407.0}, {"x": 282.0, "y": 407.0}, {"x": 282.0, "y": 422.0}, {"x": 156.0, "y": 422.0}]}, "description": " 23/19/2019 12:07:20"}, {"boundingPoly": {"vertices": [{"x": 119.0, "y": 435.0}, {"x": 230.0, "y": 432.0}, {"x": 230.0, "y": 445.0}, {"x": 119.0, "y": 448.0}]}, "description": "AMERICAN EXPRESS"}, {"boundingPoly": {"vertices": [{"x": 121.0, "y": 450.0}, {"x": 222.0, "y": 446.0}, {"x": 222.0, "y": 458.0}, {"x": 121.0, "y": 462.0}]}, "description": "*********** 1004"}, {"boundingPoly": {"vertices": [{"x": 119.0, "y": 475.0}, {"x": 263.0, "y": 473.0}, {"x": 263.0, "y": 485.0}, {"x": 119.0, "y": 489.0}]}, "description": "CONTACTLESS CP SALE"}, {"boundingPoly": {"vertices": [{"x": 139.0, "y": 503.0}, {"x": 296.0, "y": 501.0}, {"x": 296.0, "y": 514.0}, {"x": 139.0, "y": 516.0}]}, "description": "Please debit my account"}, {"boundingPoly": {"vertices": [{"x": 120.0, "y": 518.0}, {"x": 160.0, "y": 517.0}, {"x": 160.0, "y": 530.0}, {"x": 120.0, "y": 531.0}]}, "description": "AMOUNT"}, {"boundingPoly": {"vertices": [{"x": 119.0, "y": 532.0}, {"x": 156.0, "y": 532.0}, {"x": 156.0, "y": 545.0}, {"x": 119.0, "y": 545.0}]}, "description": "TOTAL"}, {"boundingPoly": {"vertices": [{"x": 278.0, "y": 514.0}, {"x": 329.0, "y": 513.0}, {"x": 329.0, "y": 527.0}, {"x": 278.0, "y": 528.0}]}, "description": "GBP4.70"}, {"boundingPoly": {"vertices": [{"x": 280.0, "y": 529.0}, {"x": 328.0, "y": 528.0}, {"x": 328.0, "y": 542.0}, {"x": 280.0, "y": 543.0}]}, "description": "GBP4.70"}, {"boundingPoly": {"vertices": [{"x": 131.0, "y": 560.0}, {"x": 310.0, "y": 557.0}, {"x": 311.0, "y": 572.0}, {"x": 131.0, "y": 575.0}]}, "description": "NO CARDHOLDER VERIFICATION"}, {"boundingPoly": {"vertices": [{"x": 136.0, "y": 590.0}, {"x": 304.0, "y": 589.0}, {"x": 304.0, "y": 603.0}, {"x": 136.0, "y": 604.0}]}, "description": "Please Keep This Receipt"}, {"boundingPoly": {"vertices": [{"x": 162.0, "y": 605.0}, {"x": 281.0, "y": 604.0}, {"x": 281.0, "y": 617.0}, {"x": 162.0, "y": 618.0}]}, "description": "For your Records"}, {"boundingPoly": {"vertices": [{"x": 117.0, "y": 618.0}, {"x": 188.0, "y": 618.0}, {"x": 188.0, "y": 634.0}, {"x": 117.0, "y": 634.0}]}, "description": " Auth Code:"}, {"boundingPoly": {"vertices": [{"x": 115.0, "y": 633.0}, {"x": 135.0, "y": 633.0}, {"x": 135.0, "y": 647.0}, {"x": 115.0, "y": 647.0}]}, "description": " Ref"}, {"boundingPoly": {"vertices": [{"x": 116.0, "y": 648.0}, {"x": 140.0, "y": 648.0}, {"x": 140.0, "y": 662.0}, {"x": 116.0, "y": 660.0}]}, "description": "132"}, {"boundingPoly": {"vertices": [{"x": 115.0, "y": 663.0}, {"x": 146.0, "y": 663.0}, {"x": 146.0, "y": 678.0}, {"x": 115.0, "y": 678.0}]}, "description": " AID:"}, {"boundingPoly": {"vertices": [{"x": 114.0, "y": 679.0}, {"x": 172.0, "y": 679.0}, {"x": 172.0, "y": 695.0}, {"x": 114.0, "y": 695.0}]}, "description": " App Seq:"}, {"boundingPoly": {"vertices": [{"x": 190.0, "y": 620.0}, {"x": 208.0, "y": 620.0}, {"x": 208.0, "y": 634.0}, {"x": 190.0, "y": 634.0}]}, "description": " 84"}, {"boundingPoly": {"vertices": [{"x": 137.0, "y": 634.0}, {"x": 144.0, "y": 634.0}, {"x": 144.0, "y": 648.0}, {"x": 137.0, "y": 648.0}]}, "description": " :"}, {"boundingPoly": {"vertices": [{"x": 190.0, "y": 634.0}, {"x": 422.0, "y": 629.0}, {"x": 423.0, "y": 644.0}, {"x": 191.0, "y": 649.0}]}, "description": "Ten# 75362 - Till 213203 - Shop"}, {"boundingPoly": {"vertices": [{"x": 149.0, "y": 664.0}, {"x": 263.0, "y": 664.0}, {"x": 263.0, "y": 679.0}, {"x": 149.0, "y": 679.0}]}, "description": " A000000025010801"}, {"boundingPoly": {"vertices": [{"x": 175.0, "y": 680.0}, {"x": 195.0, "y": 680.0}, {"x": 195.0, "y": 695.0}, {"x": 175.0, "y": 695.0}]}, "description": " 00"}]}