{"textAnnotations": [{"boundingPoly": {"vertices": [{"x": 194.0, "y": 296.0}, {"x": 287.0, "y": 301.0}, {"x": 286.0, "y": 335.0}, {"x": 192.0, "y": 331.0}]}, "description": "CLEK."}, {"boundingPoly": {"vertices": [{"x": 980.0, "y": 493.0}, {"x": 1516.0, "y": 486.0}, {"x": 1516.0, "y": 523.0}, {"x": 980.0, "y": 530.0}]}, "description": "merchant name"}, {"boundingPoly": {"vertices": [{"x": 1097.0, "y": 536.0}, {"x": 1404.0, "y": 532.0}, {"x": 1405.0, "y": 564.0}, {"x": 1097.0, "y": 569.0}]}, "description": "merchant address"}, {"boundingPoly": {"vertices": [{"x": 1081.0, "y": 577.0}, {"x": 1421.0, "y": 574.0}, {"x": 1421.0, "y": 609.0}, {"x": 1081.0, "y": 612.0}]}, "description": "merchant address"}, {"boundingPoly": {"vertices": [{"x": 1141.0, "y": 618.0}, {"x": 1381.0, "y": 618.0}, {"x": 1381.0, "y": 653.0}, {"x": 1141.0, "y": 654.0}]}, "description": "merchant phone"}, {"boundingPoly": {"vertices": [{"x": 945.0, "y": 653.0}, {"x": 1195.0, "y": 653.0}, {"x": 1195.0, "y": 692.0}, {"x": 945.0, "y": 692.0}]}, "description": " Terminal ID:"}, {"boundingPoly": {"vertices": [{"x": 365.0, "y": 645.0}, {"x": 561.0, "y": 639.0}, {"x": 562.0, "y": 676.0}, {"x": 366.0, "y": 683.0}]}, "description": "merchant name"}, {"boundingPoly": {"vertices": [{"x": 261.0, "y": 685.0}, {"x": 639.0, "y": 678.0}, {"x": 640.0, "y": 717.0}, {"x": 262.0, "y": 724.0}]}, "description": "merchant address"}, {"boundingPoly": {"vertices": [{"x": 242.0, "y": 722.0}, {"x": 532.0, "y": 722.0}, {"x": 532.0, "y": 768.0}, {"x": 242.0, "y": 768.0}]}, "description": "merchant address"}, {"boundingPoly": {"vertices": [{"x": 271.0, "y": 769.0}, {"x": 323.0, "y": 769.0}, {"x": 323.0, "y": 811.0}, {"x": 271.0, "y": 811.0}]}, "description": " TEL"}, {"boundingPoly": {"vertices": [{"x": 1201.0, "y": 659.0}, {"x": 1365.0, "y": 659.0}, {"x": 1365.0, "y": 692.0}, {"x": 1201.0, "y": 692.0}]}, "description": " ***** 563"}, {"boundingPoly": {"vertices": [{"x": 947.0, "y": 688.0}, {"x": 1105.0, "y": 691.0}, {"x": 1105.0, "y": 724.0}, {"x": 947.0, "y": 721.0}]}, "description": "11/14/19"}, {"boundingPoly": {"vertices": [{"x": 943.0, "y": 724.0}, {"x": 1457.0, "y": 735.0}, {"x": 1456.0, "y": 771.0}, {"x": 943.0, "y": 760.0}]}, "description": "AMERICAN EXPRESS - INSERT"}, {"boundingPoly": {"vertices": [{"x": 942.0, "y": 800.0}, {"x": 1098.0, "y": 800.0}, {"x": 1098.0, "y": 838.0}, {"x": 942.0, "y": 838.0}]}, "description": " ACCT #:"}, {"boundingPoly": {"vertices": [{"x": 941.0, "y": 841.0}, {"x": 1177.0, "y": 847.0}, {"x": 1176.0, "y": 885.0}, {"x": 940.0, "y": 878.0}]}, "description": "CREDIT SALE"}, {"boundingPoly": {"vertices": [{"x": 939.0, "y": 887.0}, {"x": 1036.0, "y": 887.0}, {"x": 1036.0, "y": 928.0}, {"x": 939.0, "y": 928.0}]}, "description": " UID:"}, {"boundingPoly": {"vertices": [{"x": 938.0, "y": 933.0}, {"x": 1122.0, "y": 933.0}, {"x": 1122.0, "y": 974.0}, {"x": 938.0, "y": 974.0}]}, "description": " BATCH #:"}, {"boundingPoly": {"vertices": [{"x": 940.0, "y": 975.0}, {"x": 1070.0, "y": 978.0}, {"x": 1069.0, "y": 1017.0}, {"x": 939.0, "y": 1014.0}]}, "description": "AMOUNT"}, {"boundingPoly": {"vertices": [{"x": 1501.0, "y": 663.0}, {"x": 1587.0, "y": 663.0}, {"x": 1587.0, "y": 688.0}, {"x": 1501.0, "y": 688.0}]}, "description": "*** 4"}, {"boundingPoly": {"vertices": [{"x": 1447.0, "y": 697.0}, {"x": 1592.0, "y": 697.0}, {"x": 1592.0, "y": 731.0}, {"x": 1447.0, "y": 731.0}]}, "description": " 8:07 PM"}, {"boundingPoly": {"vertices": [{"x": 556.0, "y": 719.0}, {"x": 657.0, "y": 719.0}, {"x": 657.0, "y": 761.0}, {"x": 556.0, "y": 761.0}]}, "description": "merchant address"}, {"boundingPoly": {"vertices": [{"x": 331.0, "y": 763.0}, {"x": 615.0, "y": 763.0}, {"x": 615.0, "y": 809.0}, {"x": 331.0, "y": 809.0}]}, "description": "merchant phone"}, {"boundingPoly": {"vertices": [{"x": 942.0, "y": 763.0}, {"x": 1036.0, "y": 763.0}, {"x": 1036.0, "y": 800.0}, {"x": 942.0, "y": 800.0}]}, "description": " AID:"}, {"boundingPoly": {"vertices": [{"x": 1042.0, "y": 766.0}, {"x": 1371.0, "y": 766.0}, {"x": 1371.0, "y": 809.0}, {"x": 1042.0, "y": 809.0}]}, "description": " A000000025010801"}, {"boundingPoly": {"vertices": [{"x": 1105.0, "y": 808.0}, {"x": 1416.0, "y": 808.0}, {"x": 1416.0, "y": 850.0}, {"x": 1105.0, "y": 850.0}]}, "description": " *********** 1002"}, {"boundingPoly": {"vertices": [{"x": 127.0, "y": 804.0}, {"x": 779.0, "y": 804.0}, {"x": 779.0, "y": 859.0}, {"x": 127.0, "y": 859.0}]}, "description": " DATE 11/14/2019 THU TIME 21:05"}, {"boundingPoly": {"vertices": [{"x": 650.0, "y": 893.0}, {"x": 777.0, "y": 893.0}, {"x": 777.0, "y": 934.0}, {"x": 650.0, "y": 934.0}]}, "description": "$12.95"}, {"boundingPoly": {"vertices": [{"x": 669.0, "y": 940.0}, {"x": 774.0, "y": 939.0}, {"x": 773.0, "y": 978.0}, {"x": 671.0, "y": 981.0}]}, "description": "$2.95"}, {"boundingPoly": {"vertices": [{"x": 664.0, "y": 984.0}, {"x": 773.0, "y": 986.0}, {"x": 771.0, "y": 1026.0}, {"x": 663.0, "y": 1026.0}]}, "description": "$1.41"}, {"boundingPoly": {"vertices": [{"x": 644.0, "y": 1030.0}, {"x": 773.0, "y": 1029.0}, {"x": 773.0, "y": 1070.0}, {"x": 646.0, "y": 1074.0}]}, "description": "$17.31"}, {"boundingPoly": {"vertices": [{"x": 641.0, "y": 1076.0}, {"x": 772.0, "y": 1078.0}, {"x": 772.0, "y": 1121.0}, {"x": 643.0, "y": 1122.0}]}, "description": "$17.31"}, {"boundingPoly": {"vertices": [{"x": 663.0, "y": 1130.0}, {"x": 773.0, "y": 1127.0}, {"x": 774.0, "y": 1168.0}, {"x": 664.0, "y": 1170.0}]}, "description": "00000"}, {"boundingPoly": {"vertices": [{"x": 117.0, "y": 903.0}, {"x": 387.0, "y": 897.0}, {"x": 388.0, "y": 940.0}, {"x": 118.0, "y": 947.0}]}, "description": "HOT ENTREE T1"}, {"boundingPoly": {"vertices": [{"x": 1042.0, "y": 891.0}, {"x": 1295.0, "y": 891.0}, {"x": 1295.0, "y": 939.0}, {"x": 1042.0, "y": 939.0}]}, "description": " 931814967067"}, {"boundingPoly": {"vertices": [{"x": 1134.0, "y": 938.0}, {"x": 1195.0, "y": 938.0}, {"x": 1195.0, "y": 976.0}, {"x": 1134.0, "y": 976.0}]}, "description": " 170"}, {"boundingPoly": {"vertices": [{"x": 1377.0, "y": 899.0}, {"x": 1516.0, "y": 899.0}, {"x": 1516.0, "y": 939.0}, {"x": 1377.0, "y": 939.0}]}, "description": " REF #:"}, {"boundingPoly": {"vertices": [{"x": 1315.0, "y": 944.0}, {"x": 1479.0, "y": 944.0}, {"x": 1479.0, "y": 982.0}, {"x": 1315.0, "y": 982.0}]}, "description": " AUTH #:"}, {"boundingPoly": {"vertices": [{"x": 1522.0, "y": 899.0}, {"x": 1613.0, "y": 899.0}, {"x": 1613.0, "y": 939.0}, {"x": 1522.0, "y": 939.0}]}, "description": " 5370"}, {"boundingPoly": {"vertices": [{"x": 1486.0, "y": 945.0}, {"x": 1616.0, "y": 945.0}, {"x": 1616.0, "y": 981.0}, {"x": 1486.0, "y": 981.0}]}, "description": " 846247"}, {"boundingPoly": {"vertices": [{"x": 1490.0, "y": 987.0}, {"x": 1625.0, "y": 988.0}, {"x": 1625.0, "y": 1028.0}, {"x": 1490.0, "y": 1027.0}]}, "description": "$17.31"}, {"boundingPoly": {"vertices": [{"x": 116.0, "y": 949.0}, {"x": 400.0, "y": 942.0}, {"x": 401.0, "y": 985.0}, {"x": 116.0, "y": 990.0}]}, "description": "LARGE WATER T1"}, {"boundingPoly": {"vertices": [{"x": 113.0, "y": 996.0}, {"x": 197.0, "y": 996.0}, {"x": 196.0, "y": 1032.0}, {"x": 113.0, "y": 1033.0}]}, "description": "TAX1"}, {"boundingPoly": {"vertices": [{"x": 106.0, "y": 1042.0}, {"x": 203.0, "y": 1043.0}, {"x": 203.0, "y": 1083.0}, {"x": 107.0, "y": 1082.0}]}, "description": "TOTAL"}, {"boundingPoly": {"vertices": [{"x": 94.0, "y": 1091.0}, {"x": 186.0, "y": 1089.0}, {"x": 187.0, "y": 1132.0}, {"x": 95.0, "y": 1133.0}]}, "description": "CASH"}, {"boundingPoly": {"vertices": [{"x": 90.0, "y": 1140.0}, {"x": 208.0, "y": 1140.0}, {"x": 208.0, "y": 1183.0}, {"x": 90.0, "y": 1183.0}]}, "description": " CLERK"}, {"boundingPoly": {"vertices": [{"x": 938.0, "y": 1061.0}, {"x": 1008.0, "y": 1061.0}, {"x": 1006.0, "y": 1104.0}, {"x": 938.0, "y": 1104.0}]}, "description": "TIP"}, {"boundingPoly": {"vertices": [{"x": 216.0, "y": 1140.0}, {"x": 238.0, "y": 1140.0}, {"x": 238.0, "y": 1182.0}, {"x": 216.0, "y": 1182.0}]}, "description": " 1"}, {"boundingPoly": {"vertices": [{"x": 468.0, "y": 1132.0}, {"x": 599.0, "y": 1130.0}, {"x": 600.0, "y": 1171.0}, {"x": 469.0, "y": 1174.0}]}, "description": "000051"}, {"boundingPoly": {"vertices": [{"x": 937.0, "y": 1153.0}, {"x": 1051.0, "y": 1155.0}, {"x": 1051.0, "y": 1195.0}, {"x": 937.0, "y": 1192.0}]}, "description": "TOTAL"}, {"boundingPoly": {"vertices": [{"x": 1309.0, "y": 1167.0}, {"x": 1339.0, "y": 1173.0}, {"x": 1335.0, "y": 1206.0}, {"x": 1305.0, "y": 1199.0}]}, "description": "$"}, {"boundingPoly": {"vertices": [{"x": 1118.0, "y": 1206.0}, {"x": 1470.0, "y": 1220.0}, {"x": 1468.0, "y": 1264.0}, {"x": 1117.0, "y": 1250.0}]}, "description": "APPROVED"}, {"boundingPoly": {"vertices": [{"x": 1022.0, "y": 1295.0}, {"x": 1543.0, "y": 1311.0}, {"x": 1542.0, "y": 1353.0}, {"x": 1021.0, "y": 1339.0}]}, "description": "ARQC - A429B56E8AC3F 489"}, {"boundingPoly": {"vertices": [{"x": 1135.0, "y": 1350.0}, {"x": 1435.0, "y": 1356.0}, {"x": 1434.0, "y": 1401.0}, {"x": 1135.0, "y": 1394.0}]}, "description": "CUSTOMER COPY"}]}