{"textAnnotations": [{"boundingPoly": {"vertices": [{"x": 59.0, "y": 16.0}, {"x": 320.0, "y": 24.0}, {"x": 317.0, "y": 104.0}, {"x": 56.0, "y": 93.0}]}, "description": "breakfast"}, {"boundingPoly": {"vertices": [{"x": 162.0, "y": 121.0}, {"x": 224.0, "y": 121.0}, {"x": 224.0, "y": 145.0}, {"x": 162.0, "y": 145.0}]}, "description": " Thank"}, {"boundingPoly": {"vertices": [{"x": 227.0, "y": 122.0}, {"x": 310.0, "y": 122.0}, {"x": 310.0, "y": 147.0}, {"x": 227.0, "y": 147.0}]}, "description": " You For"}, {"boundingPoly": {"vertices": [{"x": 228.0, "y": 150.0}, {"x": 350.0, "y": 153.0}, {"x": 350.0, "y": 177.0}, {"x": 228.0, "y": 174.0}]}, "description": "merchant name"}, {"boundingPoly": {"vertices": [{"x": 180.0, "y": 177.0}, {"x": 328.0, "y": 177.0}, {"x": 328.0, "y": 208.0}, {"x": 180.0, "y": 208.0}]}, "description": "merchant address"}, {"boundingPoly": {"vertices": [{"x": 206.0, "y": 211.0}, {"x": 268.0, "y": 211.0}, {"x": 268.0, "y": 238.0}, {"x": 206.0, "y": 238.0}]}, "description": "merchant address"}, {"boundingPoly": {"vertices": [{"x": 313.0, "y": 123.0}, {"x": 407.0, "y": 123.0}, {"x": 407.0, "y": 151.0}, {"x": 313.0, "y": 151.0}]}, "description": " Visiting"}, {"boundingPoly": {"vertices": [{"x": 333.0, "y": 183.0}, {"x": 371.0, "y": 183.0}, {"x": 371.0, "y": 209.0}, {"x": 333.0, "y": 209.0}]}, "description": "merchant address"}, {"boundingPoly": {"vertices": [{"x": 334.0, "y": 214.0}, {"x": 365.0, "y": 214.0}, {"x": 365.0, "y": 240.0}, {"x": 334.0, "y": 240.0}]}, "description": "merchant address"}, {"boundingPoly": {"vertices": [{"x": 376.0, "y": 183.0}, {"x": 395.0, "y": 183.0}, {"x": 395.0, "y": 209.0}, {"x": 376.0, "y": 209.0}]}, "description": "merchant address"}, {"boundingPoly": {"vertices": [{"x": 272.0, "y": 212.0}, {"x": 331.0, "y": 212.0}, {"x": 331.0, "y": 240.0}, {"x": 272.0, "y": 240.0}]}, "description": "merchant address"}, {"boundingPoly": {"vertices": [{"x": 159.0, "y": 275.0}, {"x": 279.0, "y": 275.0}, {"x": 279.0, "y": 323.0}, {"x": 159.0, "y": 323.0}]}, "description": " Order"}, {"boundingPoly": {"vertices": [{"x": 63.0, "y": 354.0}, {"x": 210.0, "y": 355.0}, {"x": 210.0, "y": 380.0}, {"x": 63.0, "y": 379.0}]}, "description": "MD Dark Roast"}, {"boundingPoly": {"vertices": [{"x": 65.0, "y": 387.0}, {"x": 209.0, "y": 387.0}, {"x": 209.0, "y": 411.0}, {"x": 65.0, "y": 411.0}]}, "description": "Bacon Biscuit"}, {"boundingPoly": {"vertices": [{"x": 65.0, "y": 419.0}, {"x": 166.0, "y": 419.0}, {"x": 165.0, "y": 442.0}, {"x": 65.0, "y": 442.0}]}, "description": "Hashbrown"}, {"boundingPoly": {"vertices": [{"x": 288.0, "y": 277.0}, {"x": 405.0, "y": 277.0}, {"x": 405.0, "y": 323.0}, {"x": 288.0, "y": 323.0}]}, "description": " # 475"}, {"boundingPoly": {"vertices": [{"x": 477.0, "y": 325.0}, {"x": 513.0, "y": 325.0}, {"x": 513.0, "y": 348.0}, {"x": 477.0, "y": 348.0}]}, "description": "CAD"}, {"boundingPoly": {"vertices": [{"x": 466.0, "y": 356.0}, {"x": 510.0, "y": 356.0}, {"x": 509.0, "y": 380.0}, {"x": 467.0, "y": 380.0}]}, "description": "1.71"}, {"boundingPoly": {"vertices": [{"x": 463.0, "y": 387.0}, {"x": 512.0, "y": 386.0}, {"x": 511.0, "y": 409.0}, {"x": 463.0, "y": 410.0}]}, "description": "3.69"}, {"boundingPoly": {"vertices": [{"x": 465.0, "y": 416.0}, {"x": 511.0, "y": 416.0}, {"x": 510.0, "y": 440.0}, {"x": 465.0, "y": 441.0}]}, "description": "1.59"}, {"boundingPoly": {"vertices": [{"x": 69.0, "y": 481.0}, {"x": 92.0, "y": 481.0}, {"x": 92.0, "y": 506.0}, {"x": 69.0, "y": 506.0}]}, "description": " TH"}, {"boundingPoly": {"vertices": [{"x": 96.0, "y": 480.0}, {"x": 124.0, "y": 480.0}, {"x": 124.0, "y": 506.0}, {"x": 96.0, "y": 506.0}]}, "description": " BF"}, {"boundingPoly": {"vertices": [{"x": 129.0, "y": 480.0}, {"x": 188.0, "y": 480.0}, {"x": 188.0, "y": 506.0}, {"x": 129.0, "y": 506.0}]}, "description": " Combo"}, {"boundingPoly": {"vertices": [{"x": 453.0, "y": 479.0}, {"x": 511.0, "y": 477.0}, {"x": 511.0, "y": 502.0}, {"x": 454.0, "y": 502.0}]}, "description": "-1.10"}, {"boundingPoly": {"vertices": [{"x": 312.0, "y": 600.0}, {"x": 410.0, "y": 599.0}, {"x": 411.0, "y": 621.0}, {"x": 312.0, "y": 623.0}]}, "description": "Sub Total"}, {"boundingPoly": {"vertices": [{"x": 315.0, "y": 629.0}, {"x": 424.0, "y": 628.0}, {"x": 424.0, "y": 649.0}, {"x": 315.0, "y": 651.0}]}, "description": "Tax Amount"}, {"boundingPoly": {"vertices": [{"x": 461.0, "y": 596.0}, {"x": 508.0, "y": 597.0}, {"x": 509.0, "y": 618.0}, {"x": 462.0, "y": 620.0}]}, "description": "5.89"}, {"boundingPoly": {"vertices": [{"x": 463.0, "y": 625.0}, {"x": 511.0, "y": 624.0}, {"x": 512.0, "y": 645.0}, {"x": 463.0, "y": 646.0}]}, "description": "0.76"}, {"boundingPoly": {"vertices": [{"x": 56.0, "y": 715.0}, {"x": 252.0, "y": 713.0}, {"x": 252.0, "y": 756.0}, {"x": 56.0, "y": 758.0}]}, "description": "Total CAD"}, {"boundingPoly": {"vertices": [{"x": 418.0, "y": 709.0}, {"x": 512.0, "y": 704.0}, {"x": 513.0, "y": 742.0}, {"x": 421.0, "y": 745.0}]}, "description": "6.65"}, {"boundingPoly": {"vertices": [{"x": 56.0, "y": 842.0}, {"x": 233.0, "y": 843.0}, {"x": 233.0, "y": 867.0}, {"x": 56.0, "y": 866.0}]}, "description": "5000 Credit Card"}, {"boundingPoly": {"vertices": [{"x": 464.0, "y": 838.0}, {"x": 512.0, "y": 836.0}, {"x": 512.0, "y": 860.0}, {"x": 465.0, "y": 861.0}]}, "description": "6.65"}, {"boundingPoly": {"vertices": [{"x": 57.0, "y": 927.0}, {"x": 288.0, "y": 927.0}, {"x": 288.0, "y": 951.0}, {"x": 57.0, "y": 951.0}]}, "description": " 10/25/2019 08:05 AM #:"}, {"boundingPoly": {"vertices": [{"x": 56.0, "y": 955.0}, {"x": 167.0, "y": 955.0}, {"x": 167.0, "y": 980.0}, {"x": 56.0, "y": 980.0}]}, "description": " 201 S:1212"}, {"boundingPoly": {"vertices": [{"x": 56.0, "y": 985.0}, {"x": 169.0, "y": 985.0}, {"x": 169.0, "y": 1008.0}, {"x": 56.0, "y": 1008.0}]}, "description": " Served you"}, {"boundingPoly": {"vertices": [{"x": 292.0, "y": 927.0}, {"x": 511.0, "y": 927.0}, {"x": 511.0, "y": 951.0}, {"x": 292.0, "y": 951.0}]}, "description": " 12404 Op:5025 C:121"}, {"boundingPoly": {"vertices": [{"x": 173.0, "y": 986.0}, {"x": 298.0, "y": 986.0}, {"x": 298.0, "y": 1009.0}, {"x": 173.0, "y": 1009.0}]}, "description": " : Wendy Lam"}, {"boundingPoly": {"vertices": [{"x": 53.0, "y": 1041.0}, {"x": 288.0, "y": 1041.0}, {"x": 288.0, "y": 1064.0}, {"x": 53.0, "y": 1064.0}]}, "description": "Global Rewards Points"}, {"boundingPoly": {"vertices": [{"x": 54.0, "y": 1071.0}, {"x": 252.0, "y": 1071.0}, {"x": 252.0, "y": 1095.0}, {"x": 54.0, "y": 1095.0}]}, "description": " Previous Balance:"}, {"boundingPoly": {"vertices": [{"x": 55.0, "y": 1101.0}, {"x": 208.0, "y": 1101.0}, {"x": 208.0, "y": 1124.0}, {"x": 55.0, "y": 1124.0}]}, "description": " Accrued (new):"}, {"boundingPoly": {"vertices": [{"x": 54.0, "y": 1130.0}, {"x": 213.0, "y": 1130.0}, {"x": 213.0, "y": 1154.0}, {"x": 54.0, "y": 1154.0}]}, "description": " Redeemed (used)"}, {"boundingPoly": {"vertices": [{"x": 54.0, "y": 1160.0}, {"x": 186.0, "y": 1160.0}, {"x": 186.0, "y": 1183.0}, {"x": 54.0, "y": 1183.0}]}, "description": " New Balance:"}, {"boundingPoly": {"vertices": [{"x": 259.0, "y": 1071.0}, {"x": 296.0, "y": 1071.0}, {"x": 296.0, "y": 1094.0}, {"x": 259.0, "y": 1094.0}]}, "description": " 247"}, {"boundingPoly": {"vertices": [{"x": 265.0, "y": 1100.0}, {"x": 286.0, "y": 1100.0}, {"x": 285.0, "y": 1122.0}, {"x": 265.0, "y": 1122.0}]}, "description": "15"}, {"boundingPoly": {"vertices": [{"x": 261.0, "y": 1130.0}, {"x": 277.0, "y": 1132.0}, {"x": 275.0, "y": 1151.0}, {"x": 259.0, "y": 1150.0}]}, "description": "0"}, {"boundingPoly": {"vertices": [{"x": 263.0, "y": 1158.0}, {"x": 296.0, "y": 1159.0}, {"x": 296.0, "y": 1182.0}, {"x": 263.0, "y": 1181.0}]}, "description": "262"}, {"boundingPoly": {"vertices": [{"x": 218.0, "y": 1130.0}, {"x": 231.0, "y": 1130.0}, {"x": 231.0, "y": 1153.0}, {"x": 218.0, "y": 1153.0}]}, "description": " :"}, {"boundingPoly": {"vertices": [{"x": 164.0, "y": 1218.0}, {"x": 405.0, "y": 1218.0}, {"x": 405.0, "y": 1243.0}, {"x": 164.0, "y": 1243.0}]}, "description": "GST# 88778 3355 RT0001"}]}