{"textAnnotations": [{"boundingPoly": {"vertices": [{"x": 58.0, "y": 4.0}, {"x": 161.0, "y": 4.0}, {"x": 161.0, "y": 75.0}, {"x": 58.0, "y": 75.0}]}, "description": " Pret"}, {"boundingPoly": {"vertices": [{"x": 138.0, "y": 91.0}, {"x": 335.0, "y": 91.0}, {"x": 335.0, "y": 120.0}, {"x": 138.0, "y": 120.0}]}, "description": " 1 Oct 19 19:04 PM"}, {"boundingPoly": {"vertices": [{"x": 173.0, "y": 13.0}, {"x": 420.0, "y": 13.0}, {"x": 420.0, "y": 76.0}, {"x": 173.0, "y": 76.0}]}, "description": " Lare Working"}, {"boundingPoly": {"vertices": [{"x": 329.0, "y": 73.0}, {"x": 365.0, "y": 73.0}, {"x": 365.0, "y": 112.0}, {"x": 329.0, "y": 112.0}]}, "description": " at"}, {"boundingPoly": {"vertices": [{"x": 371.0, "y": 73.0}, {"x": 483.0, "y": 73.0}, {"x": 483.0, "y": 119.0}, {"x": 371.0, "y": 119.0}]}, "description": " Bigton"}, {"boundingPoly": {"vertices": [{"x": 16.0, "y": 149.0}, {"x": 86.0, "y": 151.0}, {"x": 85.0, "y": 175.0}, {"x": 15.0, "y": 173.0}]}, "description": "TABLE#"}, {"boundingPoly": {"vertices": [{"x": 17.0, "y": 178.0}, {"x": 87.0, "y": 179.0}, {"x": 87.0, "y": 205.0}, {"x": 16.0, "y": 203.0}]}, "description": "SERVER"}, {"boundingPoly": {"vertices": [{"x": 15.0, "y": 208.0}, {"x": 85.0, "y": 208.0}, {"x": 84.0, "y": 232.0}, {"x": 14.0, "y": 231.0}]}, "description": "CHECK#"}, {"boundingPoly": {"vertices": [{"x": 147.0, "y": 156.0}, {"x": 163.0, "y": 157.0}, {"x": 161.0, "y": 173.0}, {"x": 146.0, "y": 172.0}]}, "description": "0"}, {"boundingPoly": {"vertices": [{"x": 151.0, "y": 179.0}, {"x": 261.0, "y": 179.0}, {"x": 261.0, "y": 207.0}, {"x": 151.0, "y": 207.0}]}, "description": " 15069/Edit"}, {"boundingPoly": {"vertices": [{"x": 150.0, "y": 208.0}, {"x": 216.0, "y": 208.0}, {"x": 216.0, "y": 231.0}, {"x": 150.0, "y": 232.0}]}, "description": "117593"}, {"boundingPoly": {"vertices": [{"x": 266.0, "y": 179.0}, {"x": 280.0, "y": 179.0}, {"x": 280.0, "y": 207.0}, {"x": 266.0, "y": 207.0}]}, "description": " L"}, {"boundingPoly": {"vertices": [{"x": 115.0, "y": 264.0}, {"x": 260.0, "y": 263.0}, {"x": 260.0, "y": 289.0}, {"x": 115.0, "y": 290.0}]}, "description": "CUSTOMER COPY"}, {"boundingPoly": {"vertices": [{"x": 14.0, "y": 292.0}, {"x": 371.0, "y": 292.0}, {"x": 371.0, "y": 320.0}, {"x": 14.0, "y": 320.0}]}, "description": " M:9602495277 L:002410 T:50040196"}, {"boundingPoly": {"vertices": [{"x": 16.0, "y": 323.0}, {"x": 179.0, "y": 323.0}, {"x": 179.0, "y": 353.0}, {"x": 16.0, "y": 353.0}]}, "description": " 01/10/19 19:04"}, {"boundingPoly": {"vertices": [{"x": 150.0, "y": 353.0}, {"x": 239.0, "y": 352.0}, {"x": 240.0, "y": 379.0}, {"x": 150.0, "y": 380.0}]}, "description": "APPROVED"}, {"boundingPoly": {"vertices": [{"x": 19.0, "y": 382.0}, {"x": 198.0, "y": 382.0}, {"x": 198.0, "y": 408.0}, {"x": 19.0, "y": 409.0}]}, "description": "AMERICAN EXPRESS"}, {"boundingPoly": {"vertices": [{"x": 18.0, "y": 412.0}, {"x": 54.0, "y": 412.0}, {"x": 54.0, "y": 437.0}, {"x": 18.0, "y": 437.0}]}, "description": " AID:"}, {"boundingPoly": {"vertices": [{"x": 17.0, "y": 443.0}, {"x": 188.0, "y": 441.0}, {"x": 188.0, "y": 465.0}, {"x": 17.0, "y": 466.0}]}, "description": "xxxxXXXXXXX1006"}, {"boundingPoly": {"vertices": [{"x": 17.0, "y": 468.0}, {"x": 110.0, "y": 468.0}, {"x": 110.0, "y": 495.0}, {"x": 17.0, "y": 494.0}]}, "description": "NFC-CHIP"}, {"boundingPoly": {"vertices": [{"x": 59.0, "y": 412.0}, {"x": 195.0, "y": 412.0}, {"x": 195.0, "y": 437.0}, {"x": 59.0, "y": 437.0}]}, "description": " A00000002501"}, {"boundingPoly": {"vertices": [{"x": 247.0, "y": 440.0}, {"x": 295.0, "y": 440.0}, {"x": 295.0, "y": 467.0}, {"x": 247.0, "y": 467.0}]}, "description": " SEQ:"}, {"boundingPoly": {"vertices": [{"x": 300.0, "y": 441.0}, {"x": 328.0, "y": 441.0}, {"x": 328.0, "y": 467.0}, {"x": 300.0, "y": 467.0}]}, "description": " 00"}, {"boundingPoly": {"vertices": [{"x": 171.0, "y": 497.0}, {"x": 220.0, "y": 497.0}, {"x": 220.0, "y": 523.0}, {"x": 172.0, "y": 523.0}]}, "description": "SALE"}, {"boundingPoly": {"vertices": [{"x": 138.0, "y": 534.0}, {"x": 371.0, "y": 534.0}, {"x": 371.0, "y": 546.0}, {"x": 138.0, "y": 545.0}]}, "description": "....................."}, {"boundingPoly": {"vertices": [{"x": 15.0, "y": 555.0}, {"x": 229.0, "y": 555.0}, {"x": 229.0, "y": 584.0}, {"x": 15.0, "y": 584.0}]}, "description": " TOTAL AMOUNT ......:"}, {"boundingPoly": {"vertices": [{"x": 17.0, "y": 592.0}, {"x": 373.0, "y": 592.0}, {"x": 373.0, "y": 607.0}, {"x": 17.0, "y": 606.0}]}, "description": "................................."}, {"boundingPoly": {"vertices": [{"x": 17.0, "y": 615.0}, {"x": 132.0, "y": 615.0}, {"x": 132.0, "y": 643.0}, {"x": 17.0, "y": 643.0}]}, "description": " AUTH CODE:"}, {"boundingPoly": {"vertices": [{"x": 60.0, "y": 644.0}, {"x": 318.0, "y": 644.0}, {"x": 318.0, "y": 671.0}, {"x": 60.0, "y": 670.0}]}, "description": "CARDHOLDER NOT VERIFIED"}, {"boundingPoly": {"vertices": [{"x": 234.0, "y": 555.0}, {"x": 331.0, "y": 555.0}, {"x": 331.0, "y": 584.0}, {"x": 234.0, "y": 584.0}]}, "description": " GBP 8.97"}, {"boundingPoly": {"vertices": [{"x": 138.0, "y": 615.0}, {"x": 165.0, "y": 615.0}, {"x": 165.0, "y": 642.0}, {"x": 138.0, "y": 642.0}]}, "description": " 17"}]}