{"textAnnotations": [{"boundingPoly": {"vertices": [{"x": 10.0, "y": 9.0}, {"x": 78.0, "y": 9.0}, {"x": 78.0, "y": 35.0}, {"x": 10.0, "y": 35.0}]}, "description": " From:"}, {"boundingPoly": {"vertices": [{"x": 12.0, "y": 43.0}, {"x": 74.0, "y": 43.0}, {"x": 74.0, "y": 69.0}, {"x": 12.0, "y": 69.0}]}, "description": " Date:"}, {"boundingPoly": {"vertices": [{"x": 12.0, "y": 76.0}, {"x": 104.0, "y": 76.0}, {"x": 104.0, "y": 104.0}, {"x": 12.0, "y": 104.0}]}, "description": " Subject:"}, {"boundingPoly": {"vertices": [{"x": 83.0, "y": 9.0}, {"x": 596.0, "y": 9.0}, {"x": 596.0, "y": 36.0}, {"x": 83.0, "y": 36.0}]}, "description": "merchant name"}, {"boundingPoly": {"vertices": [{"x": 79.0, "y": 42.0}, {"x": 429.0, "y": 42.0}, {"x": 429.0, "y": 69.0}, {"x": 79.0, "y": 69.0}]}, "description": " Tue, Nov 26, 2019 at 11:39 AM"}, {"boundingPoly": {"vertices": [{"x": 109.0, "y": 75.0}, {"x": 643.0, "y": 75.0}, {"x": 643.0, "y": 104.0}, {"x": 109.0, "y": 104.0}]}, "description": " Order Confirmation for Mezi from The Counter"}, {"boundingPoly": {"vertices": [{"x": 12.0, "y": 111.0}, {"x": 45.0, "y": 111.0}, {"x": 45.0, "y": 137.0}, {"x": 12.0, "y": 137.0}]}, "description": " To:"}, {"boundingPoly": {"vertices": [{"x": 623.0, "y": 387.0}, {"x": 1301.0, "y": 387.0}, {"x": 1301.0, "y": 438.0}, {"x": 622.0, "y": 437.0}]}, "description": "Thanks for your order, Mezi"}, {"boundingPoly": {"vertices": [{"x": 651.0, "y": 480.0}, {"x": 1272.0, "y": 480.0}, {"x": 1272.0, "y": 517.0}, {"x": 651.0, "y": 515.0}]}, "description": "Paid with American Express ending in 1004"}, {"boundingPoly": {"vertices": [{"x": 872.0, "y": 530.0}, {"x": 1053.0, "y": 531.0}, {"x": 1052.0, "y": 563.0}, {"x": 872.0, "y": 561.0}]}, "description": "The Counter"}, {"boundingPoly": {"vertices": [{"x": 856.0, "y": 581.0}, {"x": 940.0, "y": 581.0}, {"x": 940.0, "y": 613.0}, {"x": 856.0, "y": 613.0}]}, "description": " Total:"}, {"boundingPoly": {"vertices": [{"x": 946.0, "y": 581.0}, {"x": 1069.0, "y": 581.0}, {"x": 1069.0, "y": 613.0}, {"x": 946.0, "y": 613.0}]}, "description": " $152.79"}, {"boundingPoly": {"vertices": [{"x": 819.0, "y": 693.0}, {"x": 1105.0, "y": 695.0}, {"x": 1105.0, "y": 733.0}, {"x": 819.0, "y": 731.0}]}, "description": "Track your order"}, {"boundingPoly": {"vertices": [{"x": 839.0, "y": 872.0}, {"x": 1087.0, "y": 874.0}, {"x": 1087.0, "y": 919.0}, {"x": 839.0, "y": 916.0}]}, "description": "Your receipt"}]}