{"textAnnotations": [{"boundingPoly": {"vertices": [{"x": 73.0, "y": 169.0}, {"x": 199.0, "y": 168.0}, {"x": 199.0, "y": 180.0}, {"x": 73.0, "y": 181.0}]}, "description": "merchant name"}, {"boundingPoly": {"vertices": [{"x": 93.0, "y": 181.0}, {"x": 145.0, "y": 181.0}, {"x": 145.0, "y": 192.0}, {"x": 93.0, "y": 192.0}]}, "description": "merchant address"}, {"boundingPoly": {"vertices": [{"x": 101.0, "y": 192.0}, {"x": 175.0, "y": 191.0}, {"x": 175.0, "y": 203.0}, {"x": 102.0, "y": 204.0}]}, "description": "merchant phone"}, {"boundingPoly": {"vertices": [{"x": 147.0, "y": 181.0}, {"x": 178.0, "y": 181.0}, {"x": 178.0, "y": 192.0}, {"x": 147.0, "y": 192.0}]}, "description": "merchant address"}, {"boundingPoly": {"vertices": [{"x": 298.0, "y": 184.0}, {"x": 331.0, "y": 184.0}, {"x": 331.0, "y": 195.0}, {"x": 298.0, "y": 195.0}]}, "description": "merchant name"}, {"boundingPoly": {"vertices": [{"x": 317.0, "y": 195.0}, {"x": 363.0, "y": 195.0}, {"x": 363.0, "y": 205.0}, {"x": 317.0, "y": 205.0}]}, "description": "merchant address"}, {"boundingPoly": {"vertices": [{"x": 351.0, "y": 204.0}, {"x": 391.0, "y": 204.0}, {"x": 391.0, "y": 215.0}, {"x": 351.0, "y": 215.0}]}, "description": "merchant phone"}, {"boundingPoly": {"vertices": [{"x": 333.0, "y": 184.0}, {"x": 366.0, "y": 184.0}, {"x": 366.0, "y": 195.0}, {"x": 333.0, "y": 195.0}]}, "description": "merchant name"}, {"boundingPoly": {"vertices": [{"x": 364.0, "y": 194.0}, {"x": 394.0, "y": 194.0}, {"x": 394.0, "y": 205.0}, {"x": 364.0, "y": 205.0}]}, "description": "merchant address"}, {"boundingPoly": {"vertices": [{"x": 368.0, "y": 184.0}, {"x": 393.0, "y": 184.0}, {"x": 393.0, "y": 194.0}, {"x": 368.0, "y": 194.0}]}, "description": "merchant name"}, {"boundingPoly": {"vertices": [{"x": 395.0, "y": 184.0}, {"x": 411.0, "y": 184.0}, {"x": 411.0, "y": 194.0}, {"x": 395.0, "y": 194.0}]}, "description": "merchant name"}, {"boundingPoly": {"vertices": [{"x": 33.0, "y": 217.0}, {"x": 69.0, "y": 217.0}, {"x": 69.0, "y": 228.0}, {"x": 33.0, "y": 228.0}]}, "description": " Server:"}, {"boundingPoly": {"vertices": [{"x": 30.0, "y": 228.0}, {"x": 74.0, "y": 228.0}, {"x": 74.0, "y": 240.0}, {"x": 30.0, "y": 240.0}]}, "description": " 09:07 PM"}, {"boundingPoly": {"vertices": [{"x": 32.0, "y": 239.0}, {"x": 83.0, "y": 239.0}, {"x": 83.0, "y": 251.0}, {"x": 32.0, "y": 251.0}]}, "description": "Table 62/1"}, {"boundingPoly": {"vertices": [{"x": 71.0, "y": 216.0}, {"x": 88.0, "y": 216.0}, {"x": 88.0, "y": 228.0}, {"x": 71.0, "y": 228.0}]}, "description": " Bar"}, {"boundingPoly": {"vertices": [{"x": 166.0, "y": 215.0}, {"x": 190.0, "y": 215.0}, {"x": 190.0, "y": 227.0}, {"x": 166.0, "y": 227.0}]}, "description": " DOB:"}, {"boundingPoly": {"vertices": [{"x": 192.0, "y": 214.0}, {"x": 243.0, "y": 214.0}, {"x": 243.0, "y": 227.0}, {"x": 192.0, "y": 227.0}]}, "description": " 12/02/2019"}, {"boundingPoly": {"vertices": [{"x": 192.0, "y": 226.0}, {"x": 244.0, "y": 226.0}, {"x": 244.0, "y": 237.0}, {"x": 192.0, "y": 238.0}]}, "description": "12/02/2019"}, {"boundingPoly": {"vertices": [{"x": 206.0, "y": 238.0}, {"x": 243.0, "y": 238.0}, {"x": 244.0, "y": 249.0}, {"x": 206.0, "y": 249.0}]}, "description": "4/40029"}, {"boundingPoly": {"vertices": [{"x": 325.0, "y": 205.0}, {"x": 349.0, "y": 205.0}, {"x": 349.0, "y": 215.0}, {"x": 325.0, "y": 215.0}]}, "description": "merchant phone"}, {"boundingPoly": {"vertices": [{"x": 262.0, "y": 225.0}, {"x": 295.0, "y": 225.0}, {"x": 295.0, "y": 236.0}, {"x": 262.0, "y": 236.0}]}, "description": " Server:"}, {"boundingPoly": {"vertices": [{"x": 262.0, "y": 236.0}, {"x": 308.0, "y": 235.0}, {"x": 309.0, "y": 245.0}, {"x": 262.0, "y": 247.0}]}, "description": "Table 62/1"}, {"boundingPoly": {"vertices": [{"x": 263.0, "y": 246.0}, {"x": 296.0, "y": 246.0}, {"x": 296.0, "y": 258.0}, {"x": 263.0, "y": 258.0}]}, "description": " Guests:"}, {"boundingPoly": {"vertices": [{"x": 297.0, "y": 225.0}, {"x": 313.0, "y": 225.0}, {"x": 313.0, "y": 236.0}, {"x": 297.0, "y": 236.0}]}, "description": " Bar"}, {"boundingPoly": {"vertices": [{"x": 408.0, "y": 224.0}, {"x": 453.0, "y": 225.0}, {"x": 453.0, "y": 235.0}, {"x": 407.0, "y": 235.0}]}, "description": "12/02/2019"}, {"boundingPoly": {"vertices": [{"x": 421.0, "y": 236.0}, {"x": 454.0, "y": 236.0}, {"x": 454.0, "y": 246.0}, {"x": 421.0, "y": 246.0}]}, "description": " 9:04 PM"}, {"boundingPoly": {"vertices": [{"x": 297.0, "y": 246.0}, {"x": 305.0, "y": 246.0}, {"x": 305.0, "y": 257.0}, {"x": 297.0, "y": 257.0}]}, "description": " 2"}, {"boundingPoly": {"vertices": [{"x": 124.0, "y": 263.0}, {"x": 147.0, "y": 262.0}, {"x": 147.0, "y": 274.0}, {"x": 124.0, "y": 274.0}]}, "description": "SALE"}, {"boundingPoly": {"vertices": [{"x": 398.0, "y": 256.0}, {"x": 454.0, "y": 257.0}, {"x": 454.0, "y": 268.0}, {"x": 398.0, "y": 268.0}]}, "description": "#40029"}, {"boundingPoly": {"vertices": [{"x": 27.0, "y": 288.0}, {"x": 51.0, "y": 288.0}, {"x": 50.0, "y": 299.0}, {"x": 27.0, "y": 299.0}]}, "description": "AMEX"}, {"boundingPoly": {"vertices": [{"x": 26.0, "y": 300.0}, {"x": 134.0, "y": 298.0}, {"x": 134.0, "y": 310.0}, {"x": 26.0, "y": 312.0}]}, "description": "Card #XXXXXXXXXXX1001"}, {"boundingPoly": {"vertices": [{"x": 24.0, "y": 311.0}, {"x": 131.0, "y": 311.0}, {"x": 131.0, "y": 325.0}, {"x": 24.0, "y": 325.0}]}, "description": " Magnetic card present"}, {"boundingPoly": {"vertices": [{"x": 206.0, "y": 286.0}, {"x": 243.0, "y": 287.0}, {"x": 243.0, "y": 298.0}, {"x": 206.0, "y": 297.0}]}, "description": "4194309"}, {"boundingPoly": {"vertices": [{"x": 261.0, "y": 279.0}, {"x": 335.0, "y": 278.0}, {"x": 335.0, "y": 290.0}, {"x": 261.0, "y": 290.0}]}, "description": "Bottle Bud Light"}, {"boundingPoly": {"vertices": [{"x": 289.0, "y": 290.0}, {"x": 314.0, "y": 290.0}, {"x": 314.0, "y": 301.0}, {"x": 289.0, "y": 301.0}]}, "description": " Vodka"}, {"boundingPoly": {"vertices": [{"x": 261.0, "y": 301.0}, {"x": 326.0, "y": 301.0}, {"x": 326.0, "y": 311.0}, {"x": 261.0, "y": 312.0}]}, "description": "Coors Lt Draft"}, {"boundingPoly": {"vertices": [{"x": 435.0, "y": 280.0}, {"x": 456.0, "y": 280.0}, {"x": 456.0, "y": 290.0}, {"x": 435.0, "y": 290.0}]}, "description": "6.00"}, {"boundingPoly": {"vertices": [{"x": 431.0, "y": 291.0}, {"x": 457.0, "y": 292.0}, {"x": 457.0, "y": 302.0}, {"x": 431.0, "y": 302.0}]}, "description": "20.00"}, {"boundingPoly": {"vertices": [{"x": 436.0, "y": 303.0}, {"x": 456.0, "y": 303.0}, {"x": 456.0, "y": 314.0}, {"x": 435.0, "y": 313.0}]}, "description": "7.00"}, {"boundingPoly": {"vertices": [{"x": 261.0, "y": 291.0}, {"x": 287.0, "y": 291.0}, {"x": 287.0, "y": 301.0}, {"x": 261.0, "y": 301.0}]}, "description": " Penne"}, {"boundingPoly": {"vertices": [{"x": 316.0, "y": 290.0}, {"x": 323.0, "y": 290.0}, {"x": 323.0, "y": 301.0}, {"x": 316.0, "y": 301.0}]}, "description": " S"}, {"boundingPoly": {"vertices": [{"x": 261.0, "y": 324.0}, {"x": 299.0, "y": 324.0}, {"x": 299.0, "y": 335.0}, {"x": 261.0, "y": 335.0}]}, "description": " Complete"}, {"boundingPoly": {"vertices": [{"x": 301.0, "y": 324.0}, {"x": 341.0, "y": 324.0}, {"x": 341.0, "y": 335.0}, {"x": 301.0, "y": 335.0}]}, "description": " Subtotal"}, {"boundingPoly": {"vertices": [{"x": 430.0, "y": 324.0}, {"x": 455.0, "y": 325.0}, {"x": 455.0, "y": 336.0}, {"x": 430.0, "y": 335.0}]}, "description": "33.00"}, {"boundingPoly": {"vertices": [{"x": 25.0, "y": 336.0}, {"x": 123.0, "y": 336.0}, {"x": 123.0, "y": 350.0}, {"x": 25.0, "y": 350.0}]}, "description": " Card Entry Method:"}, {"boundingPoly": {"vertices": [{"x": 125.0, "y": 336.0}, {"x": 135.0, "y": 336.0}, {"x": 135.0, "y": 350.0}, {"x": 125.0, "y": 350.0}]}, "description": " S"}, {"boundingPoly": {"vertices": [{"x": 261.0, "y": 346.0}, {"x": 298.0, "y": 346.0}, {"x": 298.0, "y": 357.0}, {"x": 261.0, "y": 356.0}]}, "description": "Subtotal"}, {"boundingPoly": {"vertices": [{"x": 432.0, "y": 348.0}, {"x": 457.0, "y": 348.0}, {"x": 457.0, "y": 358.0}, {"x": 432.0, "y": 358.0}]}, "description": "33.00"}, {"boundingPoly": {"vertices": [{"x": 22.0, "y": 362.0}, {"x": 69.0, "y": 362.0}, {"x": 69.0, "y": 376.0}, {"x": 22.0, "y": 376.0}]}, "description": " Approval:"}, {"boundingPoly": {"vertices": [{"x": 72.0, "y": 362.0}, {"x": 106.0, "y": 362.0}, {"x": 106.0, "y": 375.0}, {"x": 72.0, "y": 375.0}]}, "description": " 556321"}, {"boundingPoly": {"vertices": [{"x": 125.0, "y": 389.0}, {"x": 155.0, "y": 389.0}, {"x": 155.0, "y": 400.0}, {"x": 125.0, "y": 400.0}]}, "description": " Amount"}, {"boundingPoly": {"vertices": [{"x": 157.0, "y": 389.0}, {"x": 163.0, "y": 389.0}, {"x": 163.0, "y": 400.0}, {"x": 157.0, "y": 400.0}]}, "description": " :"}, {"boundingPoly": {"vertices": [{"x": 210.0, "y": 386.0}, {"x": 244.0, "y": 386.0}, {"x": 244.0, "y": 399.0}, {"x": 210.0, "y": 399.0}]}, "description": "$35.93"}, {"boundingPoly": {"vertices": [{"x": 260.0, "y": 380.0}, {"x": 286.0, "y": 380.0}, {"x": 286.0, "y": 392.0}, {"x": 260.0, "y": 392.0}]}, "description": " Total"}, {"boundingPoly": {"vertices": [{"x": 288.0, "y": 381.0}, {"x": 306.0, "y": 381.0}, {"x": 306.0, "y": 392.0}, {"x": 288.0, "y": 392.0}]}, "description": " Tax"}, {"boundingPoly": {"vertices": [{"x": 439.0, "y": 383.0}, {"x": 461.0, "y": 383.0}, {"x": 460.0, "y": 394.0}, {"x": 439.0, "y": 394.0}]}, "description": "2.93"}, {"boundingPoly": {"vertices": [{"x": 109.0, "y": 413.0}, {"x": 149.0, "y": 413.0}, {"x": 149.0, "y": 427.0}, {"x": 109.0, "y": 427.0}]}, "description": " + CC Tip"}, {"boundingPoly": {"vertices": [{"x": 151.0, "y": 414.0}, {"x": 164.0, "y": 414.0}, {"x": 164.0, "y": 427.0}, {"x": 151.0, "y": 427.0}]}, "description": " ::"}, {"boundingPoly": {"vertices": [{"x": 214.0, "y": 411.0}, {"x": 248.0, "y": 409.0}, {"x": 249.0, "y": 422.0}, {"x": 215.0, "y": 425.0}]}, "description": "2.00"}, {"boundingPoly": {"vertices": [{"x": 203.0, "y": 433.0}, {"x": 250.0, "y": 432.0}, {"x": 250.0, "y": 448.0}, {"x": 203.0, "y": 449.0}]}, "description": "37. 93"}, {"boundingPoly": {"vertices": [{"x": 261.0, "y": 403.0}, {"x": 284.0, "y": 404.0}, {"x": 284.0, "y": 415.0}, {"x": 261.0, "y": 414.0}]}, "description": "Total"}, {"boundingPoly": {"vertices": [{"x": 436.0, "y": 406.0}, {"x": 460.0, "y": 406.0}, {"x": 460.0, "y": 418.0}, {"x": 436.0, "y": 418.0}]}, "description": "35.93"}, {"boundingPoly": {"vertices": [{"x": 119.0, "y": 440.0}, {"x": 164.0, "y": 440.0}, {"x": 164.0, "y": 453.0}, {"x": 119.0, "y": 453.0}]}, "description": " = Total:"}, {"boundingPoly": {"vertices": [{"x": 260.0, "y": 427.0}, {"x": 366.0, "y": 429.0}, {"x": 366.0, "y": 440.0}, {"x": 260.0, "y": 438.0}]}, "description": "Balance Due"}, {"boundingPoly": {"vertices": [{"x": 412.0, "y": 429.0}, {"x": 461.0, "y": 429.0}, {"x": 461.0, "y": 442.0}, {"x": 412.0, "y": 441.0}]}, "description": "35.93"}, {"boundingPoly": {"vertices": [{"x": 64.0, "y": 480.0}, {"x": 196.0, "y": 480.0}, {"x": 196.0, "y": 494.0}, {"x": 64.0, "y": 494.0}]}, "description": "I agree to pay the above"}, {"boundingPoly": {"vertices": [{"x": 49.0, "y": 494.0}, {"x": 206.0, "y": 494.0}, {"x": 206.0, "y": 507.0}, {"x": 49.0, "y": 507.0}]}, "description": "total amount according to the"}, {"boundingPoly": {"vertices": [{"x": 68.0, "y": 507.0}, {"x": 196.0, "y": 508.0}, {"x": 195.0, "y": 527.0}, {"x": 68.0, "y": 524.0}]}, "description": "card issuer agreerent."}, {"boundingPoly": {"vertices": [{"x": 104.0, "y": 527.0}, {"x": 204.0, "y": 517.0}, {"x": 208.0, "y": 537.0}, {"x": 107.0, "y": 551.0}]}, "description": "Cambiough"}, {"boundingPoly": {"vertices": [{"x": 88.0, "y": 591.0}, {"x": 168.0, "y": 591.0}, {"x": 168.0, "y": 604.0}, {"x": 88.0, "y": 605.0}]}, "description": "CUSTOMERS COPY"}]}