{"textAnnotations": [{"boundingPoly": {"vertices": [{"x": 257.0, "y": 400.0}, {"x": 490.0, "y": 393.0}, {"x": 492.0, "y": 471.0}, {"x": 260.0, "y": 478.0}]}, "description": "merchant name"}, {"boundingPoly": {"vertices": [{"x": 401.0, "y": 485.0}, {"x": 470.0, "y": 485.0}, {"x": 470.0, "y": 512.0}, {"x": 401.0, "y": 512.0}]}, "description": "merchant address"}, {"boundingPoly": {"vertices": [{"x": 344.0, "y": 513.0}, {"x": 478.0, "y": 513.0}, {"x": 478.0, "y": 541.0}, {"x": 344.0, "y": 541.0}]}, "description": "merchant address"}, {"boundingPoly": {"vertices": [{"x": 440.0, "y": 539.0}, {"x": 507.0, "y": 539.0}, {"x": 507.0, "y": 566.0}, {"x": 440.0, "y": 566.0}]}, "description": "merchant address"}, {"boundingPoly": {"vertices": [{"x": 241.0, "y": 489.0}, {"x": 329.0, "y": 489.0}, {"x": 329.0, "y": 518.0}, {"x": 241.0, "y": 518.0}]}, "description": "merchant address"}, {"boundingPoly": {"vertices": [{"x": 287.0, "y": 516.0}, {"x": 340.0, "y": 516.0}, {"x": 340.0, "y": 543.0}, {"x": 287.0, "y": 543.0}]}, "description": "merchant address"}, {"boundingPoly": {"vertices": [{"x": 326.0, "y": 542.0}, {"x": 388.0, "y": 542.0}, {"x": 388.0, "y": 569.0}, {"x": 326.0, "y": 569.0}]}, "description": "merchant address"}, {"boundingPoly": {"vertices": [{"x": 317.0, "y": 572.0}, {"x": 380.0, "y": 571.0}, {"x": 380.0, "y": 593.0}, {"x": 318.0, "y": 594.0}]}, "description": "merchant address"}, {"boundingPoly": {"vertices": [{"x": 309.0, "y": 596.0}, {"x": 381.0, "y": 596.0}, {"x": 381.0, "y": 622.0}, {"x": 309.0, "y": 622.0}]}, "description": " VERSION"}, {"boundingPoly": {"vertices": [{"x": 359.0, "y": 624.0}, {"x": 398.0, "y": 624.0}, {"x": 398.0, "y": 650.0}, {"x": 359.0, "y": 650.0}]}, "description": " MID:"}, {"boundingPoly": {"vertices": [{"x": 333.0, "y": 487.0}, {"x": 397.0, "y": 487.0}, {"x": 397.0, "y": 515.0}, {"x": 333.0, "y": 515.0}]}, "description": "merchant address"}, {"boundingPoly": {"vertices": [{"x": 245.0, "y": 518.0}, {"x": 283.0, "y": 518.0}, {"x": 283.0, "y": 544.0}, {"x": 245.0, "y": 544.0}]}, "description": "merchant address"}, {"boundingPoly": {"vertices": [{"x": 271.0, "y": 544.0}, {"x": 322.0, "y": 544.0}, {"x": 322.0, "y": 570.0}, {"x": 271.0, "y": 570.0}]}, "description": "merchant address"}, {"boundingPoly": {"vertices": [{"x": 212.0, "y": 545.0}, {"x": 266.0, "y": 545.0}, {"x": 266.0, "y": 572.0}, {"x": 212.0, "y": 572.0}]}, "description": "merchant address"}, {"boundingPoly": {"vertices": [{"x": 393.0, "y": 541.0}, {"x": 436.0, "y": 541.0}, {"x": 436.0, "y": 568.0}, {"x": 393.0, "y": 568.0}]}, "description": "merchant address"}, {"boundingPoly": {"vertices": [{"x": 386.0, "y": 596.0}, {"x": 411.0, "y": 596.0}, {"x": 411.0, "y": 622.0}, {"x": 386.0, "y": 622.0}]}, "description": " 12"}, {"boundingPoly": {"vertices": [{"x": 403.0, "y": 622.0}, {"x": 560.0, "y": 622.0}, {"x": 560.0, "y": 650.0}, {"x": 403.0, "y": 650.0}]}, "description": " 000009181566662"}, {"boundingPoly": {"vertices": [{"x": 162.0, "y": 627.0}, {"x": 201.0, "y": 627.0}, {"x": 201.0, "y": 652.0}, {"x": 162.0, "y": 652.0}]}, "description": " TID:"}, {"boundingPoly": {"vertices": [{"x": 161.0, "y": 654.0}, {"x": 218.0, "y": 654.0}, {"x": 218.0, "y": 679.0}, {"x": 161.0, "y": 679.0}]}, "description": " BATCH:"}, {"boundingPoly": {"vertices": [{"x": 166.0, "y": 681.0}, {"x": 301.0, "y": 681.0}, {"x": 301.0, "y": 706.0}, {"x": 166.0, "y": 706.0}]}, "description": " INVOICE:"}, {"boundingPoly": {"vertices": [{"x": 161.0, "y": 710.0}, {"x": 393.0, "y": 710.0}, {"x": 393.0, "y": 733.0}, {"x": 161.0, "y": 733.0}]}, "description": " **** **** ***"}, {"boundingPoly": {"vertices": [{"x": 156.0, "y": 735.0}, {"x": 215.0, "y": 735.0}, {"x": 215.0, "y": 760.0}, {"x": 156.0, "y": 760.0}]}, "description": " VALUED"}, {"boundingPoly": {"vertices": [{"x": 206.0, "y": 627.0}, {"x": 286.0, "y": 627.0}, {"x": 286.0, "y": 652.0}, {"x": 206.0, "y": 652.0}]}, "description": " 39501801"}, {"boundingPoly": {"vertices": [{"x": 223.0, "y": 654.0}, {"x": 284.0, "y": 654.0}, {"x": 284.0, "y": 679.0}, {"x": 223.0, "y": 679.0}]}, "description": " 000247"}, {"boundingPoly": {"vertices": [{"x": 311.0, "y": 681.0}, {"x": 417.0, "y": 681.0}, {"x": 417.0, "y": 706.0}, {"x": 311.0, "y": 706.0}]}, "description": " 000554"}, {"boundingPoly": {"vertices": [{"x": 397.0, "y": 710.0}, {"x": 415.0, "y": 710.0}, {"x": 415.0, "y": 733.0}, {"x": 397.0, "y": 733.0}]}, "description": " 1"}, {"boundingPoly": {"vertices": [{"x": 431.0, "y": 709.0}, {"x": 488.0, "y": 709.0}, {"x": 488.0, "y": 736.0}, {"x": 431.0, "y": 736.0}]}, "description": " 003"}, {"boundingPoly": {"vertices": [{"x": 219.0, "y": 736.0}, {"x": 303.0, "y": 736.0}, {"x": 303.0, "y": 761.0}, {"x": 219.0, "y": 761.0}]}, "description": " CUSTOMER"}, {"boundingPoly": {"vertices": [{"x": 223.0, "y": 763.0}, {"x": 507.0, "y": 768.0}, {"x": 507.0, "y": 794.0}, {"x": 223.0, "y": 788.0}]}, "description": "CONTACTLESS SALE"}, {"boundingPoly": {"vertices": [{"x": 156.0, "y": 789.0}, {"x": 489.0, "y": 789.0}, {"x": 489.0, "y": 824.0}, {"x": 156.0, "y": 824.0}]}, "description": " DEC 02, 19 10:48:17"}, {"boundingPoly": {"vertices": [{"x": 152.0, "y": 847.0}, {"x": 312.0, "y": 847.0}, {"x": 312.0, "y": 878.0}, {"x": 152.0, "y": 878.0}]}, "description": " APP CODE:"}, {"boundingPoly": {"vertices": [{"x": 194.0, "y": 877.0}, {"x": 323.0, "y": 877.0}, {"x": 323.0, "y": 906.0}, {"x": 194.0, "y": 906.0}]}, "description": " 936710097234"}, {"boundingPoly": {"vertices": [{"x": 195.0, "y": 904.0}, {"x": 400.0, "y": 904.0}, {"x": 400.0, "y": 934.0}, {"x": 195.0, "y": 934.0}]}, "description": " A000000025010801 TC:"}, {"boundingPoly": {"vertices": [{"x": 363.0, "y": 959.0}, {"x": 566.0, "y": 955.0}, {"x": 566.0, "y": 977.0}, {"x": 363.0, "y": 982.0}]}, "description": "PHP1,300.00"}, {"boundingPoly": {"vertices": [{"x": 295.0, "y": 1000.0}, {"x": 465.0, "y": 1000.0}, {"x": 465.0, "y": 1022.0}, {"x": 295.0, "y": 1022.0}]}, "description": " CUSTOMER COPY ---"}, {"boundingPoly": {"vertices": [{"x": 154.0, "y": 819.0}, {"x": 249.0, "y": 819.0}, {"x": 249.0, "y": 847.0}, {"x": 154.0, "y": 847.0}]}, "description": " CARD TYPE:"}, {"boundingPoly": {"vertices": [{"x": 253.0, "y": 821.0}, {"x": 301.0, "y": 821.0}, {"x": 301.0, "y": 848.0}, {"x": 253.0, "y": 848.0}]}, "description": " AMEX"}, {"boundingPoly": {"vertices": [{"x": 322.0, "y": 852.0}, {"x": 436.0, "y": 852.0}, {"x": 436.0, "y": 881.0}, {"x": 322.0, "y": 881.0}]}, "description": " 824580"}, {"boundingPoly": {"vertices": [{"x": 394.0, "y": 883.0}, {"x": 581.0, "y": 883.0}, {"x": 581.0, "y": 909.0}, {"x": 394.0, "y": 909.0}]}, "description": " : AMERICAN EXPRESS"}, {"boundingPoly": {"vertices": [{"x": 404.0, "y": 910.0}, {"x": 577.0, "y": 910.0}, {"x": 577.0, "y": 934.0}, {"x": 404.0, "y": 934.0}]}, "description": " EOD3E2234AB50A97"}, {"boundingPoly": {"vertices": [{"x": 152.0, "y": 875.0}, {"x": 191.0, "y": 875.0}, {"x": 191.0, "y": 901.0}, {"x": 152.0, "y": 901.0}]}, "description": " RRN:"}, {"boundingPoly": {"vertices": [{"x": 152.0, "y": 902.0}, {"x": 190.0, "y": 902.0}, {"x": 190.0, "y": 929.0}, {"x": 152.0, "y": 929.0}]}, "description": " AID:"}, {"boundingPoly": {"vertices": [{"x": 365.0, "y": 884.0}, {"x": 390.0, "y": 884.0}, {"x": 390.0, "y": 908.0}, {"x": 365.0, "y": 908.0}]}, "description": " APP"}, {"boundingPoly": {"vertices": [{"x": 155.0, "y": 956.0}, {"x": 255.0, "y": 956.0}, {"x": 255.0, "y": 982.0}, {"x": 155.0, "y": 982.0}]}, "description": " TOTAL:"}, {"boundingPoly": {"vertices": [{"x": 255.0, "y": 1005.0}, {"x": 289.0, "y": 1005.0}, {"x": 289.0, "y": 1022.0}, {"x": 255.0, "y": 1022.0}]}, "description": " ---"}]}