{"textAnnotations": [{"boundingPoly": {"vertices": [{"x": 101.0, "y": 123.0}, {"x": 285.0, "y": 132.0}, {"x": 284.0, "y": 152.0}, {"x": 101.0, "y": 143.0}]}, "description": "Thank You For Visiting the"}, {"boundingPoly": {"vertices": [{"x": 137.0, "y": 167.0}, {"x": 254.0, "y": 174.0}, {"x": 253.0, "y": 190.0}, {"x": 136.0, "y": 184.0}]}, "description": "Matthew Fraysier"}, {"boundingPoly": {"vertices": [{"x": 152.0, "y": 206.0}, {"x": 242.0, "y": 211.0}, {"x": 241.0, "y": 228.0}, {"x": 151.0, "y": 223.0}]}, "description": "merchant phone"}, {"boundingPoly": {"vertices": [{"x": 119.0, "y": 240.0}, {"x": 276.0, "y": 250.0}, {"x": 275.0, "y": 267.0}, {"x": 117.0, "y": 257.0}]}, "description": "Text @LTF11479 to 73940"}, {"boundingPoly": {"vertices": [{"x": 104.0, "y": 146.0}, {"x": 281.0, "y": 153.0}, {"x": 281.0, "y": 172.0}, {"x": 104.0, "y": 164.0}]}, "description": "merchant name"}, {"boundingPoly": {"vertices": [{"x": 141.0, "y": 187.0}, {"x": 247.0, "y": 193.0}, {"x": 246.0, "y": 210.0}, {"x": 141.0, "y": 204.0}]}, "description": "General Manager"}, {"boundingPoly": {"vertices": [{"x": 118.0, "y": 223.0}, {"x": 270.0, "y": 230.0}, {"x": 269.0, "y": 248.0}, {"x": 118.0, "y": 240.0}]}, "description": "We Love Your Feedback!"}, {"boundingPoly": {"vertices": [{"x": 60.0, "y": 287.0}, {"x": 89.0, "y": 287.0}, {"x": 89.0, "y": 306.0}, {"x": 60.0, "y": 306.0}]}, "description": " 12oz"}, {"boundingPoly": {"vertices": [{"x": 57.0, "y": 304.0}, {"x": 92.0, "y": 304.0}, {"x": 92.0, "y": 324.0}, {"x": 57.0, "y": 324.0}]}, "description": " 0.68"}, {"boundingPoly": {"vertices": [{"x": 59.0, "y": 322.0}, {"x": 167.0, "y": 331.0}, {"x": 165.0, "y": 349.0}, {"x": 58.0, "y": 340.0}]}, "description": "Small Clamshell"}, {"boundingPoly": {"vertices": [{"x": 127.0, "y": 348.0}, {"x": 201.0, "y": 348.0}, {"x": 201.0, "y": 370.0}, {"x": 127.0, "y": 370.0}]}, "description": " Citrux Rem"}, {"boundingPoly": {"vertices": [{"x": 62.0, "y": 379.0}, {"x": 146.0, "y": 386.0}, {"x": 145.0, "y": 402.0}, {"x": 61.0, "y": 396.0}]}, "description": "Snickers Bar"}, {"boundingPoly": {"vertices": [{"x": 92.0, "y": 290.0}, {"x": 179.0, "y": 290.0}, {"x": 179.0, "y": 314.0}, {"x": 92.0, "y": 314.0}]}, "description": " Banana Berry"}, {"boundingPoly": {"vertices": [{"x": 142.0, "y": 312.0}, {"x": 196.0, "y": 312.0}, {"x": 196.0, "y": 333.0}, {"x": 142.0, "y": 333.0}]}, "description": " 7.68/1b"}, {"boundingPoly": {"vertices": [{"x": 94.0, "y": 308.0}, {"x": 113.0, "y": 308.0}, {"x": 113.0, "y": 326.0}, {"x": 94.0, "y": 326.0}]}, "description": " lb"}, {"boundingPoly": {"vertices": [{"x": 114.0, "y": 309.0}, {"x": 126.0, "y": 309.0}, {"x": 126.0, "y": 327.0}, {"x": 114.0, "y": 327.0}]}, "description": " x"}, {"boundingPoly": {"vertices": [{"x": 127.0, "y": 311.0}, {"x": 141.0, "y": 311.0}, {"x": 141.0, "y": 328.0}, {"x": 127.0, "y": 328.0}]}, "description": " $"}, {"boundingPoly": {"vertices": [{"x": 310.0, "y": 303.0}, {"x": 337.0, "y": 302.0}, {"x": 338.0, "y": 319.0}, {"x": 310.0, "y": 319.0}]}, "description": "4.20"}, {"boundingPoly": {"vertices": [{"x": 59.0, "y": 343.0}, {"x": 125.0, "y": 343.0}, {"x": 125.0, "y": 364.0}, {"x": 59.0, "y": 364.0}]}, "description": " Orbit Gum"}, {"boundingPoly": {"vertices": [{"x": 308.0, "y": 339.0}, {"x": 339.0, "y": 339.0}, {"x": 338.0, "y": 357.0}, {"x": 308.0, "y": 356.0}]}, "description": "5.22"}, {"boundingPoly": {"vertices": [{"x": 312.0, "y": 358.0}, {"x": 338.0, "y": 358.0}, {"x": 338.0, "y": 373.0}, {"x": 312.0, "y": 373.0}]}, "description": "1.90"}, {"boundingPoly": {"vertices": [{"x": 311.0, "y": 374.0}, {"x": 338.0, "y": 374.0}, {"x": 339.0, "y": 390.0}, {"x": 311.0, "y": 390.0}]}, "description": "1.55"}, {"boundingPoly": {"vertices": [{"x": 311.0, "y": 391.0}, {"x": 339.0, "y": 392.0}, {"x": 339.0, "y": 408.0}, {"x": 311.0, "y": 407.0}]}, "description": "1.55"}, {"boundingPoly": {"vertices": [{"x": 312.0, "y": 410.0}, {"x": 340.0, "y": 410.0}, {"x": 338.0, "y": 425.0}, {"x": 312.0, "y": 425.0}]}, "description": "1.89"}, {"boundingPoly": {"vertices": [{"x": 60.0, "y": 361.0}, {"x": 201.0, "y": 371.0}, {"x": 200.0, "y": 388.0}, {"x": 59.0, "y": 378.0}]}, "description": "Candy M&M Plain 1.69"}, {"boundingPoly": {"vertices": [{"x": 62.0, "y": 398.0}, {"x": 175.0, "y": 406.0}, {"x": 173.0, "y": 423.0}, {"x": 60.0, "y": 414.0}]}, "description": "Breakfast Pastry"}, {"boundingPoly": {"vertices": [{"x": 219.0, "y": 442.0}, {"x": 280.0, "y": 442.0}, {"x": 280.0, "y": 458.0}, {"x": 219.0, "y": 458.0}]}, "description": "Sub Total"}, {"boundingPoly": {"vertices": [{"x": 221.0, "y": 460.0}, {"x": 287.0, "y": 460.0}, {"x": 286.0, "y": 475.0}, {"x": 221.0, "y": 474.0}]}, "description": "Tax Amount"}, {"boundingPoly": {"vertices": [{"x": 306.0, "y": 443.0}, {"x": 339.0, "y": 443.0}, {"x": 339.0, "y": 458.0}, {"x": 306.0, "y": 459.0}]}, "description": "16.31"}, {"boundingPoly": {"vertices": [{"x": 311.0, "y": 460.0}, {"x": 340.0, "y": 460.0}, {"x": 340.0, "y": 474.0}, {"x": 312.0, "y": 474.0}]}, "description": "1.45"}, {"boundingPoly": {"vertices": [{"x": 57.0, "y": 504.0}, {"x": 183.0, "y": 507.0}, {"x": 182.0, "y": 537.0}, {"x": 56.0, "y": 532.0}]}, "description": "Total USD"}, {"boundingPoly": {"vertices": [{"x": 275.0, "y": 511.0}, {"x": 340.0, "y": 511.0}, {"x": 340.0, "y": 537.0}, {"x": 275.0, "y": 537.0}]}, "description": "17.76"}, {"boundingPoly": {"vertices": [{"x": 59.0, "y": 583.0}, {"x": 205.0, "y": 588.0}, {"x": 205.0, "y": 604.0}, {"x": 59.0, "y": 599.0}]}, "description": "5009 AMERICAN EXPRESS"}, {"boundingPoly": {"vertices": [{"x": 308.0, "y": 588.0}, {"x": 342.0, "y": 589.0}, {"x": 342.0, "y": 603.0}, {"x": 308.0, "y": 603.0}]}, "description": "17.76"}, {"boundingPoly": {"vertices": [{"x": 65.0, "y": 636.0}, {"x": 86.0, "y": 637.0}, {"x": 85.0, "y": 649.0}, {"x": 64.0, "y": 649.0}]}, "description": "Tax"}, {"boundingPoly": {"vertices": [{"x": 64.0, "y": 650.0}, {"x": 120.0, "y": 651.0}, {"x": 120.0, "y": 667.0}, {"x": 64.0, "y": 666.0}]}, "description": "() 8.875"}, {"boundingPoly": {"vertices": [{"x": 170.0, "y": 638.0}, {"x": 271.0, "y": 638.0}, {"x": 271.0, "y": 655.0}, {"x": 170.0, "y": 655.0}]}, "description": " Taxable Amount"}, {"boundingPoly": {"vertices": [{"x": 231.0, "y": 655.0}, {"x": 262.0, "y": 655.0}, {"x": 262.0, "y": 670.0}, {"x": 231.0, "y": 669.0}]}, "description": "16.31"}, {"boundingPoly": {"vertices": [{"x": 275.0, "y": 638.0}, {"x": 342.0, "y": 638.0}, {"x": 342.0, "y": 654.0}, {"x": 275.0, "y": 654.0}]}, "description": " Tax Amount"}, {"boundingPoly": {"vertices": [{"x": 316.0, "y": 654.0}, {"x": 343.0, "y": 654.0}, {"x": 343.0, "y": 669.0}, {"x": 317.0, "y": 669.0}]}, "description": "1.45"}, {"boundingPoly": {"vertices": [{"x": 65.0, "y": 701.0}, {"x": 304.0, "y": 701.0}, {"x": 304.0, "y": 721.0}, {"x": 65.0, "y": 721.0}]}, "description": " 11/08/2019 08:40 AM #:48727 Op:4023"}, {"boundingPoly": {"vertices": [{"x": 64.0, "y": 719.0}, {"x": 102.0, "y": 719.0}, {"x": 102.0, "y": 735.0}, {"x": 64.0, "y": 735.0}]}, "description": " 105 S:"}, {"boundingPoly": {"vertices": [{"x": 63.0, "y": 737.0}, {"x": 135.0, "y": 737.0}, {"x": 135.0, "y": 753.0}, {"x": 63.0, "y": 753.0}]}, "description": " Served you"}, {"boundingPoly": {"vertices": [{"x": 314.0, "y": 703.0}, {"x": 342.0, "y": 703.0}, {"x": 342.0, "y": 720.0}, {"x": 314.0, "y": 720.0}]}, "description": " :11"}, {"boundingPoly": {"vertices": [{"x": 105.0, "y": 720.0}, {"x": 134.0, "y": 720.0}, {"x": 134.0, "y": 736.0}, {"x": 105.0, "y": 736.0}]}, "description": " 1111"}, {"boundingPoly": {"vertices": [{"x": 138.0, "y": 737.0}, {"x": 261.0, "y": 737.0}, {"x": 261.0, "y": 755.0}, {"x": 138.0, "y": 755.0}]}, "description": " : Lucrecia Findley"}, {"boundingPoly": {"vertices": [{"x": 126.0, "y": 805.0}, {"x": 209.0, "y": 805.0}, {"x": 209.0, "y": 821.0}, {"x": 126.0, "y": 821.0}]}, "description": " *** Customer"}, {"boundingPoly": {"vertices": [{"x": 211.0, "y": 805.0}, {"x": 242.0, "y": 805.0}, {"x": 242.0, "y": 821.0}, {"x": 211.0, "y": 821.0}]}, "description": " copy"}, {"boundingPoly": {"vertices": [{"x": 245.0, "y": 805.0}, {"x": 268.0, "y": 805.0}, {"x": 268.0, "y": 821.0}, {"x": 245.0, "y": 821.0}]}, "description": " ***"}, {"boundingPoly": {"vertices": [{"x": 150.0, "y": 838.0}, {"x": 247.0, "y": 838.0}, {"x": 247.0, "y": 853.0}, {"x": 150.0, "y": 853.0}]}, "description": "AMEX NY937 (5)"}, {"boundingPoly": {"vertices": [{"x": 197.0, "y": 853.0}, {"x": 320.0, "y": 853.0}, {"x": 320.0, "y": 870.0}, {"x": 197.0, "y": 870.0}]}, "description": " above total amount"}, {"boundingPoly": {"vertices": [{"x": 118.0, "y": 873.0}, {"x": 280.0, "y": 871.0}, {"x": 280.0, "y": 885.0}, {"x": 118.0, "y": 888.0}]}, "description": "according to card issuer"}, {"boundingPoly": {"vertices": [{"x": 267.0, "y": 887.0}, {"x": 282.0, "y": 887.0}, {"x": 282.0, "y": 903.0}, {"x": 267.0, "y": 903.0}]}, "description": " if"}, {"boundingPoly": {"vertices": [{"x": 85.0, "y": 906.0}, {"x": 306.0, "y": 905.0}, {"x": 307.0, "y": 920.0}, {"x": 85.0, "y": 921.0}]}, "description": "Voucher )Retain this copy for your"}, {"boundingPoly": {"vertices": [{"x": 174.0, "y": 924.0}, {"x": 229.0, "y": 923.0}, {"x": 229.0, "y": 936.0}, {"x": 174.0, "y": 937.0}]}, "description": "records."}, {"boundingPoly": {"vertices": [{"x": 72.0, "y": 855.0}, {"x": 80.0, "y": 855.0}, {"x": 80.0, "y": 872.0}, {"x": 72.0, "y": 872.0}]}, "description": " I"}, {"boundingPoly": {"vertices": [{"x": 82.0, "y": 855.0}, {"x": 195.0, "y": 855.0}, {"x": 195.0, "y": 872.0}, {"x": 82.0, "y": 872.0}]}, "description": " agree to pay the"}, {"boundingPoly": {"vertices": [{"x": 64.0, "y": 890.0}, {"x": 131.0, "y": 890.0}, {"x": 131.0, "y": 906.0}, {"x": 64.0, "y": 906.0}]}, "description": " agreement."}, {"boundingPoly": {"vertices": [{"x": 133.0, "y": 888.0}, {"x": 264.0, "y": 888.0}, {"x": 264.0, "y": 905.0}, {"x": 133.0, "y": 905.0}]}, "description": " (Merchant agreement"}, {"boundingPoly": {"vertices": [{"x": 284.0, "y": 887.0}, {"x": 327.0, "y": 887.0}, {"x": 327.0, "y": 903.0}, {"x": 284.0, "y": 903.0}]}, "description": " Credit"}, {"boundingPoly": {"vertices": [{"x": 63.0, "y": 958.0}, {"x": 124.0, "y": 958.0}, {"x": 124.0, "y": 974.0}, {"x": 63.0, "y": 974.0}]}, "description": " PURCHASE"}, {"boundingPoly": {"vertices": [{"x": 65.0, "y": 975.0}, {"x": 176.0, "y": 973.0}, {"x": 177.0, "y": 988.0}, {"x": 66.0, "y": 991.0}]}, "description": "AMERICAN EXPRESS"}, {"boundingPoly": {"vertices": [{"x": 66.0, "y": 993.0}, {"x": 171.0, "y": 991.0}, {"x": 172.0, "y": 1005.0}, {"x": 67.0, "y": 1007.0}]}, "description": "*********** 5002"}, {"boundingPoly": {"vertices": [{"x": 135.0, "y": 1008.0}, {"x": 143.0, "y": 1008.0}, {"x": 143.0, "y": 1024.0}, {"x": 135.0, "y": 1024.0}]}, "description": " /"}, {"boundingPoly": {"vertices": [{"x": 126.0, "y": 957.0}, {"x": 137.0, "y": 957.0}, {"x": 137.0, "y": 973.0}, {"x": 126.0, "y": 973.0}]}, "description": " /"}, {"boundingPoly": {"vertices": [{"x": 140.0, "y": 956.0}, {"x": 198.0, "y": 956.0}, {"x": 198.0, "y": 972.0}, {"x": 140.0, "y": 972.0}]}, "description": " APPROVED"}, {"boundingPoly": {"vertices": [{"x": 67.0, "y": 1009.0}, {"x": 132.0, "y": 1009.0}, {"x": 132.0, "y": 1024.0}, {"x": 67.0, "y": 1024.0}]}, "description": " CHIP READ"}, {"boundingPoly": {"vertices": [{"x": 64.0, "y": 1038.0}, {"x": 198.0, "y": 1038.0}, {"x": 198.0, "y": 1054.0}, {"x": 64.0, "y": 1054.0}]}, "description": " 2019/11/08 08:40:54"}, {"boundingPoly": {"vertices": [{"x": 62.0, "y": 1055.0}, {"x": 86.0, "y": 1055.0}, {"x": 85.0, "y": 1068.0}, {"x": 62.0, "y": 1068.0}]}, "description": "TID"}, {"boundingPoly": {"vertices": [{"x": 59.0, "y": 1070.0}, {"x": 84.0, "y": 1071.0}, {"x": 84.0, "y": 1085.0}, {"x": 59.0, "y": 1084.0}]}, "description": "MID"}, {"boundingPoly": {"vertices": [{"x": 59.0, "y": 1088.0}, {"x": 126.0, "y": 1087.0}, {"x": 126.0, "y": 1103.0}, {"x": 59.0, "y": 1104.0}]}, "description": "REFERENCE"}, {"boundingPoly": {"vertices": [{"x": 58.0, "y": 1105.0}, {"x": 126.0, "y": 1105.0}, {"x": 126.0, "y": 1121.0}, {"x": 59.0, "y": 1121.0}]}, "description": "AUTH CODE"}, {"boundingPoly": {"vertices": [{"x": 284.0, "y": 1054.0}, {"x": 306.0, "y": 1054.0}, {"x": 306.0, "y": 1066.0}, {"x": 284.0, "y": 1066.0}]}, "description": " ****"}, {"boundingPoly": {"vertices": [{"x": 290.0, "y": 1069.0}, {"x": 338.0, "y": 1068.0}, {"x": 338.0, "y": 1082.0}, {"x": 290.0, "y": 1083.0}]}, "description": "6634459"}, {"boundingPoly": {"vertices": [{"x": 166.0, "y": 1086.0}, {"x": 339.0, "y": 1085.0}, {"x": 339.0, "y": 1101.0}, {"x": 166.0, "y": 1102.0}]}, "description": "S11111111105#487278930168"}, {"boundingPoly": {"vertices": [{"x": 297.0, "y": 1104.0}, {"x": 338.0, "y": 1103.0}, {"x": 338.0, "y": 1117.0}, {"x": 298.0, "y": 1119.0}]}, "description": "886599"}, {"boundingPoly": {"vertices": [{"x": 308.0, "y": 1054.0}, {"x": 338.0, "y": 1054.0}, {"x": 338.0, "y": 1066.0}, {"x": 308.0, "y": 1066.0}]}, "description": " 6039"}, {"boundingPoly": {"vertices": [{"x": 58.0, "y": 1141.0}, {"x": 95.0, "y": 1141.0}, {"x": 95.0, "y": 1157.0}, {"x": 59.0, "y": 1157.0}]}, "description": "TOTAL"}, {"boundingPoly": {"vertices": [{"x": 280.0, "y": 1137.0}, {"x": 338.0, "y": 1136.0}, {"x": 339.0, "y": 1152.0}, {"x": 281.0, "y": 1152.0}]}, "description": "USD17.76"}, {"boundingPoly": {"vertices": [{"x": 56.0, "y": 1174.0}, {"x": 91.0, "y": 1174.0}, {"x": 91.0, "y": 1190.0}, {"x": 56.0, "y": 1190.0}]}, "description": " ARC:"}, {"boundingPoly": {"vertices": [{"x": 58.0, "y": 1190.0}, {"x": 91.0, "y": 1190.0}, {"x": 91.0, "y": 1205.0}, {"x": 58.0, "y": 1205.0}]}, "description": " TSI:"}, {"boundingPoly": {"vertices": [{"x": 61.0, "y": 1212.0}, {"x": 92.0, "y": 1212.0}, {"x": 92.0, "y": 1224.0}, {"x": 61.0, "y": 1224.0}]}, "description": " TV8:"}, {"boundingPoly": {"vertices": [{"x": 93.0, "y": 1174.0}, {"x": 112.0, "y": 1174.0}, {"x": 112.0, "y": 1189.0}, {"x": 93.0, "y": 1189.0}]}, "description": " 00"}, {"boundingPoly": {"vertices": [{"x": 93.0, "y": 1189.0}, {"x": 124.0, "y": 1189.0}, {"x": 124.0, "y": 1204.0}, {"x": 93.0, "y": 1204.0}]}, "description": " F800"}, {"boundingPoly": {"vertices": [{"x": 94.0, "y": 1212.0}, {"x": 166.0, "y": 1212.0}, {"x": 166.0, "y": 1223.0}, {"x": 94.0, "y": 1223.0}]}, "description": " 0000005990"}]}