{"textAnnotations": [{"boundingPoly": {"vertices": [{"x": 64.0, "y": 14.0}, {"x": 155.0, "y": 12.0}, {"x": 155.0, "y": 20.0}, {"x": 64.0, "y": 21.0}]}, "description": "Thank You For Visitto the"}, {"boundingPoly": {"vertices": [{"x": 55.0, "y": 27.0}, {"x": 163.0, "y": 24.0}, {"x": 164.0, "y": 32.0}, {"x": 55.0, "y": 35.0}]}, "description": "Rating Varella, General Manager"}, {"boundingPoly": {"vertices": [{"x": 71.0, "y": 42.0}, {"x": 148.0, "y": 38.0}, {"x": 148.0, "y": 45.0}, {"x": 71.0, "y": 49.0}]}, "description": "we love Your Foodback !"}, {"boundingPoly": {"vertices": [{"x": 57.0, "y": 21.0}, {"x": 161.0, "y": 18.0}, {"x": 161.0, "y": 25.0}, {"x": 57.0, "y": 28.0}]}, "description": "merchant name"}, {"boundingPoly": {"vertices": [{"x": 81.0, "y": 34.0}, {"x": 135.0, "y": 32.0}, {"x": 135.0, "y": 39.0}, {"x": 81.0, "y": 41.0}]}, "description": "merchant phone"}, {"boundingPoly": {"vertices": [{"x": 39.0, "y": 69.0}, {"x": 81.0, "y": 69.0}, {"x": 81.0, "y": 78.0}, {"x": 39.0, "y": 78.0}]}, "description": " Fork & Spoon"}, {"boundingPoly": {"vertices": [{"x": 83.0, "y": 69.0}, {"x": 111.0, "y": 69.0}, {"x": 111.0, "y": 77.0}, {"x": 83.0, "y": 77.0}]}, "description": " Presikit"}, {"boundingPoly": {"vertices": [{"x": 38.0, "y": 78.0}, {"x": 106.0, "y": 75.0}, {"x": 107.0, "y": 83.0}, {"x": 38.0, "y": 86.0}]}, "description": "Mater Aguafina 2002"}, {"boundingPoly": {"vertices": [{"x": 166.0, "y": 66.0}, {"x": 184.0, "y": 65.0}, {"x": 184.0, "y": 73.0}, {"x": 166.0, "y": 73.0}]}, "description": "11.50"}, {"boundingPoly": {"vertices": [{"x": 166.0, "y": 73.0}, {"x": 184.0, "y": 72.0}, {"x": 184.0, "y": 79.0}, {"x": 166.0, "y": 79.0}]}, "description": "1.15"}, {"boundingPoly": {"vertices": [{"x": 117.0, "y": 88.0}, {"x": 152.0, "y": 87.0}, {"x": 152.0, "y": 95.0}, {"x": 117.0, "y": 96.0}]}, "description": "Sub Total"}, {"boundingPoly": {"vertices": [{"x": 119.0, "y": 96.0}, {"x": 157.0, "y": 96.0}, {"x": 157.0, "y": 103.0}, {"x": 119.0, "y": 104.0}]}, "description": "Tax Amount"}, {"boundingPoly": {"vertices": [{"x": 167.0, "y": 88.0}, {"x": 185.0, "y": 88.0}, {"x": 185.0, "y": 96.0}, {"x": 167.0, "y": 95.0}]}, "description": "9.65"}, {"boundingPoly": {"vertices": [{"x": 32.0, "y": 122.0}, {"x": 98.0, "y": 120.0}, {"x": 98.0, "y": 135.0}, {"x": 32.0, "y": 137.0}]}, "description": "Total USD"}, {"boundingPoly": {"vertices": [{"x": 149.0, "y": 118.0}, {"x": 186.0, "y": 118.0}, {"x": 187.0, "y": 131.0}, {"x": 149.0, "y": 132.0}]}, "description": "10.33"}, {"boundingPoly": {"vertices": [{"x": 30.0, "y": 159.0}, {"x": 110.0, "y": 158.0}, {"x": 110.0, "y": 167.0}, {"x": 30.0, "y": 168.0}]}, "description": "5009 AMERICAN EXPRESS"}, {"boundingPoly": {"vertices": [{"x": 167.0, "y": 155.0}, {"x": 187.0, "y": 155.0}, {"x": 187.0, "y": 164.0}, {"x": 167.0, "y": 164.0}]}, "description": "10.33"}, {"boundingPoly": {"vertices": [{"x": 30.0, "y": 184.0}, {"x": 44.0, "y": 184.0}, {"x": 44.0, "y": 192.0}, {"x": 30.0, "y": 192.0}]}, "description": "Tax"}, {"boundingPoly": {"vertices": [{"x": 29.0, "y": 191.0}, {"x": 39.0, "y": 191.0}, {"x": 39.0, "y": 200.0}, {"x": 29.0, "y": 200.0}]}, "description": " ()"}, {"boundingPoly": {"vertices": [{"x": 40.0, "y": 191.0}, {"x": 56.0, "y": 191.0}, {"x": 56.0, "y": 200.0}, {"x": 40.0, "y": 200.0}]}, "description": " 7.00"}, {"boundingPoly": {"vertices": [{"x": 88.0, "y": 182.0}, {"x": 146.0, "y": 182.0}, {"x": 146.0, "y": 193.0}, {"x": 88.0, "y": 193.0}]}, "description": " Taxable Amount"}, {"boundingPoly": {"vertices": [{"x": 125.0, "y": 191.0}, {"x": 143.0, "y": 191.0}, {"x": 143.0, "y": 198.0}, {"x": 125.0, "y": 199.0}]}, "description": "9.65"}, {"boundingPoly": {"vertices": [{"x": 148.0, "y": 181.0}, {"x": 161.0, "y": 181.0}, {"x": 161.0, "y": 191.0}, {"x": 148.0, "y": 191.0}]}, "description": " Tax"}, {"boundingPoly": {"vertices": [{"x": 162.0, "y": 181.0}, {"x": 188.0, "y": 181.0}, {"x": 188.0, "y": 190.0}, {"x": 162.0, "y": 190.0}]}, "description": " Amount"}, {"boundingPoly": {"vertices": [{"x": 168.0, "y": 189.0}, {"x": 189.0, "y": 189.0}, {"x": 189.0, "y": 197.0}, {"x": 168.0, "y": 197.0}]}, "description": "0.68"}, {"boundingPoly": {"vertices": [{"x": 28.0, "y": 214.0}, {"x": 190.0, "y": 214.0}, {"x": 190.0, "y": 226.0}, {"x": 28.0, "y": 226.0}]}, "description": " 11/18/2019 12:43 PM #:51284 Op:3052 C:113"}, {"boundingPoly": {"vertices": [{"x": 27.0, "y": 226.0}, {"x": 70.0, "y": 226.0}, {"x": 70.0, "y": 235.0}, {"x": 27.0, "y": 235.0}]}, "description": " 103 5:1131"}, {"boundingPoly": {"vertices": [{"x": 26.0, "y": 234.0}, {"x": 66.0, "y": 234.0}, {"x": 66.0, "y": 244.0}, {"x": 26.0, "y": 244.0}]}, "description": " Served you"}, {"boundingPoly": {"vertices": [{"x": 68.0, "y": 232.0}, {"x": 135.0, "y": 232.0}, {"x": 135.0, "y": 243.0}, {"x": 68.0, "y": 243.0}]}, "description": " : Adriana Granado"}, {"boundingPoly": {"vertices": [{"x": 57.0, "y": 269.0}, {"x": 141.0, "y": 269.0}, {"x": 141.0, "y": 278.0}, {"x": 57.0, "y": 278.0}]}, "description": "*** Customer copy ***"}, {"boundingPoly": {"vertices": [{"x": 61.0, "y": 287.0}, {"x": 139.0, "y": 286.0}, {"x": 139.0, "y": 296.0}, {"x": 61.0, "y": 297.0}]}, "description": "AMEX Sunrise 937-10"}, {"boundingPoly": {"vertices": [{"x": 33.0, "y": 296.0}, {"x": 177.0, "y": 296.0}, {"x": 177.0, "y": 308.0}, {"x": 33.0, "y": 308.0}]}, "description": " agree to pay the above total amount"}, {"boundingPoly": {"vertices": [{"x": 52.0, "y": 307.0}, {"x": 153.0, "y": 306.0}, {"x": 153.0, "y": 315.0}, {"x": 52.0, "y": 316.0}]}, "description": "according to card issuer"}, {"boundingPoly": {"vertices": [{"x": 61.0, "y": 315.0}, {"x": 141.0, "y": 315.0}, {"x": 141.0, "y": 326.0}, {"x": 61.0, "y": 326.0}]}, "description": " (Merchant agreement"}, {"boundingPoly": {"vertices": [{"x": 92.0, "y": 325.0}, {"x": 169.0, "y": 325.0}, {"x": 169.0, "y": 336.0}, {"x": 92.0, "y": 336.0}]}, "description": " this copy for your"}, {"boundingPoly": {"vertices": [{"x": 85.0, "y": 336.0}, {"x": 119.0, "y": 336.0}, {"x": 119.0, "y": 345.0}, {"x": 85.0, "y": 345.0}]}, "description": " records .:"}, {"boundingPoly": {"vertices": [{"x": 26.0, "y": 297.0}, {"x": 32.0, "y": 297.0}, {"x": 32.0, "y": 308.0}, {"x": 26.0, "y": 308.0}]}, "description": " I"}, {"boundingPoly": {"vertices": [{"x": 21.0, "y": 317.0}, {"x": 60.0, "y": 317.0}, {"x": 60.0, "y": 326.0}, {"x": 21.0, "y": 326.0}]}, "description": " agreement."}, {"boundingPoly": {"vertices": [{"x": 33.0, "y": 326.0}, {"x": 86.0, "y": 326.0}, {"x": 86.0, "y": 336.0}, {"x": 33.0, "y": 336.0}]}, "description": " Voucher Rota"}, {"boundingPoly": {"vertices": [{"x": 142.0, "y": 315.0}, {"x": 152.0, "y": 315.0}, {"x": 152.0, "y": 325.0}, {"x": 142.0, "y": 325.0}]}, "description": " if"}, {"boundingPoly": {"vertices": [{"x": 154.0, "y": 314.0}, {"x": 180.0, "y": 314.0}, {"x": 180.0, "y": 325.0}, {"x": 154.0, "y": 325.0}]}, "description": " Credit"}, {"boundingPoly": {"vertices": [{"x": 17.0, "y": 354.0}, {"x": 97.0, "y": 354.0}, {"x": 97.0, "y": 365.0}, {"x": 17.0, "y": 365.0}]}, "description": "PURCHASE / APPROVED"}, {"boundingPoly": {"vertices": [{"x": 16.0, "y": 365.0}, {"x": 88.0, "y": 365.0}, {"x": 88.0, "y": 375.0}, {"x": 16.0, "y": 375.0}]}, "description": "AMERICAN EXPRESS"}, {"boundingPoly": {"vertices": [{"x": 16.0, "y": 375.0}, {"x": 82.0, "y": 375.0}, {"x": 82.0, "y": 385.0}, {"x": 16.0, "y": 385.0}]}, "description": "*********** 1007"}, {"boundingPoly": {"vertices": [{"x": 14.0, "y": 385.0}, {"x": 64.0, "y": 385.0}, {"x": 64.0, "y": 396.0}, {"x": 14.0, "y": 396.0}]}, "description": "CHIP READ /"}, {"boundingPoly": {"vertices": [{"x": 13.0, "y": 407.0}, {"x": 97.0, "y": 407.0}, {"x": 97.0, "y": 419.0}, {"x": 13.0, "y": 419.0}]}, "description": " 2019/11/18 12:43:57"}, {"boundingPoly": {"vertices": [{"x": 12.0, "y": 418.0}, {"x": 33.0, "y": 418.0}, {"x": 32.0, "y": 429.0}, {"x": 12.0, "y": 428.0}]}, "description": "TID"}, {"boundingPoly": {"vertices": [{"x": 153.0, "y": 419.0}, {"x": 191.0, "y": 419.0}, {"x": 190.0, "y": 430.0}, {"x": 153.0, "y": 429.0}]}, "description": "**** 5749"}, {"boundingPoly": {"vertices": [{"x": 157.0, "y": 430.0}, {"x": 191.0, "y": 431.0}, {"x": 191.0, "y": 441.0}, {"x": 157.0, "y": 441.0}]}, "description": "6634461"}, {"boundingPoly": {"vertices": [{"x": 76.0, "y": 440.0}, {"x": 192.0, "y": 441.0}, {"x": 192.0, "y": 453.0}, {"x": 76.0, "y": 452.0}]}, "description": "$1131113103#512840018042"}, {"boundingPoly": {"vertices": [{"x": 161.0, "y": 453.0}, {"x": 192.0, "y": 454.0}, {"x": 191.0, "y": 464.0}, {"x": 161.0, "y": 465.0}]}, "description": "895155"}, {"boundingPoly": {"vertices": [{"x": 11.0, "y": 439.0}, {"x": 53.0, "y": 440.0}, {"x": 52.0, "y": 452.0}, {"x": 11.0, "y": 451.0}]}, "description": "REFERENCE"}, {"boundingPoly": {"vertices": [{"x": 10.0, "y": 451.0}, {"x": 52.0, "y": 452.0}, {"x": 51.0, "y": 463.0}, {"x": 10.0, "y": 463.0}]}, "description": "AUTH CODE"}, {"boundingPoly": {"vertices": [{"x": 8.0, "y": 474.0}, {"x": 33.0, "y": 474.0}, {"x": 33.0, "y": 486.0}, {"x": 8.0, "y": 486.0}]}, "description": "TOTAL"}, {"boundingPoly": {"vertices": [{"x": 151.0, "y": 476.0}, {"x": 192.0, "y": 477.0}, {"x": 192.0, "y": 488.0}, {"x": 151.0, "y": 488.0}]}, "description": "USD10.33"}, {"boundingPoly": {"vertices": [{"x": 7.0, "y": 497.0}, {"x": 26.0, "y": 497.0}, {"x": 26.0, "y": 509.0}, {"x": 7.0, "y": 509.0}]}, "description": " ARC:"}, {"boundingPoly": {"vertices": [{"x": 8.0, "y": 510.0}, {"x": 26.0, "y": 510.0}, {"x": 26.0, "y": 523.0}, {"x": 8.0, "y": 523.0}]}, "description": " TSI:"}, {"boundingPoly": {"vertices": [{"x": 7.0, "y": 523.0}, {"x": 25.0, "y": 523.0}, {"x": 25.0, "y": 535.0}, {"x": 7.0, "y": 535.0}]}, "description": " IAD:"}, {"boundingPoly": {"vertices": [{"x": 5.0, "y": 534.0}, {"x": 25.0, "y": 534.0}, {"x": 25.0, "y": 547.0}, {"x": 5.0, "y": 547.0}]}, "description": " TVR:"}, {"boundingPoly": {"vertices": [{"x": 5.0, "y": 547.0}, {"x": 25.0, "y": 547.0}, {"x": 25.0, "y": 559.0}, {"x": 5.0, "y": 559.0}]}, "description": " AID:"}, {"boundingPoly": {"vertices": [{"x": 5.0, "y": 558.0}, {"x": 57.0, "y": 558.0}, {"x": 57.0, "y": 572.0}, {"x": 5.0, "y": 572.0}]}, "description": " PAN Se No:"}, {"boundingPoly": {"vertices": [{"x": 28.0, "y": 497.0}, {"x": 41.0, "y": 497.0}, {"x": 41.0, "y": 509.0}, {"x": 28.0, "y": 509.0}]}, "description": " 00"}, {"boundingPoly": {"vertices": [{"x": 28.0, "y": 510.0}, {"x": 49.0, "y": 510.0}, {"x": 49.0, "y": 523.0}, {"x": 28.0, "y": 523.0}]}, "description": " F800"}, {"boundingPoly": {"vertices": [{"x": 27.0, "y": 523.0}, {"x": 96.0, "y": 523.0}, {"x": 96.0, "y": 536.0}, {"x": 27.0, "y": 536.0}]}, "description": " 065A0103602002"}, {"boundingPoly": {"vertices": [{"x": 27.0, "y": 535.0}, {"x": 77.0, "y": 535.0}, {"x": 77.0, "y": 548.0}, {"x": 27.0, "y": 548.0}]}, "description": " 0000008000"}, {"boundingPoly": {"vertices": [{"x": 27.0, "y": 547.0}, {"x": 104.0, "y": 547.0}, {"x": 104.0, "y": 561.0}, {"x": 27.0, "y": 561.0}]}, "description": " A000000025010801"}, {"boundingPoly": {"vertices": [{"x": 59.0, "y": 561.0}, {"x": 72.0, "y": 561.0}, {"x": 72.0, "y": 572.0}, {"x": 59.0, "y": 572.0}]}, "description": " 00"}]}