{"textAnnotations": [{"boundingPoly": {"vertices": [{"x": 116.0, "y": 62.0}, {"x": 155.0, "y": 62.0}, {"x": 155.0, "y": 75.0}, {"x": 116.0, "y": 75.0}]}, "description": "merchant name"}, {"boundingPoly": {"vertices": [{"x": 82.0, "y": 80.0}, {"x": 272.0, "y": 80.0}, {"x": 272.0, "y": 95.0}, {"x": 82.0, "y": 95.0}]}, "description": "merchant address"}, {"boundingPoly": {"vertices": [{"x": 109.0, "y": 101.0}, {"x": 207.0, "y": 101.0}, {"x": 207.0, "y": 117.0}, {"x": 109.0, "y": 117.0}]}, "description": "merchant address"}, {"boundingPoly": {"vertices": [{"x": 65.0, "y": 122.0}, {"x": 240.0, "y": 122.0}, {"x": 240.0, "y": 139.0}, {"x": 65.0, "y": 139.0}]}, "description": "merchant address"}, {"boundingPoly": {"vertices": [{"x": 158.0, "y": 62.0}, {"x": 171.0, "y": 62.0}, {"x": 171.0, "y": 75.0}, {"x": 158.0, "y": 75.0}]}, "description": "merchant name"}, {"boundingPoly": {"vertices": [{"x": 174.0, "y": 62.0}, {"x": 225.0, "y": 62.0}, {"x": 225.0, "y": 75.0}, {"x": 174.0, "y": 75.0}]}, "description": "merchant name"}, {"boundingPoly": {"vertices": [{"x": 211.0, "y": 101.0}, {"x": 237.0, "y": 101.0}, {"x": 237.0, "y": 117.0}, {"x": 211.0, "y": 117.0}]}, "description": "merchant address"}, {"boundingPoly": {"vertices": [{"x": 243.0, "y": 122.0}, {"x": 282.0, "y": 122.0}, {"x": 282.0, "y": 139.0}, {"x": 243.0, "y": 139.0}]}, "description": "merchant address"}, {"boundingPoly": {"vertices": [{"x": 142.0, "y": 167.0}, {"x": 214.0, "y": 167.0}, {"x": 214.0, "y": 184.0}, {"x": 142.0, "y": 183.0}]}, "description": "SWIW OSS"}, {"boundingPoly": {"vertices": [{"x": 4.0, "y": 213.0}, {"x": 131.0, "y": 214.0}, {"x": 130.0, "y": 232.0}, {"x": 4.0, "y": 230.0}]}, "description": "9693 Ricardo H"}, {"boundingPoly": {"vertices": [{"x": 299.0, "y": 240.0}, {"x": 338.0, "y": 240.0}, {"x": 338.0, "y": 260.0}, {"x": 299.0, "y": 260.0}]}, "description": " WS#:"}, {"boundingPoly": {"vertices": [{"x": 341.0, "y": 241.0}, {"x": 353.0, "y": 241.0}, {"x": 353.0, "y": 260.0}, {"x": 341.0, "y": 260.0}]}, "description": " 2"}, {"boundingPoly": {"vertices": [{"x": 136.0, "y": 288.0}, {"x": 222.0, "y": 289.0}, {"x": 222.0, "y": 306.0}, {"x": 136.0, "y": 305.0}]}, "description": "CHK 135631"}, {"boundingPoly": {"vertices": [{"x": 103.0, "y": 313.0}, {"x": 251.0, "y": 313.0}, {"x": 251.0, "y": 331.0}, {"x": 103.0, "y": 331.0}]}, "description": " 29 Oct' 19 9:36 AM"}, {"boundingPoly": {"vertices": [{"x": 19.0, "y": 360.0}, {"x": 33.0, "y": 360.0}, {"x": 33.0, "y": 378.0}, {"x": 19.0, "y": 378.0}]}, "description": " 1"}, {"boundingPoly": {"vertices": [{"x": 22.0, "y": 383.0}, {"x": 34.0, "y": 383.0}, {"x": 34.0, "y": 400.0}, {"x": 22.0, "y": 400.0}]}, "description": " 1"}, {"boundingPoly": {"vertices": [{"x": 35.0, "y": 360.0}, {"x": 109.0, "y": 360.0}, {"x": 109.0, "y": 378.0}, {"x": 35.0, "y": 378.0}]}, "description": " TA Water"}, {"boundingPoly": {"vertices": [{"x": 37.0, "y": 383.0}, {"x": 163.0, "y": 383.0}, {"x": 163.0, "y": 401.0}, {"x": 37.0, "y": 401.0}]}, "description": " TA Black Filter"}, {"boundingPoly": {"vertices": [{"x": 40.0, "y": 406.0}, {"x": 75.0, "y": 407.0}, {"x": 74.0, "y": 420.0}, {"x": 40.0, "y": 419.0}]}, "description": "AmEx"}, {"boundingPoly": {"vertices": [{"x": 40.0, "y": 424.0}, {"x": 166.0, "y": 427.0}, {"x": 165.0, "y": 442.0}, {"x": 40.0, "y": 439.0}]}, "description": "XXXXXXXXXXX1002"}, {"boundingPoly": {"vertices": [{"x": 112.0, "y": 361.0}, {"x": 206.0, "y": 361.0}, {"x": 206.0, "y": 379.0}, {"x": 112.0, "y": 379.0}]}, "description": " 750ml Still"}, {"boundingPoly": {"vertices": [{"x": 265.0, "y": 362.0}, {"x": 299.0, "y": 363.0}, {"x": 299.0, "y": 379.0}, {"x": 265.0, "y": 380.0}]}, "description": "1.50"}, {"boundingPoly": {"vertices": [{"x": 264.0, "y": 386.0}, {"x": 299.0, "y": 387.0}, {"x": 299.0, "y": 402.0}, {"x": 264.0, "y": 402.0}]}, "description": "0.99"}, {"boundingPoly": {"vertices": [{"x": 255.0, "y": 408.0}, {"x": 298.0, "y": 409.0}, {"x": 298.0, "y": 424.0}, {"x": 255.0, "y": 424.0}]}, "description": "$2.49"}, {"boundingPoly": {"vertices": [{"x": 66.0, "y": 467.0}, {"x": 138.0, "y": 467.0}, {"x": 138.0, "y": 484.0}, {"x": 66.0, "y": 484.0}]}, "description": " 0.42 VAT"}, {"boundingPoly": {"vertices": [{"x": 39.0, "y": 488.0}, {"x": 124.0, "y": 488.0}, {"x": 124.0, "y": 506.0}, {"x": 39.0, "y": 506.0}]}, "description": " Net Total:"}, {"boundingPoly": {"vertices": [{"x": 38.0, "y": 510.0}, {"x": 134.0, "y": 513.0}, {"x": 134.0, "y": 530.0}, {"x": 37.0, "y": 527.0}]}, "description": "Cold Drinks"}, {"boundingPoly": {"vertices": [{"x": 38.0, "y": 534.0}, {"x": 67.0, "y": 534.0}, {"x": 67.0, "y": 552.0}, {"x": 38.0, "y": 552.0}]}, "description": " Hot"}, {"boundingPoly": {"vertices": [{"x": 37.0, "y": 557.0}, {"x": 100.0, "y": 559.0}, {"x": 99.0, "y": 577.0}, {"x": 36.0, "y": 575.0}]}, "description": "Payment"}, {"boundingPoly": {"vertices": [{"x": 12.0, "y": 581.0}, {"x": 182.0, "y": 586.0}, {"x": 181.0, "y": 603.0}, {"x": 11.0, "y": 598.0}]}, "description": "Change Due"}, {"boundingPoly": {"vertices": [{"x": 140.0, "y": 469.0}, {"x": 167.0, "y": 469.0}, {"x": 167.0, "y": 485.0}, {"x": 140.0, "y": 485.0}]}, "description": " 20%"}, {"boundingPoly": {"vertices": [{"x": 263.0, "y": 472.0}, {"x": 297.0, "y": 474.0}, {"x": 297.0, "y": 488.0}, {"x": 262.0, "y": 487.0}]}, "description": "2.49"}, {"boundingPoly": {"vertices": [{"x": 255.0, "y": 494.0}, {"x": 298.0, "y": 496.0}, {"x": 298.0, "y": 511.0}, {"x": 255.0, "y": 510.0}]}, "description": "92.07"}, {"boundingPoly": {"vertices": [{"x": 256.0, "y": 517.0}, {"x": 300.0, "y": 518.0}, {"x": 299.0, "y": 535.0}, {"x": 256.0, "y": 533.0}]}, "description": "91.50"}, {"boundingPoly": {"vertices": [{"x": 256.0, "y": 540.0}, {"x": 277.0, "y": 540.0}, {"x": 277.0, "y": 557.0}, {"x": 256.0, "y": 557.0}]}, "description": " $0."}, {"boundingPoly": {"vertices": [{"x": 257.0, "y": 564.0}, {"x": 301.0, "y": 565.0}, {"x": 300.0, "y": 582.0}, {"x": 256.0, "y": 581.0}]}, "description": "$2.49"}, {"boundingPoly": {"vertices": [{"x": 263.0, "y": 588.0}, {"x": 347.0, "y": 590.0}, {"x": 346.0, "y": 607.0}, {"x": 263.0, "y": 605.0}]}, "description": "$0.00"}, {"boundingPoly": {"vertices": [{"x": 70.0, "y": 535.0}, {"x": 125.0, "y": 535.0}, {"x": 125.0, "y": 554.0}, {"x": 70.0, "y": 554.0}]}, "description": " Drinks"}, {"boundingPoly": {"vertices": [{"x": 280.0, "y": 541.0}, {"x": 299.0, "y": 541.0}, {"x": 299.0, "y": 558.0}, {"x": 280.0, "y": 558.0}]}, "description": " 99"}, {"boundingPoly": {"vertices": [{"x": 130.0, "y": 632.0}, {"x": 235.0, "y": 635.0}, {"x": 235.0, "y": 651.0}, {"x": 129.0, "y": 648.0}]}, "description": "Check Closed"}, {"boundingPoly": {"vertices": [{"x": 105.0, "y": 656.0}, {"x": 250.0, "y": 656.0}, {"x": 250.0, "y": 675.0}, {"x": 105.0, "y": 675.0}]}, "description": " 29 Oct'19 9:37 AM"}, {"boundingPoly": {"vertices": [{"x": 238.0, "y": 639.0}, {"x": 277.0, "y": 639.0}, {"x": 277.0, "y": 648.0}, {"x": 238.0, "y": 648.0}]}, "description": "----"}, {"boundingPoly": {"vertices": [{"x": 130.0, "y": 707.0}, {"x": 233.0, "y": 707.0}, {"x": 233.0, "y": 721.0}, {"x": 130.0, "y": 721.0}]}, "description": "www. pret.com"}, {"boundingPoly": {"vertices": [{"x": 130.0, "y": 728.0}, {"x": 168.0, "y": 728.0}, {"x": 168.0, "y": 744.0}, {"x": 130.0, "y": 744.0}]}, "description": " TALK"}, {"boundingPoly": {"vertices": [{"x": 10.0, "y": 750.0}, {"x": 143.0, "y": 750.0}, {"x": 143.0, "y": 769.0}, {"x": 10.0, "y": 769.0}]}, "description": " We love to hear"}, {"boundingPoly": {"vertices": [{"x": 88.0, "y": 774.0}, {"x": 116.0, "y": 774.0}, {"x": 116.0, "y": 792.0}, {"x": 88.0, "y": 792.0}]}, "description": " the"}, {"boundingPoly": {"vertices": [{"x": 69.0, "y": 799.0}, {"x": 109.0, "y": 799.0}, {"x": 109.0, "y": 817.0}, {"x": 69.0, "y": 817.0}]}, "description": " Pret"}, {"boundingPoly": {"vertices": [{"x": 105.0, "y": 823.0}, {"x": 132.0, "y": 823.0}, {"x": 132.0, "y": 841.0}, {"x": 105.0, "y": 841.0}]}, "description": " VAT"}, {"boundingPoly": {"vertices": [{"x": 171.0, "y": 728.0}, {"x": 232.0, "y": 728.0}, {"x": 232.0, "y": 745.0}, {"x": 171.0, "y": 745.0}]}, "description": " TO PRET"}, {"boundingPoly": {"vertices": [{"x": 146.0, "y": 751.0}, {"x": 185.0, "y": 751.0}, {"x": 185.0, "y": 770.0}, {"x": 146.0, "y": 770.0}]}, "description": " your"}, {"boundingPoly": {"vertices": [{"x": 119.0, "y": 775.0}, {"x": 184.0, "y": 775.0}, {"x": 184.0, "y": 793.0}, {"x": 119.0, "y": 793.0}]}, "description": " bad and"}, {"boundingPoly": {"vertices": [{"x": 112.0, "y": 799.0}, {"x": 184.0, "y": 799.0}, {"x": 184.0, "y": 819.0}, {"x": 112.0, "y": 819.0}]}, "description": " A Manger"}, {"boundingPoly": {"vertices": [{"x": 189.0, "y": 751.0}, {"x": 259.0, "y": 751.0}, {"x": 259.0, "y": 770.0}, {"x": 189.0, "y": 770.0}]}, "description": " feedback"}, {"boundingPoly": {"vertices": [{"x": 188.0, "y": 775.0}, {"x": 216.0, "y": 775.0}, {"x": 216.0, "y": 794.0}, {"x": 188.0, "y": 794.0}]}, "description": " the"}, {"boundingPoly": {"vertices": [{"x": 187.0, "y": 799.0}, {"x": 292.0, "y": 799.0}, {"x": 292.0, "y": 819.0}, {"x": 187.0, "y": 819.0}]}, "description": " (Europe) Ltd"}, {"boundingPoly": {"vertices": [{"x": 170.0, "y": 823.0}, {"x": 250.0, "y": 823.0}, {"x": 250.0, "y": 842.0}, {"x": 170.0, "y": 842.0}]}, "description": " 927137420"}, {"boundingPoly": {"vertices": [{"x": 262.0, "y": 752.0}, {"x": 299.0, "y": 752.0}, {"x": 299.0, "y": 771.0}, {"x": 262.0, "y": 771.0}]}, "description": " (the"}, {"boundingPoly": {"vertices": [{"x": 220.0, "y": 775.0}, {"x": 269.0, "y": 775.0}, {"x": 269.0, "y": 795.0}, {"x": 220.0, "y": 795.0}]}, "description": " ugly)."}, {"boundingPoly": {"vertices": [{"x": 302.0, "y": 752.0}, {"x": 341.0, "y": 752.0}, {"x": 341.0, "y": 771.0}, {"x": 302.0, "y": 771.0}]}, "description": " good"}, {"boundingPoly": {"vertices": [{"x": 136.0, "y": 823.0}, {"x": 167.0, "y": 823.0}, {"x": 167.0, "y": 841.0}, {"x": 136.0, "y": 841.0}]}, "description": " No."}]}