{"textAnnotations": [{"boundingPoly": {"vertices": [{"x": 482.0, "y": 201.0}, {"x": 611.0, "y": 210.0}, {"x": 608.0, "y": 248.0}, {"x": 481.0, "y": 238.0}]}, "description": "merchant name"}, {"boundingPoly": {"vertices": [{"x": 227.0, "y": 269.0}, {"x": 697.0, "y": 269.0}, {"x": 697.0, "y": 337.0}, {"x": 227.0, "y": 337.0}]}, "description": "merchant address"}, {"boundingPoly": {"vertices": [{"x": 495.0, "y": 337.0}, {"x": 719.0, "y": 337.0}, {"x": 719.0, "y": 380.0}, {"x": 495.0, "y": 380.0}]}, "description": "merchant address"}, {"boundingPoly": {"vertices": [{"x": 99.0, "y": 256.0}, {"x": 200.0, "y": 256.0}, {"x": 200.0, "y": 309.0}, {"x": 99.0, "y": 309.0}]}, "description": "merchant address"}, {"boundingPoly": {"vertices": [{"x": 113.0, "y": 313.0}, {"x": 222.0, "y": 313.0}, {"x": 222.0, "y": 363.0}, {"x": 113.0, "y": 363.0}]}, "description": "merchant address"}, {"boundingPoly": {"vertices": [{"x": 703.0, "y": 297.0}, {"x": 886.0, "y": 297.0}, {"x": 886.0, "y": 338.0}, {"x": 703.0, "y": 338.0}]}, "description": "merchant address"}, {"boundingPoly": {"vertices": [{"x": 893.0, "y": 299.0}, {"x": 1006.0, "y": 299.0}, {"x": 1006.0, "y": 338.0}, {"x": 893.0, "y": 338.0}]}, "description": "merchant address"}, {"boundingPoly": {"vertices": [{"x": 725.0, "y": 340.0}, {"x": 1004.0, "y": 340.0}, {"x": 1004.0, "y": 380.0}, {"x": 725.0, "y": 380.0}]}, "description": "merchant address"}, {"boundingPoly": {"vertices": [{"x": 237.0, "y": 323.0}, {"x": 482.0, "y": 323.0}, {"x": 482.0, "y": 376.0}, {"x": 237.0, "y": 376.0}]}, "description": "merchant address"}, {"boundingPoly": {"vertices": [{"x": 36.0, "y": 585.0}, {"x": 230.0, "y": 585.0}, {"x": 230.0, "y": 638.0}, {"x": 36.0, "y": 638.0}]}, "description": " OrderId:"}, {"boundingPoly": {"vertices": [{"x": 191.0, "y": 639.0}, {"x": 533.0, "y": 639.0}, {"x": 533.0, "y": 691.0}, {"x": 191.0, "y": 691.0}]}, "description": " 29AACCB5438N178"}, {"boundingPoly": {"vertices": [{"x": 169.0, "y": 694.0}, {"x": 617.0, "y": 694.0}, {"x": 617.0, "y": 743.0}, {"x": 169.0, "y": 743.0}]}, "description": " 06 Nov 2019 14:17 PM"}, {"boundingPoly": {"vertices": [{"x": 237.0, "y": 594.0}, {"x": 482.0, "y": 594.0}, {"x": 482.0, "y": 638.0}, {"x": 237.0, "y": 638.0}]}, "description": " ORD10401680"}, {"boundingPoly": {"vertices": [{"x": 32.0, "y": 631.0}, {"x": 184.0, "y": 631.0}, {"x": 184.0, "y": 691.0}, {"x": 32.0, "y": 691.0}]}, "description": " GSTIN:"}, {"boundingPoly": {"vertices": [{"x": 36.0, "y": 687.0}, {"x": 163.0, "y": 687.0}, {"x": 163.0, "y": 736.0}, {"x": 36.0, "y": 736.0}]}, "description": " Date:"}, {"boundingPoly": {"vertices": [{"x": 39.0, "y": 789.0}, {"x": 247.0, "y": 802.0}, {"x": 245.0, "y": 843.0}, {"x": 38.0, "y": 830.0}]}, "description": "Item Name"}, {"boundingPoly": {"vertices": [{"x": 853.0, "y": 790.0}, {"x": 942.0, "y": 790.0}, {"x": 942.0, "y": 840.0}, {"x": 853.0, "y": 840.0}]}, "description": " Qty"}, {"boundingPoly": {"vertices": [{"x": 955.0, "y": 788.0}, {"x": 1071.0, "y": 788.0}, {"x": 1071.0, "y": 839.0}, {"x": 955.0, "y": 839.0}]}, "description": " Price"}, {"boundingPoly": {"vertices": [{"x": 31.0, "y": 895.0}, {"x": 154.0, "y": 898.0}, {"x": 153.0, "y": 940.0}, {"x": 30.0, "y": 935.0}]}, "description": "Penci"}, {"boundingPoly": {"vertices": [{"x": 35.0, "y": 953.0}, {"x": 208.0, "y": 953.0}, {"x": 208.0, "y": 1000.0}, {"x": 35.0, "y": 1000.0}]}, "description": "merchant address"}, {"boundingPoly": {"vertices": [{"x": 838.0, "y": 893.0}, {"x": 988.0, "y": 891.0}, {"x": 989.0, "y": 941.0}, {"x": 838.0, "y": 944.0}]}, "description": "1\u00d760 60"}, {"boundingPoly": {"vertices": [{"x": 836.0, "y": 951.0}, {"x": 1030.0, "y": 947.0}, {"x": 1031.0, "y": 988.0}, {"x": 837.0, "y": 993.0}]}, "description": "merchant phone"}, {"boundingPoly": {"vertices": [{"x": 215.0, "y": 956.0}, {"x": 335.0, "y": 956.0}, {"x": 335.0, "y": 1005.0}, {"x": 215.0, "y": 1005.0}]}, "description": " Patty"}, {"boundingPoly": {"vertices": [{"x": 32.0, "y": 1057.0}, {"x": 159.0, "y": 1057.0}, {"x": 159.0, "y": 1110.0}, {"x": 32.0, "y": 1110.0}]}, "description": " Total"}, {"boundingPoly": {"vertices": [{"x": 33.0, "y": 1110.0}, {"x": 108.0, "y": 1110.0}, {"x": 108.0, "y": 1145.0}, {"x": 33.0, "y": 1145.0}]}, "description": " Sub"}, {"boundingPoly": {"vertices": [{"x": 169.0, "y": 1058.0}, {"x": 360.0, "y": 1058.0}, {"x": 360.0, "y": 1112.0}, {"x": 169.0, "y": 1112.0}]}, "description": " Quantity"}, {"boundingPoly": {"vertices": [{"x": 127.0, "y": 1112.0}, {"x": 240.0, "y": 1112.0}, {"x": 240.0, "y": 1145.0}, {"x": 127.0, "y": 1145.0}]}, "description": " total"}, {"boundingPoly": {"vertices": [{"x": 828.0, "y": 1059.0}, {"x": 856.0, "y": 1057.0}, {"x": 857.0, "y": 1090.0}, {"x": 828.0, "y": 1092.0}]}, "description": "2"}, {"boundingPoly": {"vertices": [{"x": 950.0, "y": 1104.0}, {"x": 1012.0, "y": 1098.0}, {"x": 1014.0, "y": 1128.0}, {"x": 952.0, "y": 1134.0}]}, "description": "505"}, {"boundingPoly": {"vertices": [{"x": 24.0, "y": 1195.0}, {"x": 105.0, "y": 1195.0}, {"x": 105.0, "y": 1239.0}, {"x": 24.0, "y": 1239.0}]}, "description": " Net"}, {"boundingPoly": {"vertices": [{"x": 113.0, "y": 1191.0}, {"x": 274.0, "y": 1191.0}, {"x": 274.0, "y": 1236.0}, {"x": 113.0, "y": 1236.0}]}, "description": " Amount"}, {"boundingPoly": {"vertices": [{"x": 968.0, "y": 1174.0}, {"x": 1038.0, "y": 1170.0}, {"x": 1040.0, "y": 1220.0}, {"x": 970.0, "y": 1224.0}]}, "description": "305"}, {"boundingPoly": {"vertices": [{"x": 211.0, "y": 1299.0}, {"x": 249.0, "y": 1299.0}, {"x": 249.0, "y": 1342.0}, {"x": 211.0, "y": 1342.0}]}, "description": " *"}, {"boundingPoly": {"vertices": [{"x": 255.0, "y": 1294.0}, {"x": 356.0, "y": 1294.0}, {"x": 356.0, "y": 1342.0}, {"x": 255.0, "y": 1342.0}]}, "description": " GST"}, {"boundingPoly": {"vertices": [{"x": 362.0, "y": 1289.0}, {"x": 565.0, "y": 1289.0}, {"x": 565.0, "y": 1340.0}, {"x": 362.0, "y": 1340.0}]}, "description": " included"}, {"boundingPoly": {"vertices": [{"x": 574.0, "y": 1289.0}, {"x": 631.0, "y": 1289.0}, {"x": 631.0, "y": 1336.0}, {"x": 574.0, "y": 1336.0}]}, "description": " in"}, {"boundingPoly": {"vertices": [{"x": 643.0, "y": 1289.0}, {"x": 747.0, "y": 1289.0}, {"x": 747.0, "y": 1334.0}, {"x": 643.0, "y": 1334.0}]}, "description": " item"}, {"boundingPoly": {"vertices": [{"x": 734.0, "y": 1344.0}, {"x": 903.0, "y": 1338.0}, {"x": 905.0, "y": 1383.0}, {"x": 736.0, "y": 1389.0}]}, "description": "Rs.7.26"}, {"boundingPoly": {"vertices": [{"x": 855.0, "y": 1395.0}, {"x": 906.0, "y": 1389.0}, {"x": 909.0, "y": 1433.0}, {"x": 859.0, "y": 1437.0}]}, "description": "26"}, {"boundingPoly": {"vertices": [{"x": 754.0, "y": 1291.0}, {"x": 876.0, "y": 1291.0}, {"x": 876.0, "y": 1332.0}, {"x": 754.0, "y": 1332.0}]}, "description": " price"}, {"boundingPoly": {"vertices": [{"x": 7.0, "y": 1361.0}, {"x": 113.0, "y": 1358.0}, {"x": 113.0, "y": 1405.0}, {"x": 8.0, "y": 1409.0}]}, "description": "CGST"}, {"boundingPoly": {"vertices": [{"x": 47.0, "y": 1548.0}, {"x": 167.0, "y": 1541.0}, {"x": 168.0, "y": 1575.0}, {"x": 49.0, "y": 1581.0}]}, "description": "ionep"}, {"boundingPoly": {"vertices": [{"x": 218.0, "y": 1864.0}, {"x": 216.0, "y": 1913.0}, {"x": 204.0, "y": 1913.0}, {"x": 206.0, "y": 1864.0}]}, "description": "---"}, {"boundingPoly": {"vertices": [{"x": 24.0, "y": 2015.0}, {"x": 801.0, "y": 2015.0}, {"x": 801.0, "y": 2088.0}, {"x": 24.0, "y": 2088.0}]}, "description": " Printed on 06 Nov 2019 14:17 PM"}, {"boundingPoly": {"vertices": [{"x": 297.0, "y": 2088.0}, {"x": 426.0, "y": 2088.0}, {"x": 426.0, "y": 2140.0}, {"x": 297.0, "y": 2140.0}]}, "description": " Thank"}, {"boundingPoly": {"vertices": [{"x": 435.0, "y": 2085.0}, {"x": 897.0, "y": 2085.0}, {"x": 897.0, "y": 2138.0}, {"x": 435.0, "y": 2138.0}]}, "description": " You, Visit us again"}, {"boundingPoly": {"vertices": [{"x": 439.0, "y": 2162.0}, {"x": 734.0, "y": 2157.0}, {"x": 735.0, "y": 2192.0}, {"x": 439.0, "y": 2197.0}]}, "description": "X ---- - - - ----- X"}]}