{"textAnnotations": [{"boundingPoly": {"vertices": [{"x": 820.0, "y": 890.0}, {"x": 897.0, "y": 889.0}, {"x": 897.0, "y": 913.0}, {"x": 820.0, "y": 915.0}]}, "description": "merchant name"}, {"boundingPoly": {"vertices": [{"x": 780.0, "y": 910.0}, {"x": 921.0, "y": 910.0}, {"x": 921.0, "y": 949.0}, {"x": 780.0, "y": 950.0}]}, "description": "merchant name"}, {"boundingPoly": {"vertices": [{"x": 794.0, "y": 946.0}, {"x": 925.0, "y": 947.0}, {"x": 925.0, "y": 974.0}, {"x": 794.0, "y": 972.0}]}, "description": "merchant name"}, {"boundingPoly": {"vertices": [{"x": 683.0, "y": 1189.0}, {"x": 868.0, "y": 1189.0}, {"x": 868.0, "y": 1218.0}, {"x": 683.0, "y": 1218.0}]}, "description": " 11/18/2019 9:03 PM"}, {"boundingPoly": {"vertices": [{"x": 576.0, "y": 1258.0}, {"x": 634.0, "y": 1258.0}, {"x": 634.0, "y": 1283.0}, {"x": 576.0, "y": 1283.0}]}, "description": " Check:"}, {"boundingPoly": {"vertices": [{"x": 579.0, "y": 1290.0}, {"x": 629.0, "y": 1290.0}, {"x": 628.0, "y": 1315.0}, {"x": 579.0, "y": 1315.0}]}, "description": "Table"}, {"boundingPoly": {"vertices": [{"x": 574.0, "y": 1325.0}, {"x": 652.0, "y": 1325.0}, {"x": 652.0, "y": 1347.0}, {"x": 574.0, "y": 1347.0}]}, "description": " Server:"}, {"boundingPoly": {"vertices": [{"x": 577.0, "y": 1355.0}, {"x": 678.0, "y": 1355.0}, {"x": 678.0, "y": 1381.0}, {"x": 577.0, "y": 1381.0}]}, "description": " Card Type:"}, {"boundingPoly": {"vertices": [{"x": 572.0, "y": 1389.0}, {"x": 679.0, "y": 1389.0}, {"x": 679.0, "y": 1413.0}, {"x": 572.0, "y": 1413.0}]}, "description": " Acct Num:"}, {"boundingPoly": {"vertices": [{"x": 576.0, "y": 1420.0}, {"x": 680.0, "y": 1420.0}, {"x": 680.0, "y": 1445.0}, {"x": 576.0, "y": 1445.0}]}, "description": " Auth Code:"}, {"boundingPoly": {"vertices": [{"x": 574.0, "y": 1453.0}, {"x": 679.0, "y": 1453.0}, {"x": 679.0, "y": 1480.0}, {"x": 574.0, "y": 1480.0}]}, "description": " Customer:"}, {"boundingPoly": {"vertices": [{"x": 684.0, "y": 1257.0}, {"x": 733.0, "y": 1259.0}, {"x": 731.0, "y": 1281.0}, {"x": 682.0, "y": 1279.0}]}, "description": "26371"}, {"boundingPoly": {"vertices": [{"x": 683.0, "y": 1292.0}, {"x": 718.0, "y": 1290.0}, {"x": 720.0, "y": 1314.0}, {"x": 684.0, "y": 1316.0}]}, "description": "G/4"}, {"boundingPoly": {"vertices": [{"x": 684.0, "y": 1322.0}, {"x": 866.0, "y": 1321.0}, {"x": 866.0, "y": 1346.0}, {"x": 684.0, "y": 1347.0}]}, "description": "1031 Long Hall Bar"}, {"boundingPoly": {"vertices": [{"x": 683.0, "y": 1355.0}, {"x": 732.0, "y": 1355.0}, {"x": 732.0, "y": 1381.0}, {"x": 683.0, "y": 1381.0}]}, "description": " AMEX"}, {"boundingPoly": {"vertices": [{"x": 682.0, "y": 1387.0}, {"x": 837.0, "y": 1387.0}, {"x": 837.0, "y": 1411.0}, {"x": 682.0, "y": 1411.0}]}, "description": " *********** 3007"}, {"boundingPoly": {"vertices": [{"x": 684.0, "y": 1419.0}, {"x": 751.0, "y": 1419.0}, {"x": 751.0, "y": 1445.0}, {"x": 684.0, "y": 1445.0}]}, "description": " 566206"}, {"boundingPoly": {"vertices": [{"x": 574.0, "y": 1518.0}, {"x": 692.0, "y": 1518.0}, {"x": 692.0, "y": 1545.0}, {"x": 574.0, "y": 1545.0}]}, "description": " Amount"}, {"boundingPoly": {"vertices": [{"x": 697.0, "y": 1517.0}, {"x": 715.0, "y": 1517.0}, {"x": 715.0, "y": 1544.0}, {"x": 697.0, "y": 1544.0}]}, "description": " :"}, {"boundingPoly": {"vertices": [{"x": 858.0, "y": 1514.0}, {"x": 977.0, "y": 1513.0}, {"x": 978.0, "y": 1540.0}, {"x": 858.0, "y": 1542.0}]}, "description": "$68.28"}, {"boundingPoly": {"vertices": [{"x": 803.0, "y": 1582.0}, {"x": 830.0, "y": 1582.0}, {"x": 830.0, "y": 1633.0}, {"x": 803.0, "y": 1633.0}]}, "description": " 11."}, {"boundingPoly": {"vertices": [{"x": 840.0, "y": 1582.0}, {"x": 898.0, "y": 1582.0}, {"x": 898.0, "y": 1633.0}, {"x": 840.0, "y": 1633.0}]}, "description": " 70"}, {"boundingPoly": {"vertices": [{"x": 635.0, "y": 1615.0}, {"x": 681.0, "y": 1615.0}, {"x": 681.0, "y": 1641.0}, {"x": 635.0, "y": 1641.0}]}, "description": " Tip:"}, {"boundingPoly": {"vertices": [{"x": 627.0, "y": 1679.0}, {"x": 672.0, "y": 1679.0}, {"x": 672.0, "y": 1707.0}, {"x": 627.0, "y": 1707.0}]}, "description": " Total"}, {"boundingPoly": {"vertices": [{"x": 677.0, "y": 1680.0}, {"x": 704.0, "y": 1680.0}, {"x": 704.0, "y": 1707.0}, {"x": 677.0, "y": 1707.0}]}, "description": " :_"}, {"boundingPoly": {"vertices": [{"x": 610.0, "y": 1745.0}, {"x": 691.0, "y": 1745.0}, {"x": 691.0, "y": 1771.0}, {"x": 610.0, "y": 1771.0}]}, "description": " Signature"}, {"boundingPoly": {"vertices": [{"x": 696.0, "y": 1745.0}, {"x": 714.0, "y": 1745.0}, {"x": 714.0, "y": 1771.0}, {"x": 696.0, "y": 1771.0}]}, "description": " :."}, {"boundingPoly": {"vertices": [{"x": 652.0, "y": 1810.0}, {"x": 902.0, "y": 1807.0}, {"x": 903.0, "y": 1831.0}, {"x": 653.0, "y": 1836.0}]}, "description": "** Gratuity Not Included **"}, {"boundingPoly": {"vertices": [{"x": 663.0, "y": 1842.0}, {"x": 905.0, "y": 1841.0}, {"x": 905.0, "y": 1865.0}, {"x": 663.0, "y": 1867.0}]}, "description": "** Service Pas Compris **"}, {"boundingPoly": {"vertices": [{"x": 661.0, "y": 1875.0}, {"x": 903.0, "y": 1873.0}, {"x": 903.0, "y": 1898.0}, {"x": 661.0, "y": 1901.0}]}, "description": "** Propina No Includa **"}, {"boundingPoly": {"vertices": [{"x": 879.0, "y": 1905.0}, {"x": 893.0, "y": 1905.0}, {"x": 893.0, "y": 1931.0}, {"x": 879.0, "y": 1931.0}]}, "description": " -"}, {"boundingPoly": {"vertices": [{"x": 619.0, "y": 1906.0}, {"x": 875.0, "y": 1906.0}, {"x": 875.0, "y": 1933.0}, {"x": 619.0, "y": 1933.0}]}, "description": " *** Suggested Grauity 18%"}, {"boundingPoly": {"vertices": [{"x": 898.0, "y": 1905.0}, {"x": 932.0, "y": 1905.0}, {"x": 932.0, "y": 1931.0}, {"x": 898.0, "y": 1931.0}]}, "description": " 22%"}]}