{"textAnnotations": [{"boundingPoly": {"vertices": [{"x": 53.0, "y": 22.0}, {"x": 287.0, "y": 23.0}, {"x": 287.0, "y": 43.0}, {"x": 53.0, "y": 41.0}]}, "description": "merchant name"}, {"boundingPoly": {"vertices": [{"x": 109.0, "y": 43.0}, {"x": 239.0, "y": 43.0}, {"x": 239.0, "y": 59.0}, {"x": 109.0, "y": 59.0}]}, "description": "merchant address"}, {"boundingPoly": {"vertices": [{"x": 4.0, "y": 60.0}, {"x": 343.0, "y": 61.0}, {"x": 343.0, "y": 81.0}, {"x": 4.0, "y": 80.0}]}, "description": "merchant address"}, {"boundingPoly": {"vertices": [{"x": 20.0, "y": 95.0}, {"x": 194.0, "y": 95.0}, {"x": 194.0, "y": 113.0}, {"x": 20.0, "y": 113.0}]}, "description": " 10/1/2019 9:59:24 AM"}, {"boundingPoly": {"vertices": [{"x": 27.0, "y": 112.0}, {"x": 170.0, "y": 111.0}, {"x": 170.0, "y": 134.0}, {"x": 27.0, "y": 136.0}]}, "description": "Carry Out"}, {"boundingPoly": {"vertices": [{"x": 38.0, "y": 134.0}, {"x": 136.0, "y": 134.0}, {"x": 136.0, "y": 157.0}, {"x": 38.0, "y": 157.0}]}, "description": " Order:"}, {"boundingPoly": {"vertices": [{"x": 51.0, "y": 167.0}, {"x": 124.0, "y": 167.0}, {"x": 124.0, "y": 178.0}, {"x": 51.0, "y": 178.0}]}, "description": " Register:2"}, {"boundingPoly": {"vertices": [{"x": 57.0, "y": 177.0}, {"x": 103.0, "y": 177.0}, {"x": 103.0, "y": 187.0}, {"x": 57.0, "y": 187.0}]}, "description": " Cashier"}, {"boundingPoly": {"vertices": [{"x": 96.0, "y": 78.0}, {"x": 151.0, "y": 78.0}, {"x": 151.0, "y": 95.0}, {"x": 96.0, "y": 95.0}]}, "description": " Phone:"}, {"boundingPoly": {"vertices": [{"x": 154.0, "y": 78.0}, {"x": 264.0, "y": 78.0}, {"x": 264.0, "y": 95.0}, {"x": 154.0, "y": 95.0}]}, "description": "merchant phone"}, {"boundingPoly": {"vertices": [{"x": 150.0, "y": 133.0}, {"x": 196.0, "y": 133.0}, {"x": 196.0, "y": 155.0}, {"x": 150.0, "y": 155.0}]}, "description": " 778"}, {"boundingPoly": {"vertices": [{"x": 191.0, "y": 166.0}, {"x": 279.0, "y": 166.0}, {"x": 279.0, "y": 179.0}, {"x": 191.0, "y": 179.0}]}, "description": " Tran Seq No:"}, {"boundingPoly": {"vertices": [{"x": 146.0, "y": 187.0}, {"x": 240.0, "y": 187.0}, {"x": 240.0, "y": 201.0}, {"x": 146.0, "y": 201.0}]}, "description": "***** SALE *****"}, {"boundingPoly": {"vertices": [{"x": 288.0, "y": 166.0}, {"x": 332.0, "y": 166.0}, {"x": 332.0, "y": 179.0}, {"x": 288.0, "y": 179.0}]}, "description": " 725778"}, {"boundingPoly": {"vertices": [{"x": 105.0, "y": 177.0}, {"x": 141.0, "y": 177.0}, {"x": 141.0, "y": 188.0}, {"x": 105.0, "y": 188.0}]}, "description": " :Rose"}, {"boundingPoly": {"vertices": [{"x": 66.0, "y": 217.0}, {"x": 66.0, "y": 232.0}, {"x": 59.0, "y": 232.0}, {"x": 59.0, "y": 218.0}]}, "description": "-"}, {"boundingPoly": {"vertices": [{"x": 58.0, "y": 231.0}, {"x": 67.0, "y": 233.0}, {"x": 66.0, "y": 242.0}, {"x": 57.0, "y": 240.0}]}, "description": "1"}, {"boundingPoly": {"vertices": [{"x": 72.0, "y": 216.0}, {"x": 188.0, "y": 216.0}, {"x": 188.0, "y": 231.0}, {"x": 72.0, "y": 230.0}]}, "description": "Ht Latte SM Orig"}, {"boundingPoly": {"vertices": [{"x": 69.0, "y": 231.0}, {"x": 174.0, "y": 231.0}, {"x": 174.0, "y": 245.0}, {"x": 69.0, "y": 244.0}]}, "description": "Multigrn Bagel"}, {"boundingPoly": {"vertices": [{"x": 90.0, "y": 245.0}, {"x": 140.0, "y": 246.0}, {"x": 140.0, "y": 259.0}, {"x": 89.0, "y": 258.0}]}, "description": "Toasted"}, {"boundingPoly": {"vertices": [{"x": 89.0, "y": 259.0}, {"x": 137.0, "y": 261.0}, {"x": 137.0, "y": 274.0}, {"x": 89.0, "y": 273.0}]}, "description": "Butter"}, {"boundingPoly": {"vertices": [{"x": 297.0, "y": 218.0}, {"x": 327.0, "y": 217.0}, {"x": 327.0, "y": 231.0}, {"x": 297.0, "y": 231.0}]}, "description": "3.19"}, {"boundingPoly": {"vertices": [{"x": 298.0, "y": 232.0}, {"x": 327.0, "y": 233.0}, {"x": 327.0, "y": 245.0}, {"x": 298.0, "y": 245.0}]}, "description": "0.99"}, {"boundingPoly": {"vertices": [{"x": 299.0, "y": 260.0}, {"x": 328.0, "y": 260.0}, {"x": 328.0, "y": 274.0}, {"x": 299.0, "y": 274.0}]}, "description": "0.50"}, {"boundingPoly": {"vertices": [{"x": 73.0, "y": 290.0}, {"x": 151.0, "y": 290.0}, {"x": 151.0, "y": 305.0}, {"x": 73.0, "y": 305.0}]}, "description": " Sub. Total:"}, {"boundingPoly": {"vertices": [{"x": 73.0, "y": 307.0}, {"x": 102.0, "y": 307.0}, {"x": 102.0, "y": 320.0}, {"x": 73.0, "y": 320.0}]}, "description": " Tax:"}, {"boundingPoly": {"vertices": [{"x": 74.0, "y": 322.0}, {"x": 115.0, "y": 322.0}, {"x": 115.0, "y": 336.0}, {"x": 74.0, "y": 336.0}]}, "description": " Total:"}, {"boundingPoly": {"vertices": [{"x": 73.0, "y": 336.0}, {"x": 179.0, "y": 336.0}, {"x": 179.0, "y": 352.0}, {"x": 73.0, "y": 352.0}]}, "description": " Discount Total:"}, {"boundingPoly": {"vertices": [{"x": 293.0, "y": 291.0}, {"x": 329.0, "y": 290.0}, {"x": 330.0, "y": 303.0}, {"x": 293.0, "y": 303.0}]}, "description": "$4.68"}, {"boundingPoly": {"vertices": [{"x": 295.0, "y": 305.0}, {"x": 330.0, "y": 305.0}, {"x": 330.0, "y": 319.0}, {"x": 295.0, "y": 319.0}]}, "description": "$0.32"}, {"boundingPoly": {"vertices": [{"x": 295.0, "y": 321.0}, {"x": 330.0, "y": 321.0}, {"x": 330.0, "y": 334.0}, {"x": 295.0, "y": 334.0}]}, "description": "$5.00"}, {"boundingPoly": {"vertices": [{"x": 295.0, "y": 337.0}, {"x": 330.0, "y": 337.0}, {"x": 330.0, "y": 350.0}, {"x": 295.0, "y": 350.0}]}, "description": "$0.00"}, {"boundingPoly": {"vertices": [{"x": 74.0, "y": 367.0}, {"x": 120.0, "y": 368.0}, {"x": 119.0, "y": 382.0}, {"x": 74.0, "y": 381.0}]}, "description": "Change"}, {"boundingPoly": {"vertices": [{"x": 77.0, "y": 384.0}, {"x": 111.0, "y": 384.0}, {"x": 111.0, "y": 396.0}, {"x": 77.0, "y": 396.0}]}, "description": " Amex:"}, {"boundingPoly": {"vertices": [{"x": 294.0, "y": 367.0}, {"x": 329.0, "y": 366.0}, {"x": 330.0, "y": 380.0}, {"x": 294.0, "y": 380.0}]}, "description": "$0.00"}, {"boundingPoly": {"vertices": [{"x": 294.0, "y": 382.0}, {"x": 329.0, "y": 382.0}, {"x": 329.0, "y": 394.0}, {"x": 294.0, "y": 394.0}]}, "description": "$5.00"}, {"boundingPoly": {"vertices": [{"x": 63.0, "y": 421.0}, {"x": 91.0, "y": 422.0}, {"x": 91.0, "y": 432.0}, {"x": 63.0, "y": 432.0}]}, "description": "AMEX"}, {"boundingPoly": {"vertices": [{"x": 63.0, "y": 434.0}, {"x": 119.0, "y": 434.0}, {"x": 119.0, "y": 449.0}, {"x": 63.0, "y": 449.0}]}, "description": " Card Num"}, {"boundingPoly": {"vertices": [{"x": 62.0, "y": 450.0}, {"x": 118.0, "y": 450.0}, {"x": 118.0, "y": 464.0}, {"x": 62.0, "y": 464.0}]}, "description": " Terminal"}, {"boundingPoly": {"vertices": [{"x": 60.0, "y": 465.0}, {"x": 118.0, "y": 465.0}, {"x": 118.0, "y": 479.0}, {"x": 60.0, "y": 479.0}]}, "description": " Approval"}, {"boundingPoly": {"vertices": [{"x": 85.0, "y": 480.0}, {"x": 209.0, "y": 480.0}, {"x": 209.0, "y": 495.0}, {"x": 85.0, "y": 495.0}]}, "description": " : A000000025010801"}, {"boundingPoly": {"vertices": [{"x": 84.0, "y": 497.0}, {"x": 168.0, "y": 497.0}, {"x": 168.0, "y": 511.0}, {"x": 84.0, "y": 511.0}]}, "description": " : 0000001000"}, {"boundingPoly": {"vertices": [{"x": 82.0, "y": 512.0}, {"x": 195.0, "y": 512.0}, {"x": 195.0, "y": 528.0}, {"x": 82.0, "y": 528.0}]}, "description": " : 06480103A02002"}, {"boundingPoly": {"vertices": [{"x": 82.0, "y": 529.0}, {"x": 126.0, "y": 529.0}, {"x": 126.0, "y": 544.0}, {"x": 82.0, "y": 544.0}]}, "description": " : E800"}, {"boundingPoly": {"vertices": [{"x": 75.0, "y": 545.0}, {"x": 105.0, "y": 545.0}, {"x": 105.0, "y": 560.0}, {"x": 75.0, "y": 560.0}]}, "description": " : Y3"}, {"boundingPoly": {"vertices": [{"x": 75.0, "y": 560.0}, {"x": 133.0, "y": 560.0}, {"x": 133.0, "y": 574.0}, {"x": 75.0, "y": 574.0}]}, "description": " : E028C8"}, {"boundingPoly": {"vertices": [{"x": 122.0, "y": 432.0}, {"x": 236.0, "y": 432.0}, {"x": 236.0, "y": 448.0}, {"x": 122.0, "y": 448.0}]}, "description": " : *********** 1002"}, {"boundingPoly": {"vertices": [{"x": 121.0, "y": 450.0}, {"x": 144.0, "y": 450.0}, {"x": 144.0, "y": 464.0}, {"x": 121.0, "y": 464.0}]}, "description": " : 2"}, {"boundingPoly": {"vertices": [{"x": 120.0, "y": 464.0}, {"x": 176.0, "y": 464.0}, {"x": 176.0, "y": 479.0}, {"x": 120.0, "y": 479.0}]}, "description": " : 838387"}, {"boundingPoly": {"vertices": [{"x": 58.0, "y": 481.0}, {"x": 82.0, "y": 481.0}, {"x": 82.0, "y": 495.0}, {"x": 58.0, "y": 495.0}]}, "description": " AID"}, {"boundingPoly": {"vertices": [{"x": 57.0, "y": 497.0}, {"x": 81.0, "y": 497.0}, {"x": 81.0, "y": 511.0}, {"x": 57.0, "y": 511.0}]}, "description": " TVR"}, {"boundingPoly": {"vertices": [{"x": 57.0, "y": 513.0}, {"x": 80.0, "y": 513.0}, {"x": 80.0, "y": 528.0}, {"x": 57.0, "y": 528.0}]}, "description": " IAD"}, {"boundingPoly": {"vertices": [{"x": 55.0, "y": 530.0}, {"x": 79.0, "y": 530.0}, {"x": 79.0, "y": 544.0}, {"x": 55.0, "y": 544.0}]}, "description": " TSI"}, {"boundingPoly": {"vertices": [{"x": 55.0, "y": 546.0}, {"x": 73.0, "y": 546.0}, {"x": 73.0, "y": 560.0}, {"x": 55.0, "y": 560.0}]}, "description": " AR"}, {"boundingPoly": {"vertices": [{"x": 56.0, "y": 560.0}, {"x": 73.0, "y": 560.0}, {"x": 73.0, "y": 574.0}, {"x": 56.0, "y": 574.0}]}, "description": " TC"}, {"boundingPoly": {"vertices": [{"x": 56.0, "y": 588.0}, {"x": 119.0, "y": 589.0}, {"x": 119.0, "y": 603.0}, {"x": 56.0, "y": 602.0}]}, "description": "USD$ 5.00"}]}