{"textAnnotations": [{"boundingPoly": {"vertices": [{"x": 13.0, "y": 25.0}, {"x": 48.0, "y": 33.0}, {"x": 46.0, "y": 45.0}, {"x": 10.0, "y": 36.0}]}, "description": "0771"}, {"boundingPoly": {"vertices": [{"x": 46.0, "y": 45.0}, {"x": 122.0, "y": 45.0}, {"x": 122.0, "y": 61.0}, {"x": 46.0, "y": 61.0}]}, "description": " CHRISTINA H ($50)"}, {"boundingPoly": {"vertices": [{"x": 14.0, "y": 72.0}, {"x": 123.0, "y": 78.0}, {"x": 122.0, "y": 94.0}, {"x": 13.0, "y": 89.0}]}, "description": "merchant name"}, {"boundingPoly": {"vertices": [{"x": 13.0, "y": 96.0}, {"x": 91.0, "y": 105.0}, {"x": 89.0, "y": 116.0}, {"x": 12.0, "y": 108.0}]}, "description": "merchant address"}, {"boundingPoly": {"vertices": [{"x": 12.0, "y": 38.0}, {"x": 45.0, "y": 38.0}, {"x": 45.0, "y": 58.0}, {"x": 12.0, "y": 58.0}]}, "description": " Server:"}, {"boundingPoly": {"vertices": [{"x": 152.0, "y": 30.0}, {"x": 187.0, "y": 30.0}, {"x": 187.0, "y": 47.0}, {"x": 152.0, "y": 47.0}]}, "description": " Rec:601"}, {"boundingPoly": {"vertices": [{"x": 12.0, "y": 49.0}, {"x": 77.0, "y": 49.0}, {"x": 77.0, "y": 72.0}, {"x": 12.0, "y": 72.0}]}, "description": " 11/17/19 19:21"}, {"boundingPoly": {"vertices": [{"x": 119.0, "y": 52.0}, {"x": 130.0, "y": 52.0}, {"x": 130.0, "y": 66.0}, {"x": 119.0, "y": 66.0}]}, "description": " 1:"}, {"boundingPoly": {"vertices": [{"x": 131.0, "y": 44.0}, {"x": 174.0, "y": 44.0}, {"x": 174.0, "y": 64.0}, {"x": 131.0, "y": 64.0}]}, "description": " 106 Term:"}, {"boundingPoly": {"vertices": [{"x": 174.0, "y": 41.0}, {"x": 188.0, "y": 41.0}, {"x": 188.0, "y": 55.0}, {"x": 174.0, "y": 55.0}]}, "description": " 12"}, {"boundingPoly": {"vertices": [{"x": 12.0, "y": 83.0}, {"x": 112.0, "y": 93.0}, {"x": 111.0, "y": 106.0}, {"x": 12.0, "y": 98.0}]}, "description": "merchant address"}, {"boundingPoly": {"vertices": [{"x": 14.0, "y": 107.0}, {"x": 74.0, "y": 115.0}, {"x": 73.0, "y": 126.0}, {"x": 13.0, "y": 118.0}]}, "description": "merchant phone"}, {"boundingPoly": {"vertices": [{"x": 14.0, "y": 154.0}, {"x": 55.0, "y": 154.0}, {"x": 55.0, "y": 169.0}, {"x": 14.0, "y": 169.0}]}, "description": " MERCH ID:"}, {"boundingPoly": {"vertices": [{"x": 15.0, "y": 177.0}, {"x": 88.0, "y": 177.0}, {"x": 88.0, "y": 193.0}, {"x": 15.0, "y": 193.0}]}, "description": " *********** 1007"}, {"boundingPoly": {"vertices": [{"x": 15.0, "y": 199.0}, {"x": 39.0, "y": 199.0}, {"x": 39.0, "y": 212.0}, {"x": 15.0, "y": 212.0}]}, "description": " AUTH:"}, {"boundingPoly": {"vertices": [{"x": 15.0, "y": 211.0}, {"x": 44.0, "y": 211.0}, {"x": 44.0, "y": 223.0}, {"x": 15.0, "y": 223.0}]}, "description": " ENTRY:"}, {"boundingPoly": {"vertices": [{"x": 57.0, "y": 157.0}, {"x": 113.0, "y": 157.0}, {"x": 113.0, "y": 169.0}, {"x": 57.0, "y": 169.0}]}, "description": " 372460652889"}, {"boundingPoly": {"vertices": [{"x": 115.0, "y": 157.0}, {"x": 134.0, "y": 157.0}, {"x": 134.0, "y": 169.0}, {"x": 115.0, "y": 169.0}]}, "description": " : 12"}, {"boundingPoly": {"vertices": [{"x": 14.0, "y": 165.0}, {"x": 97.0, "y": 171.0}, {"x": 96.0, "y": 182.0}, {"x": 14.0, "y": 176.0}]}, "description": "PURCHASE USD$44.52"}, {"boundingPoly": {"vertices": [{"x": 89.0, "y": 182.0}, {"x": 111.0, "y": 182.0}, {"x": 111.0, "y": 194.0}, {"x": 89.0, "y": 194.0}]}, "description": " AmEx"}, {"boundingPoly": {"vertices": [{"x": 41.0, "y": 201.0}, {"x": 130.0, "y": 201.0}, {"x": 130.0, "y": 216.0}, {"x": 41.0, "y": 216.0}]}, "description": " 824725 Approved 000"}, {"boundingPoly": {"vertices": [{"x": 15.0, "y": 220.0}, {"x": 169.0, "y": 219.0}, {"x": 169.0, "y": 235.0}, {"x": 15.0, "y": 236.0}]}, "description": "AMERICAN EXPRESS - A000000025010801"}, {"boundingPoly": {"vertices": [{"x": 16.0, "y": 246.0}, {"x": 42.0, "y": 246.0}, {"x": 42.0, "y": 257.0}, {"x": 16.0, "y": 257.0}]}, "description": " Mode:"}, {"boundingPoly": {"vertices": [{"x": 18.0, "y": 257.0}, {"x": 37.0, "y": 257.0}, {"x": 37.0, "y": 268.0}, {"x": 18.0, "y": 268.0}]}, "description": " TVR:"}, {"boundingPoly": {"vertices": [{"x": 19.0, "y": 269.0}, {"x": 37.0, "y": 269.0}, {"x": 37.0, "y": 280.0}, {"x": 19.0, "y": 280.0}]}, "description": " IAD:"}, {"boundingPoly": {"vertices": [{"x": 19.0, "y": 280.0}, {"x": 38.0, "y": 280.0}, {"x": 38.0, "y": 291.0}, {"x": 19.0, "y": 291.0}]}, "description": " TSI:"}, {"boundingPoly": {"vertices": [{"x": 17.0, "y": 292.0}, {"x": 38.0, "y": 292.0}, {"x": 38.0, "y": 302.0}, {"x": 17.0, "y": 302.0}]}, "description": " ARC:"}, {"boundingPoly": {"vertices": [{"x": 18.0, "y": 304.0}, {"x": 190.0, "y": 300.0}, {"x": 190.0, "y": 309.0}, {"x": 18.0, "y": 313.0}]}, "description": "***************************************"}, {"boundingPoly": {"vertices": [{"x": 15.0, "y": 188.0}, {"x": 101.0, "y": 188.0}, {"x": 101.0, "y": 205.0}, {"x": 15.0, "y": 205.0}]}, "description": " 11/17/2019 7:21 PM"}, {"boundingPoly": {"vertices": [{"x": 46.0, "y": 212.0}, {"x": 90.0, "y": 212.0}, {"x": 90.0, "y": 225.0}, {"x": 46.0, "y": 225.0}]}, "description": " CHIP READ"}, {"boundingPoly": {"vertices": [{"x": 16.0, "y": 233.0}, {"x": 112.0, "y": 236.0}, {"x": 112.0, "y": 248.0}, {"x": 16.0, "y": 245.0}]}, "description": "IC - 9F12060508255809"}, {"boundingPoly": {"vertices": [{"x": 44.0, "y": 247.0}, {"x": 76.0, "y": 247.0}, {"x": 76.0, "y": 259.0}, {"x": 44.0, "y": 259.0}]}, "description": " Issuer"}, {"boundingPoly": {"vertices": [{"x": 38.0, "y": 257.0}, {"x": 87.0, "y": 257.0}, {"x": 87.0, "y": 269.0}, {"x": 38.0, "y": 269.0}]}, "description": " 0000008000"}, {"boundingPoly": {"vertices": [{"x": 39.0, "y": 269.0}, {"x": 105.0, "y": 269.0}, {"x": 105.0, "y": 281.0}, {"x": 39.0, "y": 281.0}]}, "description": " 065A0103602002"}, {"boundingPoly": {"vertices": [{"x": 40.0, "y": 281.0}, {"x": 61.0, "y": 281.0}, {"x": 61.0, "y": 292.0}, {"x": 40.0, "y": 292.0}]}, "description": " E800"}, {"boundingPoly": {"vertices": [{"x": 40.0, "y": 292.0}, {"x": 52.0, "y": 292.0}, {"x": 52.0, "y": 303.0}, {"x": 40.0, "y": 303.0}]}, "description": " 00"}, {"boundingPoly": {"vertices": [{"x": 20.0, "y": 335.0}, {"x": 63.0, "y": 335.0}, {"x": 63.0, "y": 348.0}, {"x": 20.0, "y": 348.0}]}, "description": " CHECK"}, {"boundingPoly": {"vertices": [{"x": 19.0, "y": 359.0}, {"x": 115.0, "y": 355.0}, {"x": 116.0, "y": 366.0}, {"x": 19.0, "y": 371.0}]}, "description": "Gratuity Not Included"}, {"boundingPoly": {"vertices": [{"x": 95.0, "y": 378.0}, {"x": 116.0, "y": 378.0}, {"x": 116.0, "y": 388.0}, {"x": 96.0, "y": 388.0}]}, "description": "9.79"}, {"boundingPoly": {"vertices": [{"x": 95.0, "y": 389.0}, {"x": 116.0, "y": 388.0}, {"x": 116.0, "y": 399.0}, {"x": 96.0, "y": 399.0}]}, "description": "8.90"}, {"boundingPoly": {"vertices": [{"x": 96.0, "y": 399.0}, {"x": 116.0, "y": 399.0}, {"x": 116.0, "y": 409.0}, {"x": 96.0, "y": 409.0}]}, "description": "8.01"}, {"boundingPoly": {"vertices": [{"x": 96.0, "y": 410.0}, {"x": 116.0, "y": 410.0}, {"x": 116.0, "y": 421.0}, {"x": 96.0, "y": 421.0}]}, "description": "6.68"}, {"boundingPoly": {"vertices": [{"x": 66.0, "y": 335.0}, {"x": 72.0, "y": 335.0}, {"x": 72.0, "y": 347.0}, {"x": 66.0, "y": 347.0}]}, "description": " :"}, {"boundingPoly": {"vertices": [{"x": 151.0, "y": 331.0}, {"x": 194.0, "y": 331.0}, {"x": 194.0, "y": 343.0}, {"x": 151.0, "y": 343.0}]}, "description": "44.52"}, {"boundingPoly": {"vertices": [{"x": 20.0, "y": 367.0}, {"x": 107.0, "y": 367.0}, {"x": 107.0, "y": 383.0}, {"x": 20.0, "y": 383.0}]}, "description": " Suggested Gratuity:"}, {"boundingPoly": {"vertices": [{"x": 54.0, "y": 380.0}, {"x": 73.0, "y": 381.0}, {"x": 72.0, "y": 391.0}, {"x": 54.0, "y": 391.0}]}, "description": "22%"}, {"boundingPoly": {"vertices": [{"x": 55.0, "y": 391.0}, {"x": 71.0, "y": 390.0}, {"x": 71.0, "y": 401.0}, {"x": 55.0, "y": 402.0}]}, "description": "20%"}, {"boundingPoly": {"vertices": [{"x": 139.0, "y": 417.0}, {"x": 204.0, "y": 419.0}, {"x": 203.0, "y": 443.0}, {"x": 138.0, "y": 440.0}]}, "description": "8 .90"}, {"boundingPoly": {"vertices": [{"x": 131.0, "y": 442.0}, {"x": 209.0, "y": 444.0}, {"x": 208.0, "y": 466.0}, {"x": 130.0, "y": 463.0}]}, "description": "53. 42"}, {"boundingPoly": {"vertices": [{"x": 22.0, "y": 437.0}, {"x": 49.0, "y": 437.0}, {"x": 49.0, "y": 451.0}, {"x": 22.0, "y": 451.0}]}, "description": " TIP"}, {"boundingPoly": {"vertices": [{"x": 22.0, "y": 458.0}, {"x": 67.0, "y": 458.0}, {"x": 67.0, "y": 475.0}, {"x": 22.0, "y": 475.0}]}, "description": " TOTAL"}, {"boundingPoly": {"vertices": [{"x": 23.0, "y": 491.0}, {"x": 200.0, "y": 484.0}, {"x": 201.0, "y": 497.0}, {"x": 24.0, "y": 508.0}]}, "description": "-- PLEASE LEAVE SIGNED COPY FOR SERVER !--"}, {"boundingPoly": {"vertices": [{"x": 40.0, "y": 507.0}, {"x": 197.0, "y": 507.0}, {"x": 197.0, "y": 530.0}, {"x": 40.0, "y": 530.0}]}, "description": " We'd love to hear about your visit:"}, {"boundingPoly": {"vertices": [{"x": 55.0, "y": 528.0}, {"x": 191.0, "y": 528.0}, {"x": 191.0, "y": 550.0}, {"x": 55.0, "y": 550.0}]}, "description": " Enter this code within 5 days:"}, {"boundingPoly": {"vertices": [{"x": 69.0, "y": 566.0}, {"x": 159.0, "y": 558.0}, {"x": 161.0, "y": 572.0}, {"x": 70.0, "y": 581.0}]}, "description": "Guest Copy"}, {"boundingPoly": {"vertices": [{"x": 50.0, "y": 437.0}, {"x": 58.0, "y": 437.0}, {"x": 58.0, "y": 449.0}, {"x": 50.0, "y": 449.0}]}, "description": " :"}, {"boundingPoly": {"vertices": [{"x": 69.0, "y": 457.0}, {"x": 77.0, "y": 457.0}, {"x": 77.0, "y": 470.0}, {"x": 69.0, "y": 470.0}]}, "description": " :"}, {"boundingPoly": {"vertices": [{"x": 40.0, "y": 525.0}, {"x": 193.0, "y": 517.0}, {"x": 194.0, "y": 530.0}, {"x": 41.0, "y": 541.0}]}, "description": "www.ccfsurvey.com"}, {"boundingPoly": {"vertices": [{"x": 86.0, "y": 542.0}, {"x": 162.0, "y": 536.0}, {"x": 163.0, "y": 549.0}, {"x": 86.0, "y": 556.0}]}, "description": "7097-70111-12017"}, {"boundingPoly": {"vertices": [{"x": 45.0, "y": 588.0}, {"x": 176.0, "y": 575.0}, {"x": 178.0, "y": 602.0}, {"x": 47.0, "y": 614.0}]}, "description": "Self Traveling"}]}