{"textAnnotations": [{"boundingPoly": {"vertices": [{"x": 567.0, "y": 120.0}, {"x": 1125.0, "y": 117.0}, {"x": 1125.0, "y": 178.0}, {"x": 567.0, "y": 181.0}]}, "description": "merchant name"}, {"boundingPoly": {"vertices": [{"x": 694.0, "y": 205.0}, {"x": 994.0, "y": 205.0}, {"x": 994.0, "y": 264.0}, {"x": 694.0, "y": 264.0}]}, "description": "merchant address"}, {"boundingPoly": {"vertices": [{"x": 397.0, "y": 361.0}, {"x": 647.0, "y": 361.0}, {"x": 647.0, "y": 420.0}, {"x": 397.0, "y": 420.0}]}, "description": " MERCHANT ID:"}, {"boundingPoly": {"vertices": [{"x": 399.0, "y": 444.0}, {"x": 651.0, "y": 444.0}, {"x": 651.0, "y": 504.0}, {"x": 399.0, "y": 504.0}]}, "description": " TERMINAL ID:"}, {"boundingPoly": {"vertices": [{"x": 407.0, "y": 521.0}, {"x": 520.0, "y": 521.0}, {"x": 520.0, "y": 596.0}, {"x": 407.0, "y": 596.0}]}, "description": " DATE:"}, {"boundingPoly": {"vertices": [{"x": 407.0, "y": 611.0}, {"x": 550.0, "y": 611.0}, {"x": 550.0, "y": 669.0}, {"x": 407.0, "y": 669.0}]}, "description": " BATCH:"}, {"boundingPoly": {"vertices": [{"x": 401.0, "y": 693.0}, {"x": 488.0, "y": 693.0}, {"x": 488.0, "y": 750.0}, {"x": 401.0, "y": 750.0}]}, "description": " RRN:"}, {"boundingPoly": {"vertices": [{"x": 411.0, "y": 773.0}, {"x": 749.0, "y": 773.0}, {"x": 749.0, "y": 829.0}, {"x": 411.0, "y": 830.0}]}, "description": "AMERICAN EXPRESS"}, {"boundingPoly": {"vertices": [{"x": 577.0, "y": 855.0}, {"x": 901.0, "y": 851.0}, {"x": 902.0, "y": 908.0}, {"x": 577.0, "y": 911.0}]}, "description": "A000000025010801"}, {"boundingPoly": {"vertices": [{"x": 412.0, "y": 935.0}, {"x": 725.0, "y": 935.0}, {"x": 724.0, "y": 989.0}, {"x": 411.0, "y": 980.0}]}, "description": "*********** 2004"}, {"boundingPoly": {"vertices": [{"x": 1061.0, "y": 367.0}, {"x": 1273.0, "y": 367.0}, {"x": 1271.0, "y": 423.0}, {"x": 1060.0, "y": 414.0}]}, "description": "****** 9161"}, {"boundingPoly": {"vertices": [{"x": 1016.0, "y": 447.0}, {"x": 1276.0, "y": 449.0}, {"x": 1273.0, "y": 504.0}, {"x": 1014.0, "y": 493.0}]}, "description": "******** 6906"}, {"boundingPoly": {"vertices": [{"x": 1164.0, "y": 527.0}, {"x": 1272.0, "y": 527.0}, {"x": 1272.0, "y": 584.0}, {"x": 1164.0, "y": 584.0}]}, "description": " 13:16"}, {"boundingPoly": {"vertices": [{"x": 1137.0, "y": 608.0}, {"x": 1272.0, "y": 610.0}, {"x": 1269.0, "y": 669.0}, {"x": 1136.0, "y": 668.0}]}, "description": "009547"}, {"boundingPoly": {"vertices": [{"x": 1123.0, "y": 692.0}, {"x": 1272.0, "y": 693.0}, {"x": 1271.0, "y": 749.0}, {"x": 1122.0, "y": 747.0}]}, "description": "806298"}, {"boundingPoly": {"vertices": [{"x": 1178.0, "y": 777.0}, {"x": 1268.0, "y": 776.0}, {"x": 1267.0, "y": 830.0}, {"x": 1176.0, "y": 830.0}]}, "description": "SALE"}, {"boundingPoly": {"vertices": [{"x": 535.0, "y": 526.0}, {"x": 783.0, "y": 527.0}, {"x": 783.0, "y": 585.0}, {"x": 535.0, "y": 585.0}]}, "description": "27/11/2019"}, {"boundingPoly": {"vertices": [{"x": 562.0, "y": 610.0}, {"x": 783.0, "y": 610.0}, {"x": 783.0, "y": 669.0}, {"x": 562.0, "y": 669.0}]}, "description": " 000464-005"}, {"boundingPoly": {"vertices": [{"x": 572.0, "y": 692.0}, {"x": 825.0, "y": 691.0}, {"x": 825.0, "y": 748.0}, {"x": 572.0, "y": 749.0}]}, "description": "180000167820"}, {"boundingPoly": {"vertices": [{"x": 887.0, "y": 526.0}, {"x": 986.0, "y": 526.0}, {"x": 986.0, "y": 584.0}, {"x": 887.0, "y": 584.0}]}, "description": " TIME:"}, {"boundingPoly": {"vertices": [{"x": 889.0, "y": 607.0}, {"x": 1049.0, "y": 607.0}, {"x": 1049.0, "y": 667.0}, {"x": 889.0, "y": 667.0}]}, "description": " INVOICE:"}, {"boundingPoly": {"vertices": [{"x": 892.0, "y": 692.0}, {"x": 1036.0, "y": 692.0}, {"x": 1036.0, "y": 749.0}, {"x": 892.0, "y": 749.0}]}, "description": " AUTH NO."}, {"boundingPoly": {"vertices": [{"x": 1047.0, "y": 692.0}, {"x": 1091.0, "y": 692.0}, {"x": 1091.0, "y": 748.0}, {"x": 1047.0, "y": 748.0}]}, "description": " :"}, {"boundingPoly": {"vertices": [{"x": 412.0, "y": 862.0}, {"x": 482.0, "y": 856.0}, {"x": 480.0, "y": 912.0}, {"x": 412.0, "y": 912.0}]}, "description": "AID"}, {"boundingPoly": {"vertices": [{"x": 416.0, "y": 1075.0}, {"x": 646.0, "y": 1071.0}, {"x": 648.0, "y": 1127.0}, {"x": 417.0, "y": 1133.0}]}, "description": "CONTACTLESS"}, {"boundingPoly": {"vertices": [{"x": 688.0, "y": 1368.0}, {"x": 1009.0, "y": 1363.0}, {"x": 1010.0, "y": 1422.0}, {"x": 688.0, "y": 1426.0}]}, "description": "AMERICAN EXPRESS"}, {"boundingPoly": {"vertices": [{"x": 414.0, "y": 1520.0}, {"x": 819.0, "y": 1508.0}, {"x": 820.0, "y": 1565.0}, {"x": 416.0, "y": 1577.0}]}, "description": "SALE AMOUNT"}, {"boundingPoly": {"vertices": [{"x": 1098.0, "y": 1517.0}, {"x": 1291.0, "y": 1526.0}, {"x": 1288.0, "y": 1583.0}, {"x": 1096.0, "y": 1574.0}]}, "description": "\u20ac3.00"}, {"boundingPoly": {"vertices": [{"x": 455.0, "y": 1667.0}, {"x": 483.0, "y": 1667.0}, {"x": 483.0, "y": 1728.0}, {"x": 455.0, "y": 1728.0}]}, "description": " I"}, {"boundingPoly": {"vertices": [{"x": 493.0, "y": 1651.0}, {"x": 1219.0, "y": 1651.0}, {"x": 1219.0, "y": 1730.0}, {"x": 493.0, "y": 1730.0}]}, "description": " agree to pay the above final amount"}, {"boundingPoly": {"vertices": [{"x": 467.0, "y": 1722.0}, {"x": 1233.0, "y": 1731.0}, {"x": 1232.0, "y": 1812.0}, {"x": 466.0, "y": 1796.0}]}, "description": "According to the card/merchants issuer"}, {"boundingPoly": {"vertices": [{"x": 771.0, "y": 1802.0}, {"x": 960.0, "y": 1795.0}, {"x": 962.0, "y": 1852.0}, {"x": 771.0, "y": 1856.0}]}, "description": "agreement"}, {"boundingPoly": {"vertices": [{"x": 622.0, "y": 1907.0}, {"x": 1067.0, "y": 1957.0}, {"x": 1058.0, "y": 2038.0}, {"x": 614.0, "y": 1983.0}]}, "description": "CUSTOMER COPY"}, {"boundingPoly": {"vertices": [{"x": 514.0, "y": 2045.0}, {"x": 833.0, "y": 2045.0}, {"x": 833.0, "y": 2152.0}, {"x": 514.0, "y": 2152.0}]}, "description": " OB37FC64DA8EB937"}, {"boundingPoly": {"vertices": [{"x": 426.0, "y": 2044.0}, {"x": 506.0, "y": 2044.0}, {"x": 506.0, "y": 2103.0}, {"x": 426.0, "y": 2103.0}]}, "description": " TC:"}]}