{"textAnnotations": [{"boundingPoly": {"vertices": [{"x": 430.0, "y": 336.0}, {"x": 964.0, "y": 337.0}, {"x": 964.0, "y": 393.0}, {"x": 430.0, "y": 392.0}]}, "description": "merchant name"}, {"boundingPoly": {"vertices": [{"x": 529.0, "y": 403.0}, {"x": 869.0, "y": 403.0}, {"x": 869.0, "y": 458.0}, {"x": 529.0, "y": 458.0}]}, "description": "merchant address"}, {"boundingPoly": {"vertices": [{"x": 328.0, "y": 461.0}, {"x": 1067.0, "y": 463.0}, {"x": 1067.0, "y": 524.0}, {"x": 328.0, "y": 521.0}]}, "description": "merchant address"}, {"boundingPoly": {"vertices": [{"x": 484.0, "y": 531.0}, {"x": 916.0, "y": 528.0}, {"x": 917.0, "y": 582.0}, {"x": 484.0, "y": 584.0}]}, "description": "merchant address"}, {"boundingPoly": {"vertices": [{"x": 556.0, "y": 595.0}, {"x": 869.0, "y": 593.0}, {"x": 870.0, "y": 645.0}, {"x": 556.0, "y": 647.0}]}, "description": "merchant phone"}, {"boundingPoly": {"vertices": [{"x": 333.0, "y": 652.0}, {"x": 1067.0, "y": 655.0}, {"x": 1066.0, "y": 710.0}, {"x": 333.0, "y": 708.0}]}, "description": "BISTRO eat drink connect"}, {"boundingPoly": {"vertices": [{"x": 514.0, "y": 717.0}, {"x": 924.0, "y": 717.0}, {"x": 924.0, "y": 773.0}, {"x": 514.0, "y": 773.0}]}, "description": " 7 Nov'19 6:12 AM"}, {"boundingPoly": {"vertices": [{"x": 209.0, "y": 838.0}, {"x": 324.0, "y": 838.0}, {"x": 324.0, "y": 893.0}, {"x": 209.0, "y": 893.0}]}, "description": " Check"}, {"boundingPoly": {"vertices": [{"x": 212.0, "y": 901.0}, {"x": 367.0, "y": 901.0}, {"x": 367.0, "y": 954.0}, {"x": 212.0, "y": 954.0}]}, "description": " Table:"}, {"boundingPoly": {"vertices": [{"x": 213.0, "y": 967.0}, {"x": 357.0, "y": 967.0}, {"x": 357.0, "y": 1018.0}, {"x": 213.0, "y": 1018.0}]}, "description": " Server"}, {"boundingPoly": {"vertices": [{"x": 210.0, "y": 1026.0}, {"x": 476.0, "y": 1026.0}, {"x": 476.0, "y": 1080.0}, {"x": 210.0, "y": 1080.0}]}, "description": " Card Type:"}, {"boundingPoly": {"vertices": [{"x": 218.0, "y": 1089.0}, {"x": 469.0, "y": 1089.0}, {"x": 469.0, "y": 1142.0}, {"x": 218.0, "y": 1142.0}]}, "description": " Acct Num:"}, {"boundingPoly": {"vertices": [{"x": 216.0, "y": 1150.0}, {"x": 477.0, "y": 1150.0}, {"x": 477.0, "y": 1206.0}, {"x": 216.0, "y": 1206.0}]}, "description": " Auth Code:"}, {"boundingPoly": {"vertices": [{"x": 213.0, "y": 1212.0}, {"x": 467.0, "y": 1212.0}, {"x": 467.0, "y": 1266.0}, {"x": 213.0, "y": 1266.0}]}, "description": " Customer:"}, {"boundingPoly": {"vertices": [{"x": 334.0, "y": 839.0}, {"x": 364.0, "y": 839.0}, {"x": 364.0, "y": 893.0}, {"x": 334.0, "y": 893.0}]}, "description": " :"}, {"boundingPoly": {"vertices": [{"x": 490.0, "y": 840.0}, {"x": 693.0, "y": 840.0}, {"x": 693.0, "y": 891.0}, {"x": 490.0, "y": 892.0}]}, "description": "CHK 5109"}, {"boundingPoly": {"vertices": [{"x": 491.0, "y": 902.0}, {"x": 574.0, "y": 902.0}, {"x": 574.0, "y": 956.0}, {"x": 491.0, "y": 955.0}]}, "description": "8/2"}, {"boundingPoly": {"vertices": [{"x": 492.0, "y": 963.0}, {"x": 869.0, "y": 963.0}, {"x": 869.0, "y": 1016.0}, {"x": 492.0, "y": 1016.0}]}, "description": "58949 Guadalupe"}, {"boundingPoly": {"vertices": [{"x": 486.0, "y": 1023.0}, {"x": 892.0, "y": 1023.0}, {"x": 892.0, "y": 1080.0}, {"x": 486.0, "y": 1080.0}]}, "description": " AMERICAN EXPRESS"}, {"boundingPoly": {"vertices": [{"x": 492.0, "y": 1086.0}, {"x": 871.0, "y": 1086.0}, {"x": 871.0, "y": 1136.0}, {"x": 492.0, "y": 1136.0}]}, "description": " *********** 1005"}, {"boundingPoly": {"vertices": [{"x": 486.0, "y": 1148.0}, {"x": 646.0, "y": 1148.0}, {"x": 646.0, "y": 1201.0}, {"x": 486.0, "y": 1201.0}]}, "description": " 578654"}, {"boundingPoly": {"vertices": [{"x": 365.0, "y": 971.0}, {"x": 394.0, "y": 971.0}, {"x": 394.0, "y": 1017.0}, {"x": 365.0, "y": 1017.0}]}, "description": " :"}, {"boundingPoly": {"vertices": [{"x": 220.0, "y": 1332.0}, {"x": 520.0, "y": 1332.0}, {"x": 520.0, "y": 1389.0}, {"x": 220.0, "y": 1389.0}]}, "description": " Amount"}, {"boundingPoly": {"vertices": [{"x": 530.0, "y": 1332.0}, {"x": 561.0, "y": 1332.0}, {"x": 561.0, "y": 1386.0}, {"x": 530.0, "y": 1386.0}]}, "description": " :"}, {"boundingPoly": {"vertices": [{"x": 965.0, "y": 1330.0}, {"x": 1213.0, "y": 1328.0}, {"x": 1214.0, "y": 1381.0}, {"x": 966.0, "y": 1385.0}]}, "description": "$6.03"}, {"boundingPoly": {"vertices": [{"x": 374.0, "y": 1513.0}, {"x": 574.0, "y": 1513.0}, {"x": 574.0, "y": 1566.0}, {"x": 374.0, "y": 1566.0}]}, "description": "GRATUITY"}, {"boundingPoly": {"vertices": [{"x": 399.0, "y": 1639.0}, {"x": 523.0, "y": 1639.0}, {"x": 523.0, "y": 1691.0}, {"x": 399.0, "y": 1690.0}]}, "description": "TOTAL"}, {"boundingPoly": {"vertices": [{"x": 346.0, "y": 1723.0}, {"x": 1239.0, "y": 1720.0}, {"x": 1240.0, "y": 1832.0}, {"x": 346.0, "y": 1833.0}]}, "description": "SIGNATURE Rebeca slaughter"}, {"boundingPoly": {"vertices": [{"x": 423.0, "y": 1883.0}, {"x": 1026.0, "y": 1885.0}, {"x": 1026.0, "y": 1943.0}, {"x": 423.0, "y": 1941.0}]}, "description": "Thank you for joining us"}, {"boundingPoly": {"vertices": [{"x": 393.0, "y": 1946.0}, {"x": 1051.0, "y": 1946.0}, {"x": 1051.0, "y": 2005.0}, {"x": 393.0, "y": 2005.0}]}, "description": "at Courtyard by Marriott !"}, {"boundingPoly": {"vertices": [{"x": 712.0, "y": 1604.0}, {"x": 958.0, "y": 1590.0}, {"x": 960.0, "y": 1676.0}, {"x": 711.0, "y": 1687.0}]}, "description": "4.03"}]}