{"textAnnotations": [{"boundingPoly": {"vertices": [{"x": 71.0, "y": 78.0}, {"x": 267.0, "y": 76.0}, {"x": 267.0, "y": 108.0}, {"x": 71.0, "y": 110.0}]}, "description": "merchant name"}, {"boundingPoly": {"vertices": [{"x": 65.0, "y": 111.0}, {"x": 126.0, "y": 111.0}, {"x": 126.0, "y": 129.0}, {"x": 65.0, "y": 129.0}]}, "description": "merchant address"}, {"boundingPoly": {"vertices": [{"x": 74.0, "y": 132.0}, {"x": 159.0, "y": 132.0}, {"x": 159.0, "y": 151.0}, {"x": 74.0, "y": 151.0}]}, "description": "merchant address"}, {"boundingPoly": {"vertices": [{"x": 98.0, "y": 153.0}, {"x": 248.0, "y": 153.0}, {"x": 248.0, "y": 172.0}, {"x": 98.0, "y": 171.0}]}, "description": "merchant address"}, {"boundingPoly": {"vertices": [{"x": 114.0, "y": 173.0}, {"x": 233.0, "y": 173.0}, {"x": 233.0, "y": 191.0}, {"x": 114.0, "y": 191.0}]}, "description": "merchant address"}, {"boundingPoly": {"vertices": [{"x": 68.0, "y": 192.0}, {"x": 146.0, "y": 192.0}, {"x": 146.0, "y": 211.0}, {"x": 68.0, "y": 211.0}]}, "description": " GSTIN No."}, {"boundingPoly": {"vertices": [{"x": 62.0, "y": 214.0}, {"x": 219.0, "y": 214.0}, {"x": 219.0, "y": 234.0}, {"x": 62.0, "y": 234.0}]}, "description": " Service Code Tariff"}, {"boundingPoly": {"vertices": [{"x": 129.0, "y": 111.0}, {"x": 237.0, "y": 111.0}, {"x": 237.0, "y": 129.0}, {"x": 129.0, "y": 129.0}]}, "description": "merchant address"}, {"boundingPoly": {"vertices": [{"x": 241.0, "y": 111.0}, {"x": 275.0, "y": 111.0}, {"x": 275.0, "y": 129.0}, {"x": 241.0, "y": 129.0}]}, "description": "merchant address"}, {"boundingPoly": {"vertices": [{"x": 234.0, "y": 132.0}, {"x": 271.0, "y": 132.0}, {"x": 271.0, "y": 152.0}, {"x": 234.0, "y": 152.0}]}, "description": "merchant address"}, {"boundingPoly": {"vertices": [{"x": 162.0, "y": 132.0}, {"x": 231.0, "y": 132.0}, {"x": 231.0, "y": 152.0}, {"x": 162.0, "y": 152.0}]}, "description": "merchant address"}, {"boundingPoly": {"vertices": [{"x": 150.0, "y": 194.0}, {"x": 282.0, "y": 194.0}, {"x": 282.0, "y": 213.0}, {"x": 150.0, "y": 213.0}]}, "description": " : 06AABCD5534A1Z9"}, {"boundingPoly": {"vertices": [{"x": 222.0, "y": 215.0}, {"x": 280.0, "y": 215.0}, {"x": 280.0, "y": 235.0}, {"x": 222.0, "y": 235.0}]}, "description": " :996331"}, {"boundingPoly": {"vertices": [{"x": 17.0, "y": 255.0}, {"x": 161.0, "y": 255.0}, {"x": 161.0, "y": 274.0}, {"x": 17.0, "y": 274.0}]}, "description": " Inv No 41E1912289"}, {"boundingPoly": {"vertices": [{"x": 17.0, "y": 276.0}, {"x": 66.0, "y": 276.0}, {"x": 66.0, "y": 294.0}, {"x": 17.0, "y": 294.0}]}, "description": " Date:"}, {"boundingPoly": {"vertices": [{"x": 18.0, "y": 296.0}, {"x": 69.0, "y": 296.0}, {"x": 69.0, "y": 315.0}, {"x": 18.0, "y": 315.0}]}, "description": " Staff:"}, {"boundingPoly": {"vertices": [{"x": 17.0, "y": 318.0}, {"x": 68.0, "y": 318.0}, {"x": 68.0, "y": 335.0}, {"x": 17.0, "y": 335.0}]}, "description": " Cust."}, {"boundingPoly": {"vertices": [{"x": 175.0, "y": 257.0}, {"x": 205.0, "y": 257.0}, {"x": 205.0, "y": 275.0}, {"x": 175.0, "y": 275.0}]}, "description": " ORD"}, {"boundingPoly": {"vertices": [{"x": 74.0, "y": 276.0}, {"x": 259.0, "y": 276.0}, {"x": 259.0, "y": 296.0}, {"x": 74.0, "y": 296.0}]}, "description": " 19-08-19 18:42 POS No."}, {"boundingPoly": {"vertices": [{"x": 72.0, "y": 296.0}, {"x": 109.0, "y": 296.0}, {"x": 109.0, "y": 315.0}, {"x": 72.0, "y": 315.0}]}, "description": " Addi"}, {"boundingPoly": {"vertices": [{"x": 82.0, "y": 317.0}, {"x": 222.0, "y": 317.0}, {"x": 222.0, "y": 336.0}, {"x": 82.0, "y": 336.0}]}, "description": " 8888888888 -- amex3"}, {"boundingPoly": {"vertices": [{"x": 208.0, "y": 258.0}, {"x": 230.0, "y": 258.0}, {"x": 230.0, "y": 275.0}, {"x": 208.0, "y": 275.0}]}, "description": " No"}, {"boundingPoly": {"vertices": [{"x": 255.0, "y": 258.0}, {"x": 338.0, "y": 256.0}, {"x": 338.0, "y": 273.0}, {"x": 256.0, "y": 275.0}]}, "description": "41E1912300"}, {"boundingPoly": {"vertices": [{"x": 296.0, "y": 278.0}, {"x": 348.0, "y": 277.0}, {"x": 348.0, "y": 294.0}, {"x": 296.0, "y": 295.0}]}, "description": "T41E03"}, {"boundingPoly": {"vertices": [{"x": 321.0, "y": 299.0}, {"x": 333.0, "y": 299.0}, {"x": 333.0, "y": 314.0}, {"x": 321.0, "y": 314.0}]}, "description": "2"}, {"boundingPoly": {"vertices": [{"x": 234.0, "y": 298.0}, {"x": 279.0, "y": 299.0}, {"x": 278.0, "y": 315.0}, {"x": 233.0, "y": 314.0}]}, "description": "Table"}, {"boundingPoly": {"vertices": [{"x": 22.0, "y": 379.0}, {"x": 152.0, "y": 379.0}, {"x": 152.0, "y": 397.0}, {"x": 22.0, "y": 396.0}]}, "description": "8888888888 amex3"}, {"boundingPoly": {"vertices": [{"x": 26.0, "y": 420.0}, {"x": 117.0, "y": 419.0}, {"x": 117.0, "y": 436.0}, {"x": 26.0, "y": 437.0}]}, "description": "Description"}, {"boundingPoly": {"vertices": [{"x": 142.0, "y": 419.0}, {"x": 263.0, "y": 420.0}, {"x": 262.0, "y": 438.0}, {"x": 142.0, "y": 437.0}]}, "description": "Price Qty Disc."}, {"boundingPoly": {"vertices": [{"x": 301.0, "y": 421.0}, {"x": 351.0, "y": 421.0}, {"x": 351.0, "y": 438.0}, {"x": 301.0, "y": 438.0}]}, "description": "Amount"}, {"boundingPoly": {"vertices": [{"x": 26.0, "y": 459.0}, {"x": 188.0, "y": 458.0}, {"x": 188.0, "y": 475.0}, {"x": 26.0, "y": 476.0}]}, "description": "Paneer Tikka Sandwic"}, {"boundingPoly": {"vertices": [{"x": 134.0, "y": 479.0}, {"x": 180.0, "y": 479.0}, {"x": 180.0, "y": 495.0}, {"x": 135.0, "y": 495.0}]}, "description": "107.00"}, {"boundingPoly": {"vertices": [{"x": 201.0, "y": 479.0}, {"x": 218.0, "y": 479.0}, {"x": 218.0, "y": 496.0}, {"x": 201.0, "y": 496.0}]}, "description": " 1"}, {"boundingPoly": {"vertices": [{"x": 223.0, "y": 479.0}, {"x": 258.0, "y": 479.0}, {"x": 258.0, "y": 496.0}, {"x": 223.0, "y": 496.0}]}, "description": " 0.00"}, {"boundingPoly": {"vertices": [{"x": 296.0, "y": 480.0}, {"x": 344.0, "y": 480.0}, {"x": 344.0, "y": 496.0}, {"x": 296.0, "y": 497.0}]}, "description": "106.99"}, {"boundingPoly": {"vertices": [{"x": 31.0, "y": 539.0}, {"x": 97.0, "y": 539.0}, {"x": 97.0, "y": 555.0}, {"x": 31.0, "y": 556.0}]}, "description": "Subtotal"}, {"boundingPoly": {"vertices": [{"x": 33.0, "y": 558.0}, {"x": 229.0, "y": 558.0}, {"x": 229.0, "y": 576.0}, {"x": 33.0, "y": 576.0}]}, "description": "Total Amount (Before Tax)"}, {"boundingPoly": {"vertices": [{"x": 34.0, "y": 578.0}, {"x": 67.0, "y": 578.0}, {"x": 67.0, "y": 596.0}, {"x": 34.0, "y": 596.0}]}, "description": " SGST"}, {"boundingPoly": {"vertices": [{"x": 33.0, "y": 597.0}, {"x": 123.0, "y": 598.0}, {"x": 123.0, "y": 615.0}, {"x": 33.0, "y": 615.0}]}, "description": "CGST @ 2.5%"}, {"boundingPoly": {"vertices": [{"x": 36.0, "y": 617.0}, {"x": 130.0, "y": 618.0}, {"x": 130.0, "y": 635.0}, {"x": 36.0, "y": 634.0}]}, "description": "Gross Amount"}, {"boundingPoly": {"vertices": [{"x": 38.0, "y": 636.0}, {"x": 127.0, "y": 638.0}, {"x": 126.0, "y": 654.0}, {"x": 38.0, "y": 652.0}]}, "description": "Bill Amount"}, {"boundingPoly": {"vertices": [{"x": 297.0, "y": 541.0}, {"x": 345.0, "y": 541.0}, {"x": 345.0, "y": 557.0}, {"x": 297.0, "y": 557.0}]}, "description": "106.99"}, {"boundingPoly": {"vertices": [{"x": 299.0, "y": 561.0}, {"x": 346.0, "y": 561.0}, {"x": 345.0, "y": 578.0}, {"x": 299.0, "y": 577.0}]}, "description": "106.99"}, {"boundingPoly": {"vertices": [{"x": 304.0, "y": 581.0}, {"x": 339.0, "y": 581.0}, {"x": 339.0, "y": 598.0}, {"x": 303.0, "y": 598.0}]}, "description": "2.68"}, {"boundingPoly": {"vertices": [{"x": 70.0, "y": 578.0}, {"x": 111.0, "y": 578.0}, {"x": 111.0, "y": 596.0}, {"x": 70.0, "y": 596.0}]}, "description": " 02.5"}, {"boundingPoly": {"vertices": [{"x": 121.0, "y": 578.0}, {"x": 138.0, "y": 579.0}, {"x": 138.0, "y": 595.0}, {"x": 120.0, "y": 594.0}]}, "description": "%"}, {"boundingPoly": {"vertices": [{"x": 242.0, "y": 599.0}, {"x": 278.0, "y": 600.0}, {"x": 277.0, "y": 616.0}, {"x": 242.0, "y": 616.0}]}, "description": "2.68"}, {"boundingPoly": {"vertices": [{"x": 300.0, "y": 621.0}, {"x": 349.0, "y": 622.0}, {"x": 348.0, "y": 639.0}, {"x": 299.0, "y": 638.0}]}, "description": "112.35"}, {"boundingPoly": {"vertices": [{"x": 302.0, "y": 641.0}, {"x": 349.0, "y": 642.0}, {"x": 348.0, "y": 658.0}, {"x": 302.0, "y": 658.0}]}, "description": "112.35"}, {"boundingPoly": {"vertices": [{"x": 41.0, "y": 673.0}, {"x": 111.0, "y": 673.0}, {"x": 111.0, "y": 691.0}, {"x": 41.0, "y": 691.0}]}, "description": " Payments:"}, {"boundingPoly": {"vertices": [{"x": 38.0, "y": 692.0}, {"x": 75.0, "y": 692.0}, {"x": 74.0, "y": 707.0}, {"x": 38.0, "y": 705.0}]}, "description": "AMEX"}, {"boundingPoly": {"vertices": [{"x": 55.0, "y": 711.0}, {"x": 119.0, "y": 711.0}, {"x": 119.0, "y": 730.0}, {"x": 55.0, "y": 730.0}]}, "description": " Approval"}, {"boundingPoly": {"vertices": [{"x": 122.0, "y": 712.0}, {"x": 172.0, "y": 712.0}, {"x": 172.0, "y": 732.0}, {"x": 122.0, "y": 732.0}]}, "description": " Code 1"}, {"boundingPoly": {"vertices": [{"x": 295.0, "y": 698.0}, {"x": 343.0, "y": 700.0}, {"x": 343.0, "y": 716.0}, {"x": 295.0, "y": 715.0}]}, "description": "112.35"}, {"boundingPoly": {"vertices": [{"x": 34.0, "y": 749.0}, {"x": 200.0, "y": 749.0}, {"x": 200.0, "y": 786.0}, {"x": 34.0, "y": 786.0}]}, "description": " Share Your"}, {"boundingPoly": {"vertices": [{"x": 205.0, "y": 756.0}, {"x": 336.0, "y": 756.0}, {"x": 336.0, "y": 790.0}, {"x": 205.0, "y": 790.0}]}, "description": " Feedback"}, {"boundingPoly": {"vertices": [{"x": 57.0, "y": 780.0}, {"x": 331.0, "y": 792.0}, {"x": 330.0, "y": 811.0}, {"x": 56.0, "y": 799.0}]}, "description": "feedback.costaindia@dil-rjcorp.com"}]}