{"textAnnotations": [{"boundingPoly": {"vertices": [{"x": 10.0, "y": 25.0}, {"x": 103.0, "y": 24.0}, {"x": 103.0, "y": 37.0}, {"x": 10.0, "y": 38.0}]}, "description": "Track your Order"}, {"boundingPoly": {"vertices": [{"x": 41.0, "y": 75.0}, {"x": 99.0, "y": 75.0}, {"x": 99.0, "y": 87.0}, {"x": 41.0, "y": 86.0}]}, "description": "Item Name"}, {"boundingPoly": {"vertices": [{"x": 286.0, "y": 75.0}, {"x": 329.0, "y": 76.0}, {"x": 329.0, "y": 87.0}, {"x": 286.0, "y": 86.0}]}, "description": "Quantity"}, {"boundingPoly": {"vertices": [{"x": 379.0, "y": 75.0}, {"x": 406.0, "y": 75.0}, {"x": 406.0, "y": 86.0}, {"x": 379.0, "y": 86.0}]}, "description": "Price"}, {"boundingPoly": {"vertices": [{"x": 42.0, "y": 113.0}, {"x": 160.0, "y": 113.0}, {"x": 160.0, "y": 125.0}, {"x": 42.0, "y": 126.0}]}, "description": "Peppercom Keto Steak"}, {"boundingPoly": {"vertices": [{"x": 369.0, "y": 113.0}, {"x": 406.0, "y": 113.0}, {"x": 406.0, "y": 125.0}, {"x": 369.0, "y": 124.0}]}, "description": "Z169.0"}, {"boundingPoly": {"vertices": [{"x": 43.0, "y": 168.0}, {"x": 155.0, "y": 168.0}, {"x": 155.0, "y": 180.0}, {"x": 43.0, "y": 180.0}]}, "description": "FreshClub One Month"}, {"boundingPoly": {"vertices": [{"x": 376.0, "y": 167.0}, {"x": 405.0, "y": 168.0}, {"x": 404.0, "y": 179.0}, {"x": 376.0, "y": 178.0}]}, "description": "\u20b958.0"}, {"boundingPoly": {"vertices": [{"x": 42.0, "y": 223.0}, {"x": 168.0, "y": 223.0}, {"x": 168.0, "y": 236.0}, {"x": 42.0, "y": 236.0}]}, "description": " Signature Grilled Chicken"}, {"boundingPoly": {"vertices": [{"x": 170.0, "y": 223.0}, {"x": 183.0, "y": 223.0}, {"x": 183.0, "y": 235.0}, {"x": 170.0, "y": 235.0}]}, "description": " 'n'"}, {"boundingPoly": {"vertices": [{"x": 185.0, "y": 223.0}, {"x": 246.0, "y": 223.0}, {"x": 246.0, "y": 236.0}, {"x": 185.0, "y": 236.0}]}, "description": " Brown Rice"}, {"boundingPoly": {"vertices": [{"x": 370.0, "y": 223.0}, {"x": 406.0, "y": 223.0}, {"x": 406.0, "y": 234.0}, {"x": 369.0, "y": 234.0}]}, "description": "Z179.0"}, {"boundingPoly": {"vertices": [{"x": 310.0, "y": 278.0}, {"x": 358.0, "y": 278.0}, {"x": 357.0, "y": 290.0}, {"x": 310.0, "y": 289.0}]}, "description": "Subtotal"}, {"boundingPoly": {"vertices": [{"x": 368.0, "y": 278.0}, {"x": 405.0, "y": 278.0}, {"x": 405.0, "y": 289.0}, {"x": 368.0, "y": 289.0}]}, "description": "Z406.0"}, {"boundingPoly": {"vertices": [{"x": 305.0, "y": 316.0}, {"x": 356.0, "y": 316.0}, {"x": 356.0, "y": 327.0}, {"x": 305.0, "y": 327.0}]}, "description": "Discount"}, {"boundingPoly": {"vertices": [{"x": 382.0, "y": 315.0}, {"x": 405.0, "y": 316.0}, {"x": 405.0, "y": 327.0}, {"x": 382.0, "y": 327.0}]}, "description": "\u20b90.0"}, {"boundingPoly": {"vertices": [{"x": 260.0, "y": 354.0}, {"x": 356.0, "y": 354.0}, {"x": 356.0, "y": 365.0}, {"x": 260.0, "y": 365.0}]}, "description": "Product Discount"}, {"boundingPoly": {"vertices": [{"x": 271.0, "y": 391.0}, {"x": 355.0, "y": 392.0}, {"x": 355.0, "y": 403.0}, {"x": 271.0, "y": 403.0}]}, "description": "Cashback Used"}, {"boundingPoly": {"vertices": [{"x": 374.0, "y": 391.0}, {"x": 405.0, "y": 392.0}, {"x": 405.0, "y": 403.0}, {"x": 375.0, "y": 402.0}]}, "description": "\u20b940.0"}, {"boundingPoly": {"vertices": [{"x": 296.0, "y": 430.0}, {"x": 356.0, "y": 430.0}, {"x": 357.0, "y": 442.0}, {"x": 296.0, "y": 442.0}]}, "description": "Bank Offer"}, {"boundingPoly": {"vertices": [{"x": 383.0, "y": 430.0}, {"x": 405.0, "y": 430.0}, {"x": 405.0, "y": 441.0}, {"x": 382.0, "y": 440.0}]}, "description": "\u20b90.0"}, {"boundingPoly": {"vertices": [{"x": 274.0, "y": 468.0}, {"x": 356.0, "y": 468.0}, {"x": 356.0, "y": 480.0}, {"x": 274.0, "y": 480.0}]}, "description": "Packaging Fee"}, {"boundingPoly": {"vertices": [{"x": 376.0, "y": 468.0}, {"x": 405.0, "y": 468.0}, {"x": 405.0, "y": 479.0}, {"x": 376.0, "y": 479.0}]}, "description": "Z32.0"}, {"boundingPoly": {"vertices": [{"x": 261.0, "y": 506.0}, {"x": 355.0, "y": 506.0}, {"x": 355.0, "y": 517.0}, {"x": 261.0, "y": 517.0}]}, "description": "Convenience Fee"}, {"boundingPoly": {"vertices": [{"x": 382.0, "y": 506.0}, {"x": 406.0, "y": 506.0}, {"x": 405.0, "y": 517.0}, {"x": 381.0, "y": 516.0}]}, "description": "\u20b90.0"}, {"boundingPoly": {"vertices": [{"x": 286.0, "y": 543.0}, {"x": 355.0, "y": 544.0}, {"x": 355.0, "y": 556.0}, {"x": 286.0, "y": 556.0}]}, "description": "CGST (2.5%)"}, {"boundingPoly": {"vertices": [{"x": 383.0, "y": 543.0}, {"x": 406.0, "y": 544.0}, {"x": 406.0, "y": 555.0}, {"x": 382.0, "y": 554.0}]}, "description": "\u20b98.5"}, {"boundingPoly": {"vertices": [{"x": 287.0, "y": 581.0}, {"x": 355.0, "y": 582.0}, {"x": 355.0, "y": 594.0}, {"x": 287.0, "y": 594.0}]}, "description": "SGST (2.5%)"}, {"boundingPoly": {"vertices": [{"x": 383.0, "y": 581.0}, {"x": 406.0, "y": 582.0}, {"x": 405.0, "y": 593.0}, {"x": 382.0, "y": 593.0}]}, "description": "\u20b98.5"}, {"boundingPoly": {"vertices": [{"x": 296.0, "y": 619.0}, {"x": 354.0, "y": 620.0}, {"x": 353.0, "y": 632.0}, {"x": 296.0, "y": 632.0}]}, "description": "CGST (9%)"}, {"boundingPoly": {"vertices": [{"x": 376.0, "y": 620.0}, {"x": 405.0, "y": 620.0}, {"x": 405.0, "y": 631.0}, {"x": 375.0, "y": 631.0}]}, "description": "Z5.22"}, {"boundingPoly": {"vertices": [{"x": 297.0, "y": 657.0}, {"x": 358.0, "y": 658.0}, {"x": 358.0, "y": 670.0}, {"x": 297.0, "y": 669.0}]}, "description": "SGST (9%)"}, {"boundingPoly": {"vertices": [{"x": 375.0, "y": 658.0}, {"x": 405.0, "y": 658.0}, {"x": 405.0, "y": 669.0}, {"x": 375.0, "y": 668.0}]}, "description": "\u20b95.22"}, {"boundingPoly": {"vertices": [{"x": 290.0, "y": 696.0}, {"x": 359.0, "y": 696.0}, {"x": 359.0, "y": 707.0}, {"x": 290.0, "y": 707.0}]}, "description": "Grand Total"}, {"boundingPoly": {"vertices": [{"x": 367.0, "y": 695.0}, {"x": 405.0, "y": 696.0}, {"x": 405.0, "y": 707.0}, {"x": 367.0, "y": 706.0}]}, "description": "\u20b9425.0"}]}