{"textAnnotations": [{"boundingPoly": {"vertices": [{"x": 200.0, "y": 118.0}, {"x": 360.0, "y": 135.0}, {"x": 358.0, "y": 152.0}, {"x": 199.0, "y": 133.0}]}, "description": "merchant name"}, {"boundingPoly": {"vertices": [{"x": 225.0, "y": 157.0}, {"x": 343.0, "y": 168.0}, {"x": 342.0, "y": 181.0}, {"x": 224.0, "y": 170.0}]}, "description": "merchant address"}, {"boundingPoly": {"vertices": [{"x": 211.0, "y": 180.0}, {"x": 270.0, "y": 180.0}, {"x": 270.0, "y": 201.0}, {"x": 211.0, "y": 201.0}]}, "description": " VAT No:"}, {"boundingPoly": {"vertices": [{"x": 133.0, "y": 199.0}, {"x": 252.0, "y": 209.0}, {"x": 250.0, "y": 225.0}, {"x": 132.0, "y": 215.0}]}, "description": "595 Ahmed Kabir"}, {"boundingPoly": {"vertices": [{"x": 244.0, "y": 237.0}, {"x": 327.0, "y": 241.0}, {"x": 326.0, "y": 257.0}, {"x": 244.0, "y": 253.0}]}, "description": "CHK 132319"}, {"boundingPoly": {"vertices": [{"x": 234.0, "y": 133.0}, {"x": 335.0, "y": 138.0}, {"x": 333.0, "y": 156.0}, {"x": 233.0, "y": 149.0}]}, "description": "merchant address"}, {"boundingPoly": {"vertices": [{"x": 179.0, "y": 138.0}, {"x": 390.0, "y": 157.0}, {"x": 388.0, "y": 172.0}, {"x": 178.0, "y": 155.0}]}, "description": "merchant address"}, {"boundingPoly": {"vertices": [{"x": 256.0, "y": 172.0}, {"x": 355.0, "y": 172.0}, {"x": 355.0, "y": 197.0}, {"x": 256.0, "y": 197.0}]}, "description": "merchant phone"}, {"boundingPoly": {"vertices": [{"x": 220.0, "y": 169.0}, {"x": 254.0, "y": 169.0}, {"x": 254.0, "y": 185.0}, {"x": 220.0, "y": 185.0}]}, "description": " Tel:"}, {"boundingPoly": {"vertices": [{"x": 272.0, "y": 187.0}, {"x": 354.0, "y": 187.0}, {"x": 354.0, "y": 207.0}, {"x": 272.0, "y": 207.0}]}, "description": " 184 1867 79"}, {"boundingPoly": {"vertices": [{"x": 215.0, "y": 250.0}, {"x": 360.0, "y": 250.0}, {"x": 360.0, "y": 271.0}, {"x": 215.0, "y": 271.0}]}, "description": " 24 Oct 19 22:47 PM"}, {"boundingPoly": {"vertices": [{"x": 225.0, "y": 280.0}, {"x": 349.0, "y": 284.0}, {"x": 349.0, "y": 300.0}, {"x": 224.0, "y": 296.0}]}, "description": "TAKEAWAY"}, {"boundingPoly": {"vertices": [{"x": 132.0, "y": 304.0}, {"x": 295.0, "y": 312.0}, {"x": 294.0, "y": 329.0}, {"x": 131.0, "y": 322.0}]}, "description": "1 Triple Choc Butter"}, {"boundingPoly": {"vertices": [{"x": 143.0, "y": 333.0}, {"x": 290.0, "y": 333.0}, {"x": 290.0, "y": 348.0}, {"x": 143.0, "y": 348.0}]}, "description": "Debit/Credit Card"}, {"boundingPoly": {"vertices": [{"x": 137.0, "y": 356.0}, {"x": 176.0, "y": 356.0}, {"x": 177.0, "y": 370.0}, {"x": 137.0, "y": 370.0}]}, "description": "Food"}, {"boundingPoly": {"vertices": [{"x": 134.0, "y": 371.0}, {"x": 181.0, "y": 370.0}, {"x": 182.0, "y": 384.0}, {"x": 134.0, "y": 385.0}]}, "description": "Drink"}, {"boundingPoly": {"vertices": [{"x": 103.0, "y": 401.0}, {"x": 291.0, "y": 392.0}, {"x": 292.0, "y": 409.0}, {"x": 103.0, "y": 420.0}]}, "description": "Change Due"}, {"boundingPoly": {"vertices": [{"x": 124.0, "y": 430.0}, {"x": 221.0, "y": 430.0}, {"x": 221.0, "y": 453.0}, {"x": 124.0, "y": 453.0}]}, "description": " Net Total:"}, {"boundingPoly": {"vertices": [{"x": 132.0, "y": 287.0}, {"x": 296.0, "y": 297.0}, {"x": 295.0, "y": 314.0}, {"x": 131.0, "y": 305.0}]}, "description": "1 Regular Cappuccino"}, {"boundingPoly": {"vertices": [{"x": 146.0, "y": 322.0}, {"x": 237.0, "y": 326.0}, {"x": 236.0, "y": 339.0}, {"x": 145.0, "y": 335.0}]}, "description": "Shortbread."}, {"boundingPoly": {"vertices": [{"x": 426.0, "y": 352.0}, {"x": 463.0, "y": 346.0}, {"x": 465.0, "y": 361.0}, {"x": 427.0, "y": 366.0}]}, "description": "1.20"}, {"boundingPoly": {"vertices": [{"x": 433.0, "y": 371.0}, {"x": 475.0, "y": 369.0}, {"x": 476.0, "y": 383.0}, {"x": 433.0, "y": 385.0}]}, "description": "4.15"}, {"boundingPoly": {"vertices": [{"x": 429.0, "y": 362.0}, {"x": 470.0, "y": 357.0}, {"x": 472.0, "y": 371.0}, {"x": 430.0, "y": 376.0}]}, "description": "2.95"}, {"boundingPoly": {"vertices": [{"x": 433.0, "y": 383.0}, {"x": 479.0, "y": 382.0}, {"x": 479.0, "y": 398.0}, {"x": 433.0, "y": 399.0}]}, "description": "00"}, {"boundingPoly": {"vertices": [{"x": 442.0, "y": 397.0}, {"x": 484.0, "y": 397.0}, {"x": 483.0, "y": 412.0}, {"x": 441.0, "y": 412.0}]}, "description": "2.95"}, {"boundingPoly": {"vertices": [{"x": 445.0, "y": 412.0}, {"x": 488.0, "y": 410.0}, {"x": 489.0, "y": 425.0}, {"x": 445.0, "y": 428.0}]}, "description": "2.46"}, {"boundingPoly": {"vertices": [{"x": 132.0, "y": 385.0}, {"x": 200.0, "y": 382.0}, {"x": 200.0, "y": 399.0}, {"x": 132.0, "y": 402.0}]}, "description": "Payment"}, {"boundingPoly": {"vertices": [{"x": 156.0, "y": 415.0}, {"x": 297.0, "y": 405.0}, {"x": 298.0, "y": 423.0}, {"x": 157.0, "y": 433.0}]}, "description": "0.49 UK 20% VAT"}, {"boundingPoly": {"vertices": [{"x": 223.0, "y": 461.0}, {"x": 353.0, "y": 451.0}, {"x": 354.0, "y": 470.0}, {"x": 224.0, "y": 480.0}]}, "description": "Check Closed"}, {"boundingPoly": {"vertices": [{"x": 403.0, "y": 386.0}, {"x": 424.0, "y": 386.0}, {"x": 424.0, "y": 399.0}, {"x": 403.0, "y": 398.0}]}, "description": "O"}, {"boundingPoly": {"vertices": [{"x": 196.0, "y": 471.0}, {"x": 361.0, "y": 471.0}, {"x": 361.0, "y": 504.0}, {"x": 196.0, "y": 504.0}]}, "description": " 24 Oct '19 22:48"}, {"boundingPoly": {"vertices": [{"x": 236.0, "y": 561.0}, {"x": 352.0, "y": 555.0}, {"x": 353.0, "y": 581.0}, {"x": 237.0, "y": 588.0}]}, "description": "Thank you!"}]}