{"textAnnotations": [{"boundingPoly": {"vertices": [{"x": 509.0, "y": 214.0}, {"x": 718.0, "y": 213.0}, {"x": 718.0, "y": 244.0}, {"x": 509.0, "y": 245.0}]}, "description": "NAB EFTPOS"}, {"boundingPoly": {"vertices": [{"x": 376.0, "y": 253.0}, {"x": 608.0, "y": 253.0}, {"x": 608.0, "y": 284.0}, {"x": 376.0, "y": 284.0}]}, "description": "merchant name"}, {"boundingPoly": {"vertices": [{"x": 364.0, "y": 292.0}, {"x": 599.0, "y": 292.0}, {"x": 599.0, "y": 326.0}, {"x": 364.0, "y": 326.0}]}, "description": "merchant address"}, {"boundingPoly": {"vertices": [{"x": 361.0, "y": 335.0}, {"x": 460.0, "y": 335.0}, {"x": 460.0, "y": 368.0}, {"x": 361.0, "y": 368.0}]}, "description": " MID:"}, {"boundingPoly": {"vertices": [{"x": 365.0, "y": 377.0}, {"x": 457.0, "y": 377.0}, {"x": 457.0, "y": 412.0}, {"x": 365.0, "y": 412.0}]}, "description": " TID:"}, {"boundingPoly": {"vertices": [{"x": 449.0, "y": 421.0}, {"x": 626.0, "y": 421.0}, {"x": 626.0, "y": 455.0}, {"x": 449.0, "y": 455.0}]}, "description": " Version:"}, {"boundingPoly": {"vertices": [{"x": 737.0, "y": 296.0}, {"x": 784.0, "y": 296.0}, {"x": 785.0, "y": 327.0}, {"x": 736.0, "y": 326.0}]}, "description": "merchant address"}, {"boundingPoly": {"vertices": [{"x": 466.0, "y": 335.0}, {"x": 638.0, "y": 335.0}, {"x": 638.0, "y": 368.0}, {"x": 466.0, "y": 368.0}]}, "description": " 21676945"}, {"boundingPoly": {"vertices": [{"x": 462.0, "y": 377.0}, {"x": 596.0, "y": 377.0}, {"x": 596.0, "y": 411.0}, {"x": 462.0, "y": 411.0}]}, "description": " M2VB44"}, {"boundingPoly": {"vertices": [{"x": 631.0, "y": 421.0}, {"x": 782.0, "y": 421.0}, {"x": 782.0, "y": 455.0}, {"x": 631.0, "y": 455.0}]}, "description": " 0.8.30E"}, {"boundingPoly": {"vertices": [{"x": 365.0, "y": 475.0}, {"x": 394.0, "y": 475.0}, {"x": 393.0, "y": 493.0}, {"x": 364.0, "y": 492.0}]}, "description": "=="}, {"boundingPoly": {"vertices": [{"x": 842.0, "y": 474.0}, {"x": 869.0, "y": 473.0}, {"x": 869.0, "y": 493.0}, {"x": 841.0, "y": 494.0}]}, "description": "="}, {"boundingPoly": {"vertices": [{"x": 480.0, "y": 506.0}, {"x": 753.0, "y": 506.0}, {"x": 753.0, "y": 541.0}, {"x": 480.0, "y": 540.0}]}, "description": "CUSTOMER COPY"}, {"boundingPoly": {"vertices": [{"x": 362.0, "y": 549.0}, {"x": 579.0, "y": 552.0}, {"x": 578.0, "y": 587.0}, {"x": 362.0, "y": 583.0}]}, "description": "NOV 14, 19"}, {"boundingPoly": {"vertices": [{"x": 368.0, "y": 594.0}, {"x": 492.0, "y": 594.0}, {"x": 492.0, "y": 629.0}, {"x": 368.0, "y": 629.0}]}, "description": " BATCH:"}, {"boundingPoly": {"vertices": [{"x": 368.0, "y": 637.0}, {"x": 616.0, "y": 637.0}, {"x": 616.0, "y": 673.0}, {"x": 368.0, "y": 673.0}]}, "description": " SETTLE DATE:"}, {"boundingPoly": {"vertices": [{"x": 370.0, "y": 682.0}, {"x": 425.0, "y": 682.0}, {"x": 425.0, "y": 714.0}, {"x": 370.0, "y": 714.0}]}, "description": " INV"}, {"boundingPoly": {"vertices": [{"x": 365.0, "y": 725.0}, {"x": 445.0, "y": 725.0}, {"x": 445.0, "y": 759.0}, {"x": 365.0, "y": 759.0}]}, "description": " STAN"}, {"boundingPoly": {"vertices": [{"x": 368.0, "y": 766.0}, {"x": 620.0, "y": 765.0}, {"x": 620.0, "y": 801.0}, {"x": 368.0, "y": 802.0}]}, "description": "ACCOUNT TYPE"}, {"boundingPoly": {"vertices": [{"x": 619.0, "y": 810.0}, {"x": 870.0, "y": 809.0}, {"x": 870.0, "y": 842.0}, {"x": 619.0, "y": 843.0}]}, "description": "000221006466"}, {"boundingPoly": {"vertices": [{"x": 763.0, "y": 551.0}, {"x": 872.0, "y": 551.0}, {"x": 872.0, "y": 586.0}, {"x": 763.0, "y": 586.0}]}, "description": " 21:02."}, {"boundingPoly": {"vertices": [{"x": 737.0, "y": 594.0}, {"x": 869.0, "y": 594.0}, {"x": 869.0, "y": 628.0}, {"x": 737.0, "y": 628.0}]}, "description": "000221"}, {"boundingPoly": {"vertices": [{"x": 699.0, "y": 637.0}, {"x": 869.0, "y": 637.0}, {"x": 868.0, "y": 673.0}, {"x": 699.0, "y": 673.0}]}, "description": "15/11/19"}, {"boundingPoly": {"vertices": [{"x": 779.0, "y": 682.0}, {"x": 869.0, "y": 681.0}, {"x": 868.0, "y": 713.0}, {"x": 780.0, "y": 712.0}]}, "description": "6466"}, {"boundingPoly": {"vertices": [{"x": 741.0, "y": 723.0}, {"x": 868.0, "y": 723.0}, {"x": 868.0, "y": 757.0}, {"x": 741.0, "y": 757.0}]}, "description": "007238"}, {"boundingPoly": {"vertices": [{"x": 743.0, "y": 768.0}, {"x": 867.0, "y": 767.0}, {"x": 867.0, "y": 799.0}, {"x": 743.0, "y": 799.0}]}, "description": "CREDIT"}, {"boundingPoly": {"vertices": [{"x": 432.0, "y": 682.0}, {"x": 447.0, "y": 682.0}, {"x": 447.0, "y": 714.0}, {"x": 432.0, "y": 714.0}]}, "description": " :"}, {"boundingPoly": {"vertices": [{"x": 451.0, "y": 725.0}, {"x": 471.0, "y": 725.0}, {"x": 471.0, "y": 758.0}, {"x": 451.0, "y": 758.0}]}, "description": " :"}, {"boundingPoly": {"vertices": [{"x": 367.0, "y": 811.0}, {"x": 424.0, "y": 811.0}, {"x": 424.0, "y": 846.0}, {"x": 367.0, "y": 846.0}]}, "description": " RRN"}, {"boundingPoly": {"vertices": [{"x": 362.0, "y": 855.0}, {"x": 456.0, "y": 855.0}, {"x": 456.0, "y": 888.0}, {"x": 362.0, "y": 889.0}]}, "description": "AMEX"}, {"boundingPoly": {"vertices": [{"x": 362.0, "y": 899.0}, {"x": 703.0, "y": 897.0}, {"x": 703.0, "y": 929.0}, {"x": 362.0, "y": 933.0}]}, "description": "A000000025010801"}, {"boundingPoly": {"vertices": [{"x": 452.0, "y": 942.0}, {"x": 791.0, "y": 939.0}, {"x": 791.0, "y": 974.0}, {"x": 452.0, "y": 977.0}]}, "description": "AMERICAN EXPRESS"}, {"boundingPoly": {"vertices": [{"x": 550.0, "y": 987.0}, {"x": 742.0, "y": 983.0}, {"x": 743.0, "y": 1019.0}, {"x": 550.0, "y": 1022.0}]}, "description": ".. 1006(t)"}, {"boundingPoly": {"vertices": [{"x": 724.0, "y": 1024.0}, {"x": 853.0, "y": 1024.0}, {"x": 854.0, "y": 1060.0}, {"x": 724.0, "y": 1061.0}]}, "description": "$40.00"}, {"boundingPoly": {"vertices": [{"x": 430.0, "y": 812.0}, {"x": 446.0, "y": 812.0}, {"x": 446.0, "y": 846.0}, {"x": 430.0, "y": 846.0}]}, "description": " :"}, {"boundingPoly": {"vertices": [{"x": 385.0, "y": 1031.0}, {"x": 474.0, "y": 1029.0}, {"x": 475.0, "y": 1063.0}, {"x": 386.0, "y": 1064.0}]}, "description": "SALE"}, {"boundingPoly": {"vertices": [{"x": 557.0, "y": 1029.0}, {"x": 624.0, "y": 1028.0}, {"x": 621.0, "y": 1059.0}, {"x": 558.0, "y": 1061.0}]}, "description": "AUD"}, {"boundingPoly": {"vertices": [{"x": 385.0, "y": 1120.0}, {"x": 562.0, "y": 1116.0}, {"x": 563.0, "y": 1153.0}, {"x": 386.0, "y": 1156.0}]}, "description": "APPROVED"}, {"boundingPoly": {"vertices": [{"x": 361.0, "y": 1166.0}, {"x": 644.0, "y": 1160.0}, {"x": 644.0, "y": 1197.0}, {"x": 361.0, "y": 1203.0}]}, "description": "APPROVAL CODE"}, {"boundingPoly": {"vertices": [{"x": 522.0, "y": 1209.0}, {"x": 880.0, "y": 1205.0}, {"x": 880.0, "y": 1238.0}, {"x": 522.0, "y": 1244.0}]}, "description": "AC2BAOEBEE66D64E"}, {"boundingPoly": {"vertices": [{"x": 706.0, "y": 1249.0}, {"x": 879.0, "y": 1249.0}, {"x": 879.0, "y": 1287.0}, {"x": 706.0, "y": 1287.0}]}, "description": " ATC:0013"}, {"boundingPoly": {"vertices": [{"x": 829.0, "y": 1305.0}, {"x": 878.0, "y": 1305.0}, {"x": 878.0, "y": 1318.0}, {"x": 829.0, "y": 1318.0}]}, "description": "---"}, {"boundingPoly": {"vertices": [{"x": 816.0, "y": 1116.0}, {"x": 857.0, "y": 1116.0}, {"x": 856.0, "y": 1147.0}, {"x": 815.0, "y": 1147.0}]}, "description": "00"}, {"boundingPoly": {"vertices": [{"x": 748.0, "y": 1159.0}, {"x": 881.0, "y": 1160.0}, {"x": 880.0, "y": 1195.0}, {"x": 748.0, "y": 1193.0}]}, "description": "518046"}, {"boundingPoly": {"vertices": [{"x": 363.0, "y": 1211.0}, {"x": 448.0, "y": 1211.0}, {"x": 448.0, "y": 1249.0}, {"x": 363.0, "y": 1249.0}]}, "description": " ARQC"}, {"boundingPoly": {"vertices": [{"x": 363.0, "y": 1256.0}, {"x": 519.0, "y": 1256.0}, {"x": 519.0, "y": 1294.0}, {"x": 363.0, "y": 1294.0}]}, "description": " APSN:00"}, {"boundingPoly": {"vertices": [{"x": 454.0, "y": 1210.0}, {"x": 477.0, "y": 1210.0}, {"x": 477.0, "y": 1249.0}, {"x": 454.0, "y": 1249.0}]}, "description": " :"}, {"boundingPoly": {"vertices": [{"x": 436.0, "y": 1393.0}, {"x": 794.0, "y": 1387.0}, {"x": 795.0, "y": 1416.0}, {"x": 437.0, "y": 1422.0}]}, "description": "PLEASE RETAIN RECEIPT"}, {"boundingPoly": {"vertices": [{"x": 489.0, "y": 1432.0}, {"x": 760.0, "y": 1429.0}, {"x": 761.0, "y": 1457.0}, {"x": 489.0, "y": 1461.0}]}, "description": "FOR YOUR RECORDS"}]}