{"textAnnotations": [{"boundingPoly": {"vertices": [{"x": 126.0, "y": 173.0}, {"x": 431.0, "y": 172.0}, {"x": 431.0, "y": 219.0}, {"x": 126.0, "y": 221.0}]}, "description": "merchant name"}, {"boundingPoly": {"vertices": [{"x": 324.0, "y": 224.0}, {"x": 429.0, "y": 225.0}, {"x": 429.0, "y": 243.0}, {"x": 324.0, "y": 242.0}]}, "description": "TAQUERIA"}, {"boundingPoly": {"vertices": [{"x": 221.0, "y": 337.0}, {"x": 352.0, "y": 337.0}, {"x": 351.0, "y": 356.0}, {"x": 220.0, "y": 355.0}]}, "description": "merchant name"}, {"boundingPoly": {"vertices": [{"x": 75.0, "y": 361.0}, {"x": 497.0, "y": 364.0}, {"x": 497.0, "y": 383.0}, {"x": 75.0, "y": 379.0}]}, "description": "merchant address"}, {"boundingPoly": {"vertices": [{"x": 123.0, "y": 385.0}, {"x": 449.0, "y": 386.0}, {"x": 449.0, "y": 405.0}, {"x": 123.0, "y": 403.0}]}, "description": "merchant address"}, {"boundingPoly": {"vertices": [{"x": 78.0, "y": 433.0}, {"x": 177.0, "y": 433.0}, {"x": 177.0, "y": 450.0}, {"x": 78.0, "y": 450.0}]}, "description": " Server:"}, {"boundingPoly": {"vertices": [{"x": 78.0, "y": 452.0}, {"x": 219.0, "y": 455.0}, {"x": 218.0, "y": 473.0}, {"x": 78.0, "y": 470.0}]}, "description": "Check #693"}, {"boundingPoly": {"vertices": [{"x": 189.0, "y": 433.0}, {"x": 288.0, "y": 433.0}, {"x": 288.0, "y": 453.0}, {"x": 189.0, "y": 453.0}]}, "description": " WENDY C"}, {"boundingPoly": {"vertices": [{"x": 391.0, "y": 436.0}, {"x": 504.0, "y": 437.0}, {"x": 504.0, "y": 455.0}, {"x": 391.0, "y": 455.0}]}, "description": "11/21/19"}, {"boundingPoly": {"vertices": [{"x": 405.0, "y": 460.0}, {"x": 503.0, "y": 460.0}, {"x": 503.0, "y": 479.0}, {"x": 405.0, "y": 479.0}]}, "description": " 1:21 PM"}, {"boundingPoly": {"vertices": [{"x": 75.0, "y": 522.0}, {"x": 328.0, "y": 527.0}, {"x": 328.0, "y": 543.0}, {"x": 75.0, "y": 537.0}]}, "description": "Impossible Burrito"}, {"boundingPoly": {"vertices": [{"x": 60.0, "y": 554.0}, {"x": 176.0, "y": 557.0}, {"x": 175.0, "y": 569.0}, {"x": 60.0, "y": 567.0}]}, "description": "subtotal"}, {"boundingPoly": {"vertices": [{"x": 54.0, "y": 568.0}, {"x": 98.0, "y": 570.0}, {"x": 98.0, "y": 582.0}, {"x": 53.0, "y": 581.0}]}, "description": "Tax"}, {"boundingPoly": {"vertices": [{"x": 46.0, "y": 585.0}, {"x": 119.0, "y": 585.0}, {"x": 118.0, "y": 601.0}, {"x": 46.0, "y": 601.0}]}, "description": "Total"}, {"boundingPoly": {"vertices": [{"x": 416.0, "y": 528.0}, {"x": 503.0, "y": 529.0}, {"x": 503.0, "y": 545.0}, {"x": 416.0, "y": 544.0}]}, "description": "$10.99"}, {"boundingPoly": {"vertices": [{"x": 417.0, "y": 559.0}, {"x": 505.0, "y": 561.0}, {"x": 505.0, "y": 574.0}, {"x": 417.0, "y": 571.0}]}, "description": "$10,99"}, {"boundingPoly": {"vertices": [{"x": 432.0, "y": 572.0}, {"x": 508.0, "y": 572.0}, {"x": 508.0, "y": 586.0}, {"x": 432.0, "y": 586.0}]}, "description": "$0.98"}, {"boundingPoly": {"vertices": [{"x": 416.0, "y": 587.0}, {"x": 509.0, "y": 586.0}, {"x": 509.0, "y": 600.0}, {"x": 416.0, "y": 601.0}]}, "description": "$11.97"}, {"boundingPoly": {"vertices": [{"x": 36.0, "y": 627.0}, {"x": 206.0, "y": 625.0}, {"x": 206.0, "y": 644.0}, {"x": 36.0, "y": 646.0}]}, "description": "Credit Card"}, {"boundingPoly": {"vertices": [{"x": 39.0, "y": 653.0}, {"x": 99.0, "y": 653.0}, {"x": 99.0, "y": 670.0}, {"x": 39.0, "y": 669.0}]}, "description": "Amex"}, {"boundingPoly": {"vertices": [{"x": 415.0, "y": 624.0}, {"x": 514.0, "y": 624.0}, {"x": 514.0, "y": 642.0}, {"x": 415.0, "y": 642.0}]}, "description": "Swiped"}, {"boundingPoly": {"vertices": [{"x": 321.0, "y": 652.0}, {"x": 514.0, "y": 649.0}, {"x": 515.0, "y": 668.0}, {"x": 321.0, "y": 671.0}]}, "description": "xxxxxxxx1009"}, {"boundingPoly": {"vertices": [{"x": 47.0, "y": 700.0}, {"x": 289.0, "y": 703.0}, {"x": 289.0, "y": 722.0}, {"x": 47.0, "y": 718.0}]}, "description": "Transaction Type"}, {"boundingPoly": {"vertices": [{"x": 51.0, "y": 723.0}, {"x": 244.0, "y": 728.0}, {"x": 243.0, "y": 745.0}, {"x": 51.0, "y": 740.0}]}, "description": "Authorization"}, {"boundingPoly": {"vertices": [{"x": 57.0, "y": 746.0}, {"x": 248.0, "y": 751.0}, {"x": 247.0, "y": 766.0}, {"x": 57.0, "y": 760.0}]}, "description": "Approval Code"}, {"boundingPoly": {"vertices": [{"x": 62.0, "y": 764.0}, {"x": 207.0, "y": 767.0}, {"x": 207.0, "y": 783.0}, {"x": 62.0, "y": 780.0}]}, "description": "Payment ID"}, {"boundingPoly": {"vertices": [{"x": 60.0, "y": 788.0}, {"x": 224.0, "y": 789.0}, {"x": 224.0, "y": 808.0}, {"x": 60.0, "y": 807.0}]}, "description": "Merchant ID"}, {"boundingPoly": {"vertices": [{"x": 59.0, "y": 814.0}, {"x": 221.0, "y": 817.0}, {"x": 220.0, "y": 835.0}, {"x": 58.0, "y": 832.0}]}, "description": "Card Reader"}, {"boundingPoly": {"vertices": [{"x": 452.0, "y": 703.0}, {"x": 518.0, "y": 705.0}, {"x": 517.0, "y": 723.0}, {"x": 451.0, "y": 722.0}]}, "description": "Sale"}, {"boundingPoly": {"vertices": [{"x": 390.0, "y": 729.0}, {"x": 517.0, "y": 731.0}, {"x": 516.0, "y": 748.0}, {"x": 390.0, "y": 746.0}]}, "description": "Approved"}, {"boundingPoly": {"vertices": [{"x": 422.0, "y": 753.0}, {"x": 520.0, "y": 754.0}, {"x": 519.0, "y": 770.0}, {"x": 422.0, "y": 769.0}]}, "description": "582783"}, {"boundingPoly": {"vertices": [{"x": 333.0, "y": 772.0}, {"x": 520.0, "y": 776.0}, {"x": 519.0, "y": 792.0}, {"x": 333.0, "y": 787.0}]}, "description": "xsMXmgfhaNLq"}, {"boundingPoly": {"vertices": [{"x": 379.0, "y": 791.0}, {"x": 521.0, "y": 794.0}, {"x": 520.0, "y": 812.0}, {"x": 379.0, "y": 809.0}]}, "description": "027611244"}, {"boundingPoly": {"vertices": [{"x": 206.0, "y": 871.0}, {"x": 298.0, "y": 871.0}, {"x": 298.0, "y": 890.0}, {"x": 206.0, "y": 890.0}]}, "description": "Amount"}, {"boundingPoly": {"vertices": [{"x": 427.0, "y": 873.0}, {"x": 524.0, "y": 874.0}, {"x": 524.0, "y": 895.0}, {"x": 427.0, "y": 894.0}]}, "description": "$11.97"}, {"boundingPoly": {"vertices": [{"x": 49.0, "y": 970.0}, {"x": 531.0, "y": 984.0}, {"x": 530.0, "y": 1006.0}, {"x": 48.0, "y": 991.0}]}, "description": "Have you ever wanted to follow"}, {"boundingPoly": {"vertices": [{"x": 213.0, "y": 1005.0}, {"x": 359.0, "y": 1009.0}, {"x": 358.0, "y": 1029.0}, {"x": 213.0, "y": 1024.0}]}, "description": "a burrito"}, {"boundingPoly": {"vertices": [{"x": 68.0, "y": 1029.0}, {"x": 501.0, "y": 1042.0}, {"x": 500.0, "y": 1063.0}, {"x": 68.0, "y": 1049.0}]}, "description": "on Instagram? Checkout the"}, {"boundingPoly": {"vertices": [{"x": 162.0, "y": 1062.0}, {"x": 400.0, "y": 1069.0}, {"x": 399.0, "y": 1091.0}, {"x": 161.0, "y": 1082.0}]}, "description": "shenanigans of"}, {"boundingPoly": {"vertices": [{"x": 141.0, "y": 1093.0}, {"x": 418.0, "y": 1101.0}, {"x": 417.0, "y": 1124.0}, {"x": 140.0, "y": 1114.0}]}, "description": "@pintotheburrito"}, {"boundingPoly": {"vertices": [{"x": 85.0, "y": 1125.0}, {"x": 472.0, "y": 1137.0}, {"x": 471.0, "y": 1160.0}, {"x": 85.0, "y": 1146.0}]}, "description": "@DosToros on Instagram"}]}