{"textAnnotations": [{"boundingPoly": {"vertices": [{"x": 264.0, "y": 16.0}, {"x": 281.0, "y": 0.0}, {"x": 289.0, "y": 3.0}, {"x": 272.0, "y": 22.0}]}, "description": "PHP"}, {"boundingPoly": {"vertices": [{"x": 593.0, "y": 31.0}, {"x": 682.0, "y": 21.0}, {"x": 684.0, "y": 40.0}, {"x": 594.0, "y": 48.0}]}, "description": "Visit jambey"}, {"boundingPoly": {"vertices": [{"x": 170.0, "y": 19.0}, {"x": 224.0, "y": 19.0}, {"x": 224.0, "y": 82.0}, {"x": 170.0, "y": 82.0}]}, "description": " RRN:934547017914"}, {"boundingPoly": {"vertices": [{"x": 222.0, "y": 100.0}, {"x": 413.0, "y": 100.0}, {"x": 413.0, "y": 122.0}, {"x": 222.0, "y": 122.0}]}, "description": "merchant address"}, {"boundingPoly": {"vertices": [{"x": 388.0, "y": 128.0}, {"x": 421.0, "y": 128.0}, {"x": 421.0, "y": 143.0}, {"x": 388.0, "y": 143.0}]}, "description": " CITY"}, {"boundingPoly": {"vertices": [{"x": 319.0, "y": 142.0}, {"x": 426.0, "y": 142.0}, {"x": 426.0, "y": 160.0}, {"x": 319.0, "y": 160.0}]}, "description": "merchant phone"}, {"boundingPoly": {"vertices": [{"x": 243.0, "y": 160.0}, {"x": 345.0, "y": 160.0}, {"x": 345.0, "y": 175.0}, {"x": 243.0, "y": 175.0}]}, "description": " Serial Number:"}, {"boundingPoly": {"vertices": [{"x": 250.0, "y": 174.0}, {"x": 371.0, "y": 174.0}, {"x": 371.0, "y": 189.0}, {"x": 250.0, "y": 189.0}]}, "description": " 19080714134050135"}, {"boundingPoly": {"vertices": [{"x": 230.0, "y": 75.0}, {"x": 294.0, "y": 0.0}, {"x": 302.0, "y": 6.0}, {"x": 237.0, "y": 82.0}]}, "description": "... CUSTOMER COPY --"}, {"boundingPoly": {"vertices": [{"x": 229.0, "y": 89.0}, {"x": 393.0, "y": 89.0}, {"x": 393.0, "y": 109.0}, {"x": 229.0, "y": 109.0}]}, "description": "merchant address"}, {"boundingPoly": {"vertices": [{"x": 230.0, "y": 115.0}, {"x": 400.0, "y": 115.0}, {"x": 400.0, "y": 136.0}, {"x": 230.0, "y": 136.0}]}, "description": "merchant address"}, {"boundingPoly": {"vertices": [{"x": 262.0, "y": 69.0}, {"x": 416.0, "y": 63.0}, {"x": 416.0, "y": 75.0}, {"x": 263.0, "y": 82.0}]}, "description": "merchant name"}, {"boundingPoly": {"vertices": [{"x": 395.0, "y": 88.0}, {"x": 418.0, "y": 88.0}, {"x": 418.0, "y": 101.0}, {"x": 395.0, "y": 101.0}]}, "description": "merchant address"}, {"boundingPoly": {"vertices": [{"x": 415.0, "y": 99.0}, {"x": 440.0, "y": 99.0}, {"x": 440.0, "y": 114.0}, {"x": 415.0, "y": 114.0}]}, "description": "merchant address"}, {"boundingPoly": {"vertices": [{"x": 402.0, "y": 114.0}, {"x": 432.0, "y": 114.0}, {"x": 432.0, "y": 128.0}, {"x": 402.0, "y": 128.0}]}, "description": "merchant address"}, {"boundingPoly": {"vertices": [{"x": 175.0, "y": 11.0}, {"x": 247.0, "y": 11.0}, {"x": 247.0, "y": 93.0}, {"x": 175.0, "y": 93.0}]}, "description": " AID:A000000825018801"}, {"boundingPoly": {"vertices": [{"x": 284.0, "y": 80.0}, {"x": 375.0, "y": 77.0}, {"x": 375.0, "y": 88.0}, {"x": 284.0, "y": 91.0}]}, "description": "COMPANY, INC."}, {"boundingPoly": {"vertices": [{"x": 194.0, "y": 67.0}, {"x": 231.0, "y": 67.0}, {"x": 231.0, "y": 107.0}, {"x": 194.0, "y": 107.0}]}, "description": " TOTAL"}, {"boundingPoly": {"vertices": [{"x": 224.0, "y": 61.0}, {"x": 237.0, "y": 61.0}, {"x": 237.0, "y": 72.0}, {"x": 224.0, "y": 72.0}]}, "description": " :"}, {"boundingPoly": {"vertices": [{"x": 234.0, "y": 130.0}, {"x": 385.0, "y": 130.0}, {"x": 385.0, "y": 149.0}, {"x": 234.0, "y": 149.0}]}, "description": "merchant address"}, {"boundingPoly": {"vertices": [{"x": 348.0, "y": 156.0}, {"x": 420.0, "y": 156.0}, {"x": 420.0, "y": 174.0}, {"x": 348.0, "y": 174.0}]}, "description": " JJXTG91241"}, {"boundingPoly": {"vertices": [{"x": 229.0, "y": 146.0}, {"x": 317.0, "y": 146.0}, {"x": 317.0, "y": 163.0}, {"x": 229.0, "y": 163.0}]}, "description": " VAT REG TIN:"}, {"boundingPoly": {"vertices": [{"x": 49.0, "y": 156.0}, {"x": 63.0, "y": 315.0}, {"x": 48.0, "y": 317.0}, {"x": 34.0, "y": 157.0}]}, "description": "AMERICAN EXPRESS"}, {"boundingPoly": {"vertices": [{"x": 33.0, "y": 163.0}, {"x": 44.0, "y": 308.0}, {"x": 22.0, "y": 310.0}, {"x": 11.0, "y": 164.0}]}, "description": "CORPORATE"}, {"boundingPoly": {"vertices": [{"x": 213.0, "y": 177.0}, {"x": 248.0, "y": 177.0}, {"x": 248.0, "y": 191.0}, {"x": 213.0, "y": 191.0}]}, "description": " MIN:"}, {"boundingPoly": {"vertices": [{"x": 247.0, "y": 189.0}, {"x": 406.0, "y": 186.0}, {"x": 406.0, "y": 200.0}, {"x": 247.0, "y": 203.0}]}, "description": "FP82017044013530000001"}, {"boundingPoly": {"vertices": [{"x": 272.0, "y": 203.0}, {"x": 394.0, "y": 201.0}, {"x": 395.0, "y": 214.0}, {"x": 272.0, "y": 217.0}]}, "description": "17082511390934509"}, {"boundingPoly": {"vertices": [{"x": 215.0, "y": 218.0}, {"x": 258.0, "y": 218.0}, {"x": 258.0, "y": 231.0}, {"x": 215.0, "y": 232.0}]}, "description": "1 POS1"}, {"boundingPoly": {"vertices": [{"x": 408.0, "y": 216.0}, {"x": 424.0, "y": 216.0}, {"x": 424.0, "y": 228.0}, {"x": 408.0, "y": 228.0}]}, "description": " 14"}, {"boundingPoly": {"vertices": [{"x": 427.0, "y": 216.0}, {"x": 444.0, "y": 216.0}, {"x": 444.0, "y": 228.0}, {"x": 427.0, "y": 228.0}]}, "description": " JC"}, {"boundingPoly": {"vertices": [{"x": 214.0, "y": 247.0}, {"x": 282.0, "y": 247.0}, {"x": 282.0, "y": 260.0}, {"x": 214.0, "y": 260.0}]}, "description": " Trans No .:"}, {"boundingPoly": {"vertices": [{"x": 284.0, "y": 246.0}, {"x": 322.0, "y": 246.0}, {"x": 322.0, "y": 260.0}, {"x": 284.0, "y": 260.0}]}, "description": " 39695"}, {"boundingPoly": {"vertices": [{"x": 356.0, "y": 244.0}, {"x": 445.0, "y": 244.0}, {"x": 445.0, "y": 259.0}, {"x": 356.0, "y": 259.0}]}, "description": " Cust Count:0"}, {"boundingPoly": {"vertices": [{"x": 258.0, "y": 272.0}, {"x": 410.0, "y": 272.0}, {"x": 410.0, "y": 287.0}, {"x": 258.0, "y": 287.0}]}, "description": " 11 Dec 19 08:59:36 PM"}, {"boundingPoly": {"vertices": [{"x": 271.0, "y": 302.0}, {"x": 288.0, "y": 302.0}, {"x": 288.0, "y": 315.0}, {"x": 271.0, "y": 315.0}]}, "description": " --"}, {"boundingPoly": {"vertices": [{"x": 238.0, "y": 316.0}, {"x": 273.0, "y": 316.0}, {"x": 273.0, "y": 330.0}, {"x": 238.0, "y": 330.0}]}, "description": " Five"}, {"boundingPoly": {"vertices": [{"x": 239.0, "y": 331.0}, {"x": 273.0, "y": 331.0}, {"x": 273.0, "y": 343.0}, {"x": 239.0, "y": 343.0}]}, "description": " Mega"}, {"boundingPoly": {"vertices": [{"x": 232.0, "y": 345.0}, {"x": 348.0, "y": 345.0}, {"x": 348.0, "y": 359.0}, {"x": 232.0, "y": 359.0}]}, "description": " 376534597791007"}, {"boundingPoly": {"vertices": [{"x": 237.0, "y": 375.0}, {"x": 287.0, "y": 375.0}, {"x": 287.0, "y": 388.0}, {"x": 237.0, "y": 387.0}]}, "description": "AMEXCO"}, {"boundingPoly": {"vertices": [{"x": 291.0, "y": 303.0}, {"x": 326.0, "y": 303.0}, {"x": 326.0, "y": 315.0}, {"x": 291.0, "y": 315.0}]}, "description": " Dine"}, {"boundingPoly": {"vertices": [{"x": 276.0, "y": 316.0}, {"x": 319.0, "y": 316.0}, {"x": 319.0, "y": 329.0}, {"x": 276.0, "y": 329.0}]}, "description": " Fruit"}, {"boundingPoly": {"vertices": [{"x": 275.0, "y": 331.0}, {"x": 318.0, "y": 331.0}, {"x": 318.0, "y": 343.0}, {"x": 275.0, "y": 343.0}]}, "description": " Mango"}, {"boundingPoly": {"vertices": [{"x": 329.0, "y": 303.0}, {"x": 391.0, "y": 303.0}, {"x": 391.0, "y": 315.0}, {"x": 329.0, "y": 315.0}]}, "description": " In -----"}, {"boundingPoly": {"vertices": [{"x": 322.0, "y": 316.0}, {"x": 355.0, "y": 316.0}, {"x": 355.0, "y": 329.0}, {"x": 322.0, "y": 329.0}]}, "description": " 22oz"}, {"boundingPoly": {"vertices": [{"x": 322.0, "y": 330.0}, {"x": 420.0, "y": 330.0}, {"x": 420.0, "y": 343.0}, {"x": 322.0, "y": 343.0}]}, "description": " 22oz D 225.00"}, {"boundingPoly": {"vertices": [{"x": 358.0, "y": 316.0}, {"x": 419.0, "y": 316.0}, {"x": 419.0, "y": 329.0}, {"x": 358.0, "y": 329.0}]}, "description": " D 225.00"}, {"boundingPoly": {"vertices": [{"x": 219.0, "y": 317.0}, {"x": 218.0, "y": 340.0}, {"x": 210.0, "y": 340.0}, {"x": 211.0, "y": 317.0}]}, "description": "- -"}, {"boundingPoly": {"vertices": [{"x": 351.0, "y": 345.0}, {"x": 391.0, "y": 345.0}, {"x": 391.0, "y": 359.0}, {"x": 351.0, "y": 359.0}]}, "description": " 08/24"}, {"boundingPoly": {"vertices": [{"x": 373.0, "y": 373.0}, {"x": 420.0, "y": 374.0}, {"x": 420.0, "y": 387.0}, {"x": 373.0, "y": 386.0}]}, "description": "450.00"}, {"boundingPoly": {"vertices": [{"x": 230.0, "y": 404.0}, {"x": 279.0, "y": 404.0}, {"x": 279.0, "y": 419.0}, {"x": 230.0, "y": 419.0}]}, "description": " Total:"}, {"boundingPoly": {"vertices": [{"x": 230.0, "y": 420.0}, {"x": 314.0, "y": 420.0}, {"x": 314.0, "y": 434.0}, {"x": 230.0, "y": 434.0}]}, "description": " Amount Due:"}, {"boundingPoly": {"vertices": [{"x": 374.0, "y": 403.0}, {"x": 422.0, "y": 402.0}, {"x": 422.0, "y": 416.0}, {"x": 374.0, "y": 417.0}]}, "description": "450.00"}, {"boundingPoly": {"vertices": [{"x": 374.0, "y": 418.0}, {"x": 424.0, "y": 418.0}, {"x": 424.0, "y": 431.0}, {"x": 374.0, "y": 432.0}]}, "description": "450.00"}, {"boundingPoly": {"vertices": [{"x": 229.0, "y": 451.0}, {"x": 330.0, "y": 450.0}, {"x": 330.0, "y": 465.0}, {"x": 229.0, "y": 465.0}]}, "description": "VATable Sales"}, {"boundingPoly": {"vertices": [{"x": 227.0, "y": 467.0}, {"x": 312.0, "y": 467.0}, {"x": 312.0, "y": 482.0}, {"x": 227.0, "y": 482.0}]}, "description": "VAT Amount"}, {"boundingPoly": {"vertices": [{"x": 228.0, "y": 483.0}, {"x": 354.0, "y": 481.0}, {"x": 354.0, "y": 498.0}, {"x": 228.0, "y": 500.0}]}, "description": "VAT Exempt Sales"}, {"boundingPoly": {"vertices": [{"x": 228.0, "y": 499.0}, {"x": 341.0, "y": 499.0}, {"x": 341.0, "y": 515.0}, {"x": 228.0, "y": 515.0}]}, "description": " VAT Zero-rated"}, {"boundingPoly": {"vertices": [{"x": 226.0, "y": 515.0}, {"x": 396.0, "y": 513.0}, {"x": 396.0, "y": 528.0}, {"x": 226.0, "y": 530.0}]}, "description": "376534597791007 08/24"}, {"boundingPoly": {"vertices": [{"x": 379.0, "y": 529.0}, {"x": 427.0, "y": 529.0}, {"x": 428.0, "y": 543.0}, {"x": 379.0, "y": 544.0}]}, "description": "450.00"}, {"boundingPoly": {"vertices": [{"x": 347.0, "y": 545.0}, {"x": 420.0, "y": 545.0}, {"x": 420.0, "y": 562.0}, {"x": 347.0, "y": 562.0}]}, "description": " 100021577"}, {"boundingPoly": {"vertices": [{"x": 202.0, "y": 561.0}, {"x": 459.0, "y": 561.0}, {"x": 459.0, "y": 581.0}, {"x": 202.0, "y": 581.0}]}, "description": " 14 CLOSED 11 Dec 19 09:03:47 PM-"}, {"boundingPoly": {"vertices": [{"x": 375.0, "y": 449.0}, {"x": 424.0, "y": 449.0}, {"x": 424.0, "y": 463.0}, {"x": 375.0, "y": 463.0}]}, "description": "401.78"}, {"boundingPoly": {"vertices": [{"x": 384.0, "y": 465.0}, {"x": 424.0, "y": 464.0}, {"x": 424.0, "y": 479.0}, {"x": 384.0, "y": 479.0}]}, "description": "48.22"}, {"boundingPoly": {"vertices": [{"x": 391.0, "y": 482.0}, {"x": 425.0, "y": 481.0}, {"x": 425.0, "y": 495.0}, {"x": 391.0, "y": 496.0}]}, "description": "0.00"}, {"boundingPoly": {"vertices": [{"x": 344.0, "y": 497.0}, {"x": 426.0, "y": 497.0}, {"x": 426.0, "y": 514.0}, {"x": 344.0, "y": 514.0}]}, "description": " Sales 0.00"}, {"boundingPoly": {"vertices": [{"x": 221.0, "y": 532.0}, {"x": 277.0, "y": 531.0}, {"x": 277.0, "y": 545.0}, {"x": 221.0, "y": 547.0}]}, "description": "AMEXCO"}, {"boundingPoly": {"vertices": [{"x": 200.0, "y": 546.0}, {"x": 344.0, "y": 546.0}, {"x": 344.0, "y": 564.0}, {"x": 200.0, "y": 564.0}]}, "description": " Official Receipt:"}, {"boundingPoly": {"vertices": [{"x": 214.0, "y": 581.0}, {"x": 439.0, "y": 578.0}, {"x": 439.0, "y": 594.0}, {"x": 215.0, "y": 597.0}]}, "description": "Thank You Please Come Again"}, {"boundingPoly": {"vertices": [{"x": 212.0, "y": 633.0}, {"x": 271.0, "y": 633.0}, {"x": 271.0, "y": 652.0}, {"x": 212.0, "y": 652.0}]}, "description": " Sign X:"}, {"boundingPoly": {"vertices": [{"x": 193.0, "y": 669.0}, {"x": 300.0, "y": 669.0}, {"x": 300.0, "y": 689.0}, {"x": 193.0, "y": 689.0}]}, "description": " For feedback"}, {"boundingPoly": {"vertices": [{"x": 303.0, "y": 669.0}, {"x": 317.0, "y": 669.0}, {"x": 317.0, "y": 687.0}, {"x": 303.0, "y": 687.0}]}, "description": " &"}, {"boundingPoly": {"vertices": [{"x": 320.0, "y": 664.0}, {"x": 468.0, "y": 664.0}, {"x": 468.0, "y": 686.0}, {"x": 320.0, "y": 686.0}]}, "description": " suggestions, visit"}, {"boundingPoly": {"vertices": [{"x": 200.0, "y": 683.0}, {"x": 461.0, "y": 683.0}, {"x": 461.0, "y": 708.0}, {"x": 200.0, "y": 708.0}]}, "description": " https://feedback.jambajuice.ph"}, {"boundingPoly": {"vertices": [{"x": 276.0, "y": 744.0}, {"x": 395.0, "y": 742.0}, {"x": 395.0, "y": 759.0}, {"x": 277.0, "y": 762.0}]}, "description": "CUSTOMER INFO"}, {"boundingPoly": {"vertices": [{"x": 188.0, "y": 766.0}, {"x": 313.0, "y": 766.0}, {"x": 313.0, "y": 787.0}, {"x": 188.0, "y": 787.0}]}, "description": " Customer Name:"}, {"boundingPoly": {"vertices": [{"x": 188.0, "y": 791.0}, {"x": 262.0, "y": 791.0}, {"x": 262.0, "y": 806.0}, {"x": 188.0, "y": 806.0}]}, "description": " Address:"}, {"boundingPoly": {"vertices": [{"x": 188.0, "y": 812.0}, {"x": 225.0, "y": 812.0}, {"x": 225.0, "y": 827.0}, {"x": 188.0, "y": 827.0}]}, "description": " TIN:"}, {"boundingPoly": {"vertices": [{"x": 275.0, "y": 831.0}, {"x": 386.0, "y": 828.0}, {"x": 387.0, "y": 844.0}, {"x": 275.0, "y": 847.0}]}, "description": "Pos Provider"}, {"boundingPoly": {"vertices": [{"x": 254.0, "y": 845.0}, {"x": 481.0, "y": 845.0}, {"x": 481.0, "y": 871.0}, {"x": 254.0, "y": 871.0}]}, "description": " Labels Sys. Marketing In"}, {"boundingPoly": {"vertices": [{"x": 375.0, "y": 889.0}, {"x": 485.0, "y": 889.0}, {"x": 485.0, "y": 912.0}, {"x": 375.0, "y": 912.0}]}, "description": " Makati City"}, {"boundingPoly": {"vertices": [{"x": 322.0, "y": 913.0}, {"x": 468.0, "y": 913.0}, {"x": 468.0, "y": 935.0}, {"x": 322.0, "y": 935.0}]}, "description": " 221-007-336-113"}, {"boundingPoly": {"vertices": [{"x": 240.0, "y": 937.0}, {"x": 439.0, "y": 937.0}, {"x": 439.0, "y": 957.0}, {"x": 240.0, "y": 957.0}]}, "description": " Accreditation, Number:"}, {"boundingPoly": {"vertices": [{"x": 219.0, "y": 961.0}, {"x": 439.0, "y": 958.0}, {"x": 439.0, "y": 977.0}, {"x": 219.0, "y": 979.0}]}, "description": "04100815695800056551810"}, {"boundingPoly": {"vertices": [{"x": 277.0, "y": 983.0}, {"x": 381.0, "y": 983.0}, {"x": 381.0, "y": 1001.0}, {"x": 277.0, "y": 1001.0}]}, "description": " PTU Number:"}, {"boundingPoly": {"vertices": [{"x": 218.0, "y": 1004.0}, {"x": 387.0, "y": 1004.0}, {"x": 387.0, "y": 1021.0}, {"x": 218.0, "y": 1021.0}]}, "description": "FP082019-125-0224"}, {"boundingPoly": {"vertices": [{"x": 184.0, "y": 853.0}, {"x": 233.0, "y": 853.0}, {"x": 233.0, "y": 872.0}, {"x": 184.0, "y": 872.0}]}, "description": " Tills"}, {"boundingPoly": {"vertices": [{"x": 236.0, "y": 853.0}, {"x": 251.0, "y": 853.0}, {"x": 251.0, "y": 871.0}, {"x": 236.0, "y": 871.0}]}, "description": " N"}, {"boundingPoly": {"vertices": [{"x": 194.0, "y": 875.0}, {"x": 475.0, "y": 868.0}, {"x": 476.0, "y": 887.0}, {"x": 194.0, "y": 894.0}]}, "description": "6th floor, BA Lepanto Building"}, {"boundingPoly": {"vertices": [{"x": 183.0, "y": 893.0}, {"x": 372.0, "y": 893.0}, {"x": 372.0, "y": 915.0}, {"x": 183.0, "y": 915.0}]}, "description": " Paseo de Roxas Ave .,"}, {"boundingPoly": {"vertices": [{"x": 203.0, "y": 916.0}, {"x": 319.0, "y": 916.0}, {"x": 319.0, "y": 938.0}, {"x": 203.0, "y": 938.0}]}, "description": " VAT Reg TIN:"}]}