{"textAnnotations": [{"boundingPoly": {"vertices": [{"x": 54.0, "y": 26.0}, {"x": 247.0, "y": 26.0}, {"x": 247.0, "y": 69.0}, {"x": 54.0, "y": 69.0}]}, "description": " Breakfast-"}, {"boundingPoly": {"vertices": [{"x": 219.0, "y": 88.0}, {"x": 284.0, "y": 88.0}, {"x": 284.0, "y": 106.0}, {"x": 219.0, "y": 106.0}]}, "description": " Visiting"}, {"boundingPoly": {"vertices": [{"x": 188.0, "y": 108.0}, {"x": 245.0, "y": 108.0}, {"x": 245.0, "y": 125.0}, {"x": 188.0, "y": 125.0}]}, "description": "merchant name"}, {"boundingPoly": {"vertices": [{"x": 129.0, "y": 128.0}, {"x": 276.0, "y": 126.0}, {"x": 276.0, "y": 142.0}, {"x": 129.0, "y": 145.0}]}, "description": "merchant address"}, {"boundingPoly": {"vertices": [{"x": 234.0, "y": 145.0}, {"x": 253.0, "y": 145.0}, {"x": 253.0, "y": 162.0}, {"x": 234.0, "y": 162.0}]}, "description": "merchant address"}, {"boundingPoly": {"vertices": [{"x": 254.0, "y": 29.0}, {"x": 380.0, "y": 29.0}, {"x": 380.0, "y": 67.0}, {"x": 254.0, "y": 67.0}]}, "description": " traveling"}, {"boundingPoly": {"vertices": [{"x": 119.0, "y": 91.0}, {"x": 158.0, "y": 91.0}, {"x": 158.0, "y": 108.0}, {"x": 119.0, "y": 108.0}]}, "description": " Thank"}, {"boundingPoly": {"vertices": [{"x": 161.0, "y": 90.0}, {"x": 217.0, "y": 90.0}, {"x": 217.0, "y": 107.0}, {"x": 161.0, "y": 107.0}]}, "description": " You For"}, {"boundingPoly": {"vertices": [{"x": 160.0, "y": 109.0}, {"x": 185.0, "y": 109.0}, {"x": 185.0, "y": 125.0}, {"x": 160.0, "y": 125.0}]}, "description": "merchant name"}, {"boundingPoly": {"vertices": [{"x": 146.0, "y": 147.0}, {"x": 187.0, "y": 147.0}, {"x": 187.0, "y": 164.0}, {"x": 146.0, "y": 164.0}]}, "description": "merchant address"}, {"boundingPoly": {"vertices": [{"x": 190.0, "y": 146.0}, {"x": 231.0, "y": 146.0}, {"x": 231.0, "y": 163.0}, {"x": 190.0, "y": 163.0}]}, "description": "merchant address"}, {"boundingPoly": {"vertices": [{"x": 115.0, "y": 187.0}, {"x": 198.0, "y": 187.0}, {"x": 198.0, "y": 216.0}, {"x": 115.0, "y": 216.0}]}, "description": " Order"}, {"boundingPoly": {"vertices": [{"x": 107.0, "y": 237.0}, {"x": 149.0, "y": 237.0}, {"x": 149.0, "y": 252.0}, {"x": 107.0, "y": 252.0}]}, "description": " Roast"}, {"boundingPoly": {"vertices": [{"x": 48.0, "y": 255.0}, {"x": 149.0, "y": 255.0}, {"x": 149.0, "y": 270.0}, {"x": 48.0, "y": 271.0}]}, "description": "Bacon Biscuit"}, {"boundingPoly": {"vertices": [{"x": 48.0, "y": 274.0}, {"x": 119.0, "y": 275.0}, {"x": 119.0, "y": 290.0}, {"x": 48.0, "y": 288.0}]}, "description": "Hashbrown"}, {"boundingPoly": {"vertices": [{"x": 203.0, "y": 186.0}, {"x": 281.0, "y": 186.0}, {"x": 281.0, "y": 215.0}, {"x": 203.0, "y": 215.0}]}, "description": " # 238"}, {"boundingPoly": {"vertices": [{"x": 333.0, "y": 215.0}, {"x": 357.0, "y": 216.0}, {"x": 356.0, "y": 230.0}, {"x": 333.0, "y": 230.0}]}, "description": "CAD"}, {"boundingPoly": {"vertices": [{"x": 324.0, "y": 234.0}, {"x": 354.0, "y": 234.0}, {"x": 354.0, "y": 250.0}, {"x": 325.0, "y": 250.0}]}, "description": "1.71"}, {"boundingPoly": {"vertices": [{"x": 324.0, "y": 254.0}, {"x": 357.0, "y": 254.0}, {"x": 357.0, "y": 269.0}, {"x": 324.0, "y": 269.0}]}, "description": "3.69"}, {"boundingPoly": {"vertices": [{"x": 325.0, "y": 273.0}, {"x": 357.0, "y": 273.0}, {"x": 357.0, "y": 288.0}, {"x": 326.0, "y": 288.0}]}, "description": "1.59"}, {"boundingPoly": {"vertices": [{"x": 49.0, "y": 236.0}, {"x": 66.0, "y": 236.0}, {"x": 66.0, "y": 253.0}, {"x": 49.0, "y": 253.0}]}, "description": " MD"}, {"boundingPoly": {"vertices": [{"x": 69.0, "y": 237.0}, {"x": 104.0, "y": 237.0}, {"x": 104.0, "y": 252.0}, {"x": 69.0, "y": 252.0}]}, "description": " Dark"}, {"boundingPoly": {"vertices": [{"x": 49.0, "y": 312.0}, {"x": 88.0, "y": 312.0}, {"x": 88.0, "y": 328.0}, {"x": 49.0, "y": 328.0}]}, "description": " TH BF"}, {"boundingPoly": {"vertices": [{"x": 91.0, "y": 312.0}, {"x": 133.0, "y": 312.0}, {"x": 133.0, "y": 328.0}, {"x": 91.0, "y": 328.0}]}, "description": " Combo"}, {"boundingPoly": {"vertices": [{"x": 318.0, "y": 312.0}, {"x": 357.0, "y": 312.0}, {"x": 357.0, "y": 327.0}, {"x": 318.0, "y": 327.0}]}, "description": "-1.10"}, {"boundingPoly": {"vertices": [{"x": 220.0, "y": 388.0}, {"x": 288.0, "y": 389.0}, {"x": 288.0, "y": 404.0}, {"x": 220.0, "y": 404.0}]}, "description": "Sub Total"}, {"boundingPoly": {"vertices": [{"x": 220.0, "y": 408.0}, {"x": 299.0, "y": 408.0}, {"x": 299.0, "y": 422.0}, {"x": 220.0, "y": 422.0}]}, "description": "Tax Amount"}, {"boundingPoly": {"vertices": [{"x": 324.0, "y": 389.0}, {"x": 357.0, "y": 389.0}, {"x": 357.0, "y": 404.0}, {"x": 324.0, "y": 404.0}]}, "description": "5.89"}, {"boundingPoly": {"vertices": [{"x": 324.0, "y": 407.0}, {"x": 357.0, "y": 407.0}, {"x": 357.0, "y": 422.0}, {"x": 325.0, "y": 422.0}]}, "description": "0.76"}, {"boundingPoly": {"vertices": [{"x": 39.0, "y": 463.0}, {"x": 177.0, "y": 462.0}, {"x": 177.0, "y": 491.0}, {"x": 39.0, "y": 492.0}]}, "description": "Total CAD"}, {"boundingPoly": {"vertices": [{"x": 296.0, "y": 463.0}, {"x": 359.0, "y": 463.0}, {"x": 359.0, "y": 489.0}, {"x": 296.0, "y": 489.0}]}, "description": "6.65"}, {"boundingPoly": {"vertices": [{"x": 39.0, "y": 552.0}, {"x": 164.0, "y": 551.0}, {"x": 164.0, "y": 567.0}, {"x": 39.0, "y": 568.0}]}, "description": "5000 Credit Card"}, {"boundingPoly": {"vertices": [{"x": 324.0, "y": 550.0}, {"x": 357.0, "y": 550.0}, {"x": 356.0, "y": 565.0}, {"x": 324.0, "y": 565.0}]}, "description": "6.65"}, {"boundingPoly": {"vertices": [{"x": 40.0, "y": 607.0}, {"x": 356.0, "y": 607.0}, {"x": 356.0, "y": 626.0}, {"x": 40.0, "y": 626.0}]}, "description": " 10/24/2019 08:16 AM #:12292 Op:5025 C:121"}, {"boundingPoly": {"vertices": [{"x": 40.0, "y": 628.0}, {"x": 118.0, "y": 628.0}, {"x": 118.0, "y": 645.0}, {"x": 40.0, "y": 645.0}]}, "description": " 201 S:1212"}, {"boundingPoly": {"vertices": [{"x": 39.0, "y": 648.0}, {"x": 118.0, "y": 648.0}, {"x": 118.0, "y": 666.0}, {"x": 39.0, "y": 666.0}]}, "description": " Served you"}, {"boundingPoly": {"vertices": [{"x": 122.0, "y": 647.0}, {"x": 208.0, "y": 647.0}, {"x": 208.0, "y": 665.0}, {"x": 122.0, "y": 665.0}]}, "description": " : Wendy Lam"}, {"boundingPoly": {"vertices": [{"x": 39.0, "y": 688.0}, {"x": 200.0, "y": 686.0}, {"x": 200.0, "y": 702.0}, {"x": 39.0, "y": 704.0}]}, "description": "Global Rewards Points"}, {"boundingPoly": {"vertices": [{"x": 183.0, "y": 706.0}, {"x": 207.0, "y": 706.0}, {"x": 207.0, "y": 721.0}, {"x": 183.0, "y": 721.0}]}, "description": " 200"}, {"boundingPoly": {"vertices": [{"x": 185.0, "y": 725.0}, {"x": 200.0, "y": 725.0}, {"x": 200.0, "y": 741.0}, {"x": 184.0, "y": 741.0}]}, "description": "15"}, {"boundingPoly": {"vertices": [{"x": 183.0, "y": 745.0}, {"x": 193.0, "y": 746.0}, {"x": 192.0, "y": 760.0}, {"x": 182.0, "y": 758.0}]}, "description": "0"}, {"boundingPoly": {"vertices": [{"x": 182.0, "y": 764.0}, {"x": 207.0, "y": 763.0}, {"x": 208.0, "y": 779.0}, {"x": 182.0, "y": 779.0}]}, "description": "215"}, {"boundingPoly": {"vertices": [{"x": 38.0, "y": 707.0}, {"x": 176.0, "y": 707.0}, {"x": 176.0, "y": 723.0}, {"x": 38.0, "y": 723.0}]}, "description": " Previous Balance:"}, {"boundingPoly": {"vertices": [{"x": 40.0, "y": 727.0}, {"x": 146.0, "y": 727.0}, {"x": 146.0, "y": 743.0}, {"x": 40.0, "y": 743.0}]}, "description": " Accrued (new):"}, {"boundingPoly": {"vertices": [{"x": 39.0, "y": 746.0}, {"x": 150.0, "y": 746.0}, {"x": 150.0, "y": 762.0}, {"x": 39.0, "y": 762.0}]}, "description": " Redeemed (used)"}, {"boundingPoly": {"vertices": [{"x": 39.0, "y": 766.0}, {"x": 130.0, "y": 766.0}, {"x": 130.0, "y": 782.0}, {"x": 39.0, "y": 782.0}]}, "description": " New Balance:"}, {"boundingPoly": {"vertices": [{"x": 153.0, "y": 746.0}, {"x": 162.0, "y": 746.0}, {"x": 162.0, "y": 761.0}, {"x": 153.0, "y": 761.0}]}, "description": " :"}, {"boundingPoly": {"vertices": [{"x": 114.0, "y": 803.0}, {"x": 280.0, "y": 802.0}, {"x": 281.0, "y": 818.0}, {"x": 115.0, "y": 820.0}]}, "description": "GST# 88778 3355 RT0001"}]}