{"textAnnotations": [{"boundingPoly": {"vertices": [{"x": 92.0, "y": 52.0}, {"x": 153.0, "y": 52.0}, {"x": 153.0, "y": 105.0}, {"x": 92.0, "y": 105.0}]}, "description": "merchant name"}, {"boundingPoly": {"vertices": [{"x": 111.0, "y": 127.0}, {"x": 191.0, "y": 127.0}, {"x": 191.0, "y": 162.0}, {"x": 111.0, "y": 162.0}]}, "description": "merchant address"}, {"boundingPoly": {"vertices": [{"x": 132.0, "y": 188.0}, {"x": 235.0, "y": 188.0}, {"x": 235.0, "y": 222.0}, {"x": 132.0, "y": 222.0}]}, "description": " GSTIN NO"}, {"boundingPoly": {"vertices": [{"x": 161.0, "y": 59.0}, {"x": 318.0, "y": 59.0}, {"x": 318.0, "y": 116.0}, {"x": 161.0, "y": 116.0}]}, "description": "merchant name"}, {"boundingPoly": {"vertices": [{"x": 326.0, "y": 70.0}, {"x": 365.0, "y": 70.0}, {"x": 365.0, "y": 118.0}, {"x": 326.0, "y": 118.0}]}, "description": "merchant name"}, {"boundingPoly": {"vertices": [{"x": 194.0, "y": 135.0}, {"x": 375.0, "y": 135.0}, {"x": 375.0, "y": 172.0}, {"x": 194.0, "y": 172.0}]}, "description": "merchant address"}, {"boundingPoly": {"vertices": [{"x": 373.0, "y": 72.0}, {"x": 421.0, "y": 72.0}, {"x": 421.0, "y": 119.0}, {"x": 373.0, "y": 119.0}]}, "description": "merchant name"}, {"boundingPoly": {"vertices": [{"x": 430.0, "y": 74.0}, {"x": 489.0, "y": 74.0}, {"x": 489.0, "y": 119.0}, {"x": 430.0, "y": 119.0}]}, "description": "merchant name"}, {"boundingPoly": {"vertices": [{"x": 380.0, "y": 145.0}, {"x": 467.0, "y": 145.0}, {"x": 467.0, "y": 173.0}, {"x": 380.0, "y": 173.0}]}, "description": "merchant address"}, {"boundingPoly": {"vertices": [{"x": 193.0, "y": 109.0}, {"x": 366.0, "y": 117.0}, {"x": 364.0, "y": 145.0}, {"x": 192.0, "y": 135.0}]}, "description": "merchant address"}, {"boundingPoly": {"vertices": [{"x": 229.0, "y": 167.0}, {"x": 340.0, "y": 169.0}, {"x": 339.0, "y": 201.0}, {"x": 229.0, "y": 199.0}]}, "description": "merchant address"}, {"boundingPoly": {"vertices": [{"x": 47.0, "y": 204.0}, {"x": 520.0, "y": 230.0}, {"x": 518.0, "y": 258.0}, {"x": 46.0, "y": 238.0}]}, "description": "CIN-U22212DL2009PTC1"}, {"boundingPoly": {"vertices": [{"x": 44.0, "y": 287.0}, {"x": 174.0, "y": 287.0}, {"x": 174.0, "y": 328.0}, {"x": 44.0, "y": 328.0}]}, "description": " In ) ce No."}, {"boundingPoly": {"vertices": [{"x": 40.0, "y": 348.0}, {"x": 78.0, "y": 348.0}, {"x": 78.0, "y": 377.0}, {"x": 40.0, "y": 377.0}]}, "description": " Da1"}, {"boundingPoly": {"vertices": [{"x": 38.0, "y": 379.0}, {"x": 81.0, "y": 379.0}, {"x": 81.0, "y": 408.0}, {"x": 38.0, "y": 408.0}]}, "description": " POS"}, {"boundingPoly": {"vertices": [{"x": 238.0, "y": 196.0}, {"x": 445.0, "y": 196.0}, {"x": 445.0, "y": 229.0}, {"x": 238.0, "y": 229.0}]}, "description": " :- 07AADCT2481N1ZY"}, {"boundingPoly": {"vertices": [{"x": 178.0, "y": 301.0}, {"x": 190.0, "y": 301.0}, {"x": 190.0, "y": 330.0}, {"x": 178.0, "y": 330.0}]}, "description": " :"}, {"boundingPoly": {"vertices": [{"x": 177.0, "y": 332.0}, {"x": 201.0, "y": 332.0}, {"x": 201.0, "y": 359.0}, {"x": 177.0, "y": 359.0}]}, "description": " :"}, {"boundingPoly": {"vertices": [{"x": 199.0, "y": 360.0}, {"x": 297.0, "y": 365.0}, {"x": 296.0, "y": 397.0}, {"x": 197.0, "y": 392.0}]}, "description": "11,30/19"}, {"boundingPoly": {"vertices": [{"x": 43.0, "y": 320.0}, {"x": 174.0, "y": 320.0}, {"x": 174.0, "y": 357.0}, {"x": 43.0, "y": 357.0}]}, "description": " Stad Name"}, {"boundingPoly": {"vertices": [{"x": 357.0, "y": 311.0}, {"x": 514.0, "y": 312.0}, {"x": 513.0, "y": 338.0}, {"x": 357.0, "y": 337.0}]}, "description": "19PW169073974"}, {"boundingPoly": {"vertices": [{"x": 332.0, "y": 338.0}, {"x": 415.0, "y": 338.0}, {"x": 415.0, "y": 370.0}, {"x": 332.0, "y": 370.0}]}, "description": " Trans:"}, {"boundingPoly": {"vertices": [{"x": 343.0, "y": 369.0}, {"x": 408.0, "y": 369.0}, {"x": 408.0, "y": 396.0}, {"x": 343.0, "y": 396.0}]}, "description": " Time:"}, {"boundingPoly": {"vertices": [{"x": 81.0, "y": 352.0}, {"x": 98.0, "y": 352.0}, {"x": 98.0, "y": 379.0}, {"x": 81.0, "y": 379.0}]}, "description": " a"}, {"boundingPoly": {"vertices": [{"x": 84.0, "y": 383.0}, {"x": 125.0, "y": 383.0}, {"x": 125.0, "y": 411.0}, {"x": 84.0, "y": 411.0}]}, "description": " To."}, {"boundingPoly": {"vertices": [{"x": 223.0, "y": 336.0}, {"x": 284.0, "y": 339.0}, {"x": 282.0, "y": 365.0}, {"x": 223.0, "y": 362.0}]}, "description": "SHAIL"}, {"boundingPoly": {"vertices": [{"x": 430.0, "y": 340.0}, {"x": 513.0, "y": 342.0}, {"x": 514.0, "y": 369.0}, {"x": 430.0, "y": 368.0}]}, "description": "331139"}, {"boundingPoly": {"vertices": [{"x": 413.0, "y": 372.0}, {"x": 513.0, "y": 372.0}, {"x": 513.0, "y": 397.0}, {"x": 413.0, "y": 397.0}]}, "description": " ********"}, {"boundingPoly": {"vertices": [{"x": 199.0, "y": 390.0}, {"x": 264.0, "y": 393.0}, {"x": 262.0, "y": 424.0}, {"x": 197.0, "y": 420.0}]}, "description": "PW 69"}, {"boundingPoly": {"vertices": [{"x": 181.0, "y": 445.0}, {"x": 320.0, "y": 445.0}, {"x": 320.0, "y": 485.0}, {"x": 181.0, "y": 485.0}]}, "description": " Price/Unit"}, {"boundingPoly": {"vertices": [{"x": 39.0, "y": 436.0}, {"x": 68.0, "y": 436.0}, {"x": 68.0, "y": 471.0}, {"x": 39.0, "y": 471.0}]}, "description": " Ite"}, {"boundingPoly": {"vertices": [{"x": 73.0, "y": 439.0}, {"x": 88.0, "y": 439.0}, {"x": 88.0, "y": 472.0}, {"x": 73.0, "y": 472.0}]}, "description": " m"}, {"boundingPoly": {"vertices": [{"x": 93.0, "y": 440.0}, {"x": 167.0, "y": 440.0}, {"x": 167.0, "y": 477.0}, {"x": 93.0, "y": 477.0}]}, "description": " Name"}, {"boundingPoly": {"vertices": [{"x": 324.0, "y": 453.0}, {"x": 371.0, "y": 453.0}, {"x": 371.0, "y": 487.0}, {"x": 324.0, "y": 487.0}]}, "description": " Qty"}, {"boundingPoly": {"vertices": [{"x": 448.0, "y": 459.0}, {"x": 514.0, "y": 462.0}, {"x": 513.0, "y": 486.0}, {"x": 448.0, "y": 485.0}]}, "description": "Value"}, {"boundingPoly": {"vertices": [{"x": 34.0, "y": 528.0}, {"x": 429.0, "y": 546.0}, {"x": 427.0, "y": 574.0}, {"x": 33.0, "y": 556.0}]}, "description": "SCHWEPPES FLAVOURED WATER 500 ML"}, {"boundingPoly": {"vertices": [{"x": 28.0, "y": 591.0}, {"x": 73.0, "y": 591.0}, {"x": 73.0, "y": 620.0}, {"x": 28.0, "y": 620.0}]}, "description": " RAI"}, {"boundingPoly": {"vertices": [{"x": 27.0, "y": 622.0}, {"x": 135.0, "y": 625.0}, {"x": 134.0, "y": 652.0}, {"x": 27.0, "y": 649.0}]}, "description": "2003000"}, {"boundingPoly": {"vertices": [{"x": 30.0, "y": 654.0}, {"x": 467.0, "y": 666.0}, {"x": 467.0, "y": 693.0}, {"x": 30.0, "y": 681.0}]}, "description": "YOUA BAR BREAKFAST BAR APPLE CINAMN"}, {"boundingPoly": {"vertices": [{"x": 461.0, "y": 695.0}, {"x": 526.0, "y": 696.0}, {"x": 525.0, "y": 727.0}, {"x": 459.0, "y": 726.0}]}, "description": "84.75"}, {"boundingPoly": {"vertices": [{"x": 30.0, "y": 559.0}, {"x": 138.0, "y": 563.0}, {"x": 137.0, "y": 591.0}, {"x": 29.0, "y": 587.0}]}, "description": "2201 010"}, {"boundingPoly": {"vertices": [{"x": 210.0, "y": 569.0}, {"x": 272.0, "y": 570.0}, {"x": 271.0, "y": 596.0}, {"x": 208.0, "y": 593.0}]}, "description": "40.00"}, {"boundingPoly": {"vertices": [{"x": 76.0, "y": 593.0}, {"x": 468.0, "y": 593.0}, {"x": 468.0, "y": 634.0}, {"x": 76.0, "y": 634.0}]}, "description": " FRESS JUICE POMEGRANATE 100% BT"}, {"boundingPoly": {"vertices": [{"x": 443.0, "y": 637.0}, {"x": 527.0, "y": 637.0}, {"x": 527.0, "y": 663.0}, {"x": 443.0, "y": 663.0}]}, "description": "214.29"}, {"boundingPoly": {"vertices": [{"x": 460.0, "y": 573.0}, {"x": 527.0, "y": 574.0}, {"x": 526.0, "y": 606.0}, {"x": 459.0, "y": 606.0}]}, "description": "33.90"}, {"boundingPoly": {"vertices": [{"x": 191.0, "y": 629.0}, {"x": 269.0, "y": 631.0}, {"x": 269.0, "y": 657.0}, {"x": 190.0, "y": 654.0}]}, "description": "240.00"}, {"boundingPoly": {"vertices": [{"x": 27.0, "y": 685.0}, {"x": 109.0, "y": 687.0}, {"x": 109.0, "y": 714.0}, {"x": 26.0, "y": 713.0}]}, "description": "210090"}, {"boundingPoly": {"vertices": [{"x": 28.0, "y": 716.0}, {"x": 456.0, "y": 726.0}, {"x": 455.0, "y": 750.0}, {"x": 27.0, "y": 739.0}]}, "description": "YOUA BAR BREAKFAST BAR APRICOT FIG"}, {"boundingPoly": {"vertices": [{"x": 365.0, "y": 752.0}, {"x": 384.0, "y": 752.0}, {"x": 383.0, "y": 773.0}, {"x": 364.0, "y": 772.0}]}, "description": "2"}, {"boundingPoly": {"vertices": [{"x": 204.0, "y": 690.0}, {"x": 270.0, "y": 692.0}, {"x": 269.0, "y": 718.0}, {"x": 204.0, "y": 716.0}]}, "description": "50.00"}, {"boundingPoly": {"vertices": [{"x": 361.0, "y": 699.0}, {"x": 381.0, "y": 699.0}, {"x": 380.0, "y": 721.0}, {"x": 361.0, "y": 721.0}]}, "description": "2"}, {"boundingPoly": {"vertices": [{"x": 21.0, "y": 743.0}, {"x": 105.0, "y": 744.0}, {"x": 105.0, "y": 769.0}, {"x": 20.0, "y": 768.0}]}, "description": "210650"}, {"boundingPoly": {"vertices": [{"x": 201.0, "y": 746.0}, {"x": 270.0, "y": 747.0}, {"x": 270.0, "y": 771.0}, {"x": 201.0, "y": 771.0}]}, "description": "50.00"}, {"boundingPoly": {"vertices": [{"x": 467.0, "y": 751.0}, {"x": 533.0, "y": 751.0}, {"x": 534.0, "y": 776.0}, {"x": 467.0, "y": 775.0}]}, "description": "84.75"}, {"boundingPoly": {"vertices": [{"x": 17.0, "y": 802.0}, {"x": 156.0, "y": 802.0}, {"x": 156.0, "y": 833.0}, {"x": 17.0, "y": 833.0}]}, "description": " Item Count"}, {"boundingPoly": {"vertices": [{"x": 162.0, "y": 805.0}, {"x": 178.0, "y": 805.0}, {"x": 178.0, "y": 833.0}, {"x": 162.0, "y": 833.0}]}, "description": " :"}, {"boundingPoly": {"vertices": [{"x": 210.0, "y": 807.0}, {"x": 233.0, "y": 808.0}, {"x": 233.0, "y": 832.0}, {"x": 210.0, "y": 832.0}]}, "description": "6"}, {"boundingPoly": {"vertices": [{"x": 444.0, "y": 807.0}, {"x": 528.0, "y": 809.0}, {"x": 527.0, "y": 839.0}, {"x": 444.0, "y": 838.0}]}, "description": "417.69"}, {"boundingPoly": {"vertices": [{"x": 14.0, "y": 870.0}, {"x": 77.0, "y": 874.0}, {"x": 76.0, "y": 899.0}, {"x": 13.0, "y": 896.0}]}, "description": "Gro #"}, {"boundingPoly": {"vertices": [{"x": 14.0, "y": 904.0}, {"x": 50.0, "y": 904.0}, {"x": 50.0, "y": 930.0}, {"x": 14.0, "y": 930.0}]}, "description": " GD:"}, {"boundingPoly": {"vertices": [{"x": 14.0, "y": 934.0}, {"x": 72.0, "y": 937.0}, {"x": 72.0, "y": 960.0}, {"x": 11.0, "y": 961.0}]}, "description": "GD' 2"}, {"boundingPoly": {"vertices": [{"x": 16.0, "y": 976.0}, {"x": 50.0, "y": 974.0}, {"x": 50.0, "y": 988.0}, {"x": 16.0, "y": 988.0}]}, "description": "--"}, {"boundingPoly": {"vertices": [{"x": 15.0, "y": 998.0}, {"x": 138.0, "y": 998.0}, {"x": 138.0, "y": 1026.0}, {"x": 15.0, "y": 1025.0}]}, "description": "TON TAX"}, {"boundingPoly": {"vertices": [{"x": 118.0, "y": 870.0}, {"x": 176.0, "y": 872.0}, {"x": 176.0, "y": 899.0}, {"x": 119.0, "y": 899.0}]}, "description": "Base"}, {"boundingPoly": {"vertices": [{"x": 119.0, "y": 903.0}, {"x": 208.0, "y": 904.0}, {"x": 206.0, "y": 932.0}, {"x": 119.0, "y": 932.0}]}, "description": "203.40"}, {"boundingPoly": {"vertices": [{"x": 119.0, "y": 936.0}, {"x": 204.0, "y": 937.0}, {"x": 203.0, "y": 964.0}, {"x": 119.0, "y": 965.0}]}, "description": "214.29"}, {"boundingPoly": {"vertices": [{"x": 226.0, "y": 871.0}, {"x": 284.0, "y": 871.0}, {"x": 284.0, "y": 899.0}, {"x": 226.0, "y": 899.0}]}, "description": "SGST"}, {"boundingPoly": {"vertices": [{"x": 222.0, "y": 903.0}, {"x": 291.0, "y": 904.0}, {"x": 291.0, "y": 936.0}, {"x": 222.0, "y": 935.0}]}, "description": "18.31"}, {"boundingPoly": {"vertices": [{"x": 216.0, "y": 935.0}, {"x": 295.0, "y": 936.0}, {"x": 295.0, "y": 967.0}, {"x": 215.0, "y": 966.0}]}, "description": "12.86"}, {"boundingPoly": {"vertices": [{"x": 329.0, "y": 871.0}, {"x": 382.0, "y": 871.0}, {"x": 382.0, "y": 902.0}, {"x": 330.0, "y": 902.0}]}, "description": "CGST"}, {"boundingPoly": {"vertices": [{"x": 329.0, "y": 905.0}, {"x": 397.0, "y": 905.0}, {"x": 397.0, "y": 936.0}, {"x": 328.0, "y": 937.0}]}, "description": "18.31"}, {"boundingPoly": {"vertices": [{"x": 334.0, "y": 938.0}, {"x": 401.0, "y": 937.0}, {"x": 401.0, "y": 968.0}, {"x": 334.0, "y": 969.0}]}, "description": "12.86"}, {"boundingPoly": {"vertices": [{"x": 436.0, "y": 873.0}, {"x": 489.0, "y": 872.0}, {"x": 490.0, "y": 903.0}, {"x": 436.0, "y": 903.0}]}, "description": "Cess"}, {"boundingPoly": {"vertices": [{"x": 435.0, "y": 908.0}, {"x": 490.0, "y": 908.0}, {"x": 490.0, "y": 935.0}, {"x": 435.0, "y": 934.0}]}, "description": "0.00"}, {"boundingPoly": {"vertices": [{"x": 434.0, "y": 940.0}, {"x": 490.0, "y": 941.0}, {"x": 489.0, "y": 968.0}, {"x": 434.0, "y": 966.0}]}, "description": "0.00"}, {"boundingPoly": {"vertices": [{"x": 55.0, "y": 904.0}, {"x": 73.0, "y": 904.0}, {"x": 73.0, "y": 930.0}, {"x": 55.0, "y": 930.0}]}, "description": " 3"}, {"boundingPoly": {"vertices": [{"x": 446.0, "y": 1002.0}, {"x": 510.0, "y": 1004.0}, {"x": 510.0, "y": 1030.0}, {"x": 445.0, "y": 1030.0}]}, "description": "62.31"}, {"boundingPoly": {"vertices": [{"x": 15.0, "y": 1059.0}, {"x": 150.0, "y": 1057.0}, {"x": 151.0, "y": 1083.0}, {"x": 15.0, "y": 1084.0}]}, "description": "Ammt Due"}, {"boundingPoly": {"vertices": [{"x": 440.0, "y": 1063.0}, {"x": 520.0, "y": 1063.0}, {"x": 520.0, "y": 1089.0}, {"x": 440.0, "y": 1088.0}]}, "description": "480.00"}, {"boundingPoly": {"vertices": [{"x": 19.0, "y": 1114.0}, {"x": 214.0, "y": 1111.0}, {"x": 215.0, "y": 1136.0}, {"x": 19.0, "y": 1139.0}]}, "description": "Tenir Received"}, {"boundingPoly": {"vertices": [{"x": 20.0, "y": 1142.0}, {"x": 76.0, "y": 1142.0}, {"x": 76.0, "y": 1164.0}, {"x": 20.0, "y": 1162.0}]}, "description": "An \u2039"}, {"boundingPoly": {"vertices": [{"x": 41.0, "y": 1169.0}, {"x": 100.0, "y": 1168.0}, {"x": 100.0, "y": 1195.0}, {"x": 41.0, "y": 1196.0}]}, "description": "MX"}, {"boundingPoly": {"vertices": [{"x": 47.0, "y": 1202.0}, {"x": 95.0, "y": 1201.0}, {"x": 95.0, "y": 1228.0}, {"x": 48.0, "y": 1229.0}]}, "description": "1001"}, {"boundingPoly": {"vertices": [{"x": 434.0, "y": 1140.0}, {"x": 513.0, "y": 1141.0}, {"x": 512.0, "y": 1167.0}, {"x": 434.0, "y": 1167.0}]}, "description": "480.00"}, {"boundingPoly": {"vertices": [{"x": 155.0, "y": 1268.0}, {"x": 374.0, "y": 1267.0}, {"x": 374.0, "y": 1294.0}, {"x": 155.0, "y": 1296.0}]}, "description": "**** hank You ****"}, {"boundingPoly": {"vertices": [{"x": 152.0, "y": 1300.0}, {"x": 394.0, "y": 1302.0}, {"x": 393.0, "y": 1333.0}, {"x": 152.0, "y": 1330.0}]}, "description": "Please Visit Again"}, {"boundingPoly": {"vertices": [{"x": 142.0, "y": 1335.0}, {"x": 402.0, "y": 1334.0}, {"x": 402.0, "y": 1364.0}, {"x": 142.0, "y": 1365.0}]}, "description": "www.wiSmithindia.com"}]}