{"textAnnotations": [{"boundingPoly": {"vertices": [{"x": 159.0, "y": 85.0}, {"x": 505.0, "y": 108.0}, {"x": 503.0, "y": 138.0}, {"x": 158.0, "y": 114.0}]}, "description": "Thank You For Visiting the"}, {"boundingPoly": {"vertices": [{"x": 228.0, "y": 157.0}, {"x": 443.0, "y": 169.0}, {"x": 441.0, "y": 199.0}, {"x": 226.0, "y": 187.0}]}, "description": "Matthew Fraysier"}, {"boundingPoly": {"vertices": [{"x": 252.0, "y": 226.0}, {"x": 428.0, "y": 233.0}, {"x": 427.0, "y": 263.0}, {"x": 252.0, "y": 256.0}]}, "description": "merchant phone"}, {"boundingPoly": {"vertices": [{"x": 187.0, "y": 287.0}, {"x": 497.0, "y": 299.0}, {"x": 496.0, "y": 334.0}, {"x": 186.0, "y": 322.0}]}, "description": "Text @LTF11479 to 73940"}, {"boundingPoly": {"vertices": [{"x": 167.0, "y": 118.0}, {"x": 499.0, "y": 139.0}, {"x": 497.0, "y": 167.0}, {"x": 166.0, "y": 150.0}]}, "description": "merchant name"}, {"boundingPoly": {"vertices": [{"x": 236.0, "y": 190.0}, {"x": 438.0, "y": 200.0}, {"x": 437.0, "y": 233.0}, {"x": 234.0, "y": 223.0}]}, "description": "General Manager"}, {"boundingPoly": {"vertices": [{"x": 191.0, "y": 256.0}, {"x": 484.0, "y": 265.0}, {"x": 483.0, "y": 299.0}, {"x": 190.0, "y": 289.0}]}, "description": "We Love Your Feedback!"}, {"boundingPoly": {"vertices": [{"x": 70.0, "y": 388.0}, {"x": 173.0, "y": 388.0}, {"x": 173.0, "y": 427.0}, {"x": 70.0, "y": 427.0}]}, "description": " Oatmeal"}, {"boundingPoly": {"vertices": [{"x": 179.0, "y": 392.0}, {"x": 199.0, "y": 392.0}, {"x": 199.0, "y": 427.0}, {"x": 179.0, "y": 427.0}]}, "description": " /"}, {"boundingPoly": {"vertices": [{"x": 204.0, "y": 393.0}, {"x": 281.0, "y": 393.0}, {"x": 281.0, "y": 430.0}, {"x": 204.0, "y": 430.0}]}, "description": " Grits"}, {"boundingPoly": {"vertices": [{"x": 286.0, "y": 396.0}, {"x": 310.0, "y": 396.0}, {"x": 310.0, "y": 431.0}, {"x": 286.0, "y": 431.0}]}, "description": " -"}, {"boundingPoly": {"vertices": [{"x": 316.0, "y": 397.0}, {"x": 351.0, "y": 397.0}, {"x": 351.0, "y": 432.0}, {"x": 316.0, "y": 432.0}]}, "description": " 12"}, {"boundingPoly": {"vertices": [{"x": 574.0, "y": 375.0}, {"x": 613.0, "y": 376.0}, {"x": 613.0, "y": 403.0}, {"x": 574.0, "y": 402.0}]}, "description": "USD"}, {"boundingPoly": {"vertices": [{"x": 564.0, "y": 408.0}, {"x": 615.0, "y": 408.0}, {"x": 615.0, "y": 441.0}, {"x": 564.0, "y": 441.0}]}, "description": "1.75"}, {"boundingPoly": {"vertices": [{"x": 71.0, "y": 424.0}, {"x": 339.0, "y": 433.0}, {"x": 338.0, "y": 467.0}, {"x": 70.0, "y": 458.0}]}, "description": "0.56 lb x $ 7.68/1b"}, {"boundingPoly": {"vertices": [{"x": 74.0, "y": 462.0}, {"x": 284.0, "y": 467.0}, {"x": 283.0, "y": 499.0}, {"x": 74.0, "y": 494.0}]}, "description": "Small Clamshell"}, {"boundingPoly": {"vertices": [{"x": 567.0, "y": 479.0}, {"x": 619.0, "y": 480.0}, {"x": 618.0, "y": 507.0}, {"x": 566.0, "y": 507.0}]}, "description": "4.30"}, {"boundingPoly": {"vertices": [{"x": 389.0, "y": 545.0}, {"x": 508.0, "y": 545.0}, {"x": 508.0, "y": 575.0}, {"x": 389.0, "y": 574.0}]}, "description": "Sub Total"}, {"boundingPoly": {"vertices": [{"x": 393.0, "y": 580.0}, {"x": 525.0, "y": 579.0}, {"x": 525.0, "y": 613.0}, {"x": 393.0, "y": 613.0}]}, "description": "Tax Amount"}, {"boundingPoly": {"vertices": [{"x": 566.0, "y": 546.0}, {"x": 619.0, "y": 546.0}, {"x": 619.0, "y": 578.0}, {"x": 565.0, "y": 578.0}]}, "description": "6.05"}, {"boundingPoly": {"vertices": [{"x": 567.0, "y": 582.0}, {"x": 622.0, "y": 584.0}, {"x": 621.0, "y": 611.0}, {"x": 566.0, "y": 612.0}]}, "description": "0.54"}, {"boundingPoly": {"vertices": [{"x": 71.0, "y": 683.0}, {"x": 320.0, "y": 680.0}, {"x": 320.0, "y": 735.0}, {"x": 71.0, "y": 737.0}]}, "description": "Total USD"}, {"boundingPoly": {"vertices": [{"x": 523.0, "y": 683.0}, {"x": 625.0, "y": 680.0}, {"x": 624.0, "y": 728.0}, {"x": 523.0, "y": 730.0}]}, "description": "6.59"}, {"boundingPoly": {"vertices": [{"x": 79.0, "y": 845.0}, {"x": 208.0, "y": 843.0}, {"x": 209.0, "y": 871.0}, {"x": 79.0, "y": 874.0}]}, "description": "5008 AMEX"}, {"boundingPoly": {"vertices": [{"x": 579.0, "y": 832.0}, {"x": 634.0, "y": 831.0}, {"x": 634.0, "y": 858.0}, {"x": 580.0, "y": 859.0}]}, "description": "6.59"}, {"boundingPoly": {"vertices": [{"x": 83.0, "y": 950.0}, {"x": 127.0, "y": 949.0}, {"x": 128.0, "y": 981.0}, {"x": 84.0, "y": 982.0}]}, "description": "Tax"}, {"boundingPoly": {"vertices": [{"x": 84.0, "y": 985.0}, {"x": 196.0, "y": 980.0}, {"x": 198.0, "y": 1014.0}, {"x": 85.0, "y": 1020.0}]}, "description": "() 8.875"}, {"boundingPoly": {"vertices": [{"x": 301.0, "y": 937.0}, {"x": 499.0, "y": 937.0}, {"x": 499.0, "y": 974.0}, {"x": 301.0, "y": 974.0}]}, "description": " Taxable Amount"}, {"boundingPoly": {"vertices": [{"x": 508.0, "y": 933.0}, {"x": 638.0, "y": 933.0}, {"x": 638.0, "y": 966.0}, {"x": 508.0, "y": 966.0}]}, "description": " Tax Amount"}, {"boundingPoly": {"vertices": [{"x": 590.0, "y": 966.0}, {"x": 640.0, "y": 965.0}, {"x": 640.0, "y": 998.0}, {"x": 590.0, "y": 999.0}]}, "description": "0.54"}, {"boundingPoly": {"vertices": [{"x": 431.0, "y": 973.0}, {"x": 488.0, "y": 971.0}, {"x": 488.0, "y": 1000.0}, {"x": 432.0, "y": 1001.0}]}, "description": "6.05"}, {"boundingPoly": {"vertices": [{"x": 88.0, "y": 1069.0}, {"x": 643.0, "y": 1069.0}, {"x": 643.0, "y": 1127.0}, {"x": 88.0, "y": 1127.0}]}, "description": " 11/26/2019 09:11 AM #:53395 Op:4023 C:111"}, {"boundingPoly": {"vertices": [{"x": 92.0, "y": 1125.0}, {"x": 228.0, "y": 1125.0}, {"x": 228.0, "y": 1161.0}, {"x": 92.0, "y": 1161.0}]}, "description": " 105 S:1111"}, {"boundingPoly": {"vertices": [{"x": 89.0, "y": 1158.0}, {"x": 233.0, "y": 1158.0}, {"x": 233.0, "y": 1199.0}, {"x": 89.0, "y": 1199.0}]}, "description": " Served you"}, {"boundingPoly": {"vertices": [{"x": 239.0, "y": 1146.0}, {"x": 484.0, "y": 1146.0}, {"x": 484.0, "y": 1192.0}, {"x": 239.0, "y": 1192.0}]}, "description": " : Lucrecia Findley"}, {"boundingPoly": {"vertices": [{"x": 222.0, "y": 1293.0}, {"x": 502.0, "y": 1276.0}, {"x": 504.0, "y": 1311.0}, {"x": 223.0, "y": 1328.0}]}, "description": "*** Customer copy ***"}, {"boundingPoly": {"vertices": [{"x": 277.0, "y": 1364.0}, {"x": 465.0, "y": 1350.0}, {"x": 468.0, "y": 1382.0}, {"x": 279.0, "y": 1396.0}]}, "description": "AMEX NY937 (5)"}]}