{"textAnnotations": [{"boundingPoly": {"vertices": [{"x": 293.0, "y": 90.0}, {"x": 483.0, "y": 97.0}, {"x": 483.0, "y": 113.0}, {"x": 292.0, "y": 105.0}]}, "description": "Thank You For Visiting the"}, {"boundingPoly": {"vertices": [{"x": 307.0, "y": 123.0}, {"x": 468.0, "y": 128.0}, {"x": 468.0, "y": 143.0}, {"x": 306.0, "y": 137.0}]}, "description": "We Love Your Feedback!"}, {"boundingPoly": {"vertices": [{"x": 293.0, "y": 106.0}, {"x": 484.0, "y": 113.0}, {"x": 483.0, "y": 128.0}, {"x": 292.0, "y": 121.0}]}, "description": "merchant name"}, {"boundingPoly": {"vertices": [{"x": 306.0, "y": 139.0}, {"x": 477.0, "y": 144.0}, {"x": 477.0, "y": 159.0}, {"x": 306.0, "y": 154.0}]}, "description": "Text @LTF11606 to 73940"}, {"boundingPoly": {"vertices": [{"x": 240.0, "y": 187.0}, {"x": 325.0, "y": 189.0}, {"x": 325.0, "y": 204.0}, {"x": 239.0, "y": 202.0}]}, "description": "Fruit salad"}, {"boundingPoly": {"vertices": [{"x": 240.0, "y": 203.0}, {"x": 325.0, "y": 205.0}, {"x": 324.0, "y": 220.0}, {"x": 240.0, "y": 218.0}]}, "description": "Soup - 16oz"}, {"boundingPoly": {"vertices": [{"x": 519.0, "y": 177.0}, {"x": 543.0, "y": 178.0}, {"x": 543.0, "y": 191.0}, {"x": 518.0, "y": 191.0}]}, "description": "USD"}, {"boundingPoly": {"vertices": [{"x": 513.0, "y": 193.0}, {"x": 544.0, "y": 193.0}, {"x": 544.0, "y": 208.0}, {"x": 513.0, "y": 207.0}]}, "description": "1.99"}, {"boundingPoly": {"vertices": [{"x": 514.0, "y": 210.0}, {"x": 545.0, "y": 210.0}, {"x": 544.0, "y": 223.0}, {"x": 514.0, "y": 223.0}]}, "description": "2.25"}, {"boundingPoly": {"vertices": [{"x": 412.0, "y": 240.0}, {"x": 479.0, "y": 240.0}, {"x": 479.0, "y": 255.0}, {"x": 412.0, "y": 254.0}]}, "description": "Sub Total"}, {"boundingPoly": {"vertices": [{"x": 412.0, "y": 257.0}, {"x": 491.0, "y": 257.0}, {"x": 491.0, "y": 271.0}, {"x": 412.0, "y": 271.0}]}, "description": "Tax Amount"}, {"boundingPoly": {"vertices": [{"x": 516.0, "y": 241.0}, {"x": 546.0, "y": 241.0}, {"x": 546.0, "y": 256.0}, {"x": 516.0, "y": 255.0}]}, "description": "4.24"}, {"boundingPoly": {"vertices": [{"x": 517.0, "y": 257.0}, {"x": 548.0, "y": 258.0}, {"x": 547.0, "y": 271.0}, {"x": 516.0, "y": 270.0}]}, "description": "0.36"}, {"boundingPoly": {"vertices": [{"x": 233.0, "y": 307.0}, {"x": 370.0, "y": 306.0}, {"x": 370.0, "y": 339.0}, {"x": 233.0, "y": 339.0}]}, "description": "Total USD"}, {"boundingPoly": {"vertices": [{"x": 485.0, "y": 306.0}, {"x": 548.0, "y": 306.0}, {"x": 548.0, "y": 339.0}, {"x": 485.0, "y": 339.0}]}, "description": "4.60"}, {"boundingPoly": {"vertices": [{"x": 234.0, "y": 395.0}, {"x": 393.0, "y": 395.0}, {"x": 393.0, "y": 412.0}, {"x": 234.0, "y": 412.0}]}, "description": "5009 AMERICAN EXPRESS"}, {"boundingPoly": {"vertices": [{"x": 517.0, "y": 395.0}, {"x": 548.0, "y": 394.0}, {"x": 548.0, "y": 410.0}, {"x": 517.0, "y": 411.0}]}, "description": "4.60"}, {"boundingPoly": {"vertices": [{"x": 236.0, "y": 453.0}, {"x": 261.0, "y": 453.0}, {"x": 261.0, "y": 467.0}, {"x": 235.0, "y": 467.0}]}, "description": "Tax"}, {"boundingPoly": {"vertices": [{"x": 238.0, "y": 469.0}, {"x": 290.0, "y": 469.0}, {"x": 290.0, "y": 486.0}, {"x": 238.0, "y": 485.0}]}, "description": "0 8.60"}, {"boundingPoly": {"vertices": [{"x": 354.0, "y": 451.0}, {"x": 467.0, "y": 451.0}, {"x": 467.0, "y": 469.0}, {"x": 354.0, "y": 469.0}]}, "description": " Taxable Amount"}, {"boundingPoly": {"vertices": [{"x": 431.0, "y": 469.0}, {"x": 460.0, "y": 468.0}, {"x": 460.0, "y": 483.0}, {"x": 430.0, "y": 483.0}]}, "description": "4.24"}, {"boundingPoly": {"vertices": [{"x": 472.0, "y": 449.0}, {"x": 548.0, "y": 449.0}, {"x": 548.0, "y": 466.0}, {"x": 472.0, "y": 466.0}]}, "description": " Tax Amount"}, {"boundingPoly": {"vertices": [{"x": 519.0, "y": 466.0}, {"x": 549.0, "y": 465.0}, {"x": 549.0, "y": 480.0}, {"x": 519.0, "y": 480.0}]}, "description": "0.36"}, {"boundingPoly": {"vertices": [{"x": 236.0, "y": 514.0}, {"x": 556.0, "y": 514.0}, {"x": 556.0, "y": 540.0}, {"x": 236.0, "y": 540.0}]}, "description": " 11/26/2019 12:14 PM #:334 Op:3060 C:11220"}, {"boundingPoly": {"vertices": [{"x": 237.0, "y": 539.0}, {"x": 301.0, "y": 539.0}, {"x": 301.0, "y": 555.0}, {"x": 237.0, "y": 555.0}]}, "description": " 7 S:1122"}, {"boundingPoly": {"vertices": [{"x": 234.0, "y": 554.0}, {"x": 315.0, "y": 554.0}, {"x": 315.0, "y": 571.0}, {"x": 234.0, "y": 571.0}]}, "description": " Served you"}, {"boundingPoly": {"vertices": [{"x": 318.0, "y": 550.0}, {"x": 426.0, "y": 550.0}, {"x": 426.0, "y": 569.0}, {"x": 318.0, "y": 569.0}]}, "description": " : Lori Schafer"}, {"boundingPoly": {"vertices": [{"x": 302.0, "y": 614.0}, {"x": 469.0, "y": 614.0}, {"x": 469.0, "y": 629.0}, {"x": 302.0, "y": 629.0}]}, "description": "*** Customer copy ***"}, {"boundingPoly": {"vertices": [{"x": 334.0, "y": 650.0}, {"x": 434.0, "y": 651.0}, {"x": 434.0, "y": 668.0}, {"x": 334.0, "y": 667.0}]}, "description": "AMEX Cafe (2)"}, {"boundingPoly": {"vertices": [{"x": 236.0, "y": 671.0}, {"x": 532.0, "y": 669.0}, {"x": 532.0, "y": 687.0}, {"x": 236.0, "y": 689.0}]}, "description": "I agree to pay the above total amount"}, {"boundingPoly": {"vertices": [{"x": 294.0, "y": 691.0}, {"x": 484.0, "y": 690.0}, {"x": 484.0, "y": 706.0}, {"x": 294.0, "y": 707.0}]}, "description": "according to card issuer"}, {"boundingPoly": {"vertices": [{"x": 228.0, "y": 709.0}, {"x": 463.0, "y": 709.0}, {"x": 463.0, "y": 729.0}, {"x": 228.0, "y": 729.0}]}, "description": " agreement. (Merchant agreement"}, {"boundingPoly": {"vertices": [{"x": 255.0, "y": 730.0}, {"x": 516.0, "y": 729.0}, {"x": 516.0, "y": 745.0}, {"x": 255.0, "y": 747.0}]}, "description": "Voucher) Retain this copy for your"}, {"boundingPoly": {"vertices": [{"x": 357.0, "y": 750.0}, {"x": 418.0, "y": 750.0}, {"x": 418.0, "y": 765.0}, {"x": 357.0, "y": 766.0}]}, "description": "records."}, {"boundingPoly": {"vertices": [{"x": 466.0, "y": 709.0}, {"x": 540.0, "y": 709.0}, {"x": 540.0, "y": 727.0}, {"x": 466.0, "y": 727.0}]}, "description": " if Credit"}, {"boundingPoly": {"vertices": [{"x": 231.0, "y": 789.0}, {"x": 384.0, "y": 787.0}, {"x": 384.0, "y": 805.0}, {"x": 231.0, "y": 807.0}]}, "description": "PURCHASE / APPROVED"}, {"boundingPoly": {"vertices": [{"x": 230.0, "y": 809.0}, {"x": 360.0, "y": 808.0}, {"x": 360.0, "y": 825.0}, {"x": 230.0, "y": 826.0}]}, "description": "AMERICAN EXPRESS"}, {"boundingPoly": {"vertices": [{"x": 229.0, "y": 829.0}, {"x": 351.0, "y": 829.0}, {"x": 351.0, "y": 844.0}, {"x": 229.0, "y": 845.0}]}, "description": "*********** 1006"}, {"boundingPoly": {"vertices": [{"x": 230.0, "y": 848.0}, {"x": 320.0, "y": 848.0}, {"x": 320.0, "y": 865.0}, {"x": 230.0, "y": 866.0}]}, "description": "CHIP READ /"}, {"boundingPoly": {"vertices": [{"x": 231.0, "y": 888.0}, {"x": 384.0, "y": 888.0}, {"x": 384.0, "y": 908.0}, {"x": 231.0, "y": 908.0}]}, "description": " 2019/11/26 12:14:17"}, {"boundingPoly": {"vertices": [{"x": 233.0, "y": 911.0}, {"x": 256.0, "y": 910.0}, {"x": 256.0, "y": 926.0}, {"x": 234.0, "y": 927.0}]}, "description": "TID"}, {"boundingPoly": {"vertices": [{"x": 229.0, "y": 931.0}, {"x": 256.0, "y": 930.0}, {"x": 255.0, "y": 945.0}, {"x": 230.0, "y": 946.0}]}, "description": "MID"}, {"boundingPoly": {"vertices": [{"x": 231.0, "y": 948.0}, {"x": 306.0, "y": 947.0}, {"x": 307.0, "y": 962.0}, {"x": 231.0, "y": 964.0}]}, "description": "REFERENCE"}, {"boundingPoly": {"vertices": [{"x": 231.0, "y": 967.0}, {"x": 305.0, "y": 966.0}, {"x": 305.0, "y": 980.0}, {"x": 231.0, "y": 982.0}]}, "description": "AUTH CODE"}, {"boundingPoly": {"vertices": [{"x": 485.0, "y": 907.0}, {"x": 550.0, "y": 906.0}, {"x": 550.0, "y": 921.0}, {"x": 485.0, "y": 922.0}]}, "description": "**** 5009"}, {"boundingPoly": {"vertices": [{"x": 492.0, "y": 926.0}, {"x": 549.0, "y": 925.0}, {"x": 549.0, "y": 940.0}, {"x": 492.0, "y": 941.0}]}, "description": "6634460"}, {"boundingPoly": {"vertices": [{"x": 364.0, "y": 944.0}, {"x": 548.0, "y": 943.0}, {"x": 548.0, "y": 960.0}, {"x": 364.0, "y": 962.0}]}, "description": "S1122T112207#334@754551"}, {"boundingPoly": {"vertices": [{"x": 499.0, "y": 962.0}, {"x": 547.0, "y": 961.0}, {"x": 548.0, "y": 976.0}, {"x": 499.0, "y": 976.0}]}, "description": "880219"}, {"boundingPoly": {"vertices": [{"x": 233.0, "y": 1000.0}, {"x": 272.0, "y": 1000.0}, {"x": 272.0, "y": 1017.0}, {"x": 233.0, "y": 1017.0}]}, "description": "TOTAL"}, {"boundingPoly": {"vertices": [{"x": 489.0, "y": 997.0}, {"x": 549.0, "y": 997.0}, {"x": 549.0, "y": 1014.0}, {"x": 490.0, "y": 1015.0}]}, "description": "USD4.60"}, {"boundingPoly": {"vertices": [{"x": 231.0, "y": 1041.0}, {"x": 265.0, "y": 1041.0}, {"x": 265.0, "y": 1060.0}, {"x": 231.0, "y": 1060.0}]}, "description": " ARC:"}, {"boundingPoly": {"vertices": [{"x": 232.0, "y": 1063.0}, {"x": 264.0, "y": 1063.0}, {"x": 264.0, "y": 1081.0}, {"x": 232.0, "y": 1081.0}]}, "description": " TSI:"}, {"boundingPoly": {"vertices": [{"x": 231.0, "y": 1083.0}, {"x": 264.0, "y": 1083.0}, {"x": 264.0, "y": 1102.0}, {"x": 231.0, "y": 1102.0}]}, "description": " IAD:"}, {"boundingPoly": {"vertices": [{"x": 231.0, "y": 1105.0}, {"x": 265.0, "y": 1105.0}, {"x": 265.0, "y": 1124.0}, {"x": 231.0, "y": 1124.0}]}, "description": " TVR:"}, {"boundingPoly": {"vertices": [{"x": 230.0, "y": 1127.0}, {"x": 264.0, "y": 1127.0}, {"x": 264.0, "y": 1146.0}, {"x": 230.0, "y": 1146.0}]}, "description": " AID:"}, {"boundingPoly": {"vertices": [{"x": 228.0, "y": 1148.0}, {"x": 320.0, "y": 1148.0}, {"x": 320.0, "y": 1168.0}, {"x": 228.0, "y": 1168.0}]}, "description": " PAN Seq No:"}, {"boundingPoly": {"vertices": [{"x": 269.0, "y": 1041.0}, {"x": 290.0, "y": 1041.0}, {"x": 290.0, "y": 1060.0}, {"x": 269.0, "y": 1060.0}]}, "description": " 00"}, {"boundingPoly": {"vertices": [{"x": 267.0, "y": 1063.0}, {"x": 305.0, "y": 1063.0}, {"x": 305.0, "y": 1081.0}, {"x": 267.0, "y": 1081.0}]}, "description": " F800"}, {"boundingPoly": {"vertices": [{"x": 268.0, "y": 1082.0}, {"x": 386.0, "y": 1082.0}, {"x": 386.0, "y": 1102.0}, {"x": 268.0, "y": 1102.0}]}, "description": " 0660010360A002"}, {"boundingPoly": {"vertices": [{"x": 268.0, "y": 1105.0}, {"x": 353.0, "y": 1105.0}, {"x": 353.0, "y": 1124.0}, {"x": 268.0, "y": 1124.0}]}, "description": " 0000008000"}, {"boundingPoly": {"vertices": [{"x": 267.0, "y": 1126.0}, {"x": 401.0, "y": 1126.0}, {"x": 401.0, "y": 1146.0}, {"x": 267.0, "y": 1146.0}]}, "description": " A000000025010801"}, {"boundingPoly": {"vertices": [{"x": 324.0, "y": 1148.0}, {"x": 343.0, "y": 1148.0}, {"x": 343.0, "y": 1166.0}, {"x": 324.0, "y": 1166.0}]}, "description": " 00"}]}