{"textAnnotations": [{"boundingPoly": {"vertices": [{"x": 114.0, "y": 59.0}, {"x": 505.0, "y": 29.0}, {"x": 506.0, "y": 102.0}, {"x": 115.0, "y": 123.0}]}, "description": "merchant name"}, {"boundingPoly": {"vertices": [{"x": 157.0, "y": 124.0}, {"x": 446.0, "y": 124.0}, {"x": 446.0, "y": 180.0}, {"x": 157.0, "y": 180.0}]}, "description": "merchant name"}, {"boundingPoly": {"vertices": [{"x": 150.0, "y": 216.0}, {"x": 439.0, "y": 208.0}, {"x": 440.0, "y": 239.0}, {"x": 151.0, "y": 247.0}]}, "description": "merchant address"}, {"boundingPoly": {"vertices": [{"x": 110.0, "y": 245.0}, {"x": 204.0, "y": 245.0}, {"x": 204.0, "y": 269.0}, {"x": 110.0, "y": 269.0}]}, "description": " abiwnoitan"}, {"boundingPoly": {"vertices": [{"x": 98.0, "y": 133.0}, {"x": 151.0, "y": 133.0}, {"x": 151.0, "y": 179.0}, {"x": 98.0, "y": 179.0}]}, "description": " soto"}, {"boundingPoly": {"vertices": [{"x": 108.0, "y": 183.0}, {"x": 441.0, "y": 175.0}, {"x": 442.0, "y": 209.0}, {"x": 108.0, "y": 217.0}]}, "description": "merchant address"}, {"boundingPoly": {"vertices": [{"x": 220.0, "y": 242.0}, {"x": 388.0, "y": 240.0}, {"x": 388.0, "y": 272.0}, {"x": 220.0, "y": 275.0}]}, "description": "merchant phone"}, {"boundingPoly": {"vertices": [{"x": 156.0, "y": 297.0}, {"x": 579.0, "y": 297.0}, {"x": 579.0, "y": 336.0}, {"x": 156.0, "y": 336.0}]}, "description": " 3031 0005 11/18/2019 6:56 PM"}, {"boundingPoly": {"vertices": [{"x": 580.0, "y": 363.0}, {"x": 545.0, "y": 828.0}, {"x": 531.0, "y": 827.0}, {"x": 564.0, "y": 363.0}]}, "description": "epaartaxe ns pot estote ebiwnalten wo lo yrs of li mules vor u"}, {"boundingPoly": {"vertices": [{"x": 208.0, "y": 245.0}, {"x": 220.0, "y": 245.0}, {"x": 220.0, "y": 269.0}, {"x": 208.0, "y": 269.0}]}, "description": " e"}, {"boundingPoly": {"vertices": [{"x": 31.0, "y": 311.0}, {"x": 71.0, "y": 310.0}, {"x": 72.0, "y": 337.0}, {"x": 31.0, "y": 337.0}]}, "description": "269"}, {"boundingPoly": {"vertices": [{"x": 30.0, "y": 365.0}, {"x": 338.0, "y": 363.0}, {"x": 339.0, "y": 392.0}, {"x": 30.0, "y": 395.0}]}, "description": "NICE! PURIFIED WATER 1GL"}, {"boundingPoly": {"vertices": [{"x": 562.0, "y": 378.0}, {"x": 530.0, "y": 814.0}, {"x": 516.0, "y": 813.0}, {"x": 546.0, "y": 378.0}]}, "description": "10 bepnartoxe ed Iliw ameli Joiede lenigho rliW avsb 00"}, {"boundingPoly": {"vertices": [{"x": 545.0, "y": 819.0}, {"x": 543.0, "y": 852.0}, {"x": 530.0, "y": 851.0}, {"x": 531.0, "y": 818.0}]}, "description": "JOY"}, {"boundingPoly": {"vertices": [{"x": 545.0, "y": 382.0}, {"x": 514.0, "y": 785.0}, {"x": 499.0, "y": 784.0}, {"x": 529.0, "y": 381.0}]}, "description": "lenioho arif ni bouzei ed lliw abnutell song ezerlowug I"}, {"boundingPoly": {"vertices": [{"x": 527.0, "y": 390.0}, {"x": 498.0, "y": 791.0}, {"x": 482.0, "y": 789.0}, {"x": 511.0, "y": 390.0}]}, "description": "10 bepnsrfaxa ed Iliw erneti , Iglsget lentono tuortt.Wir"}, {"boundingPoly": {"vertices": [{"x": 0.0, "y": 934.0}, {"x": 523.0, "y": 958.0}, {"x": 522.0, "y": 990.0}, {"x": 0.0, "y": 965.0}]}, "description": "CONDITIONS, VISIT DUANEREADE.COM/BALANCE."}, {"boundingPoly": {"vertices": [{"x": 77.0, "y": 994.0}, {"x": 454.0, "y": 1013.0}, {"x": 453.0, "y": 1040.0}, {"x": 77.0, "y": 1021.0}]}, "description": "RFN# 1440-2053-0317-1911-1803"}, {"boundingPoly": {"vertices": [{"x": 77.0, "y": 393.0}, {"x": 220.0, "y": 392.0}, {"x": 220.0, "y": 421.0}, {"x": 77.0, "y": 422.0}]}, "description": "04902251746"}, {"boundingPoly": {"vertices": [{"x": 78.0, "y": 420.0}, {"x": 297.0, "y": 420.0}, {"x": 297.0, "y": 450.0}, {"x": 78.0, "y": 451.0}]}, "description": "RETURN VALUE 1.29"}, {"boundingPoly": {"vertices": [{"x": 441.0, "y": 390.0}, {"x": 496.0, "y": 389.0}, {"x": 497.0, "y": 416.0}, {"x": 441.0, "y": 417.0}]}, "description": "1.29"}, {"boundingPoly": {"vertices": [{"x": 457.0, "y": 424.0}, {"x": 436.0, "y": 753.0}, {"x": 421.0, "y": 752.0}, {"x": 441.0, "y": 424.0}]}, "description": "saiollowayar bris erioleuloxe to1.brutos"}, {"boundingPoly": {"vertices": [{"x": 8.0, "y": 801.0}, {"x": 481.0, "y": 813.0}, {"x": 480.0, "y": 844.0}, {"x": 7.0, "y": 830.0}]}, "description": "DID YOU KNOW THAT YOU CAN EARN POINTS"}, {"boundingPoly": {"vertices": [{"x": 477.0, "y": 848.0}, {"x": 475.0, "y": 902.0}, {"x": 461.0, "y": 901.0}, {"x": 463.0, "y": 848.0}]}, "description": "bebau"}, {"boundingPoly": {"vertices": [{"x": 594.0, "y": 409.0}, {"x": 557.0, "y": 927.0}, {"x": 543.0, "y": 926.0}, {"x": 577.0, "y": 408.0}]}, "description": "wwboy rliw vagarinu es uoy il au of Inatiogmi viov ei noitostessa woY"}, {"boundingPoly": {"vertices": [{"x": 78.0, "y": 479.0}, {"x": 140.0, "y": 479.0}, {"x": 140.0, "y": 507.0}, {"x": 78.0, "y": 507.0}]}, "description": "TOTAL"}, {"boundingPoly": {"vertices": [{"x": 74.0, "y": 507.0}, {"x": 257.0, "y": 506.0}, {"x": 257.0, "y": 536.0}, {"x": 74.0, "y": 537.0}]}, "description": "AMEX ACCT 1009"}, {"boundingPoly": {"vertices": [{"x": 73.0, "y": 535.0}, {"x": 152.0, "y": 535.0}, {"x": 152.0, "y": 564.0}, {"x": 74.0, "y": 563.0}]}, "description": "CHANGE"}, {"boundingPoly": {"vertices": [{"x": 435.0, "y": 480.0}, {"x": 489.0, "y": 479.0}, {"x": 490.0, "y": 504.0}, {"x": 435.0, "y": 505.0}]}, "description": "1.29"}, {"boundingPoly": {"vertices": [{"x": 433.0, "y": 509.0}, {"x": 486.0, "y": 510.0}, {"x": 487.0, "y": 533.0}, {"x": 432.0, "y": 532.0}]}, "description": "1.29"}, {"boundingPoly": {"vertices": [{"x": 500.0, "y": 539.0}, {"x": 482.0, "y": 788.0}, {"x": 466.0, "y": 787.0}, {"x": 483.0, "y": 539.0}]}, "description": "Of arit nirtiw song bealhovbs LLI"}, {"boundingPoly": {"vertices": [{"x": 463.0, "y": 572.0}, {"x": 451.0, "y": 754.0}, {"x": 436.0, "y": 753.0}, {"x": 448.0, "y": 571.0}]}, "description": "sbi oforla boueel-Ihamm"}, {"boundingPoly": {"vertices": [{"x": 24.0, "y": 587.0}, {"x": 288.0, "y": 590.0}, {"x": 288.0, "y": 621.0}, {"x": 24.0, "y": 617.0}]}, "description": "AID A000000025010801."}, {"boundingPoly": {"vertices": [{"x": 20.0, "y": 642.0}, {"x": 99.0, "y": 642.0}, {"x": 99.0, "y": 673.0}, {"x": 20.0, "y": 672.0}]}, "description": "Tapped"}, {"boundingPoly": {"vertices": [{"x": 25.0, "y": 614.0}, {"x": 227.0, "y": 617.0}, {"x": 227.0, "y": 648.0}, {"x": 25.0, "y": 644.0}]}, "description": "AMERICAN EXPRESS"}, {"boundingPoly": {"vertices": [{"x": 93.0, "y": 697.0}, {"x": 330.0, "y": 699.0}, {"x": 330.0, "y": 730.0}, {"x": 93.0, "y": 728.0}]}, "description": "roet eonie beteuil"}, {"boundingPoly": {"vertices": [{"x": 13.0, "y": 748.0}, {"x": 485.0, "y": 759.0}, {"x": 484.0, "y": 788.0}, {"x": 12.0, "y": 776.0}]}, "description": "THANK YOU FOR SHOPPING AT DUANE READE"}, {"boundingPoly": {"vertices": [{"x": 8.0, "y": 829.0}, {"x": 439.0, "y": 842.0}, {"x": 438.0, "y": 870.0}, {"x": 8.0, "y": 856.0}]}, "description": "ON THOUSANDS OF ITEMS IN-STORE AND"}, {"boundingPoly": {"vertices": [{"x": 5.0, "y": 882.0}, {"x": 421.0, "y": 898.0}, {"x": 420.0, "y": 926.0}, {"x": 4.0, "y": 909.0}]}, "description": "INFORMATION. ITEMS CHANGE WEEKLY."}, {"boundingPoly": {"vertices": [{"x": 8.0, "y": 856.0}, {"x": 437.0, "y": 870.0}, {"x": 436.0, "y": 898.0}, {"x": 7.0, "y": 883.0}]}, "description": "ONLINE? SEE OUR WEEKLY AD FOR MORE"}, {"boundingPoly": {"vertices": [{"x": 2.0, "y": 908.0}, {"x": 419.0, "y": 926.0}, {"x": 418.0, "y": 954.0}, {"x": 1.0, "y": 936.0}]}, "description": "RESTRICTIONS APPLY. FOR TERMS AND"}, {"boundingPoly": {"vertices": [{"x": 52.0, "y": 1144.0}, {"x": 123.0, "y": 1150.0}, {"x": 121.0, "y": 1186.0}, {"x": 49.0, "y": 1181.0}]}, "description": "no"}, {"boundingPoly": {"vertices": [{"x": 186.0, "y": 1167.0}, {"x": 258.0, "y": 1172.0}, {"x": 257.0, "y": 1189.0}, {"x": 186.0, "y": 1185.0}]}, "description": "balance*"}, {"boundingPoly": {"vertices": [{"x": 153.0, "y": 1184.0}, {"x": 339.0, "y": 1192.0}, {"x": 337.0, "y": 1230.0}, {"x": 151.0, "y": 1220.0}]}, "description": "rewards"}, {"boundingPoly": {"vertices": [{"x": 0.0, "y": 1241.0}, {"x": 502.0, "y": 1277.0}, {"x": 500.0, "y": 1304.0}, {"x": 0.0, "y": 1267.0}]}, "description": "7 SALE PRICES WHEN YOU USE YOUR BALANCE"}, {"boundingPoly": {"vertices": [{"x": 3.0, "y": 1267.0}, {"x": 328.0, "y": 1286.0}, {"x": 326.0, "y": 1306.0}, {"x": 2.0, "y": 1293.0}]}, "description": "WARDS CARD AND EARN POINTO"}]}