{"textAnnotations": [{"boundingPoly": {"vertices": [{"x": 345.0, "y": 87.0}, {"x": 345.0, "y": 281.0}, {"x": 320.0, "y": 281.0}, {"x": 320.0, "y": 87.0}]}, "description": "American Expres"}, {"boundingPoly": {"vertices": [{"x": 251.0, "y": 332.0}, {"x": 322.0, "y": 332.0}, {"x": 322.0, "y": 358.0}, {"x": 251.0, "y": 358.0}]}, "description": " \u00d7 55.24"}, {"boundingPoly": {"vertices": [{"x": 8.0, "y": 110.0}, {"x": 65.0, "y": 109.0}, {"x": 65.0, "y": 127.0}, {"x": 8.0, "y": 127.0}]}, "description": "merchant name"}, {"boundingPoly": {"vertices": [{"x": 6.0, "y": 132.0}, {"x": 87.0, "y": 132.0}, {"x": 87.0, "y": 152.0}, {"x": 6.0, "y": 152.0}]}, "description": " COST NO:"}, {"boundingPoly": {"vertices": [{"x": 90.0, "y": 132.0}, {"x": 194.0, "y": 132.0}, {"x": 194.0, "y": 154.0}, {"x": 90.0, "y": 154.0}]}, "description": " AABCD5534A"}, {"boundingPoly": {"vertices": [{"x": 102.0, "y": 156.0}, {"x": 194.0, "y": 157.0}, {"x": 193.0, "y": 177.0}, {"x": 102.0, "y": 175.0}]}, "description": "KOT - 160"}, {"boundingPoly": {"vertices": [{"x": 7.0, "y": 231.0}, {"x": 90.0, "y": 231.0}, {"x": 90.0, "y": 251.0}, {"x": 7.0, "y": 251.0}]}, "description": " invoice"}, {"boundingPoly": {"vertices": [{"x": 8.0, "y": 257.0}, {"x": 66.0, "y": 257.0}, {"x": 66.0, "y": 279.0}, {"x": 8.0, "y": 279.0}]}, "description": " Name:"}, {"boundingPoly": {"vertices": [{"x": 8.0, "y": 279.0}, {"x": 126.0, "y": 279.0}, {"x": 126.0, "y": 304.0}, {"x": 8.0, "y": 304.0}]}, "description": " Order Time:"}, {"boundingPoly": {"vertices": [{"x": 7.0, "y": 305.0}, {"x": 136.0, "y": 305.0}, {"x": 136.0, "y": 328.0}, {"x": 7.0, "y": 328.0}]}, "description": " Order Status:"}, {"boundingPoly": {"vertices": [{"x": 12.0, "y": 336.0}, {"x": 173.0, "y": 333.0}, {"x": 173.0, "y": 358.0}, {"x": 13.0, "y": 362.0}]}, "description": "Cappuccino Small"}, {"boundingPoly": {"vertices": [{"x": 101.0, "y": 231.0}, {"x": 223.0, "y": 231.0}, {"x": 223.0, "y": 252.0}, {"x": 101.0, "y": 252.0}]}, "description": " #COSAAQ15202"}, {"boundingPoly": {"vertices": [{"x": 130.0, "y": 277.0}, {"x": 293.0, "y": 277.0}, {"x": 293.0, "y": 303.0}, {"x": 130.0, "y": 303.0}]}, "description": " 21:27 01-10-2019"}, {"boundingPoly": {"vertices": [{"x": 348.0, "y": 255.0}, {"x": 345.0, "y": 366.0}, {"x": 321.0, "y": 365.0}, {"x": 323.0, "y": 255.0}]}, "description": "ass Cards"}, {"boundingPoly": {"vertices": [{"x": 252.0, "y": 383.0}, {"x": 338.0, "y": 383.0}, {"x": 338.0, "y": 405.0}, {"x": 252.0, "y": 405.0}]}, "description": " \u00d7 124.76"}, {"boundingPoly": {"vertices": [{"x": 140.0, "y": 306.0}, {"x": 235.0, "y": 306.0}, {"x": 235.0, "y": 327.0}, {"x": 140.0, "y": 327.0}]}, "description": " delivered"}, {"boundingPoly": {"vertices": [{"x": 233.0, "y": 333.0}, {"x": 246.0, "y": 333.0}, {"x": 246.0, "y": 358.0}, {"x": 233.0, "y": 358.0}]}, "description": " 1"}, {"boundingPoly": {"vertices": [{"x": 15.0, "y": 384.0}, {"x": 224.0, "y": 384.0}, {"x": 224.0, "y": 409.0}, {"x": 15.0, "y": 409.0}]}, "description": " Belgian Chocolate Co"}, {"boundingPoly": {"vertices": [{"x": 233.0, "y": 384.0}, {"x": 248.0, "y": 384.0}, {"x": 248.0, "y": 405.0}, {"x": 233.0, "y": 405.0}]}, "description": " 1"}, {"boundingPoly": {"vertices": [{"x": 105.0, "y": 460.0}, {"x": 230.0, "y": 460.0}, {"x": 230.0, "y": 481.0}, {"x": 105.0, "y": 481.0}]}, "description": " CGST @ 2.50%"}, {"boundingPoly": {"vertices": [{"x": 105.0, "y": 486.0}, {"x": 298.0, "y": 483.0}, {"x": 299.0, "y": 503.0}, {"x": 106.0, "y": 507.0}]}, "description": "SGST @ 2.50% = 4.50"}, {"boundingPoly": {"vertices": [{"x": 234.0, "y": 459.0}, {"x": 251.0, "y": 459.0}, {"x": 251.0, "y": 480.0}, {"x": 234.0, "y": 480.0}]}, "description": " ="}, {"boundingPoly": {"vertices": [{"x": 254.0, "y": 458.0}, {"x": 299.0, "y": 458.0}, {"x": 299.0, "y": 479.0}, {"x": 254.0, "y": 479.0}]}, "description": " 4.50"}, {"boundingPoly": {"vertices": [{"x": 138.0, "y": 559.0}, {"x": 192.0, "y": 559.0}, {"x": 192.0, "y": 581.0}, {"x": 138.0, "y": 581.0}]}, "description": " Total"}, {"boundingPoly": {"vertices": [{"x": 196.0, "y": 558.0}, {"x": 270.0, "y": 558.0}, {"x": 270.0, "y": 579.0}, {"x": 196.0, "y": 579.0}]}, "description": " = 189.0"}, {"boundingPoly": {"vertices": [{"x": 345.0, "y": 566.0}, {"x": 345.0, "y": 803.0}, {"x": 320.0, "y": 803.0}, {"x": 320.0, "y": 566.0}]}, "description": "American Express\u00ae C"}, {"boundingPoly": {"vertices": [{"x": 76.0, "y": 606.0}, {"x": 272.0, "y": 606.0}, {"x": 272.0, "y": 633.0}, {"x": 76.0, "y": 633.0}]}, "description": " 21:28:26 01-10-2019"}, {"boundingPoly": {"vertices": [{"x": 149.0, "y": 656.0}, {"x": 209.0, "y": 654.0}, {"x": 210.0, "y": 677.0}, {"x": 149.0, "y": 679.0}]}, "description": "1.0. 57"}, {"boundingPoly": {"vertices": [{"x": 1.0, "y": 804.0}, {"x": 1.0, "y": 563.0}, {"x": 26.0, "y": 563.0}, {"x": 27.0, "y": 803.0}]}, "description": "erican Express Cards"}]}