{"textAnnotations": [{"boundingPoly": {"vertices": [{"x": 254.0, "y": 43.0}, {"x": 323.0, "y": 40.0}, {"x": 325.0, "y": 78.0}, {"x": 255.0, "y": 82.0}]}, "description": "O"}, {"boundingPoly": {"vertices": [{"x": 172.0, "y": 270.0}, {"x": 300.0, "y": 266.0}, {"x": 300.0, "y": 286.0}, {"x": 173.0, "y": 291.0}]}, "description": "merchant name"}, {"boundingPoly": {"vertices": [{"x": 174.0, "y": 292.0}, {"x": 312.0, "y": 289.0}, {"x": 313.0, "y": 310.0}, {"x": 175.0, "y": 313.0}]}, "description": "merchant address"}, {"boundingPoly": {"vertices": [{"x": 142.0, "y": 316.0}, {"x": 351.0, "y": 311.0}, {"x": 351.0, "y": 333.0}, {"x": 142.0, "y": 338.0}]}, "description": "merchant address"}, {"boundingPoly": {"vertices": [{"x": 43.0, "y": 350.0}, {"x": 224.0, "y": 350.0}, {"x": 224.0, "y": 378.0}, {"x": 43.0, "y": 378.0}]}, "description": " 11/17/2019 14:11"}, {"boundingPoly": {"vertices": [{"x": 43.0, "y": 384.0}, {"x": 101.0, "y": 382.0}, {"x": 102.0, "y": 392.0}, {"x": 43.0, "y": 395.0}]}, "description": "====="}, {"boundingPoly": {"vertices": [{"x": 42.0, "y": 401.0}, {"x": 169.0, "y": 400.0}, {"x": 170.0, "y": 422.0}, {"x": 42.0, "y": 423.0}]}, "description": "Cobble & Co"}, {"boundingPoly": {"vertices": [{"x": 122.0, "y": 423.0}, {"x": 216.0, "y": 423.0}, {"x": 216.0, "y": 447.0}, {"x": 122.0, "y": 447.0}]}, "description": " 23192167"}, {"boundingPoly": {"vertices": [{"x": 132.0, "y": 448.0}, {"x": 197.0, "y": 448.0}, {"x": 197.0, "y": 471.0}, {"x": 132.0, "y": 471.0}]}, "description": " Kayla"}, {"boundingPoly": {"vertices": [{"x": 126.0, "y": 473.0}, {"x": 161.0, "y": 473.0}, {"x": 161.0, "y": 495.0}, {"x": 126.0, "y": 495.0}]}, "description": " 110"}, {"boundingPoly": {"vertices": [{"x": 43.0, "y": 506.0}, {"x": 148.0, "y": 506.0}, {"x": 148.0, "y": 513.0}, {"x": 43.0, "y": 513.0}]}, "description": "---------"}, {"boundingPoly": {"vertices": [{"x": 349.0, "y": 383.0}, {"x": 403.0, "y": 383.0}, {"x": 403.0, "y": 390.0}, {"x": 349.0, "y": 390.0}]}, "description": "------"}, {"boundingPoly": {"vertices": [{"x": 42.0, "y": 425.0}, {"x": 118.0, "y": 425.0}, {"x": 118.0, "y": 448.0}, {"x": 42.0, "y": 448.0}]}, "description": " CHECK:"}, {"boundingPoly": {"vertices": [{"x": 43.0, "y": 449.0}, {"x": 128.0, "y": 449.0}, {"x": 128.0, "y": 471.0}, {"x": 43.0, "y": 471.0}]}, "description": " SERVER:"}, {"boundingPoly": {"vertices": [{"x": 44.0, "y": 473.0}, {"x": 121.0, "y": 473.0}, {"x": 121.0, "y": 495.0}, {"x": 44.0, "y": 495.0}]}, "description": " TABLE:"}, {"boundingPoly": {"vertices": [{"x": 297.0, "y": 422.0}, {"x": 387.0, "y": 422.0}, {"x": 387.0, "y": 445.0}, {"x": 297.0, "y": 445.0}]}, "description": " GUESTS:"}, {"boundingPoly": {"vertices": [{"x": 391.0, "y": 422.0}, {"x": 404.0, "y": 422.0}, {"x": 404.0, "y": 444.0}, {"x": 391.0, "y": 444.0}]}, "description": " 1"}, {"boundingPoly": {"vertices": [{"x": 228.0, "y": 501.0}, {"x": 387.0, "y": 500.0}, {"x": 387.0, "y": 507.0}, {"x": 228.0, "y": 508.0}]}, "description": "---------------"}, {"boundingPoly": {"vertices": [{"x": 206.0, "y": 507.0}, {"x": 291.0, "y": 507.0}, {"x": 291.0, "y": 512.0}, {"x": 206.0, "y": 513.0}]}, "description": "-------"}, {"boundingPoly": {"vertices": [{"x": 248.0, "y": 504.0}, {"x": 451.0, "y": 503.0}, {"x": 451.0, "y": 511.0}, {"x": 248.0, "y": 512.0}]}, "description": "------------------"}, {"boundingPoly": {"vertices": [{"x": 196.0, "y": 544.0}, {"x": 283.0, "y": 544.0}, {"x": 283.0, "y": 566.0}, {"x": 196.0, "y": 566.0}]}, "description": "Dine In"}, {"boundingPoly": {"vertices": [{"x": 115.0, "y": 569.0}, {"x": 319.0, "y": 569.0}, {"x": 319.0, "y": 591.0}, {"x": 115.0, "y": 591.0}]}, "description": "1 CHICKEN FINGERS"}, {"boundingPoly": {"vertices": [{"x": 115.0, "y": 593.0}, {"x": 333.0, "y": 593.0}, {"x": 333.0, "y": 617.0}, {"x": 115.0, "y": 616.0}]}, "description": "1 AMERICAN STANDAR"}, {"boundingPoly": {"vertices": [{"x": 113.0, "y": 617.0}, {"x": 164.0, "y": 617.0}, {"x": 163.0, "y": 643.0}, {"x": 113.0, "y": 642.0}]}, "description": "2 0J"}, {"boundingPoly": {"vertices": [{"x": 136.0, "y": 644.0}, {"x": 214.0, "y": 643.0}, {"x": 215.0, "y": 667.0}, {"x": 137.0, "y": 669.0}]}, "description": "@ 5.00"}, {"boundingPoly": {"vertices": [{"x": 163.0, "y": 684.0}, {"x": 262.0, "y": 683.0}, {"x": 262.0, "y": 709.0}, {"x": 163.0, "y": 711.0}]}, "description": "Subtotal"}, {"boundingPoly": {"vertices": [{"x": 225.0, "y": 712.0}, {"x": 265.0, "y": 712.0}, {"x": 264.0, "y": 733.0}, {"x": 225.0, "y": 733.0}]}, "description": "Tax"}, {"boundingPoly": {"vertices": [{"x": 202.0, "y": 736.0}, {"x": 264.0, "y": 736.0}, {"x": 263.0, "y": 760.0}, {"x": 202.0, "y": 760.0}]}, "description": "Total"}, {"boundingPoly": {"vertices": [{"x": 378.0, "y": 569.0}, {"x": 437.0, "y": 569.0}, {"x": 437.0, "y": 591.0}, {"x": 379.0, "y": 592.0}]}, "description": "11.00"}, {"boundingPoly": {"vertices": [{"x": 380.0, "y": 595.0}, {"x": 438.0, "y": 594.0}, {"x": 438.0, "y": 616.0}, {"x": 381.0, "y": 618.0}]}, "description": "19.00"}, {"boundingPoly": {"vertices": [{"x": 382.0, "y": 619.0}, {"x": 438.0, "y": 618.0}, {"x": 438.0, "y": 645.0}, {"x": 382.0, "y": 645.0}]}, "description": "10.00"}, {"boundingPoly": {"vertices": [{"x": 358.0, "y": 686.0}, {"x": 419.0, "y": 685.0}, {"x": 418.0, "y": 708.0}, {"x": 359.0, "y": 708.0}]}, "description": "40.00"}, {"boundingPoly": {"vertices": [{"x": 371.0, "y": 711.0}, {"x": 421.0, "y": 711.0}, {"x": 421.0, "y": 736.0}, {"x": 371.0, "y": 734.0}]}, "description": "3.55"}, {"boundingPoly": {"vertices": [{"x": 362.0, "y": 736.0}, {"x": 421.0, "y": 736.0}, {"x": 421.0, "y": 762.0}, {"x": 362.0, "y": 763.0}]}, "description": "43.55"}, {"boundingPoly": {"vertices": [{"x": 103.0, "y": 792.0}, {"x": 405.0, "y": 792.0}, {"x": 405.0, "y": 820.0}, {"x": 103.0, "y": 820.0}]}, "description": "Gratuity is not included."}, {"boundingPoly": {"vertices": [{"x": 105.0, "y": 818.0}, {"x": 375.0, "y": 820.0}, {"x": 375.0, "y": 848.0}, {"x": 105.0, "y": 846.0}]}, "description": "Servicio no includido."}, {"boundingPoly": {"vertices": [{"x": 104.0, "y": 860.0}, {"x": 425.0, "y": 865.0}, {"x": 425.0, "y": 893.0}, {"x": 104.0, "y": 887.0}]}, "description": "The guide below is provided"}, {"boundingPoly": {"vertices": [{"x": 109.0, "y": 887.0}, {"x": 361.0, "y": 893.0}, {"x": 360.0, "y": 918.0}, {"x": 108.0, "y": 912.0}]}, "description": "for your convenience."}, {"boundingPoly": {"vertices": [{"x": 182.0, "y": 931.0}, {"x": 238.0, "y": 931.0}, {"x": 238.0, "y": 958.0}, {"x": 182.0, "y": 958.0}]}, "description": "20%"}, {"boundingPoly": {"vertices": [{"x": 182.0, "y": 959.0}, {"x": 225.0, "y": 959.0}, {"x": 224.0, "y": 983.0}, {"x": 182.0, "y": 983.0}]}, "description": "22%"}, {"boundingPoly": {"vertices": [{"x": 175.0, "y": 993.0}, {"x": 323.0, "y": 989.0}, {"x": 324.0, "y": 1016.0}, {"x": 176.0, "y": 1022.0}]}, "description": "40% - 10.00"}, {"boundingPoly": {"vertices": [{"x": 154.0, "y": 1037.0}, {"x": 248.0, "y": 1037.0}, {"x": 248.0, "y": 1046.0}, {"x": 154.0, "y": 1046.0}]}, "description": "--------"}, {"boundingPoly": {"vertices": [{"x": 263.0, "y": 932.0}, {"x": 321.0, "y": 932.0}, {"x": 321.0, "y": 959.0}, {"x": 263.0, "y": 959.0}]}, "description": "8.00"}, {"boundingPoly": {"vertices": [{"x": 266.0, "y": 960.0}, {"x": 322.0, "y": 961.0}, {"x": 321.0, "y": 986.0}, {"x": 264.0, "y": 985.0}]}, "description": "8.80"}, {"boundingPoly": {"vertices": [{"x": 193.0, "y": 1042.0}, {"x": 250.0, "y": 1043.0}, {"x": 250.0, "y": 1052.0}, {"x": 193.0, "y": 1050.0}]}, "description": "-----"}, {"boundingPoly": {"vertices": [{"x": 351.0, "y": 1050.0}, {"x": 381.0, "y": 1057.0}, {"x": 379.0, "y": 1065.0}, {"x": 349.0, "y": 1058.0}]}, "description": "--- -"}, {"boundingPoly": {"vertices": [{"x": 384.0, "y": 1065.0}, {"x": 427.0, "y": 1075.0}, {"x": 425.0, "y": 1084.0}, {"x": 382.0, "y": 1073.0}]}, "description": "------"}]}