{"textAnnotations": [{"boundingPoly": {"vertices": [{"x": 176.0, "y": 238.0}, {"x": 850.0, "y": 265.0}, {"x": 849.0, "y": 306.0}, {"x": 174.0, "y": 285.0}]}, "description": "S128-WHSM-MUMBAI-ARPT-DOM.ARR.CTN"}, {"boundingPoly": {"vertices": [{"x": 659.0, "y": 311.0}, {"x": 850.0, "y": 311.0}, {"x": 850.0, "y": 355.0}, {"x": 659.0, "y": 355.0}]}, "description": "merchant name"}, {"boundingPoly": {"vertices": [{"x": 495.0, "y": 355.0}, {"x": 882.0, "y": 355.0}, {"x": 882.0, "y": 403.0}, {"x": 495.0, "y": 403.0}]}, "description": "merchant address"}, {"boundingPoly": {"vertices": [{"x": 256.0, "y": 294.0}, {"x": 384.0, "y": 294.0}, {"x": 384.0, "y": 343.0}, {"x": 256.0, "y": 343.0}]}, "description": "merchant name"}, {"boundingPoly": {"vertices": [{"x": 274.0, "y": 347.0}, {"x": 452.0, "y": 347.0}, {"x": 452.0, "y": 396.0}, {"x": 274.0, "y": 396.0}]}, "description": "merchant address"}, {"boundingPoly": {"vertices": [{"x": 390.0, "y": 301.0}, {"x": 653.0, "y": 301.0}, {"x": 653.0, "y": 353.0}, {"x": 390.0, "y": 353.0}]}, "description": "merchant name"}, {"boundingPoly": {"vertices": [{"x": 458.0, "y": 354.0}, {"x": 488.0, "y": 354.0}, {"x": 488.0, "y": 397.0}, {"x": 458.0, "y": 397.0}]}, "description": "merchant address"}, {"boundingPoly": {"vertices": [{"x": 856.0, "y": 313.0}, {"x": 930.0, "y": 313.0}, {"x": 930.0, "y": 355.0}, {"x": 856.0, "y": 355.0}]}, "description": "merchant name"}, {"boundingPoly": {"vertices": [{"x": 233.0, "y": 391.0}, {"x": 916.0, "y": 410.0}, {"x": 915.0, "y": 452.0}, {"x": 231.0, "y": 437.0}]}, "description": "merchant address"}, {"boundingPoly": {"vertices": [{"x": 333.0, "y": 447.0}, {"x": 842.0, "y": 457.0}, {"x": 841.0, "y": 498.0}, {"x": 333.0, "y": 489.0}]}, "description": "merchant address"}, {"boundingPoly": {"vertices": [{"x": 374.0, "y": 498.0}, {"x": 798.0, "y": 504.0}, {"x": 798.0, "y": 545.0}, {"x": 374.0, "y": 540.0}]}, "description": "GSTIN 27AADCT2481N2ZU"}, {"boundingPoly": {"vertices": [{"x": 301.0, "y": 552.0}, {"x": 684.0, "y": 551.0}, {"x": 684.0, "y": 591.0}, {"x": 301.0, "y": 592.0}]}, "description": "day ... Tax Invoice"}, {"boundingPoly": {"vertices": [{"x": 166.0, "y": 636.0}, {"x": 342.0, "y": 636.0}, {"x": 342.0, "y": 683.0}, {"x": 166.0, "y": 683.0}]}, "description": " Bill No:"}, {"boundingPoly": {"vertices": [{"x": 163.0, "y": 682.0}, {"x": 590.0, "y": 682.0}, {"x": 590.0, "y": 734.0}, {"x": 163.0, "y": 734.0}]}, "description": " 20-Nov-2019 10:12:09"}, {"boundingPoly": {"vertices": [{"x": 525.0, "y": 740.0}, {"x": 873.0, "y": 740.0}, {"x": 873.0, "y": 783.0}, {"x": 525.0, "y": 783.0}]}, "description": " : 1 / 20-Nov-2019"}, {"boundingPoly": {"vertices": [{"x": 348.0, "y": 642.0}, {"x": 609.0, "y": 642.0}, {"x": 609.0, "y": 687.0}, {"x": 348.0, "y": 687.0}]}, "description": " 2010790038427"}, {"boundingPoly": {"vertices": [{"x": 708.0, "y": 654.0}, {"x": 881.0, "y": 654.0}, {"x": 881.0, "y": 692.0}, {"x": 708.0, "y": 692.0}]}, "description": " Counter:"}, {"boundingPoly": {"vertices": [{"x": 706.0, "y": 695.0}, {"x": 854.0, "y": 698.0}, {"x": 853.0, "y": 735.0}, {"x": 706.0, "y": 733.0}]}, "description": "CASHIER"}, {"boundingPoly": {"vertices": [{"x": 888.0, "y": 659.0}, {"x": 926.0, "y": 659.0}, {"x": 926.0, "y": 694.0}, {"x": 888.0, "y": 694.0}]}, "description": " 01"}, {"boundingPoly": {"vertices": [{"x": 163.0, "y": 729.0}, {"x": 519.0, "y": 729.0}, {"x": 519.0, "y": 781.0}, {"x": 163.0, "y": 781.0}]}, "description": " Session No & Date"}, {"boundingPoly": {"vertices": [{"x": 163.0, "y": 822.0}, {"x": 197.0, "y": 822.0}, {"x": 197.0, "y": 863.0}, {"x": 163.0, "y": 863.0}]}, "description": " *"}, {"boundingPoly": {"vertices": [{"x": 202.0, "y": 825.0}, {"x": 606.0, "y": 825.0}, {"x": 606.0, "y": 876.0}, {"x": 202.0, "y": 876.0}]}, "description": " Item Description/MRP"}, {"boundingPoly": {"vertices": [{"x": 303.0, "y": 879.0}, {"x": 366.0, "y": 883.0}, {"x": 363.0, "y": 920.0}, {"x": 301.0, "y": 915.0}]}, "description": "Qty"}, {"boundingPoly": {"vertices": [{"x": 656.0, "y": 837.0}, {"x": 818.0, "y": 837.0}, {"x": 818.0, "y": 876.0}, {"x": 656.0, "y": 876.0}]}, "description": "HSN-SAC"}, {"boundingPoly": {"vertices": [{"x": 566.0, "y": 884.0}, {"x": 668.0, "y": 886.0}, {"x": 667.0, "y": 923.0}, {"x": 565.0, "y": 922.0}]}, "description": "Price"}, {"boundingPoly": {"vertices": [{"x": 865.0, "y": 889.0}, {"x": 974.0, "y": 892.0}, {"x": 972.0, "y": 928.0}, {"x": 864.0, "y": 926.0}]}, "description": "Value"}, {"boundingPoly": {"vertices": [{"x": 186.0, "y": 970.0}, {"x": 939.0, "y": 970.0}, {"x": 939.0, "y": 1026.0}, {"x": 186.0, "y": 1026.0}]}, "description": " [Minute Maid Pulpy orange Can 300 ML]"}, {"boundingPoly": {"vertices": [{"x": 946.0, "y": 985.0}, {"x": 1004.0, "y": 985.0}, {"x": 1004.0, "y": 1026.0}, {"x": 946.0, "y": 1026.0}]}, "description": " 70."}, {"boundingPoly": {"vertices": [{"x": 157.0, "y": 1017.0}, {"x": 213.0, "y": 1017.0}, {"x": 213.0, "y": 1053.0}, {"x": 156.0, "y": 1054.0}]}, "description": "00"}, {"boundingPoly": {"vertices": [{"x": 258.0, "y": 1020.0}, {"x": 425.0, "y": 1024.0}, {"x": 424.0, "y": 1065.0}, {"x": 257.0, "y": 1061.0}]}, "description": "22029020"}, {"boundingPoly": {"vertices": [{"x": 280.0, "y": 1071.0}, {"x": 363.0, "y": 1072.0}, {"x": 362.0, "y": 1109.0}, {"x": 279.0, "y": 1107.0}]}, "description": "1.00"}, {"boundingPoly": {"vertices": [{"x": 196.0, "y": 1113.0}, {"x": 514.0, "y": 1113.0}, {"x": 514.0, "y": 1159.0}, {"x": 196.0, "y": 1159.0}]}, "description": " 8901764361333/1"}, {"boundingPoly": {"vertices": [{"x": 199.0, "y": 1157.0}, {"x": 347.0, "y": 1157.0}, {"x": 347.0, "y": 1200.0}, {"x": 199.0, "y": 1200.0}]}, "description": " (I)CGST"}, {"boundingPoly": {"vertices": [{"x": 188.0, "y": 1201.0}, {"x": 284.0, "y": 1201.0}, {"x": 284.0, "y": 1242.0}, {"x": 188.0, "y": 1242.0}]}, "description": " SGST"}, {"boundingPoly": {"vertices": [{"x": 566.0, "y": 1075.0}, {"x": 667.0, "y": 1076.0}, {"x": 665.0, "y": 1115.0}, {"x": 565.0, "y": 1114.0}]}, "description": "70.00"}, {"boundingPoly": {"vertices": [{"x": 520.0, "y": 1121.0}, {"x": 603.0, "y": 1121.0}, {"x": 603.0, "y": 1161.0}, {"x": 520.0, "y": 1161.0}]}, "description": " X EA"}, {"boundingPoly": {"vertices": [{"x": 498.0, "y": 1165.0}, {"x": 530.0, "y": 1165.0}, {"x": 530.0, "y": 1205.0}, {"x": 498.0, "y": 1205.0}]}, "description": " %"}, {"boundingPoly": {"vertices": [{"x": 475.0, "y": 1211.0}, {"x": 570.0, "y": 1211.0}, {"x": 570.0, "y": 1251.0}, {"x": 475.0, "y": 1251.0}]}, "description": " @ 6%"}, {"boundingPoly": {"vertices": [{"x": 868.0, "y": 1078.0}, {"x": 966.0, "y": 1080.0}, {"x": 965.0, "y": 1114.0}, {"x": 866.0, "y": 1113.0}]}, "description": "70.00"}, {"boundingPoly": {"vertices": [{"x": 353.0, "y": 1161.0}, {"x": 388.0, "y": 1161.0}, {"x": 388.0, "y": 1201.0}, {"x": 353.0, "y": 1201.0}]}, "description": " -"}, {"boundingPoly": {"vertices": [{"x": 329.0, "y": 1206.0}, {"x": 469.0, "y": 1206.0}, {"x": 469.0, "y": 1248.0}, {"x": 329.0, "y": 1248.0}]}, "description": " 6.00 %"}, {"boundingPoly": {"vertices": [{"x": 394.0, "y": 1162.0}, {"x": 492.0, "y": 1162.0}, {"x": 492.0, "y": 1204.0}, {"x": 394.0, "y": 1204.0}]}, "description": " 6.00"}, {"boundingPoly": {"vertices": [{"x": 537.0, "y": 1166.0}, {"x": 621.0, "y": 1166.0}, {"x": 621.0, "y": 1208.0}, {"x": 537.0, "y": 1208.0}]}, "description": " @ 6%"}, {"boundingPoly": {"vertices": [{"x": 880.0, "y": 1164.0}, {"x": 967.0, "y": 1161.0}, {"x": 966.0, "y": 1199.0}, {"x": 882.0, "y": 1202.0}]}, "description": "3.75"}, {"boundingPoly": {"vertices": [{"x": 849.0, "y": 1209.0}, {"x": 968.0, "y": 1205.0}, {"x": 969.0, "y": 1243.0}, {"x": 849.0, "y": 1246.0}]}, "description": "-3.75"}, {"boundingPoly": {"vertices": [{"x": 289.0, "y": 1205.0}, {"x": 323.0, "y": 1205.0}, {"x": 323.0, "y": 1244.0}, {"x": 289.0, "y": 1244.0}]}, "description": " -"}, {"boundingPoly": {"vertices": [{"x": 143.0, "y": 1293.0}, {"x": 282.0, "y": 1293.0}, {"x": 282.0, "y": 1337.0}, {"x": 143.0, "y": 1337.0}]}, "description": " Items:"}, {"boundingPoly": {"vertices": [{"x": 288.0, "y": 1298.0}, {"x": 427.0, "y": 1298.0}, {"x": 427.0, "y": 1342.0}, {"x": 288.0, "y": 1342.0}]}, "description": " 1 Qty:"}, {"boundingPoly": {"vertices": [{"x": 376.0, "y": 1349.0}, {"x": 520.0, "y": 1352.0}, {"x": 518.0, "y": 1391.0}, {"x": 376.0, "y": 1386.0}]}, "description": "Tax Amt"}, {"boundingPoly": {"vertices": [{"x": 372.0, "y": 1397.0}, {"x": 559.0, "y": 1401.0}, {"x": 558.0, "y": 1441.0}, {"x": 371.0, "y": 1437.0}]}, "description": "Net Value"}, {"boundingPoly": {"vertices": [{"x": 367.0, "y": 1446.0}, {"x": 676.0, "y": 1446.0}, {"x": 676.0, "y": 1492.0}, {"x": 367.0, "y": 1492.0}]}, "description": " Total Received:"}, {"boundingPoly": {"vertices": [{"x": 434.0, "y": 1302.0}, {"x": 521.0, "y": 1302.0}, {"x": 521.0, "y": 1344.0}, {"x": 434.0, "y": 1344.0}]}, "description": " 1.00"}, {"boundingPoly": {"vertices": [{"x": 597.0, "y": 1309.0}, {"x": 654.0, "y": 1309.0}, {"x": 654.0, "y": 1346.0}, {"x": 597.0, "y": 1346.0}]}, "description": " Amt"}, {"boundingPoly": {"vertices": [{"x": 661.0, "y": 1309.0}, {"x": 678.0, "y": 1309.0}, {"x": 678.0, "y": 1346.0}, {"x": 661.0, "y": 1346.0}]}, "description": " :"}, {"boundingPoly": {"vertices": [{"x": 865.0, "y": 1302.0}, {"x": 968.0, "y": 1299.0}, {"x": 970.0, "y": 1337.0}, {"x": 866.0, "y": 1341.0}]}, "description": "70.00"}, {"boundingPoly": {"vertices": [{"x": 883.0, "y": 1347.0}, {"x": 969.0, "y": 1346.0}, {"x": 969.0, "y": 1384.0}, {"x": 885.0, "y": 1387.0}]}, "description": "7.50"}, {"boundingPoly": {"vertices": [{"x": 868.0, "y": 1397.0}, {"x": 970.0, "y": 1396.0}, {"x": 969.0, "y": 1434.0}, {"x": 866.0, "y": 1437.0}]}, "description": "70.00"}, {"boundingPoly": {"vertices": [{"x": 868.0, "y": 1446.0}, {"x": 971.0, "y": 1445.0}, {"x": 970.0, "y": 1484.0}, {"x": 868.0, "y": 1485.0}]}, "description": "70.00"}, {"boundingPoly": {"vertices": [{"x": 425.0, "y": 1547.0}, {"x": 662.0, "y": 1546.0}, {"x": 662.0, "y": 1583.0}, {"x": 425.0, "y": 1584.0}]}, "description": "Tax Details"}, {"boundingPoly": {"vertices": [{"x": 550.0, "y": 1586.0}, {"x": 702.0, "y": 1583.0}, {"x": 703.0, "y": 1616.0}, {"x": 551.0, "y": 1619.0}]}, "description": "Taxable"}, {"boundingPoly": {"vertices": [{"x": 128.0, "y": 1579.0}, {"x": 308.0, "y": 1585.0}, {"x": 307.0, "y": 1619.0}, {"x": 128.0, "y": 1612.0}]}, "description": "Tax Desc"}, {"boundingPoly": {"vertices": [{"x": 828.0, "y": 1581.0}, {"x": 978.0, "y": 1577.0}, {"x": 978.0, "y": 1606.0}, {"x": 828.0, "y": 1609.0}]}, "description": "Tax Amt"}, {"boundingPoly": {"vertices": [{"x": 113.0, "y": 1665.0}, {"x": 215.0, "y": 1665.0}, {"x": 215.0, "y": 1707.0}, {"x": 113.0, "y": 1707.0}]}, "description": " CGST"}, {"boundingPoly": {"vertices": [{"x": 110.0, "y": 1709.0}, {"x": 367.0, "y": 1724.0}, {"x": 365.0, "y": 1762.0}, {"x": 108.0, "y": 1748.0}]}, "description": "SGST - 6.00"}, {"boundingPoly": {"vertices": [{"x": 223.0, "y": 1668.0}, {"x": 369.0, "y": 1668.0}, {"x": 369.0, "y": 1714.0}, {"x": 223.0, "y": 1714.0}]}, "description": " - 6.00"}, {"boundingPoly": {"vertices": [{"x": 368.0, "y": 1724.0}, {"x": 401.0, "y": 1727.0}, {"x": 400.0, "y": 1759.0}, {"x": 366.0, "y": 1756.0}]}, "description": "%"}, {"boundingPoly": {"vertices": [{"x": 376.0, "y": 1681.0}, {"x": 403.0, "y": 1681.0}, {"x": 403.0, "y": 1715.0}, {"x": 376.0, "y": 1715.0}]}, "description": " %"}, {"boundingPoly": {"vertices": [{"x": 592.0, "y": 1667.0}, {"x": 700.0, "y": 1662.0}, {"x": 702.0, "y": 1698.0}, {"x": 594.0, "y": 1704.0}]}, "description": "62.50"}, {"boundingPoly": {"vertices": [{"x": 590.0, "y": 1710.0}, {"x": 702.0, "y": 1707.0}, {"x": 703.0, "y": 1742.0}, {"x": 591.0, "y": 1746.0}]}, "description": "62.50"}, {"boundingPoly": {"vertices": [{"x": 894.0, "y": 1655.0}, {"x": 984.0, "y": 1653.0}, {"x": 985.0, "y": 1688.0}, {"x": 894.0, "y": 1690.0}]}, "description": "3.75"}, {"boundingPoly": {"vertices": [{"x": 894.0, "y": 1697.0}, {"x": 986.0, "y": 1695.0}, {"x": 986.0, "y": 1733.0}, {"x": 895.0, "y": 1734.0}]}, "description": "3.75"}, {"boundingPoly": {"vertices": [{"x": 101.0, "y": 1806.0}, {"x": 439.0, "y": 1815.0}, {"x": 438.0, "y": 1856.0}, {"x": 101.0, "y": 1850.0}]}, "description": "Total Tax Value"}, {"boundingPoly": {"vertices": [{"x": 902.0, "y": 1788.0}, {"x": 993.0, "y": 1787.0}, {"x": 994.0, "y": 1826.0}, {"x": 903.0, "y": 1827.0}]}, "description": "7.50"}, {"boundingPoly": {"vertices": [{"x": 86.0, "y": 1909.0}, {"x": 647.0, "y": 1895.0}, {"x": 648.0, "y": 1942.0}, {"x": 86.0, "y": 1956.0}]}, "description": "Tender Type Reference No."}, {"boundingPoly": {"vertices": [{"x": 839.0, "y": 1888.0}, {"x": 979.0, "y": 1886.0}, {"x": 980.0, "y": 1924.0}, {"x": 839.0, "y": 1926.0}]}, "description": "Amount"}, {"boundingPoly": {"vertices": [{"x": 352.0, "y": 2009.0}, {"x": 423.0, "y": 2007.0}, {"x": 424.0, "y": 2047.0}, {"x": 352.0, "y": 2049.0}]}, "description": "005"}, {"boundingPoly": {"vertices": [{"x": 867.0, "y": 1982.0}, {"x": 985.0, "y": 1980.0}, {"x": 987.0, "y": 2023.0}, {"x": 868.0, "y": 2026.0}]}, "description": "70.00"}, {"boundingPoly": {"vertices": [{"x": 75.0, "y": 2013.0}, {"x": 174.0, "y": 2014.0}, {"x": 173.0, "y": 2058.0}, {"x": 73.0, "y": 2054.0}]}, "description": "AMEX"}, {"boundingPoly": {"vertices": [{"x": 394.0, "y": 2114.0}, {"x": 577.0, "y": 2118.0}, {"x": 576.0, "y": 2158.0}, {"x": 394.0, "y": 2152.0}]}, "description": "Sign."}, {"boundingPoly": {"vertices": [{"x": 222.0, "y": 2233.0}, {"x": 831.0, "y": 2216.0}, {"x": 832.0, "y": 2262.0}, {"x": 223.0, "y": 2281.0}]}, "description": "Thanks, Please Visit Again"}, {"boundingPoly": {"vertices": [{"x": 283.0, "y": 2348.0}, {"x": 784.0, "y": 2336.0}, {"x": 786.0, "y": 2384.0}, {"x": 284.0, "y": 2396.0}]}, "description": "WWW.whsmithindia.com"}, {"boundingPoly": {"vertices": [{"x": 79.0, "y": 2421.0}, {"x": 267.0, "y": 2422.0}, {"x": 267.0, "y": 2446.0}, {"x": 79.0, "y": 2445.0}]}, "description": "1507/ 0101-10"}]}