{"textAnnotations": [{"boundingPoly": {"vertices": [{"x": 1016.0, "y": 81.0}, {"x": 191.0, "y": 98.0}, {"x": 190.0, "y": 54.0}, {"x": 1014.0, "y": 26.0}]}, "description": "FSC, protecting the world's forests for the future."}, {"boundingPoly": {"vertices": [{"x": 1070.0, "y": 100.0}, {"x": 676.0, "y": 120.0}, {"x": 675.0, "y": 88.0}, {"x": 1068.0, "y": 62.0}]}, "description": "Plan A commiunen"}, {"boundingPoly": {"vertices": [{"x": 560.0, "y": 297.0}, {"x": 944.0, "y": 294.0}, {"x": 945.0, "y": 420.0}, {"x": 560.0, "y": 423.0}]}, "description": "merchant name"}, {"boundingPoly": {"vertices": [{"x": 607.0, "y": 453.0}, {"x": 898.0, "y": 453.0}, {"x": 898.0, "y": 501.0}, {"x": 607.0, "y": 503.0}]}, "description": "EST. 1884"}, {"boundingPoly": {"vertices": [{"x": 341.0, "y": 589.0}, {"x": 1090.0, "y": 576.0}, {"x": 1091.0, "y": 637.0}, {"x": 341.0, "y": 646.0}]}, "description": "merchant address"}, {"boundingPoly": {"vertices": [{"x": 416.0, "y": 686.0}, {"x": 593.0, "y": 708.0}, {"x": 591.0, "y": 752.0}, {"x": 411.0, "y": 732.0}]}, "description": "olu,oo."}, {"boundingPoly": {"vertices": [{"x": 540.0, "y": 803.0}, {"x": 871.0, "y": 776.0}, {"x": 876.0, "y": 826.0}, {"x": 545.0, "y": 856.0}]}, "description": "merchant phone"}, {"boundingPoly": {"vertices": [{"x": 389.0, "y": 909.0}, {"x": 1052.0, "y": 879.0}, {"x": 1054.0, "y": 942.0}, {"x": 390.0, "y": 961.0}]}, "description": "www.marksandspencer.com"}, {"boundingPoly": {"vertices": [{"x": 459.0, "y": 1007.0}, {"x": 913.0, "y": 999.0}, {"x": 914.0, "y": 1069.0}, {"x": 459.0, "y": 1077.0}]}, "description": "COKE ZERO 500ML"}, {"boundingPoly": {"vertices": [{"x": 449.0, "y": 1133.0}, {"x": 821.0, "y": 1131.0}, {"x": 822.0, "y": 1188.0}, {"x": 450.0, "y": 1190.0}]}, "description": "RST CHKN AVO"}, {"boundingPoly": {"vertices": [{"x": 446.0, "y": 1191.0}, {"x": 886.0, "y": 1191.0}, {"x": 886.0, "y": 1260.0}, {"x": 446.0, "y": 1260.0}]}, "description": "Balance to Pay"}, {"boundingPoly": {"vertices": [{"x": 48.0, "y": 1310.0}, {"x": 478.0, "y": 1319.0}, {"x": 477.0, "y": 1389.0}, {"x": 47.0, "y": 1381.0}]}, "description": "Card Tendered"}, {"boundingPoly": {"vertices": [{"x": 364.0, "y": 1391.0}, {"x": 1056.0, "y": 1392.0}, {"x": 1056.0, "y": 1458.0}, {"x": 364.0, "y": 1455.0}]}, "description": "*** CARDHOLDER COPY ***"}, {"boundingPoly": {"vertices": [{"x": 523.0, "y": 647.0}, {"x": 928.0, "y": 637.0}, {"x": 930.0, "y": 690.0}, {"x": 524.0, "y": 698.0}]}, "description": "merchant address"}, {"boundingPoly": {"vertices": [{"x": 828.0, "y": 715.0}, {"x": 1124.0, "y": 697.0}, {"x": 1127.0, "y": 737.0}, {"x": 830.0, "y": 752.0}]}, "description": "wwww.dieiv"}, {"boundingPoly": {"vertices": [{"x": 409.0, "y": 736.0}, {"x": 568.0, "y": 760.0}, {"x": 561.0, "y": 804.0}, {"x": 402.0, "y": 780.0}]}, "description": "easce"}, {"boundingPoly": {"vertices": [{"x": 458.0, "y": 852.0}, {"x": 986.0, "y": 817.0}, {"x": 990.0, "y": 878.0}, {"x": 460.0, "y": 907.0}]}, "description": "VAT NO. GB884257978"}, {"boundingPoly": {"vertices": [{"x": 619.0, "y": 704.0}, {"x": 820.0, "y": 692.0}, {"x": 821.0, "y": 736.0}, {"x": 622.0, "y": 750.0}]}, "description": "merchant address"}, {"boundingPoly": {"vertices": [{"x": 622.0, "y": 752.0}, {"x": 820.0, "y": 735.0}, {"x": 823.0, "y": 781.0}, {"x": 626.0, "y": 798.0}]}, "description": "RH6 ONN"}, {"boundingPoly": {"vertices": [{"x": 887.0, "y": 758.0}, {"x": 1125.0, "y": 749.0}, {"x": 1127.0, "y": 793.0}, {"x": 889.0, "y": 806.0}]}, "description": "goriq 10"}, {"boundingPoly": {"vertices": [{"x": 109.0, "y": 995.0}, {"x": 360.0, "y": 1009.0}, {"x": 357.0, "y": 1064.0}, {"x": 106.0, "y": 1050.0}]}, "description": "00632720"}, {"boundingPoly": {"vertices": [{"x": 1085.0, "y": 993.0}, {"x": 1247.0, "y": 986.0}, {"x": 1247.0, "y": 1044.0}, {"x": 1087.0, "y": 1053.0}]}, "description": "\u00a32.00"}, {"boundingPoly": {"vertices": [{"x": 1091.0, "y": 1059.0}, {"x": 1250.0, "y": 1052.0}, {"x": 1251.0, "y": 1109.0}, {"x": 1094.0, "y": 1118.0}]}, "description": "\u00a32.50"}, {"boundingPoly": {"vertices": [{"x": 1094.0, "y": 1125.0}, {"x": 1259.0, "y": 1116.0}, {"x": 1260.0, "y": 1176.0}, {"x": 1096.0, "y": 1183.0}]}, "description": "\u00a33.60"}, {"boundingPoly": {"vertices": [{"x": 99.0, "y": 1057.0}, {"x": 350.0, "y": 1069.0}, {"x": 347.0, "y": 1123.0}, {"x": 97.0, "y": 1113.0}]}, "description": "00485289"}, {"boundingPoly": {"vertices": [{"x": 87.0, "y": 1117.0}, {"x": 343.0, "y": 1129.0}, {"x": 340.0, "y": 1186.0}, {"x": 84.0, "y": 1175.0}]}, "description": "00062862"}, {"boundingPoly": {"vertices": [{"x": 294.0, "y": 1194.0}, {"x": 334.0, "y": 1194.0}, {"x": 334.0, "y": 1250.0}, {"x": 294.0, "y": 1250.0}]}, "description": " 3"}, {"boundingPoly": {"vertices": [{"x": 462.0, "y": 1073.0}, {"x": 913.0, "y": 1067.0}, {"x": 913.0, "y": 1125.0}, {"x": 463.0, "y": 1129.0}]}, "description": "SMPLY EGG CRESS"}, {"boundingPoly": {"vertices": [{"x": 75.0, "y": 1181.0}, {"x": 283.0, "y": 1181.0}, {"x": 283.0, "y": 1250.0}, {"x": 75.0, "y": 1250.0}]}, "description": " Items:"}, {"boundingPoly": {"vertices": [{"x": 1102.0, "y": 1186.0}, {"x": 1268.0, "y": 1180.0}, {"x": 1271.0, "y": 1249.0}, {"x": 1104.0, "y": 1254.0}]}, "description": "\u00a38.10"}, {"boundingPoly": {"vertices": [{"x": 1106.0, "y": 1323.0}, {"x": 1285.0, "y": 1319.0}, {"x": 1286.0, "y": 1380.0}, {"x": 1108.0, "y": 1386.0}]}, "description": "\u00a38.10"}, {"boundingPoly": {"vertices": [{"x": 21.0, "y": 1452.0}, {"x": 555.0, "y": 1461.0}, {"x": 554.0, "y": 1528.0}, {"x": 21.0, "y": 1521.0}]}, "description": "AMERICAN EXPRESS"}, {"boundingPoly": {"vertices": [{"x": 209.0, "y": 1529.0}, {"x": 554.0, "y": 1529.0}, {"x": 554.0, "y": 1605.0}, {"x": 209.0, "y": 1605.0}]}, "description": " ***** 66716"}, {"boundingPoly": {"vertices": [{"x": 197.0, "y": 1607.0}, {"x": 725.0, "y": 1607.0}, {"x": 725.0, "y": 1685.0}, {"x": 197.0, "y": 1685.0}]}, "description": " *********** 1001"}, {"boundingPoly": {"vertices": [{"x": 10.0, "y": 1525.0}, {"x": 174.0, "y": 1525.0}, {"x": 174.0, "y": 1598.0}, {"x": 10.0, "y": 1598.0}]}, "description": " MID:"}, {"boundingPoly": {"vertices": [{"x": 0.0, "y": 1602.0}, {"x": 185.0, "y": 1602.0}, {"x": 185.0, "y": 1670.0}, {"x": 0.0, "y": 1670.0}]}, "description": " CARD:"}, {"boundingPoly": {"vertices": [{"x": 0.0, "y": 1675.0}, {"x": 171.0, "y": 1675.0}, {"x": 171.0, "y": 1751.0}, {"x": 0.0, "y": 1751.0}]}, "description": " READ:"}, {"boundingPoly": {"vertices": [{"x": 8.0, "y": 1759.0}, {"x": 139.0, "y": 1759.0}, {"x": 139.0, "y": 1838.0}, {"x": 8.0, "y": 1838.0}]}, "description": " ID:"}, {"boundingPoly": {"vertices": [{"x": 0.0, "y": 1837.0}, {"x": 389.0, "y": 1844.0}, {"x": 388.0, "y": 1891.0}, {"x": 0.0, "y": 1886.0}]}, "description": "TAL ianisind"}, {"boundingPoly": {"vertices": [{"x": 782.0, "y": 1537.0}, {"x": 867.0, "y": 1537.0}, {"x": 867.0, "y": 1608.0}, {"x": 782.0, "y": 1608.0}]}, "description": " TID"}, {"boundingPoly": {"vertices": [{"x": 770.0, "y": 1614.0}, {"x": 962.0, "y": 1614.0}, {"x": 962.0, "y": 1688.0}, {"x": 770.0, "y": 1688.0}]}, "description": " AUTH:"}, {"boundingPoly": {"vertices": [{"x": 881.0, "y": 1539.0}, {"x": 1201.0, "y": 1539.0}, {"x": 1201.0, "y": 1608.0}, {"x": 881.0, "y": 1608.0}]}, "description": " :**** 0806"}, {"boundingPoly": {"vertices": [{"x": 186.0, "y": 1681.0}, {"x": 1412.0, "y": 1681.0}, {"x": 1412.0, "y": 1754.0}, {"x": 186.0, "y": 1754.0}]}, "description": " ICC es beiling 08mo ble"}, {"boundingPoly": {"vertices": [{"x": 166.0, "y": 1762.0}, {"x": 745.0, "y": 1762.0}, {"x": 745.0, "y": 1854.0}, {"x": 166.0, "y": 1854.0}]}, "description": " A000000025010801"}, {"boundingPoly": {"vertices": [{"x": 1060.0, "y": 1621.0}, {"x": 1209.0, "y": 1621.0}, {"x": 1211.0, "y": 1686.0}, {"x": 1062.0, "y": 1687.0}]}, "description": "0074"}, {"boundingPoly": {"vertices": [{"x": 768.0, "y": 1775.0}, {"x": 1346.0, "y": 1775.0}, {"x": 1346.0, "y": 1833.0}, {"x": 768.0, "y": 1833.0}]}, "description": "eau of themlianoo A"}]}