{"textAnnotations": [{"boundingPoly": {"vertices": [{"x": 32.0, "y": 46.0}, {"x": 144.0, "y": 45.0}, {"x": 144.0, "y": 66.0}, {"x": 32.0, "y": 66.0}]}, "description": "merchant name"}, {"boundingPoly": {"vertices": [{"x": 239.0, "y": 45.0}, {"x": 265.0, "y": 45.0}, {"x": 265.0, "y": 56.0}, {"x": 239.0, "y": 56.0}]}, "description": " Total:"}, {"boundingPoly": {"vertices": [{"x": 213.0, "y": 59.0}, {"x": 300.0, "y": 59.0}, {"x": 300.0, "y": 71.0}, {"x": 213.0, "y": 71.0}]}, "description": "Thu, Nov 28, 2019"}, {"boundingPoly": {"vertices": [{"x": 267.0, "y": 45.0}, {"x": 300.0, "y": 45.0}, {"x": 300.0, "y": 57.0}, {"x": 267.0, "y": 57.0}]}, "description": " $19.33"}, {"boundingPoly": {"vertices": [{"x": 33.0, "y": 110.0}, {"x": 289.0, "y": 112.0}, {"x": 289.0, "y": 140.0}, {"x": 33.0, "y": 136.0}]}, "description": "Thanks for tipping,"}, {"boundingPoly": {"vertices": [{"x": 32.0, "y": 185.0}, {"x": 275.0, "y": 185.0}, {"x": 275.0, "y": 203.0}, {"x": 32.0, "y": 204.0}]}, "description": "Here's your updated receipt for"}, {"boundingPoly": {"vertices": [{"x": 33.0, "y": 207.0}, {"x": 295.0, "y": 207.0}, {"x": 295.0, "y": 226.0}, {"x": 33.0, "y": 225.0}]}, "description": "McDonald's\u00ae (Deer Valley & 1-17)."}, {"boundingPoly": {"vertices": [{"x": 33.0, "y": 428.0}, {"x": 85.0, "y": 429.0}, {"x": 84.0, "y": 448.0}, {"x": 34.0, "y": 448.0}]}, "description": "Total"}, {"boundingPoly": {"vertices": [{"x": 228.0, "y": 428.0}, {"x": 301.0, "y": 428.0}, {"x": 301.0, "y": 448.0}, {"x": 229.0, "y": 448.0}]}, "description": "$19.33"}, {"boundingPoly": {"vertices": [{"x": 41.0, "y": 508.0}, {"x": 49.0, "y": 507.0}, {"x": 49.0, "y": 518.0}, {"x": 41.0, "y": 519.0}]}, "description": "1"}, {"boundingPoly": {"vertices": [{"x": 63.0, "y": 507.0}, {"x": 194.0, "y": 508.0}, {"x": 194.0, "y": 522.0}, {"x": 63.0, "y": 521.0}]}, "description": "10 Piece McNuggets"}, {"boundingPoly": {"vertices": [{"x": 263.0, "y": 507.0}, {"x": 299.0, "y": 507.0}, {"x": 300.0, "y": 520.0}, {"x": 264.0, "y": 520.0}]}, "description": "$5.09"}, {"boundingPoly": {"vertices": [{"x": 76.0, "y": 535.0}, {"x": 153.0, "y": 535.0}, {"x": 152.0, "y": 549.0}, {"x": 76.0, "y": 548.0}]}, "description": "Select Option"}, {"boundingPoly": {"vertices": [{"x": 113.0, "y": 556.0}, {"x": 176.0, "y": 556.0}, {"x": 176.0, "y": 571.0}, {"x": 113.0, "y": 571.0}]}, "description": " McNuggets"}, {"boundingPoly": {"vertices": [{"x": 76.0, "y": 579.0}, {"x": 150.0, "y": 579.0}, {"x": 150.0, "y": 592.0}, {"x": 76.0, "y": 591.0}]}, "description": "Select Sauce"}, {"boundingPoly": {"vertices": [{"x": 64.0, "y": 599.0}, {"x": 95.0, "y": 599.0}, {"x": 95.0, "y": 613.0}, {"x": 64.0, "y": 613.0}]}, "description": " Tangy"}, {"boundingPoly": {"vertices": [{"x": 64.0, "y": 618.0}, {"x": 109.0, "y": 618.0}, {"x": 109.0, "y": 632.0}, {"x": 64.0, "y": 632.0}]}, "description": " Ketchup"}, {"boundingPoly": {"vertices": [{"x": 65.0, "y": 557.0}, {"x": 77.0, "y": 557.0}, {"x": 77.0, "y": 570.0}, {"x": 65.0, "y": 570.0}]}, "description": " 10"}, {"boundingPoly": {"vertices": [{"x": 80.0, "y": 557.0}, {"x": 111.0, "y": 557.0}, {"x": 111.0, "y": 570.0}, {"x": 80.0, "y": 570.0}]}, "description": " Piece"}, {"boundingPoly": {"vertices": [{"x": 178.0, "y": 556.0}, {"x": 218.0, "y": 556.0}, {"x": 218.0, "y": 571.0}, {"x": 178.0, "y": 571.0}]}, "description": " ($0.00)"}, {"boundingPoly": {"vertices": [{"x": 98.0, "y": 599.0}, {"x": 124.0, "y": 599.0}, {"x": 124.0, "y": 614.0}, {"x": 98.0, "y": 614.0}]}, "description": " BBQ"}, {"boundingPoly": {"vertices": [{"x": 127.0, "y": 599.0}, {"x": 170.0, "y": 599.0}, {"x": 170.0, "y": 614.0}, {"x": 127.0, "y": 614.0}]}, "description": " Dipping"}, {"boundingPoly": {"vertices": [{"x": 112.0, "y": 618.0}, {"x": 149.0, "y": 618.0}, {"x": 149.0, "y": 632.0}, {"x": 112.0, "y": 632.0}]}, "description": " Packet"}, {"boundingPoly": {"vertices": [{"x": 173.0, "y": 599.0}, {"x": 205.0, "y": 599.0}, {"x": 205.0, "y": 614.0}, {"x": 173.0, "y": 614.0}]}, "description": " Sauce"}, {"boundingPoly": {"vertices": [{"x": 152.0, "y": 618.0}, {"x": 192.0, "y": 618.0}, {"x": 192.0, "y": 632.0}, {"x": 152.0, "y": 632.0}]}, "description": " ($0.00)"}, {"boundingPoly": {"vertices": [{"x": 208.0, "y": 599.0}, {"x": 249.0, "y": 599.0}, {"x": 249.0, "y": 614.0}, {"x": 208.0, "y": 614.0}]}, "description": " ($0.00)"}, {"boundingPoly": {"vertices": [{"x": 41.0, "y": 645.0}, {"x": 50.0, "y": 644.0}, {"x": 50.0, "y": 656.0}, {"x": 41.0, "y": 656.0}]}, "description": "1"}, {"boundingPoly": {"vertices": [{"x": 62.0, "y": 644.0}, {"x": 207.0, "y": 644.0}, {"x": 207.0, "y": 659.0}, {"x": 62.0, "y": 658.0}]}, "description": "Grilled Artisan Chicken"}, {"boundingPoly": {"vertices": [{"x": 264.0, "y": 645.0}, {"x": 300.0, "y": 644.0}, {"x": 300.0, "y": 658.0}, {"x": 264.0, "y": 658.0}]}, "description": "$8.99"}, {"boundingPoly": {"vertices": [{"x": 76.0, "y": 673.0}, {"x": 152.0, "y": 674.0}, {"x": 152.0, "y": 686.0}, {"x": 76.0, "y": 686.0}]}, "description": "Select Option"}, {"boundingPoly": {"vertices": [{"x": 143.0, "y": 694.0}, {"x": 195.0, "y": 694.0}, {"x": 195.0, "y": 708.0}, {"x": 143.0, "y": 708.0}]}, "description": " Chicken -"}, {"boundingPoly": {"vertices": [{"x": 77.0, "y": 716.0}, {"x": 144.0, "y": 716.0}, {"x": 144.0, "y": 728.0}, {"x": 77.0, "y": 728.0}]}, "description": "Select Drink"}, {"boundingPoly": {"vertices": [{"x": 64.0, "y": 695.0}, {"x": 140.0, "y": 695.0}, {"x": 140.0, "y": 707.0}, {"x": 64.0, "y": 707.0}]}, "description": " Grilled Artisan"}, {"boundingPoly": {"vertices": [{"x": 197.0, "y": 694.0}, {"x": 229.0, "y": 694.0}, {"x": 229.0, "y": 708.0}, {"x": 197.0, "y": 708.0}]}, "description": " Large"}, {"boundingPoly": {"vertices": [{"x": 231.0, "y": 694.0}, {"x": 258.0, "y": 694.0}, {"x": 258.0, "y": 708.0}, {"x": 231.0, "y": 708.0}]}, "description": " Meal"}, {"boundingPoly": {"vertices": [{"x": 260.0, "y": 694.0}, {"x": 300.0, "y": 694.0}, {"x": 300.0, "y": 708.0}, {"x": 260.0, "y": 708.0}]}, "description": " ($3.40)"}, {"boundingPoly": {"vertices": [{"x": 64.0, "y": 737.0}, {"x": 94.0, "y": 737.0}, {"x": 94.0, "y": 751.0}, {"x": 64.0, "y": 751.0}]}, "description": " Large"}, {"boundingPoly": {"vertices": [{"x": 77.0, "y": 759.0}, {"x": 272.0, "y": 759.0}, {"x": 271.0, "y": 772.0}, {"x": 77.0, "y": 772.0}]}, "description": "Grilled Artisan Chicken Comes With"}, {"boundingPoly": {"vertices": [{"x": 64.0, "y": 780.0}, {"x": 148.0, "y": 780.0}, {"x": 148.0, "y": 793.0}, {"x": 64.0, "y": 793.0}]}, "description": " Roma Tomato -"}, {"boundingPoly": {"vertices": [{"x": 64.0, "y": 799.0}, {"x": 128.0, "y": 799.0}, {"x": 128.0, "y": 813.0}, {"x": 64.0, "y": 813.0}]}, "description": " Crisp Green"}, {"boundingPoly": {"vertices": [{"x": 65.0, "y": 818.0}, {"x": 99.0, "y": 818.0}, {"x": 99.0, "y": 831.0}, {"x": 65.0, "y": 831.0}]}, "description": " Grilled"}, {"boundingPoly": {"vertices": [{"x": 64.0, "y": 837.0}, {"x": 101.0, "y": 837.0}, {"x": 101.0, "y": 850.0}, {"x": 64.0, "y": 850.0}]}, "description": " Artisan"}, {"boundingPoly": {"vertices": [{"x": 64.0, "y": 856.0}, {"x": 128.0, "y": 856.0}, {"x": 128.0, "y": 870.0}, {"x": 64.0, "y": 870.0}]}, "description": " Mayonnaise"}, {"boundingPoly": {"vertices": [{"x": 76.0, "y": 878.0}, {"x": 249.0, "y": 877.0}, {"x": 249.0, "y": 890.0}, {"x": 76.0, "y": 891.0}]}, "description": "Large French Fries Comes With"}, {"boundingPoly": {"vertices": [{"x": 64.0, "y": 898.0}, {"x": 83.0, "y": 898.0}, {"x": 83.0, "y": 912.0}, {"x": 64.0, "y": 912.0}]}, "description": " Salt"}, {"boundingPoly": {"vertices": [{"x": 96.0, "y": 737.0}, {"x": 138.0, "y": 737.0}, {"x": 138.0, "y": 751.0}, {"x": 96.0, "y": 751.0}]}, "description": " Coke\u00ae,"}, {"boundingPoly": {"vertices": [{"x": 141.0, "y": 737.0}, {"x": 157.0, "y": 737.0}, {"x": 157.0, "y": 751.0}, {"x": 141.0, "y": 751.0}]}, "description": " Ice"}, {"boundingPoly": {"vertices": [{"x": 160.0, "y": 736.0}, {"x": 201.0, "y": 736.0}, {"x": 201.0, "y": 751.0}, {"x": 160.0, "y": 751.0}]}, "description": " ($0.00)"}, {"boundingPoly": {"vertices": [{"x": 150.0, "y": 780.0}, {"x": 158.0, "y": 780.0}, {"x": 158.0, "y": 793.0}, {"x": 150.0, "y": 793.0}]}, "description": " 3"}, {"boundingPoly": {"vertices": [{"x": 130.0, "y": 799.0}, {"x": 154.0, "y": 799.0}, {"x": 154.0, "y": 812.0}, {"x": 130.0, "y": 812.0}]}, "description": " Leaf"}, {"boundingPoly": {"vertices": [{"x": 101.0, "y": 818.0}, {"x": 146.0, "y": 818.0}, {"x": 146.0, "y": 831.0}, {"x": 101.0, "y": 831.0}]}, "description": " Chicken"}, {"boundingPoly": {"vertices": [{"x": 104.0, "y": 837.0}, {"x": 167.0, "y": 837.0}, {"x": 167.0, "y": 851.0}, {"x": 104.0, "y": 851.0}]}, "description": " Roll ($0.00)"}, {"boundingPoly": {"vertices": [{"x": 130.0, "y": 855.0}, {"x": 171.0, "y": 855.0}, {"x": 171.0, "y": 870.0}, {"x": 130.0, "y": 870.0}]}, "description": " ($0.00)"}, {"boundingPoly": {"vertices": [{"x": 160.0, "y": 780.0}, {"x": 193.0, "y": 780.0}, {"x": 193.0, "y": 793.0}, {"x": 160.0, "y": 793.0}]}, "description": " Slices"}, {"boundingPoly": {"vertices": [{"x": 157.0, "y": 799.0}, {"x": 197.0, "y": 799.0}, {"x": 197.0, "y": 812.0}, {"x": 157.0, "y": 812.0}]}, "description": " Lettuce"}, {"boundingPoly": {"vertices": [{"x": 148.0, "y": 818.0}, {"x": 171.0, "y": 818.0}, {"x": 171.0, "y": 831.0}, {"x": 148.0, "y": 831.0}]}, "description": " Filet"}, {"boundingPoly": {"vertices": [{"x": 195.0, "y": 780.0}, {"x": 234.0, "y": 780.0}, {"x": 234.0, "y": 794.0}, {"x": 195.0, "y": 794.0}]}, "description": " ($0.49)"}, {"boundingPoly": {"vertices": [{"x": 200.0, "y": 799.0}, {"x": 240.0, "y": 799.0}, {"x": 240.0, "y": 813.0}, {"x": 200.0, "y": 813.0}]}, "description": " ($0.39)"}, {"boundingPoly": {"vertices": [{"x": 174.0, "y": 818.0}, {"x": 214.0, "y": 818.0}, {"x": 214.0, "y": 832.0}, {"x": 174.0, "y": 832.0}]}, "description": " ($1.69)"}, {"boundingPoly": {"vertices": [{"x": 85.0, "y": 899.0}, {"x": 126.0, "y": 899.0}, {"x": 126.0, "y": 913.0}, {"x": 85.0, "y": 913.0}]}, "description": " ($0.00)"}, {"boundingPoly": {"vertices": [{"x": 34.0, "y": 971.0}, {"x": 88.0, "y": 971.0}, {"x": 88.0, "y": 984.0}, {"x": 34.0, "y": 984.0}]}, "description": "Subtotal"}, {"boundingPoly": {"vertices": [{"x": 255.0, "y": 971.0}, {"x": 300.0, "y": 971.0}, {"x": 300.0, "y": 984.0}, {"x": 255.0, "y": 984.0}]}, "description": "$14.08"}, {"boundingPoly": {"vertices": [{"x": 33.0, "y": 1004.0}, {"x": 55.0, "y": 1004.0}, {"x": 55.0, "y": 1016.0}, {"x": 33.0, "y": 1017.0}]}, "description": "Tax"}, {"boundingPoly": {"vertices": [{"x": 263.0, "y": 1003.0}, {"x": 298.0, "y": 1003.0}, {"x": 298.0, "y": 1016.0}, {"x": 263.0, "y": 1017.0}]}, "description": "$1.21"}]}