{"textAnnotations": [{"boundingPoly": {"vertices": [{"x": 940.0, "y": 165.0}, {"x": 1196.0, "y": 167.0}, {"x": 1196.0, "y": 224.0}, {"x": 940.0, "y": 222.0}]}, "description": "merchant name"}, {"boundingPoly": {"vertices": [{"x": 947.0, "y": 251.0}, {"x": 967.0, "y": 252.0}, {"x": 966.0, "y": 266.0}, {"x": 946.0, "y": 265.0}]}, "description": "A"}, {"boundingPoly": {"vertices": [{"x": 962.0, "y": 275.0}, {"x": 1173.0, "y": 279.0}, {"x": 1172.0, "y": 291.0}, {"x": 962.0, "y": 287.0}]}, "description": "merchant address"}, {"boundingPoly": {"vertices": [{"x": 999.0, "y": 299.0}, {"x": 1143.0, "y": 302.0}, {"x": 1142.0, "y": 318.0}, {"x": 999.0, "y": 314.0}]}, "description": "merchant phone"}, {"boundingPoly": {"vertices": [{"x": 932.0, "y": 262.0}, {"x": 1134.0, "y": 266.0}, {"x": 1133.0, "y": 279.0}, {"x": 931.0, "y": 275.0}]}, "description": "merchant address"}, {"boundingPoly": {"vertices": [{"x": 954.0, "y": 286.0}, {"x": 1064.0, "y": 289.0}, {"x": 1063.0, "y": 302.0}, {"x": 954.0, "y": 299.0}]}, "description": "merchant address"}, {"boundingPoly": {"vertices": [{"x": 1138.0, "y": 267.0}, {"x": 1207.0, "y": 267.0}, {"x": 1207.0, "y": 280.0}, {"x": 1138.0, "y": 279.0}]}, "description": "merchant address"}, {"boundingPoly": {"vertices": [{"x": 1076.0, "y": 288.0}, {"x": 1173.0, "y": 289.0}, {"x": 1173.0, "y": 303.0}, {"x": 1076.0, "y": 302.0}]}, "description": "merchant address"}, {"boundingPoly": {"vertices": [{"x": 346.0, "y": 318.0}, {"x": 605.0, "y": 322.0}, {"x": 604.0, "y": 391.0}, {"x": 346.0, "y": 390.0}]}, "description": "merchant name"}, {"boundingPoly": {"vertices": [{"x": 342.0, "y": 441.0}, {"x": 565.0, "y": 439.0}, {"x": 565.0, "y": 463.0}, {"x": 342.0, "y": 465.0}]}, "description": "merchant name"}, {"boundingPoly": {"vertices": [{"x": 328.0, "y": 464.0}, {"x": 464.0, "y": 464.0}, {"x": 464.0, "y": 485.0}, {"x": 328.0, "y": 485.0}]}, "description": "merchant address"}, {"boundingPoly": {"vertices": [{"x": 344.0, "y": 507.0}, {"x": 548.0, "y": 496.0}, {"x": 549.0, "y": 516.0}, {"x": 344.0, "y": 527.0}]}, "description": "merchant address"}, {"boundingPoly": {"vertices": [{"x": 820.0, "y": 398.0}, {"x": 1053.0, "y": 398.0}, {"x": 1053.0, "y": 433.0}, {"x": 820.0, "y": 433.0}]}, "description": " Check #:7719-1155153"}, {"boundingPoly": {"vertices": [{"x": 815.0, "y": 456.0}, {"x": 903.0, "y": 456.0}, {"x": 903.0, "y": 485.0}, {"x": 815.0, "y": 485.0}]}, "description": " SOURCE:"}, {"boundingPoly": {"vertices": [{"x": 813.0, "y": 484.0}, {"x": 932.0, "y": 484.0}, {"x": 932.0, "y": 515.0}, {"x": 813.0, "y": 515.0}]}, "description": " CARD TYPE:"}, {"boundingPoly": {"vertices": [{"x": 814.0, "y": 513.0}, {"x": 954.0, "y": 513.0}, {"x": 954.0, "y": 544.0}, {"x": 814.0, "y": 544.0}]}, "description": " CARD NUMBER:"}, {"boundingPoly": {"vertices": [{"x": 811.0, "y": 544.0}, {"x": 976.0, "y": 544.0}, {"x": 976.0, "y": 573.0}, {"x": 811.0, "y": 573.0}]}, "description": " APPROVAL CODE:"}, {"boundingPoly": {"vertices": [{"x": 810.0, "y": 572.0}, {"x": 953.0, "y": 572.0}, {"x": 953.0, "y": 595.0}, {"x": 810.0, "y": 595.0}]}, "description": " Merchant ID:"}, {"boundingPoly": {"vertices": [{"x": 811.0, "y": 594.0}, {"x": 942.0, "y": 594.0}, {"x": 942.0, "y": 617.0}, {"x": 811.0, "y": 617.0}]}, "description": " Trans Type:"}, {"boundingPoly": {"vertices": [{"x": 1176.0, "y": 353.0}, {"x": 1290.0, "y": 357.0}, {"x": 1289.0, "y": 385.0}, {"x": 1175.0, "y": 380.0}]}, "description": "TB#75"}, {"boundingPoly": {"vertices": [{"x": 1261.0, "y": 386.0}, {"x": 1280.0, "y": 386.0}, {"x": 1280.0, "y": 415.0}, {"x": 1261.0, "y": 415.0}]}, "description": " 1"}, {"boundingPoly": {"vertices": [{"x": 817.0, "y": 368.0}, {"x": 884.0, "y": 368.0}, {"x": 884.0, "y": 397.0}, {"x": 817.0, "y": 397.0}]}, "description": " DATE:"}, {"boundingPoly": {"vertices": [{"x": 887.0, "y": 371.0}, {"x": 1055.0, "y": 371.0}, {"x": 1055.0, "y": 404.0}, {"x": 887.0, "y": 404.0}]}, "description": " 11-22-19 TIME:"}, {"boundingPoly": {"vertices": [{"x": 1059.0, "y": 378.0}, {"x": 1256.0, "y": 378.0}, {"x": 1256.0, "y": 414.0}, {"x": 1059.0, "y": 414.0}]}, "description": " 02:01 PM GUESTS:"}, {"boundingPoly": {"vertices": [{"x": 468.0, "y": 460.0}, {"x": 593.0, "y": 460.0}, {"x": 593.0, "y": 485.0}, {"x": 468.0, "y": 485.0}]}, "description": "merchant address"}, {"boundingPoly": {"vertices": [{"x": 907.0, "y": 458.0}, {"x": 947.0, "y": 458.0}, {"x": 947.0, "y": 486.0}, {"x": 907.0, "y": 486.0}]}, "description": " TED"}, {"boundingPoly": {"vertices": [{"x": 352.0, "y": 487.0}, {"x": 558.0, "y": 480.0}, {"x": 559.0, "y": 499.0}, {"x": 352.0, "y": 507.0}]}, "description": "merchant address"}, {"boundingPoly": {"vertices": [{"x": 382.0, "y": 523.0}, {"x": 520.0, "y": 515.0}, {"x": 521.0, "y": 535.0}, {"x": 383.0, "y": 543.0}]}, "description": "merchant phone"}, {"boundingPoly": {"vertices": [{"x": 936.0, "y": 489.0}, {"x": 989.0, "y": 489.0}, {"x": 989.0, "y": 517.0}, {"x": 936.0, "y": 517.0}]}, "description": " AMEX"}, {"boundingPoly": {"vertices": [{"x": 959.0, "y": 520.0}, {"x": 1134.0, "y": 520.0}, {"x": 1134.0, "y": 553.0}, {"x": 959.0, "y": 553.0}]}, "description": " *********** 3001"}, {"boundingPoly": {"vertices": [{"x": 957.0, "y": 572.0}, {"x": 1031.0, "y": 572.0}, {"x": 1031.0, "y": 593.0}, {"x": 957.0, "y": 593.0}]}, "description": " 090111"}, {"boundingPoly": {"vertices": [{"x": 946.0, "y": 594.0}, {"x": 1000.0, "y": 594.0}, {"x": 1000.0, "y": 616.0}, {"x": 946.0, "y": 616.0}]}, "description": " SALE"}, {"boundingPoly": {"vertices": [{"x": 545.0, "y": 561.0}, {"x": 660.0, "y": 568.0}, {"x": 659.0, "y": 591.0}, {"x": 543.0, "y": 584.0}]}, "description": "TB#75"}, {"boundingPoly": {"vertices": [{"x": 979.0, "y": 548.0}, {"x": 1054.0, "y": 548.0}, {"x": 1054.0, "y": 574.0}, {"x": 979.0, "y": 574.0}]}, "description": " 865497"}, {"boundingPoly": {"vertices": [{"x": 201.0, "y": 594.0}, {"x": 269.0, "y": 594.0}, {"x": 269.0, "y": 618.0}, {"x": 201.0, "y": 618.0}]}, "description": " DATE:"}, {"boundingPoly": {"vertices": [{"x": 271.0, "y": 588.0}, {"x": 432.0, "y": 588.0}, {"x": 432.0, "y": 615.0}, {"x": 271.0, "y": 615.0}]}, "description": " 11-22-19 TIME:"}, {"boundingPoly": {"vertices": [{"x": 199.0, "y": 614.0}, {"x": 425.0, "y": 614.0}, {"x": 425.0, "y": 638.0}, {"x": 199.0, "y": 638.0}]}, "description": " Check #:7719-1155153"}, {"boundingPoly": {"vertices": [{"x": 434.0, "y": 586.0}, {"x": 631.0, "y": 586.0}, {"x": 631.0, "y": 610.0}, {"x": 434.0, "y": 610.0}]}, "description": " 02:01 PM GUESTS:"}, {"boundingPoly": {"vertices": [{"x": 633.0, "y": 587.0}, {"x": 651.0, "y": 587.0}, {"x": 651.0, "y": 609.0}, {"x": 633.0, "y": 609.0}]}, "description": " 1"}, {"boundingPoly": {"vertices": [{"x": 244.0, "y": 661.0}, {"x": 317.0, "y": 661.0}, {"x": 317.0, "y": 686.0}, {"x": 244.0, "y": 686.0}]}, "description": " STELLA"}, {"boundingPoly": {"vertices": [{"x": 240.0, "y": 688.0}, {"x": 413.0, "y": 684.0}, {"x": 414.0, "y": 708.0}, {"x": 240.0, "y": 714.0}]}, "description": "LOAD STKCHX FAJ"}, {"boundingPoly": {"vertices": [{"x": 312.0, "y": 733.0}, {"x": 405.0, "y": 733.0}, {"x": 405.0, "y": 760.0}, {"x": 312.0, "y": 760.0}]}, "description": " VEGGIES$"}, {"boundingPoly": {"vertices": [{"x": 270.0, "y": 758.0}, {"x": 380.0, "y": 758.0}, {"x": 380.0, "y": 786.0}, {"x": 270.0, "y": 786.0}]}, "description": " MASH POTS"}, {"boundingPoly": {"vertices": [{"x": 322.0, "y": 659.0}, {"x": 408.0, "y": 659.0}, {"x": 408.0, "y": 684.0}, {"x": 322.0, "y": 684.0}]}, "description": " BREWTUS"}, {"boundingPoly": {"vertices": [{"x": 532.0, "y": 651.0}, {"x": 585.0, "y": 655.0}, {"x": 581.0, "y": 677.0}, {"x": 529.0, "y": 674.0}]}, "description": "6.00"}, {"boundingPoly": {"vertices": [{"x": 513.0, "y": 677.0}, {"x": 581.0, "y": 680.0}, {"x": 580.0, "y": 702.0}, {"x": 512.0, "y": 700.0}]}, "description": "20.99"}, {"boundingPoly": {"vertices": [{"x": 518.0, "y": 703.0}, {"x": 578.0, "y": 706.0}, {"x": 576.0, "y": 729.0}, {"x": 516.0, "y": 726.0}]}, "description": "18.99"}, {"boundingPoly": {"vertices": [{"x": 526.0, "y": 728.0}, {"x": 578.0, "y": 729.0}, {"x": 575.0, "y": 754.0}, {"x": 523.0, "y": 753.0}]}, "description": "1.99"}, {"boundingPoly": {"vertices": [{"x": 523.0, "y": 756.0}, {"x": 574.0, "y": 756.0}, {"x": 574.0, "y": 781.0}, {"x": 523.0, "y": 782.0}]}, "description": "0.00"}, {"boundingPoly": {"vertices": [{"x": 809.0, "y": 662.0}, {"x": 859.0, "y": 662.0}, {"x": 859.0, "y": 686.0}, {"x": 809.0, "y": 686.0}]}, "description": " AID:"}, {"boundingPoly": {"vertices": [{"x": 806.0, "y": 686.0}, {"x": 838.0, "y": 686.0}, {"x": 838.0, "y": 709.0}, {"x": 806.0, "y": 709.0}]}, "description": " TVR"}, {"boundingPoly": {"vertices": [{"x": 808.0, "y": 712.0}, {"x": 836.0, "y": 712.0}, {"x": 836.0, "y": 738.0}, {"x": 808.0, "y": 738.0}]}, "description": " TSI"}, {"boundingPoly": {"vertices": [{"x": 804.0, "y": 742.0}, {"x": 825.0, "y": 742.0}, {"x": 825.0, "y": 763.0}, {"x": 804.0, "y": 763.0}]}, "description": " AC"}, {"boundingPoly": {"vertices": [{"x": 804.0, "y": 766.0}, {"x": 838.0, "y": 766.0}, {"x": 838.0, "y": 791.0}, {"x": 804.0, "y": 791.0}]}, "description": " ARC"}, {"boundingPoly": {"vertices": [{"x": 863.0, "y": 662.0}, {"x": 1057.0, "y": 662.0}, {"x": 1057.0, "y": 686.0}, {"x": 863.0, "y": 686.0}]}, "description": " A000000025010801"}, {"boundingPoly": {"vertices": [{"x": 843.0, "y": 686.0}, {"x": 852.0, "y": 686.0}, {"x": 852.0, "y": 709.0}, {"x": 843.0, "y": 709.0}]}, "description": " :"}, {"boundingPoly": {"vertices": [{"x": 841.0, "y": 712.0}, {"x": 850.0, "y": 712.0}, {"x": 850.0, "y": 737.0}, {"x": 841.0, "y": 737.0}]}, "description": " :"}, {"boundingPoly": {"vertices": [{"x": 829.0, "y": 743.0}, {"x": 842.0, "y": 743.0}, {"x": 842.0, "y": 764.0}, {"x": 829.0, "y": 764.0}]}, "description": " :"}, {"boundingPoly": {"vertices": [{"x": 237.0, "y": 716.0}, {"x": 407.0, "y": 709.0}, {"x": 408.0, "y": 732.0}, {"x": 237.0, "y": 740.0}]}, "description": "BLK CUN SALMON"}, {"boundingPoly": {"vertices": [{"x": 235.0, "y": 739.0}, {"x": 308.0, "y": 739.0}, {"x": 308.0, "y": 764.0}, {"x": 235.0, "y": 764.0}]}, "description": " FR GRL"}, {"boundingPoly": {"vertices": [{"x": 230.0, "y": 762.0}, {"x": 266.0, "y": 762.0}, {"x": 266.0, "y": 787.0}, {"x": 230.0, "y": 787.0}]}, "description": " GAR"}, {"boundingPoly": {"vertices": [{"x": 841.0, "y": 767.0}, {"x": 852.0, "y": 767.0}, {"x": 852.0, "y": 792.0}, {"x": 841.0, "y": 792.0}]}, "description": " :"}, {"boundingPoly": {"vertices": [{"x": 161.0, "y": 814.0}, {"x": 306.0, "y": 814.0}, {"x": 306.0, "y": 844.0}, {"x": 161.0, "y": 844.0}]}, "description": " Check TOTAL:"}, {"boundingPoly": {"vertices": [{"x": 234.0, "y": 842.0}, {"x": 295.0, "y": 842.0}, {"x": 295.0, "y": 868.0}, {"x": 234.0, "y": 868.0}]}, "description": " City:"}, {"boundingPoly": {"vertices": [{"x": 223.0, "y": 872.0}, {"x": 292.0, "y": 872.0}, {"x": 292.0, "y": 896.0}, {"x": 223.0, "y": 896.0}]}, "description": " State:"}, {"boundingPoly": {"vertices": [{"x": 149.0, "y": 900.0}, {"x": 242.0, "y": 900.0}, {"x": 242.0, "y": 927.0}, {"x": 149.0, "y": 927.0}]}, "description": " AMEX"}, {"boundingPoly": {"vertices": [{"x": 149.0, "y": 928.0}, {"x": 306.0, "y": 928.0}, {"x": 306.0, "y": 958.0}, {"x": 149.0, "y": 958.0}]}, "description": " Tip/Chg"}, {"boundingPoly": {"vertices": [{"x": 334.0, "y": 810.0}, {"x": 399.0, "y": 809.0}, {"x": 396.0, "y": 834.0}, {"x": 333.0, "y": 835.0}]}, "description": "47.97"}, {"boundingPoly": {"vertices": [{"x": 343.0, "y": 838.0}, {"x": 395.0, "y": 838.0}, {"x": 395.0, "y": 862.0}, {"x": 342.0, "y": 862.0}]}, "description": "1.44"}, {"boundingPoly": {"vertices": [{"x": 340.0, "y": 867.0}, {"x": 390.0, "y": 869.0}, {"x": 389.0, "y": 892.0}, {"x": 338.0, "y": 891.0}]}, "description": "3.18"}, {"boundingPoly": {"vertices": [{"x": 803.0, "y": 844.0}, {"x": 1297.0, "y": 858.0}, {"x": 1296.0, "y": 875.0}, {"x": 802.0, "y": 861.0}]}, "description": "****************************************"}, {"boundingPoly": {"vertices": [{"x": 912.0, "y": 886.0}, {"x": 1020.0, "y": 886.0}, {"x": 1020.0, "y": 916.0}, {"x": 912.0, "y": 916.0}]}, "description": " We value"}, {"boundingPoly": {"vertices": [{"x": 865.0, "y": 927.0}, {"x": 1242.0, "y": 927.0}, {"x": 1242.0, "y": 974.0}, {"x": 865.0, "y": 974.0}]}, "description": " Visit www.talktoapplebees.com"}, {"boundingPoly": {"vertices": [{"x": 1197.0, "y": 973.0}, {"x": 1270.0, "y": 973.0}, {"x": 1270.0, "y": 1000.0}, {"x": 1197.0, "y": 1000.0}]}, "description": " about"}, {"boundingPoly": {"vertices": [{"x": 245.0, "y": 900.0}, {"x": 264.0, "y": 900.0}, {"x": 264.0, "y": 926.0}, {"x": 245.0, "y": 926.0}]}, "description": " :"}, {"boundingPoly": {"vertices": [{"x": 511.0, "y": 899.0}, {"x": 641.0, "y": 901.0}, {"x": 640.0, "y": 930.0}, {"x": 510.0, "y": 928.0}]}, "description": "62.19"}, {"boundingPoly": {"vertices": [{"x": 1023.0, "y": 892.0}, {"x": 1082.0, "y": 892.0}, {"x": 1082.0, "y": 919.0}, {"x": 1023.0, "y": 919.0}]}, "description": " your"}, {"boundingPoly": {"vertices": [{"x": 1086.0, "y": 895.0}, {"x": 1199.0, "y": 895.0}, {"x": 1199.0, "y": 923.0}, {"x": 1086.0, "y": 923.0}]}, "description": " feedback!"}, {"boundingPoly": {"vertices": [{"x": 311.0, "y": 928.0}, {"x": 329.0, "y": 928.0}, {"x": 329.0, "y": 957.0}, {"x": 311.0, "y": 957.0}]}, "description": " :"}, {"boundingPoly": {"vertices": [{"x": 531.0, "y": 924.0}, {"x": 638.0, "y": 929.0}, {"x": 636.0, "y": 959.0}, {"x": 530.0, "y": 955.0}]}, "description": "9.60"}, {"boundingPoly": {"vertices": [{"x": 1247.0, "y": 950.0}, {"x": 1277.0, "y": 950.0}, {"x": 1277.0, "y": 976.0}, {"x": 1247.0, "y": 976.0}]}, "description": " in"}, {"boundingPoly": {"vertices": [{"x": 142.0, "y": 954.0}, {"x": 305.0, "y": 954.0}, {"x": 305.0, "y": 986.0}, {"x": 142.0, "y": 986.0}]}, "description": " BALANCE"}, {"boundingPoly": {"vertices": [{"x": 309.0, "y": 953.0}, {"x": 327.0, "y": 953.0}, {"x": 327.0, "y": 983.0}, {"x": 309.0, "y": 983.0}]}, "description": " :"}, {"boundingPoly": {"vertices": [{"x": 534.0, "y": 955.0}, {"x": 638.0, "y": 960.0}, {"x": 636.0, "y": 988.0}, {"x": 532.0, "y": 983.0}]}, "description": "0.00"}, {"boundingPoly": {"vertices": [{"x": 867.0, "y": 953.0}, {"x": 1155.0, "y": 953.0}, {"x": 1155.0, "y": 994.0}, {"x": 867.0, "y": 994.0}]}, "description": " the next 3 days & tell"}, {"boundingPoly": {"vertices": [{"x": 1157.0, "y": 971.0}, {"x": 1194.0, "y": 971.0}, {"x": 1194.0, "y": 996.0}, {"x": 1157.0, "y": 996.0}]}, "description": " us"}, {"boundingPoly": {"vertices": [{"x": 965.0, "y": 984.0}, {"x": 1180.0, "y": 998.0}, {"x": 1179.0, "y": 1020.0}, {"x": 964.0, "y": 1007.0}]}, "description": "your experience."}, {"boundingPoly": {"vertices": [{"x": 855.0, "y": 1027.0}, {"x": 1245.0, "y": 1027.0}, {"x": 1245.0, "y": 1077.0}, {"x": 855.0, "y": 1077.0}]}, "description": " To enter the survey, you will"}, {"boundingPoly": {"vertices": [{"x": 149.0, "y": 1016.0}, {"x": 635.0, "y": 1017.0}, {"x": 635.0, "y": 1043.0}, {"x": 149.0, "y": 1040.0}]}, "description": "***************************************"}, {"boundingPoly": {"vertices": [{"x": 1250.0, "y": 1050.0}, {"x": 1311.0, "y": 1050.0}, {"x": 1311.0, "y": 1081.0}, {"x": 1250.0, "y": 1081.0}]}, "description": " need"}, {"boundingPoly": {"vertices": [{"x": 158.0, "y": 1073.0}, {"x": 616.0, "y": 1075.0}, {"x": 616.0, "y": 1106.0}, {"x": 158.0, "y": 1103.0}]}, "description": "COME AND SEE US FOR GIRLS NIGHT OUT!"}, {"boundingPoly": {"vertices": [{"x": 166.0, "y": 1104.0}, {"x": 604.0, "y": 1107.0}, {"x": 604.0, "y": 1137.0}, {"x": 166.0, "y": 1133.0}]}, "description": "EVERY WEDNESDAY FROM 5PM TIL CLOSE"}, {"boundingPoly": {"vertices": [{"x": 234.0, "y": 1136.0}, {"x": 514.0, "y": 1138.0}, {"x": 514.0, "y": 1168.0}, {"x": 234.0, "y": 1166.0}]}, "description": "$5 MOSCATO & MARTINIS"}, {"boundingPoly": {"vertices": [{"x": 248.0, "y": 1168.0}, {"x": 511.0, "y": 1170.0}, {"x": 511.0, "y": 1200.0}, {"x": 248.0, "y": 1198.0}]}, "description": "$10 SANGRIA PITCHERS"}, {"boundingPoly": {"vertices": [{"x": 910.0, "y": 1059.0}, {"x": 1266.0, "y": 1078.0}, {"x": 1265.0, "y": 1103.0}, {"x": 909.0, "y": 1083.0}]}, "description": "to use the following code."}, {"boundingPoly": {"vertices": [{"x": 799.0, "y": 1117.0}, {"x": 1356.0, "y": 1136.0}, {"x": 1355.0, "y": 1159.0}, {"x": 798.0, "y": 1140.0}]}, "description": "****************************************"}, {"boundingPoly": {"vertices": [{"x": 1302.0, "y": 1167.0}, {"x": 1321.0, "y": 1168.0}, {"x": 1320.0, "y": 1184.0}, {"x": 1301.0, "y": 1183.0}]}, "description": "*"}, {"boundingPoly": {"vertices": [{"x": 797.0, "y": 1148.0}, {"x": 998.0, "y": 1148.0}, {"x": 998.0, "y": 1180.0}, {"x": 797.0, "y": 1180.0}]}, "description": " * Survey Code:"}, {"boundingPoly": {"vertices": [{"x": 798.0, "y": 1179.0}, {"x": 1343.0, "y": 1190.0}, {"x": 1343.0, "y": 1212.0}, {"x": 798.0, "y": 1204.0}]}, "description": "****************************************"}, {"boundingPoly": {"vertices": [{"x": 1008.0, "y": 1151.0}, {"x": 1194.0, "y": 1156.0}, {"x": 1193.0, "y": 1183.0}, {"x": 1007.0, "y": 1179.0}]}, "description": "7719112251532"}, {"boundingPoly": {"vertices": [{"x": 117.0, "y": 1235.0}, {"x": 629.0, "y": 1237.0}, {"x": 629.0, "y": 1261.0}, {"x": 117.0, "y": 1258.0}]}, "description": "***************************************"}, {"boundingPoly": {"vertices": [{"x": 796.0, "y": 1241.0}, {"x": 958.0, "y": 1241.0}, {"x": 958.0, "y": 1274.0}, {"x": 796.0, "y": 1274.0}]}, "description": " Amount"}, {"boundingPoly": {"vertices": [{"x": 963.0, "y": 1243.0}, {"x": 982.0, "y": 1243.0}, {"x": 982.0, "y": 1274.0}, {"x": 963.0, "y": 1274.0}]}, "description": " :"}, {"boundingPoly": {"vertices": [{"x": 1196.0, "y": 1243.0}, {"x": 1333.0, "y": 1244.0}, {"x": 1333.0, "y": 1274.0}, {"x": 1196.0, "y": 1274.0}]}, "description": "52.59"}, {"boundingPoly": {"vertices": [{"x": 137.0, "y": 1296.0}, {"x": 600.0, "y": 1299.0}, {"x": 600.0, "y": 1331.0}, {"x": 137.0, "y": 1328.0}]}, "description": "CITY TAX APPLIED FOR ELIZABETH CITY"}, {"boundingPoly": {"vertices": [{"x": 125.0, "y": 1329.0}, {"x": 622.0, "y": 1333.0}, {"x": 622.0, "y": 1367.0}, {"x": 125.0, "y": 1362.0}]}, "description": "URBAN REDEVELOPMENT FEE CHARGED TO ALL"}, {"boundingPoly": {"vertices": [{"x": 800.0, "y": 1318.0}, {"x": 897.0, "y": 1318.0}, {"x": 897.0, "y": 1348.0}, {"x": 800.0, "y": 1348.0}]}, "description": " Tip:"}, {"boundingPoly": {"vertices": [{"x": 1216.0, "y": 1322.0}, {"x": 1322.0, "y": 1321.0}, {"x": 1322.0, "y": 1348.0}, {"x": 1216.0, "y": 1348.0}]}, "description": "9.60"}, {"boundingPoly": {"vertices": [{"x": 148.0, "y": 1362.0}, {"x": 578.0, "y": 1367.0}, {"x": 577.0, "y": 1399.0}, {"x": 148.0, "y": 1393.0}]}, "description": "STORES IN THE JERSEY GARDENS MALL"}, {"boundingPoly": {"vertices": [{"x": 798.0, "y": 1394.0}, {"x": 953.0, "y": 1394.0}, {"x": 953.0, "y": 1428.0}, {"x": 798.0, "y": 1428.0}]}, "description": " Total:"}, {"boundingPoly": {"vertices": [{"x": 1184.0, "y": 1393.0}, {"x": 1318.0, "y": 1390.0}, {"x": 1319.0, "y": 1422.0}, {"x": 1185.0, "y": 1425.0}]}, "description": "62.19"}, {"boundingPoly": {"vertices": [{"x": 107.0, "y": 1430.0}, {"x": 616.0, "y": 1431.0}, {"x": 616.0, "y": 1459.0}, {"x": 107.0, "y": 1456.0}]}, "description": "***************************************"}, {"boundingPoly": {"vertices": [{"x": 797.0, "y": 1519.0}, {"x": 1236.0, "y": 1511.0}, {"x": 1237.0, "y": 1545.0}, {"x": 797.0, "y": 1552.0}]}, "description": "Cardmember agrees to pay total in"}, {"boundingPoly": {"vertices": [{"x": 797.0, "y": 1554.0}, {"x": 1264.0, "y": 1545.0}, {"x": 1265.0, "y": 1578.0}, {"x": 797.0, "y": 1585.0}]}, "description": "accordance with agreement governing"}, {"boundingPoly": {"vertices": [{"x": 793.0, "y": 1588.0}, {"x": 1031.0, "y": 1585.0}, {"x": 1031.0, "y": 1614.0}, {"x": 794.0, "y": 1617.0}]}, "description": "use of such card."}, {"boundingPoly": {"vertices": [{"x": 958.0, "y": 1643.0}, {"x": 1182.0, "y": 1640.0}, {"x": 1182.0, "y": 1671.0}, {"x": 958.0, "y": 1674.0}]}, "description": "Gratuity Examples"}, {"boundingPoly": {"vertices": [{"x": 973.0, "y": 1674.0}, {"x": 1185.0, "y": 1670.0}, {"x": 1186.0, "y": 1702.0}, {"x": 974.0, "y": 1706.0}]}, "description": "15 % Tip = $7.20"}, {"boundingPoly": {"vertices": [{"x": 973.0, "y": 1705.0}, {"x": 1186.0, "y": 1704.0}, {"x": 1186.0, "y": 1739.0}, {"x": 973.0, "y": 1740.0}]}, "description": "18 % Tip = $8.63"}, {"boundingPoly": {"vertices": [{"x": 970.0, "y": 1738.0}, {"x": 1190.0, "y": 1738.0}, {"x": 1190.0, "y": 1773.0}, {"x": 970.0, "y": 1773.0}]}, "description": "20 % Tip = $9.59"}, {"boundingPoly": {"vertices": [{"x": 976.0, "y": 1871.0}, {"x": 1195.0, "y": 1871.0}, {"x": 1195.0, "y": 1904.0}, {"x": 975.0, "y": 1904.0}]}, "description": "** Guest Copy **"}]}