{"textAnnotations": [{"boundingPoly": {"vertices": [{"x": 339.0, "y": 202.0}, {"x": 386.0, "y": 200.0}, {"x": 386.0, "y": 219.0}, {"x": 340.0, "y": 220.0}]}, "description": "merchant name"}, {"boundingPoly": {"vertices": [{"x": 273.0, "y": 243.0}, {"x": 558.0, "y": 233.0}, {"x": 559.0, "y": 258.0}, {"x": 273.0, "y": 267.0}]}, "description": "merchant address"}, {"boundingPoly": {"vertices": [{"x": 355.0, "y": 265.0}, {"x": 463.0, "y": 265.0}, {"x": 463.0, "y": 291.0}, {"x": 355.0, "y": 291.0}]}, "description": "merchant address"}, {"boundingPoly": {"vertices": [{"x": 210.0, "y": 355.0}, {"x": 318.0, "y": 360.0}, {"x": 316.0, "y": 383.0}, {"x": 209.0, "y": 377.0}]}, "description": "Chk 6594"}, {"boundingPoly": {"vertices": [{"x": 398.0, "y": 199.0}, {"x": 493.0, "y": 195.0}, {"x": 494.0, "y": 213.0}, {"x": 398.0, "y": 219.0}]}, "description": "merchant name"}, {"boundingPoly": {"vertices": [{"x": 286.0, "y": 221.0}, {"x": 532.0, "y": 213.0}, {"x": 533.0, "y": 236.0}, {"x": 286.0, "y": 245.0}]}, "description": "merchant address"}, {"boundingPoly": {"vertices": [{"x": 468.0, "y": 264.0}, {"x": 482.0, "y": 264.0}, {"x": 482.0, "y": 286.0}, {"x": 468.0, "y": 286.0}]}, "description": " 4"}, {"boundingPoly": {"vertices": [{"x": 407.0, "y": 360.0}, {"x": 444.0, "y": 359.0}, {"x": 445.0, "y": 378.0}, {"x": 407.0, "y": 379.0}]}, "description": "108"}, {"boundingPoly": {"vertices": [{"x": 548.0, "y": 350.0}, {"x": 605.0, "y": 348.0}, {"x": 606.0, "y": 367.0}, {"x": 549.0, "y": 370.0}]}, "description": "Gst"}, {"boundingPoly": {"vertices": [{"x": 612.0, "y": 350.0}, {"x": 627.0, "y": 349.0}, {"x": 628.0, "y": 365.0}, {"x": 612.0, "y": 367.0}]}, "description": "0"}, {"boundingPoly": {"vertices": [{"x": 320.0, "y": 376.0}, {"x": 524.0, "y": 376.0}, {"x": 524.0, "y": 407.0}, {"x": 320.0, "y": 407.0}]}, "description": " Nov07'19 11:22AM"}, {"boundingPoly": {"vertices": [{"x": 261.0, "y": 429.0}, {"x": 492.0, "y": 427.0}, {"x": 493.0, "y": 449.0}, {"x": 262.0, "y": 452.0}]}, "description": "** TO GO **"}, {"boundingPoly": {"vertices": [{"x": 263.0, "y": 453.0}, {"x": 472.0, "y": 453.0}, {"x": 472.0, "y": 475.0}, {"x": 263.0, "y": 475.0}]}, "description": " Kung Pao Chicken"}, {"boundingPoly": {"vertices": [{"x": 264.0, "y": 476.0}, {"x": 435.0, "y": 476.0}, {"x": 435.0, "y": 498.0}, {"x": 264.0, "y": 498.0}]}, "description": " Sam Adams Btl"}, {"boundingPoly": {"vertices": [{"x": 251.0, "y": 496.0}, {"x": 501.0, "y": 496.0}, {"x": 501.0, "y": 520.0}, {"x": 251.0, "y": 519.0}]}, "description": "XXXXXXXXXXXXXXX7008"}, {"boundingPoly": {"vertices": [{"x": 264.0, "y": 520.0}, {"x": 320.0, "y": 521.0}, {"x": 320.0, "y": 539.0}, {"x": 264.0, "y": 538.0}]}, "description": "Amex"}, {"boundingPoly": {"vertices": [{"x": 241.0, "y": 454.0}, {"x": 259.0, "y": 454.0}, {"x": 259.0, "y": 475.0}, {"x": 241.0, "y": 475.0}]}, "description": " 1"}, {"boundingPoly": {"vertices": [{"x": 241.0, "y": 476.0}, {"x": 259.0, "y": 476.0}, {"x": 259.0, "y": 496.0}, {"x": 241.0, "y": 496.0}]}, "description": " 1"}, {"boundingPoly": {"vertices": [{"x": 527.0, "y": 445.0}, {"x": 591.0, "y": 441.0}, {"x": 592.0, "y": 462.0}, {"x": 528.0, "y": 467.0}]}, "description": "10.29"}, {"boundingPoly": {"vertices": [{"x": 537.0, "y": 468.0}, {"x": 591.0, "y": 466.0}, {"x": 591.0, "y": 486.0}, {"x": 538.0, "y": 489.0}]}, "description": "8.50"}, {"boundingPoly": {"vertices": [{"x": 525.0, "y": 517.0}, {"x": 594.0, "y": 515.0}, {"x": 595.0, "y": 537.0}, {"x": 526.0, "y": 540.0}]}, "description": "20.40"}, {"boundingPoly": {"vertices": [{"x": 263.0, "y": 562.0}, {"x": 318.0, "y": 564.0}, {"x": 317.0, "y": 584.0}, {"x": 262.0, "y": 582.0}]}, "description": "Food"}, {"boundingPoly": {"vertices": [{"x": 262.0, "y": 586.0}, {"x": 355.0, "y": 588.0}, {"x": 355.0, "y": 611.0}, {"x": 261.0, "y": 609.0}]}, "description": "Alcohol"}, {"boundingPoly": {"vertices": [{"x": 260.0, "y": 612.0}, {"x": 303.0, "y": 614.0}, {"x": 302.0, "y": 634.0}, {"x": 259.0, "y": 632.0}]}, "description": "Tax"}, {"boundingPoly": {"vertices": [{"x": 261.0, "y": 637.0}, {"x": 356.0, "y": 639.0}, {"x": 356.0, "y": 661.0}, {"x": 260.0, "y": 658.0}]}, "description": "Payment"}, {"boundingPoly": {"vertices": [{"x": 530.0, "y": 566.0}, {"x": 598.0, "y": 565.0}, {"x": 598.0, "y": 586.0}, {"x": 531.0, "y": 588.0}]}, "description": "10.29"}, {"boundingPoly": {"vertices": [{"x": 542.0, "y": 591.0}, {"x": 596.0, "y": 590.0}, {"x": 597.0, "y": 609.0}, {"x": 543.0, "y": 612.0}]}, "description": "8.50"}, {"boundingPoly": {"vertices": [{"x": 544.0, "y": 615.0}, {"x": 597.0, "y": 614.0}, {"x": 598.0, "y": 635.0}, {"x": 544.0, "y": 637.0}]}, "description": "1.61"}, {"boundingPoly": {"vertices": [{"x": 528.0, "y": 640.0}, {"x": 600.0, "y": 640.0}, {"x": 600.0, "y": 662.0}, {"x": 528.0, "y": 662.0}]}, "description": "20.40"}, {"boundingPoly": {"vertices": [{"x": 286.0, "y": 686.0}, {"x": 361.0, "y": 686.0}, {"x": 361.0, "y": 710.0}, {"x": 286.0, "y": 710.0}]}, "description": " Gratu"}, {"boundingPoly": {"vertices": [{"x": 369.0, "y": 687.0}, {"x": 575.0, "y": 687.0}, {"x": 575.0, "y": 713.0}, {"x": 369.0, "y": 713.0}]}, "description": " ty Not Included"}, {"boundingPoly": {"vertices": [{"x": 282.0, "y": 737.0}, {"x": 576.0, "y": 739.0}, {"x": 576.0, "y": 763.0}, {"x": 282.0, "y": 761.0}]}, "description": "Gratu dad No Incluida"}, {"boundingPoly": {"vertices": [{"x": 222.0, "y": 763.0}, {"x": 305.0, "y": 763.0}, {"x": 305.0, "y": 789.0}, {"x": 222.0, "y": 789.0}]}, "description": " Win a"}, {"boundingPoly": {"vertices": [{"x": 224.0, "y": 790.0}, {"x": 620.0, "y": 792.0}, {"x": 620.0, "y": 816.0}, {"x": 224.0, "y": 813.0}]}, "description": "Go to the website to tell us"}, {"boundingPoly": {"vertices": [{"x": 236.0, "y": 816.0}, {"x": 604.0, "y": 820.0}, {"x": 603.0, "y": 844.0}, {"x": 235.0, "y": 838.0}]}, "description": "about your visit and enter"}, {"boundingPoly": {"vertices": [{"x": 279.0, "y": 862.0}, {"x": 549.0, "y": 870.0}, {"x": 548.0, "y": 895.0}, {"x": 278.0, "y": 886.0}]}, "description": "See website for T&C"}, {"boundingPoly": {"vertices": [{"x": 322.0, "y": 764.0}, {"x": 621.0, "y": 764.0}, {"x": 621.0, "y": 791.0}, {"x": 322.0, "y": 791.0}]}, "description": " $500 Amazon Gift Card"}, {"boundingPoly": {"vertices": [{"x": 294.0, "y": 841.0}, {"x": 492.0, "y": 843.0}, {"x": 492.0, "y": 864.0}, {"x": 293.0, "y": 862.0}]}, "description": "our prize draw"}, {"boundingPoly": {"vertices": [{"x": 263.0, "y": 891.0}, {"x": 592.0, "y": 901.0}, {"x": 591.0, "y": 925.0}, {"x": 263.0, "y": 912.0}]}, "description": "www.eatonthemove.com/US"}, {"boundingPoly": {"vertices": [{"x": 300.0, "y": 945.0}, {"x": 439.0, "y": 945.0}, {"x": 439.0, "y": 976.0}, {"x": 300.0, "y": 976.0}]}, "description": " LOCATION:"}, {"boundingPoly": {"vertices": [{"x": 211.0, "y": 998.0}, {"x": 622.0, "y": 1017.0}, {"x": 621.0, "y": 1045.0}, {"x": 210.0, "y": 1023.0}]}, "description": "merchant phone"}, {"boundingPoly": {"vertices": [{"x": 443.0, "y": 951.0}, {"x": 547.0, "y": 951.0}, {"x": 547.0, "y": 980.0}, {"x": 443.0, "y": 980.0}]}, "description": " 6301389"}]}