{"textAnnotations": [{"boundingPoly": {"vertices": [{"x": 39.0, "y": 42.0}, {"x": 178.0, "y": 40.0}, {"x": 178.0, "y": 54.0}, {"x": 39.0, "y": 56.0}]}, "description": "Thank You For Visiting the"}, {"boundingPoly": {"vertices": [{"x": 146.0, "y": 55.0}, {"x": 154.0, "y": 55.0}, {"x": 154.0, "y": 69.0}, {"x": 146.0, "y": 69.0}]}, "description": " -"}, {"boundingPoly": {"vertices": [{"x": 63.0, "y": 71.0}, {"x": 153.0, "y": 70.0}, {"x": 153.0, "y": 82.0}, {"x": 63.0, "y": 84.0}]}, "description": "Matthew Fraysier"}, {"boundingPoly": {"vertices": [{"x": 68.0, "y": 85.0}, {"x": 148.0, "y": 84.0}, {"x": 148.0, "y": 96.0}, {"x": 68.0, "y": 97.0}]}, "description": "General Manager"}, {"boundingPoly": {"vertices": [{"x": 74.0, "y": 98.0}, {"x": 144.0, "y": 97.0}, {"x": 144.0, "y": 109.0}, {"x": 74.0, "y": 111.0}]}, "description": "merchant phone"}, {"boundingPoly": {"vertices": [{"x": 116.0, "y": 110.0}, {"x": 166.0, "y": 110.0}, {"x": 166.0, "y": 124.0}, {"x": 116.0, "y": 124.0}]}, "description": " Feedback!"}, {"boundingPoly": {"vertices": [{"x": 112.0, "y": 124.0}, {"x": 159.0, "y": 124.0}, {"x": 159.0, "y": 138.0}, {"x": 112.0, "y": 138.0}]}, "description": " to 99299"}, {"boundingPoly": {"vertices": [{"x": 41.0, "y": 56.0}, {"x": 143.0, "y": 56.0}, {"x": 143.0, "y": 71.0}, {"x": 41.0, "y": 71.0}]}, "description": "merchant name"}, {"boundingPoly": {"vertices": [{"x": 156.0, "y": 55.0}, {"x": 175.0, "y": 55.0}, {"x": 175.0, "y": 69.0}, {"x": 156.0, "y": 69.0}]}, "description": "merchant name"}, {"boundingPoly": {"vertices": [{"x": 48.0, "y": 112.0}, {"x": 114.0, "y": 112.0}, {"x": 114.0, "y": 125.0}, {"x": 48.0, "y": 125.0}]}, "description": " We Love Your"}, {"boundingPoly": {"vertices": [{"x": 60.0, "y": 126.0}, {"x": 84.0, "y": 126.0}, {"x": 84.0, "y": 139.0}, {"x": 60.0, "y": 139.0}]}, "description": " Text"}, {"boundingPoly": {"vertices": [{"x": 86.0, "y": 125.0}, {"x": 110.0, "y": 125.0}, {"x": 110.0, "y": 138.0}, {"x": 86.0, "y": 138.0}]}, "description": " ITIE"}, {"boundingPoly": {"vertices": [{"x": 2.0, "y": 164.0}, {"x": 104.0, "y": 165.0}, {"x": 104.0, "y": 178.0}, {"x": 2.0, "y": 177.0}]}, "description": "Nater Aquafina 20oz"}, {"boundingPoly": {"vertices": [{"x": 1.0, "y": 177.0}, {"x": 63.0, "y": 179.0}, {"x": 62.0, "y": 191.0}, {"x": 1.0, "y": 189.0}]}, "description": "Soup - 160z"}, {"boundingPoly": {"vertices": [{"x": 0.0, "y": 191.0}, {"x": 99.0, "y": 191.0}, {"x": 99.0, "y": 203.0}, {"x": 0.0, "y": 203.0}]}, "description": "Nigiri Combo 12pcs"}, {"boundingPoly": {"vertices": [{"x": 200.0, "y": 151.0}, {"x": 221.0, "y": 150.0}, {"x": 221.0, "y": 162.0}, {"x": 200.0, "y": 163.0}]}, "description": "USD"}, {"boundingPoly": {"vertices": [{"x": 197.0, "y": 164.0}, {"x": 220.0, "y": 163.0}, {"x": 220.0, "y": 176.0}, {"x": 197.0, "y": 176.0}]}, "description": "1.25"}, {"boundingPoly": {"vertices": [{"x": 196.0, "y": 177.0}, {"x": 221.0, "y": 177.0}, {"x": 220.0, "y": 189.0}, {"x": 197.0, "y": 188.0}]}, "description": "3.85"}, {"boundingPoly": {"vertices": [{"x": 192.0, "y": 190.0}, {"x": 222.0, "y": 189.0}, {"x": 222.0, "y": 200.0}, {"x": 192.0, "y": 201.0}]}, "description": "10.50"}, {"boundingPoly": {"vertices": [{"x": 122.0, "y": 239.0}, {"x": 172.0, "y": 238.0}, {"x": 172.0, "y": 250.0}, {"x": 122.0, "y": 250.0}]}, "description": "Sub Total"}, {"boundingPoly": {"vertices": [{"x": 123.0, "y": 251.0}, {"x": 178.0, "y": 251.0}, {"x": 179.0, "y": 264.0}, {"x": 123.0, "y": 264.0}]}, "description": "Tax Amount"}, {"boundingPoly": {"vertices": [{"x": 193.0, "y": 238.0}, {"x": 221.0, "y": 238.0}, {"x": 221.0, "y": 248.0}, {"x": 192.0, "y": 249.0}]}, "description": "15.60"}, {"boundingPoly": {"vertices": [{"x": 198.0, "y": 251.0}, {"x": 221.0, "y": 250.0}, {"x": 222.0, "y": 263.0}, {"x": 198.0, "y": 263.0}]}, "description": "1.38"}, {"boundingPoly": {"vertices": [{"x": 5.0, "y": 295.0}, {"x": 94.0, "y": 294.0}, {"x": 95.0, "y": 319.0}, {"x": 5.0, "y": 320.0}]}, "description": "otal USD"}, {"boundingPoly": {"vertices": [{"x": 166.0, "y": 295.0}, {"x": 219.0, "y": 295.0}, {"x": 219.0, "y": 316.0}, {"x": 167.0, "y": 317.0}]}, "description": "16.98"}, {"boundingPoly": {"vertices": [{"x": 0.0, "y": 359.0}, {"x": 112.0, "y": 360.0}, {"x": 112.0, "y": 373.0}, {"x": 0.0, "y": 372.0}]}, "description": "5009 AMERICAN EXPRESS"}, {"boundingPoly": {"vertices": [{"x": 191.0, "y": 358.0}, {"x": 222.0, "y": 359.0}, {"x": 222.0, "y": 370.0}, {"x": 192.0, "y": 371.0}]}, "description": "16.98"}, {"boundingPoly": {"vertices": [{"x": 0.0, "y": 386.0}, {"x": 74.0, "y": 387.0}, {"x": 73.0, "y": 400.0}, {"x": 0.0, "y": 399.0}]}, "description": "17013159512621"}, {"boundingPoly": {"vertices": [{"x": 3.0, "y": 429.0}, {"x": 16.0, "y": 430.0}, {"x": 16.0, "y": 439.0}, {"x": 3.0, "y": 439.0}]}, "description": "ax"}, {"boundingPoly": {"vertices": [{"x": 2.0, "y": 440.0}, {"x": 10.0, "y": 440.0}, {"x": 10.0, "y": 454.0}, {"x": 2.0, "y": 454.0}]}, "description": " ()"}, {"boundingPoly": {"vertices": [{"x": 12.0, "y": 440.0}, {"x": 44.0, "y": 440.0}, {"x": 44.0, "y": 454.0}, {"x": 12.0, "y": 454.0}]}, "description": " 8.875"}, {"boundingPoly": {"vertices": [{"x": 82.0, "y": 426.0}, {"x": 163.0, "y": 426.0}, {"x": 163.0, "y": 441.0}, {"x": 82.0, "y": 441.0}]}, "description": " Taxable Amount"}, {"boundingPoly": {"vertices": [{"x": 130.0, "y": 440.0}, {"x": 158.0, "y": 440.0}, {"x": 158.0, "y": 451.0}, {"x": 130.0, "y": 451.0}]}, "description": "15.60"}, {"boundingPoly": {"vertices": [{"x": 165.0, "y": 426.0}, {"x": 219.0, "y": 426.0}, {"x": 219.0, "y": 440.0}, {"x": 165.0, "y": 440.0}]}, "description": " Tax Amount"}, {"boundingPoly": {"vertices": [{"x": 198.0, "y": 440.0}, {"x": 220.0, "y": 439.0}, {"x": 221.0, "y": 450.0}, {"x": 199.0, "y": 451.0}]}, "description": "1.38"}, {"boundingPoly": {"vertices": [{"x": 0.0, "y": 480.0}, {"x": 189.0, "y": 480.0}, {"x": 189.0, "y": 494.0}, {"x": 0.0, "y": 494.0}]}, "description": " 10/30/2019 02:24 PM #:38549 Dp:4049"}, {"boundingPoly": {"vertices": [{"x": 1.0, "y": 494.0}, {"x": 54.0, "y": 494.0}, {"x": 54.0, "y": 507.0}, {"x": 1.0, "y": 507.0}]}, "description": " 101 5:1111"}, {"boundingPoly": {"vertices": [{"x": 0.0, "y": 508.0}, {"x": 54.0, "y": 508.0}, {"x": 54.0, "y": 521.0}, {"x": 0.0, "y": 521.0}]}, "description": " Served you"}, {"boundingPoly": {"vertices": [{"x": 197.0, "y": 479.0}, {"x": 221.0, "y": 479.0}, {"x": 221.0, "y": 492.0}, {"x": 197.0, "y": 492.0}]}, "description": " :111"}, {"boundingPoly": {"vertices": [{"x": 56.0, "y": 508.0}, {"x": 158.0, "y": 508.0}, {"x": 158.0, "y": 521.0}, {"x": 56.0, "y": 521.0}]}, "description": " : Guadalupe Canarte"}, {"boundingPoly": {"vertices": [{"x": 1.0, "y": 534.0}, {"x": 50.0, "y": 534.0}, {"x": 50.0, "y": 548.0}, {"x": 1.0, "y": 548.0}]}, "description": " Reprint #"}, {"boundingPoly": {"vertices": [{"x": 0.0, "y": 547.0}, {"x": 112.0, "y": 548.0}, {"x": 112.0, "y": 560.0}, {"x": 0.0, "y": 559.0}]}, "description": "Global Rewards Points"}, {"boundingPoly": {"vertices": [{"x": 0.0, "y": 560.0}, {"x": 95.0, "y": 560.0}, {"x": 95.0, "y": 573.0}, {"x": 0.0, "y": 573.0}]}, "description": " Previous Balance:"}, {"boundingPoly": {"vertices": [{"x": 0.0, "y": 573.0}, {"x": 77.0, "y": 573.0}, {"x": 77.0, "y": 586.0}, {"x": 0.0, "y": 586.0}]}, "description": " Accrued (new):"}, {"boundingPoly": {"vertices": [{"x": 0.0, "y": 585.0}, {"x": 88.0, "y": 585.0}, {"x": 88.0, "y": 599.0}, {"x": 0.0, "y": 599.0}]}, "description": " Redeemed (used):"}, {"boundingPoly": {"vertices": [{"x": 0.0, "y": 598.0}, {"x": 65.0, "y": 598.0}, {"x": 65.0, "y": 611.0}, {"x": 0.0, "y": 611.0}]}, "description": " New Balance:"}, {"boundingPoly": {"vertices": [{"x": 52.0, "y": 534.0}, {"x": 59.0, "y": 534.0}, {"x": 59.0, "y": 548.0}, {"x": 52.0, "y": 548.0}]}, "description": " 1"}, {"boundingPoly": {"vertices": [{"x": 98.0, "y": 560.0}, {"x": 119.0, "y": 560.0}, {"x": 119.0, "y": 572.0}, {"x": 98.0, "y": 572.0}]}, "description": " 137"}, {"boundingPoly": {"vertices": [{"x": 98.0, "y": 572.0}, {"x": 112.0, "y": 572.0}, {"x": 111.0, "y": 583.0}, {"x": 97.0, "y": 583.0}]}, "description": "42"}, {"boundingPoly": {"vertices": [{"x": 97.0, "y": 585.0}, {"x": 114.0, "y": 585.0}, {"x": 113.0, "y": 597.0}, {"x": 96.0, "y": 596.0}]}, "description": "0"}, {"boundingPoly": {"vertices": [{"x": 100.0, "y": 597.0}, {"x": 117.0, "y": 598.0}, {"x": 117.0, "y": 608.0}, {"x": 100.0, "y": 608.0}]}, "description": "179"}, {"boundingPoly": {"vertices": [{"x": 0.0, "y": 624.0}, {"x": 176.0, "y": 622.0}, {"x": 176.0, "y": 635.0}, {"x": 0.0, "y": 637.0}]}, "description": "Healthy Living Digital Punch Card"}, {"boundingPoly": {"vertices": [{"x": 105.0, "y": 636.0}, {"x": 105.0, "y": 649.0}, {"x": 98.0, "y": 650.0}, {"x": 97.0, "y": 636.0}]}, "description": "-"}, {"boundingPoly": {"vertices": [{"x": 0.0, "y": 638.0}, {"x": 89.0, "y": 638.0}, {"x": 89.0, "y": 650.0}, {"x": 0.0, "y": 650.0}]}, "description": " Previous Balance:"}, {"boundingPoly": {"vertices": [{"x": 1.0, "y": 651.0}, {"x": 74.0, "y": 651.0}, {"x": 74.0, "y": 664.0}, {"x": 1.0, "y": 664.0}]}, "description": " Accrued (new):"}, {"boundingPoly": {"vertices": [{"x": 2.0, "y": 664.0}, {"x": 88.0, "y": 664.0}, {"x": 88.0, "y": 677.0}, {"x": 2.0, "y": 677.0}]}, "description": " Redeemed (used):"}, {"boundingPoly": {"vertices": [{"x": 1.0, "y": 678.0}, {"x": 63.0, "y": 678.0}, {"x": 63.0, "y": 691.0}, {"x": 1.0, "y": 691.0}]}, "description": " New Balance:"}, {"boundingPoly": {"vertices": [{"x": 46.0, "y": 730.0}, {"x": 159.0, "y": 729.0}, {"x": 159.0, "y": 742.0}, {"x": 46.0, "y": 743.0}]}, "description": "*** Customer copy ***"}, {"boundingPoly": {"vertices": [{"x": 66.0, "y": 756.0}, {"x": 144.0, "y": 755.0}, {"x": 144.0, "y": 769.0}, {"x": 66.0, "y": 770.0}]}, "description": "AMEX NY937 (1)"}, {"boundingPoly": {"vertices": [{"x": 13.0, "y": 769.0}, {"x": 200.0, "y": 769.0}, {"x": 200.0, "y": 785.0}, {"x": 13.0, "y": 785.0}]}, "description": " agree to pay the above total ancunt"}, {"boundingPoly": {"vertices": [{"x": 41.0, "y": 785.0}, {"x": 168.0, "y": 783.0}, {"x": 169.0, "y": 795.0}, {"x": 41.0, "y": 797.0}]}, "description": "according to card issuer"}, {"boundingPoly": {"vertices": [{"x": 0.0, "y": 798.0}, {"x": 207.0, "y": 795.0}, {"x": 207.0, "y": 808.0}, {"x": 0.0, "y": 811.0}]}, "description": "agreement. (Merchant agreement if Credit"}, {"boundingPoly": {"vertices": [{"x": 16.0, "y": 810.0}, {"x": 190.0, "y": 809.0}, {"x": 191.0, "y": 821.0}, {"x": 16.0, "y": 822.0}]}, "description": "Voucher )Retain this copy for your"}, {"boundingPoly": {"vertices": [{"x": 82.0, "y": 823.0}, {"x": 127.0, "y": 823.0}, {"x": 127.0, "y": 833.0}, {"x": 82.0, "y": 833.0}]}, "description": "records."}, {"boundingPoly": {"vertices": [{"x": 4.0, "y": 772.0}, {"x": 11.0, "y": 772.0}, {"x": 11.0, "y": 785.0}, {"x": 4.0, "y": 785.0}]}, "description": " I"}, {"boundingPoly": {"vertices": [{"x": 2.0, "y": 847.0}, {"x": 44.0, "y": 847.0}, {"x": 44.0, "y": 860.0}, {"x": 2.0, "y": 860.0}]}, "description": " PURCHASE"}, {"boundingPoly": {"vertices": [{"x": 0.0, "y": 860.0}, {"x": 87.0, "y": 860.0}, {"x": 87.0, "y": 872.0}, {"x": 0.0, "y": 873.0}]}, "description": "AMERICAN EXPRESS"}, {"boundingPoly": {"vertices": [{"x": 0.0, "y": 874.0}, {"x": 80.0, "y": 874.0}, {"x": 80.0, "y": 886.0}, {"x": 0.0, "y": 886.0}]}, "description": "*********** 1005"}, {"boundingPoly": {"vertices": [{"x": 0.0, "y": 888.0}, {"x": 50.0, "y": 888.0}, {"x": 50.0, "y": 900.0}, {"x": 0.0, "y": 900.0}]}, "description": " CHIP READ"}, {"boundingPoly": {"vertices": [{"x": 47.0, "y": 847.0}, {"x": 55.0, "y": 847.0}, {"x": 55.0, "y": 861.0}, {"x": 47.0, "y": 861.0}]}, "description": " /"}, {"boundingPoly": {"vertices": [{"x": 57.0, "y": 847.0}, {"x": 103.0, "y": 847.0}, {"x": 103.0, "y": 861.0}, {"x": 57.0, "y": 861.0}]}, "description": " APPROVED"}, {"boundingPoly": {"vertices": [{"x": 52.0, "y": 888.0}, {"x": 61.0, "y": 888.0}, {"x": 61.0, "y": 900.0}, {"x": 52.0, "y": 900.0}]}, "description": " /"}, {"boundingPoly": {"vertices": [{"x": 0.0, "y": 914.0}, {"x": 104.0, "y": 914.0}, {"x": 104.0, "y": 927.0}, {"x": 0.0, "y": 927.0}]}, "description": " 2019/10/30 14:25:02"}, {"boundingPoly": {"vertices": [{"x": 3.0, "y": 927.0}, {"x": 18.0, "y": 927.0}, {"x": 17.0, "y": 940.0}, {"x": 2.0, "y": 940.0}]}, "description": "TID"}, {"boundingPoly": {"vertices": [{"x": 1.0, "y": 940.0}, {"x": 18.0, "y": 940.0}, {"x": 18.0, "y": 952.0}, {"x": 0.0, "y": 952.0}]}, "description": "NID"}, {"boundingPoly": {"vertices": [{"x": 0.0, "y": 953.0}, {"x": 49.0, "y": 953.0}, {"x": 49.0, "y": 965.0}, {"x": 0.0, "y": 966.0}]}, "description": "REFERENCE"}, {"boundingPoly": {"vertices": [{"x": 0.0, "y": 967.0}, {"x": 49.0, "y": 967.0}, {"x": 49.0, "y": 979.0}, {"x": 0.0, "y": 979.0}]}, "description": "AUTH CODE"}, {"boundingPoly": {"vertices": [{"x": 167.0, "y": 927.0}, {"x": 210.0, "y": 928.0}, {"x": 210.0, "y": 939.0}, {"x": 167.0, "y": 938.0}]}, "description": "**** 6030"}, {"boundingPoly": {"vertices": [{"x": 169.0, "y": 941.0}, {"x": 210.0, "y": 941.0}, {"x": 210.0, "y": 952.0}, {"x": 169.0, "y": 952.0}]}, "description": "6634459"}, {"boundingPoly": {"vertices": [{"x": 77.0, "y": 953.0}, {"x": 210.0, "y": 954.0}, {"x": 210.0, "y": 967.0}, {"x": 77.0, "y": 966.0}]}, "description": "51111/111101#385490900396"}, {"boundingPoly": {"vertices": [{"x": 176.0, "y": 968.0}, {"x": 209.0, "y": 967.0}, {"x": 209.0, "y": 979.0}, {"x": 176.0, "y": 979.0}]}, "description": "864928"}, {"boundingPoly": {"vertices": [{"x": 2.0, "y": 992.0}, {"x": 27.0, "y": 992.0}, {"x": 27.0, "y": 1005.0}, {"x": 3.0, "y": 1005.0}]}, "description": "TOTAL"}, {"boundingPoly": {"vertices": [{"x": 166.0, "y": 992.0}, {"x": 211.0, "y": 993.0}, {"x": 211.0, "y": 1006.0}, {"x": 166.0, "y": 1005.0}]}, "description": "US016.98"}, {"boundingPoly": {"vertices": [{"x": 0.0, "y": 1020.0}, {"x": 23.0, "y": 1020.0}, {"x": 23.0, "y": 1032.0}, {"x": 0.0, "y": 1032.0}]}, "description": " ARC:"}, {"boundingPoly": {"vertices": [{"x": 2.0, "y": 1033.0}, {"x": 22.0, "y": 1033.0}, {"x": 22.0, "y": 1045.0}, {"x": 2.0, "y": 1045.0}]}, "description": " TSI:"}, {"boundingPoly": {"vertices": [{"x": 2.0, "y": 1046.0}, {"x": 23.0, "y": 1046.0}, {"x": 23.0, "y": 1059.0}, {"x": 2.0, "y": 1059.0}]}, "description": " IAD:"}, {"boundingPoly": {"vertices": [{"x": 2.0, "y": 1059.0}, {"x": 22.0, "y": 1059.0}, {"x": 22.0, "y": 1071.0}, {"x": 2.0, "y": 1071.0}]}, "description": " TVR:"}, {"boundingPoly": {"vertices": [{"x": 0.0, "y": 1073.0}, {"x": 23.0, "y": 1073.0}, {"x": 23.0, "y": 1085.0}, {"x": 0.0, "y": 1085.0}]}, "description": " AID:"}, {"boundingPoly": {"vertices": [{"x": 0.0, "y": 1085.0}, {"x": 60.0, "y": 1085.0}, {"x": 60.0, "y": 1097.0}, {"x": 0.0, "y": 1097.0}]}, "description": " PAN Seq No:"}, {"boundingPoly": {"vertices": [{"x": 25.0, "y": 1019.0}, {"x": 39.0, "y": 1019.0}, {"x": 39.0, "y": 1031.0}, {"x": 25.0, "y": 1031.0}]}, "description": " 00"}, {"boundingPoly": {"vertices": [{"x": 24.0, "y": 1033.0}, {"x": 48.0, "y": 1033.0}, {"x": 48.0, "y": 1045.0}, {"x": 24.0, "y": 1045.0}]}, "description": " F800"}, {"boundingPoly": {"vertices": [{"x": 25.0, "y": 1045.0}, {"x": 100.0, "y": 1045.0}, {"x": 100.0, "y": 1058.0}, {"x": 25.0, "y": 1058.0}]}, "description": " 064A0103602002"}, {"boundingPoly": {"vertices": [{"x": 24.0, "y": 1059.0}, {"x": 80.0, "y": 1059.0}, {"x": 80.0, "y": 1071.0}, {"x": 24.0, "y": 1071.0}]}, "description": " 0000008000"}, {"boundingPoly": {"vertices": [{"x": 25.0, "y": 1071.0}, {"x": 112.0, "y": 1071.0}, {"x": 112.0, "y": 1084.0}, {"x": 25.0, "y": 1084.0}]}, "description": " A000000025010801"}, {"boundingPoly": {"vertices": [{"x": 61.0, "y": 1085.0}, {"x": 75.0, "y": 1085.0}, {"x": 75.0, "y": 1097.0}, {"x": 61.0, "y": 1097.0}]}, "description": " 00"}]}