{"textAnnotations": [{"boundingPoly": {"vertices": [{"x": 38.0, "y": 42.0}, {"x": 276.0, "y": 43.0}, {"x": 276.0, "y": 79.0}, {"x": 37.0, "y": 77.0}]}, "description": "merchant name"}, {"boundingPoly": {"vertices": [{"x": 8.0, "y": 89.0}, {"x": 174.0, "y": 89.0}, {"x": 174.0, "y": 104.0}, {"x": 8.0, "y": 104.0}]}, "description": "merchant address"}, {"boundingPoly": {"vertices": [{"x": 8.0, "y": 116.0}, {"x": 57.0, "y": 115.0}, {"x": 58.0, "y": 130.0}, {"x": 8.0, "y": 131.0}]}, "description": "GROCERY"}, {"boundingPoly": {"vertices": [{"x": 22.0, "y": 132.0}, {"x": 58.0, "y": 132.0}, {"x": 58.0, "y": 148.0}, {"x": 22.0, "y": 148.0}]}, "description": " BADIA"}, {"boundingPoly": {"vertices": [{"x": 22.0, "y": 146.0}, {"x": 58.0, "y": 146.0}, {"x": 58.0, "y": 163.0}, {"x": 22.0, "y": 163.0}]}, "description": " BADIA"}, {"boundingPoly": {"vertices": [{"x": 22.0, "y": 161.0}, {"x": 38.0, "y": 161.0}, {"x": 38.0, "y": 177.0}, {"x": 22.0, "y": 177.0}]}, "description": " FL"}, {"boundingPoly": {"vertices": [{"x": 23.0, "y": 176.0}, {"x": 45.0, "y": 176.0}, {"x": 45.0, "y": 191.0}, {"x": 23.0, "y": 191.0}]}, "description": " M&M"}, {"boundingPoly": {"vertices": [{"x": 20.0, "y": 202.0}, {"x": 43.0, "y": 202.0}, {"x": 43.0, "y": 219.0}, {"x": 20.0, "y": 219.0}]}, "description": " 2LT"}, {"boundingPoly": {"vertices": [{"x": 7.0, "y": 222.0}, {"x": 38.0, "y": 221.0}, {"x": 38.0, "y": 236.0}, {"x": 8.0, "y": 236.0}]}, "description": "MEAT"}, {"boundingPoly": {"vertices": [{"x": 8.0, "y": 237.0}, {"x": 45.0, "y": 237.0}, {"x": 45.0, "y": 253.0}, {"x": 8.0, "y": 253.0}]}, "description": " STORE"}, {"boundingPoly": {"vertices": [{"x": 9.0, "y": 251.0}, {"x": 66.0, "y": 251.0}, {"x": 66.0, "y": 268.0}, {"x": 9.0, "y": 268.0}]}, "description": " ORIGINAL"}, {"boundingPoly": {"vertices": [{"x": 36.0, "y": 76.0}, {"x": 145.0, "y": 76.0}, {"x": 145.0, "y": 90.0}, {"x": 36.0, "y": 90.0}]}, "description": "merchant address"}, {"boundingPoly": {"vertices": [{"x": 160.0, "y": 76.0}, {"x": 260.0, "y": 76.0}, {"x": 260.0, "y": 92.0}, {"x": 160.0, "y": 92.0}]}, "description": "merchant phone"}, {"boundingPoly": {"vertices": [{"x": 179.0, "y": 89.0}, {"x": 287.0, "y": 92.0}, {"x": 287.0, "y": 108.0}, {"x": 179.0, "y": 104.0}]}, "description": "merchant address"}, {"boundingPoly": {"vertices": [{"x": 60.0, "y": 130.0}, {"x": 100.0, "y": 130.0}, {"x": 100.0, "y": 147.0}, {"x": 60.0, "y": 147.0}]}, "description": " BLACK"}, {"boundingPoly": {"vertices": [{"x": 61.0, "y": 145.0}, {"x": 113.0, "y": 145.0}, {"x": 113.0, "y": 162.0}, {"x": 61.0, "y": 162.0}]}, "description": " SEA SLT"}, {"boundingPoly": {"vertices": [{"x": 41.0, "y": 160.0}, {"x": 86.0, "y": 160.0}, {"x": 86.0, "y": 176.0}, {"x": 41.0, "y": 176.0}]}, "description": " CANOLA"}, {"boundingPoly": {"vertices": [{"x": 48.0, "y": 174.0}, {"x": 80.0, "y": 174.0}, {"x": 80.0, "y": 190.0}, {"x": 48.0, "y": 190.0}]}, "description": " DARK"}, {"boundingPoly": {"vertices": [{"x": 47.0, "y": 189.0}, {"x": 73.0, "y": 188.0}, {"x": 73.0, "y": 202.0}, {"x": 47.0, "y": 203.0}]}, "description": "3 @"}, {"boundingPoly": {"vertices": [{"x": 46.0, "y": 201.0}, {"x": 100.0, "y": 201.0}, {"x": 100.0, "y": 218.0}, {"x": 46.0, "y": 218.0}]}, "description": " CLASSIC"}, {"boundingPoly": {"vertices": [{"x": 102.0, "y": 129.0}, {"x": 151.0, "y": 129.0}, {"x": 151.0, "y": 146.0}, {"x": 102.0, "y": 146.0}]}, "description": " PEPPER"}, {"boundingPoly": {"vertices": [{"x": 116.0, "y": 144.0}, {"x": 158.0, "y": 144.0}, {"x": 158.0, "y": 160.0}, {"x": 116.0, "y": 160.0}]}, "description": " GRNOR"}, {"boundingPoly": {"vertices": [{"x": 228.0, "y": 134.0}, {"x": 258.0, "y": 134.0}, {"x": 257.0, "y": 149.0}, {"x": 227.0, "y": 149.0}]}, "description": "2.88"}, {"boundingPoly": {"vertices": [{"x": 228.0, "y": 147.0}, {"x": 262.0, "y": 148.0}, {"x": 261.0, "y": 162.0}, {"x": 227.0, "y": 162.0}]}, "description": "2.39"}, {"boundingPoly": {"vertices": [{"x": 228.0, "y": 161.0}, {"x": 260.0, "y": 160.0}, {"x": 259.0, "y": 176.0}, {"x": 228.0, "y": 175.0}]}, "description": "1.59"}, {"boundingPoly": {"vertices": [{"x": 89.0, "y": 159.0}, {"x": 113.0, "y": 159.0}, {"x": 113.0, "y": 175.0}, {"x": 89.0, "y": 175.0}]}, "description": " OIL"}, {"boundingPoly": {"vertices": [{"x": 83.0, "y": 173.0}, {"x": 114.0, "y": 173.0}, {"x": 114.0, "y": 189.0}, {"x": 83.0, "y": 189.0}]}, "description": " CHOC"}, {"boundingPoly": {"vertices": [{"x": 111.0, "y": 187.0}, {"x": 143.0, "y": 187.0}, {"x": 143.0, "y": 202.0}, {"x": 111.0, "y": 201.0}]}, "description": "3.78"}, {"boundingPoly": {"vertices": [{"x": 102.0, "y": 200.0}, {"x": 140.0, "y": 200.0}, {"x": 140.0, "y": 217.0}, {"x": 102.0, "y": 217.0}]}, "description": " COKE"}, {"boundingPoly": {"vertices": [{"x": 117.0, "y": 173.0}, {"x": 147.0, "y": 173.0}, {"x": 147.0, "y": 189.0}, {"x": 117.0, "y": 189.0}]}, "description": " MINT"}, {"boundingPoly": {"vertices": [{"x": 173.0, "y": 175.0}, {"x": 185.0, "y": 177.0}, {"x": 184.0, "y": 191.0}, {"x": 171.0, "y": 189.0}]}, "description": "M"}, {"boundingPoly": {"vertices": [{"x": 173.0, "y": 205.0}, {"x": 183.0, "y": 207.0}, {"x": 182.0, "y": 219.0}, {"x": 172.0, "y": 218.0}]}, "description": "M"}, {"boundingPoly": {"vertices": [{"x": 223.0, "y": 192.0}, {"x": 258.0, "y": 191.0}, {"x": 257.0, "y": 207.0}, {"x": 223.0, "y": 208.0}]}, "description": "11.34"}, {"boundingPoly": {"vertices": [{"x": 227.0, "y": 206.0}, {"x": 258.0, "y": 206.0}, {"x": 257.0, "y": 221.0}, {"x": 227.0, "y": 221.0}]}, "description": "1.99"}, {"boundingPoly": {"vertices": [{"x": 48.0, "y": 236.0}, {"x": 86.0, "y": 236.0}, {"x": 86.0, "y": 253.0}, {"x": 48.0, "y": 253.0}]}, "description": " PRICE"}, {"boundingPoly": {"vertices": [{"x": 89.0, "y": 236.0}, {"x": 157.0, "y": 236.0}, {"x": 157.0, "y": 253.0}, {"x": 89.0, "y": 253.0}]}, "description": " REDUCTION"}, {"boundingPoly": {"vertices": [{"x": 69.0, "y": 251.0}, {"x": 109.0, "y": 251.0}, {"x": 109.0, "y": 267.0}, {"x": 69.0, "y": 267.0}]}, "description": " PRICE"}, {"boundingPoly": {"vertices": [{"x": 24.0, "y": 265.0}, {"x": 73.0, "y": 265.0}, {"x": 73.0, "y": 282.0}, {"x": 24.0, "y": 282.0}]}, "description": " FP BNLS"}, {"boundingPoly": {"vertices": [{"x": 10.0, "y": 284.0}, {"x": 60.0, "y": 283.0}, {"x": 60.0, "y": 298.0}, {"x": 10.0, "y": 299.0}]}, "description": "PRODUCE"}, {"boundingPoly": {"vertices": [{"x": 25.0, "y": 300.0}, {"x": 108.0, "y": 297.0}, {"x": 109.0, "y": 312.0}, {"x": 25.0, "y": 316.0}]}, "description": "LARGE LEMONS"}, {"boundingPoly": {"vertices": [{"x": 26.0, "y": 314.0}, {"x": 51.0, "y": 314.0}, {"x": 51.0, "y": 329.0}, {"x": 26.0, "y": 329.0}]}, "description": " 4 @"}, {"boundingPoly": {"vertices": [{"x": 24.0, "y": 328.0}, {"x": 100.0, "y": 327.0}, {"x": 100.0, "y": 341.0}, {"x": 24.0, "y": 343.0}]}, "description": "GINGER ROOT"}, {"boundingPoly": {"vertices": [{"x": 25.0, "y": 342.0}, {"x": 57.0, "y": 342.0}, {"x": 57.0, "y": 356.0}, {"x": 25.0, "y": 356.0}]}, "description": " 0.38"}, {"boundingPoly": {"vertices": [{"x": 25.0, "y": 355.0}, {"x": 156.0, "y": 356.0}, {"x": 155.0, "y": 371.0}, {"x": 24.0, "y": 370.0}]}, "description": "COLLARD GREENS EACH"}, {"boundingPoly": {"vertices": [{"x": 24.0, "y": 370.0}, {"x": 64.0, "y": 369.0}, {"x": 65.0, "y": 382.0}, {"x": 24.0, "y": 384.0}]}, "description": "KALE"}, {"boundingPoly": {"vertices": [{"x": 25.0, "y": 384.0}, {"x": 129.0, "y": 383.0}, {"x": 129.0, "y": 397.0}, {"x": 25.0, "y": 398.0}]}, "description": "ORGANIC BANANAS"}, {"boundingPoly": {"vertices": [{"x": 25.0, "y": 397.0}, {"x": 89.0, "y": 396.0}, {"x": 89.0, "y": 412.0}, {"x": 25.0, "y": 412.0}]}, "description": "1.96 lb @"}, {"boundingPoly": {"vertices": [{"x": 25.0, "y": 411.0}, {"x": 142.0, "y": 411.0}, {"x": 142.0, "y": 426.0}, {"x": 25.0, "y": 425.0}]}, "description": "YELLOW ONIONS 3LB"}, {"boundingPoly": {"vertices": [{"x": 24.0, "y": 424.0}, {"x": 41.0, "y": 424.0}, {"x": 41.0, "y": 439.0}, {"x": 24.0, "y": 439.0}]}, "description": " FL"}, {"boundingPoly": {"vertices": [{"x": 22.0, "y": 439.0}, {"x": 162.0, "y": 439.0}, {"x": 161.0, "y": 454.0}, {"x": 22.0, "y": 453.0}]}, "description": "LUCINDAS ORG ROSEMRY"}, {"boundingPoly": {"vertices": [{"x": 9.0, "y": 457.0}, {"x": 61.0, "y": 457.0}, {"x": 61.0, "y": 471.0}, {"x": 9.0, "y": 470.0}]}, "description": "Savings"}, {"boundingPoly": {"vertices": [{"x": 12.0, "y": 472.0}, {"x": 80.0, "y": 472.0}, {"x": 80.0, "y": 487.0}, {"x": 12.0, "y": 487.0}]}, "description": " You saved:"}, {"boundingPoly": {"vertices": [{"x": 22.0, "y": 485.0}, {"x": 109.0, "y": 485.0}, {"x": 109.0, "y": 500.0}, {"x": 22.0, "y": 500.0}]}, "description": "LARGE LEMONS"}, {"boundingPoly": {"vertices": [{"x": 24.0, "y": 500.0}, {"x": 148.0, "y": 499.0}, {"x": 148.0, "y": 514.0}, {"x": 24.0, "y": 514.0}]}, "description": "M&M DARK CHOC MINT"}, {"boundingPoly": {"vertices": [{"x": 25.0, "y": 513.0}, {"x": 136.0, "y": 513.0}, {"x": 136.0, "y": 528.0}, {"x": 25.0, "y": 528.0}]}, "description": "2LT CLASSIC COKE"}, {"boundingPoly": {"vertices": [{"x": 14.0, "y": 528.0}, {"x": 51.0, "y": 528.0}, {"x": 51.0, "y": 542.0}, {"x": 14.0, "y": 542.0}]}, "description": " TOTAL"}, {"boundingPoly": {"vertices": [{"x": 19.0, "y": 544.0}, {"x": 115.0, "y": 543.0}, {"x": 115.0, "y": 557.0}, {"x": 20.0, "y": 558.0}]}, "description": "19 BALANCE DUE"}, {"boundingPoly": {"vertices": [{"x": 40.0, "y": 558.0}, {"x": 151.0, "y": 558.0}, {"x": 151.0, "y": 571.0}, {"x": 40.0, "y": 571.0}]}, "description": "American Express"}, {"boundingPoly": {"vertices": [{"x": 111.0, "y": 250.0}, {"x": 150.0, "y": 250.0}, {"x": 150.0, "y": 266.0}, {"x": 111.0, "y": 266.0}]}, "description": " 13.33"}, {"boundingPoly": {"vertices": [{"x": 96.0, "y": 265.0}, {"x": 162.0, "y": 265.0}, {"x": 162.0, "y": 281.0}, {"x": 96.0, "y": 281.0}]}, "description": " DENVR STK"}, {"boundingPoly": {"vertices": [{"x": 76.0, "y": 265.0}, {"x": 93.0, "y": 265.0}, {"x": 93.0, "y": 281.0}, {"x": 76.0, "y": 281.0}]}, "description": " BF"}, {"boundingPoly": {"vertices": [{"x": 222.0, "y": 268.0}, {"x": 258.0, "y": 269.0}, {"x": 257.0, "y": 284.0}, {"x": 222.0, "y": 283.0}]}, "description": "10.00"}, {"boundingPoly": {"vertices": [{"x": 65.0, "y": 313.0}, {"x": 104.0, "y": 313.0}, {"x": 104.0, "y": 328.0}, {"x": 65.0, "y": 328.0}]}, "description": " 2 FOR"}, {"boundingPoly": {"vertices": [{"x": 140.0, "y": 315.0}, {"x": 168.0, "y": 315.0}, {"x": 168.0, "y": 330.0}, {"x": 141.0, "y": 329.0}]}, "description": "1.58"}, {"boundingPoly": {"vertices": [{"x": 118.0, "y": 341.0}, {"x": 156.0, "y": 341.0}, {"x": 156.0, "y": 358.0}, {"x": 118.0, "y": 358.0}]}, "description": " 2.99/"}, {"boundingPoly": {"vertices": [{"x": 173.0, "y": 303.0}, {"x": 182.0, "y": 303.0}, {"x": 182.0, "y": 315.0}, {"x": 172.0, "y": 316.0}]}, "description": "M"}, {"boundingPoly": {"vertices": [{"x": 224.0, "y": 317.0}, {"x": 255.0, "y": 317.0}, {"x": 254.0, "y": 333.0}, {"x": 224.0, "y": 332.0}]}, "description": "3.16"}, {"boundingPoly": {"vertices": [{"x": 225.0, "y": 344.0}, {"x": 255.0, "y": 343.0}, {"x": 256.0, "y": 358.0}, {"x": 225.0, "y": 359.0}]}, "description": "1.14"}, {"boundingPoly": {"vertices": [{"x": 226.0, "y": 358.0}, {"x": 256.0, "y": 358.0}, {"x": 256.0, "y": 371.0}, {"x": 227.0, "y": 372.0}]}, "description": "1.49"}, {"boundingPoly": {"vertices": [{"x": 227.0, "y": 371.0}, {"x": 257.0, "y": 371.0}, {"x": 257.0, "y": 385.0}, {"x": 228.0, "y": 386.0}]}, "description": "1.19"}, {"boundingPoly": {"vertices": [{"x": 59.0, "y": 342.0}, {"x": 75.0, "y": 342.0}, {"x": 75.0, "y": 356.0}, {"x": 59.0, "y": 356.0}]}, "description": " lb"}, {"boundingPoly": {"vertices": [{"x": 78.0, "y": 342.0}, {"x": 89.0, "y": 342.0}, {"x": 89.0, "y": 356.0}, {"x": 78.0, "y": 356.0}]}, "description": " @"}, {"boundingPoly": {"vertices": [{"x": 159.0, "y": 342.0}, {"x": 177.0, "y": 342.0}, {"x": 177.0, "y": 359.0}, {"x": 159.0, "y": 359.0}]}, "description": " 1b"}, {"boundingPoly": {"vertices": [{"x": 120.0, "y": 398.0}, {"x": 156.0, "y": 398.0}, {"x": 156.0, "y": 413.0}, {"x": 120.0, "y": 413.0}]}, "description": " 0.64/"}, {"boundingPoly": {"vertices": [{"x": 159.0, "y": 398.0}, {"x": 176.0, "y": 398.0}, {"x": 176.0, "y": 414.0}, {"x": 159.0, "y": 414.0}]}, "description": " lb"}, {"boundingPoly": {"vertices": [{"x": 140.0, "y": 425.0}, {"x": 161.0, "y": 425.0}, {"x": 161.0, "y": 441.0}, {"x": 140.0, "y": 441.0}]}, "description": " 16Z"}, {"boundingPoly": {"vertices": [{"x": 225.0, "y": 399.0}, {"x": 257.0, "y": 398.0}, {"x": 256.0, "y": 413.0}, {"x": 225.0, "y": 413.0}]}, "description": "1.25"}, {"boundingPoly": {"vertices": [{"x": 223.0, "y": 413.0}, {"x": 259.0, "y": 412.0}, {"x": 260.0, "y": 426.0}, {"x": 223.0, "y": 426.0}]}, "description": "2.49"}, {"boundingPoly": {"vertices": [{"x": 221.0, "y": 424.0}, {"x": 260.0, "y": 424.0}, {"x": 259.0, "y": 439.0}, {"x": 220.0, "y": 438.0}]}, "description": "3.99"}, {"boundingPoly": {"vertices": [{"x": 222.0, "y": 438.0}, {"x": 257.0, "y": 439.0}, {"x": 257.0, "y": 453.0}, {"x": 222.0, "y": 451.0}]}, "description": "0.99"}, {"boundingPoly": {"vertices": [{"x": 284.0, "y": 399.0}, {"x": 283.0, "y": 452.0}, {"x": 273.0, "y": 452.0}, {"x": 273.0, "y": 399.0}]}, "description": "****"}, {"boundingPoly": {"vertices": [{"x": 43.0, "y": 424.0}, {"x": 137.0, "y": 424.0}, {"x": 137.0, "y": 440.0}, {"x": 43.0, "y": 440.0}]}, "description": " BRSSL SPROUTS"}, {"boundingPoly": {"vertices": [{"x": 220.0, "y": 486.0}, {"x": 257.0, "y": 486.0}, {"x": 257.0, "y": 500.0}, {"x": 220.0, "y": 500.0}]}, "description": "-1.16"}, {"boundingPoly": {"vertices": [{"x": 216.0, "y": 500.0}, {"x": 256.0, "y": 499.0}, {"x": 257.0, "y": 513.0}, {"x": 216.0, "y": 514.0}]}, "description": "-1.80"}, {"boundingPoly": {"vertices": [{"x": 223.0, "y": 514.0}, {"x": 257.0, "y": 513.0}, {"x": 257.0, "y": 527.0}, {"x": 223.0, "y": 527.0}]}, "description": "-1.10"}, {"boundingPoly": {"vertices": [{"x": 226.0, "y": 527.0}, {"x": 256.0, "y": 527.0}, {"x": 255.0, "y": 539.0}, {"x": 226.0, "y": 540.0}]}, "description": "0.00"}, {"boundingPoly": {"vertices": [{"x": 220.0, "y": 544.0}, {"x": 257.0, "y": 543.0}, {"x": 256.0, "y": 557.0}, {"x": 219.0, "y": 557.0}]}, "description": "41.83"}, {"boundingPoly": {"vertices": [{"x": 211.0, "y": 557.0}, {"x": 256.0, "y": 557.0}, {"x": 256.0, "y": 570.0}, {"x": 212.0, "y": 571.0}]}, "description": "$41.83"}, {"boundingPoly": {"vertices": [{"x": 53.0, "y": 528.0}, {"x": 79.0, "y": 528.0}, {"x": 79.0, "y": 542.0}, {"x": 53.0, "y": 542.0}]}, "description": " TAX"}, {"boundingPoly": {"vertices": [{"x": 15.0, "y": 584.0}, {"x": 83.0, "y": 583.0}, {"x": 83.0, "y": 597.0}, {"x": 15.0, "y": 598.0}]}, "description": "12/01/2019"}, {"boundingPoly": {"vertices": [{"x": 14.0, "y": 596.0}, {"x": 220.0, "y": 596.0}, {"x": 220.0, "y": 611.0}, {"x": 14.0, "y": 611.0}]}, "description": " AMERICAN EXPRESS Entry Method:"}, {"boundingPoly": {"vertices": [{"x": 14.0, "y": 610.0}, {"x": 65.0, "y": 610.0}, {"x": 65.0, "y": 624.0}, {"x": 14.0, "y": 624.0}]}, "description": " CARD #:"}, {"boundingPoly": {"vertices": [{"x": 11.0, "y": 632.0}, {"x": 124.0, "y": 632.0}, {"x": 124.0, "y": 647.0}, {"x": 11.0, "y": 647.0}]}, "description": " AUTH CODE:852983"}, {"boundingPoly": {"vertices": [{"x": 10.0, "y": 650.0}, {"x": 35.0, "y": 650.0}, {"x": 35.0, "y": 663.0}, {"x": 10.0, "y": 663.0}]}, "description": " Mode"}, {"boundingPoly": {"vertices": [{"x": 8.0, "y": 662.0}, {"x": 39.0, "y": 662.0}, {"x": 39.0, "y": 675.0}, {"x": 8.0, "y": 675.0}]}, "description": " AID:"}, {"boundingPoly": {"vertices": [{"x": 8.0, "y": 675.0}, {"x": 27.0, "y": 675.0}, {"x": 27.0, "y": 688.0}, {"x": 8.0, "y": 688.0}]}, "description": " TVR"}, {"boundingPoly": {"vertices": [{"x": 8.0, "y": 689.0}, {"x": 36.0, "y": 689.0}, {"x": 36.0, "y": 703.0}, {"x": 8.0, "y": 703.0}]}, "description": " IAD:"}, {"boundingPoly": {"vertices": [{"x": 8.0, "y": 703.0}, {"x": 26.0, "y": 703.0}, {"x": 26.0, "y": 717.0}, {"x": 8.0, "y": 717.0}]}, "description": " TSI"}, {"boundingPoly": {"vertices": [{"x": 6.0, "y": 717.0}, {"x": 36.0, "y": 717.0}, {"x": 36.0, "y": 732.0}, {"x": 6.0, "y": 732.0}]}, "description": " ARC:"}, {"boundingPoly": {"vertices": [{"x": 8.0, "y": 733.0}, {"x": 31.0, "y": 733.0}, {"x": 31.0, "y": 747.0}, {"x": 8.0, "y": 747.0}]}, "description": " TC:"}, {"boundingPoly": {"vertices": [{"x": 7.0, "y": 746.0}, {"x": 39.0, "y": 746.0}, {"x": 39.0, "y": 761.0}, {"x": 7.0, "y": 761.0}]}, "description": " MID:"}, {"boundingPoly": {"vertices": [{"x": 8.0, "y": 760.0}, {"x": 54.0, "y": 760.0}, {"x": 54.0, "y": 773.0}, {"x": 8.0, "y": 773.0}]}, "description": " Total:"}, {"boundingPoly": {"vertices": [{"x": 227.0, "y": 584.0}, {"x": 281.0, "y": 584.0}, {"x": 281.0, "y": 597.0}, {"x": 227.0, "y": 597.0}]}, "description": " 18:04:33"}, {"boundingPoly": {"vertices": [{"x": 251.0, "y": 597.0}, {"x": 282.0, "y": 597.0}, {"x": 281.0, "y": 608.0}, {"x": 251.0, "y": 607.0}]}, "description": "Chip"}, {"boundingPoly": {"vertices": [{"x": 180.0, "y": 607.0}, {"x": 282.0, "y": 607.0}, {"x": 282.0, "y": 620.0}, {"x": 180.0, "y": 620.0}]}, "description": "XXXXXXXXXXX1006"}, {"boundingPoly": {"vertices": [{"x": 132.0, "y": 620.0}, {"x": 205.0, "y": 619.0}, {"x": 205.0, "y": 632.0}, {"x": 132.0, "y": 633.0}]}, "description": "APPROVED"}, {"boundingPoly": {"vertices": [{"x": 10.0, "y": 621.0}, {"x": 69.0, "y": 620.0}, {"x": 69.0, "y": 633.0}, {"x": 10.0, "y": 634.0}]}, "description": "PURCHASE"}, {"boundingPoly": {"vertices": [{"x": 38.0, "y": 651.0}, {"x": 48.0, "y": 651.0}, {"x": 48.0, "y": 663.0}, {"x": 38.0, "y": 663.0}]}, "description": " :"}, {"boundingPoly": {"vertices": [{"x": 237.0, "y": 648.0}, {"x": 285.0, "y": 649.0}, {"x": 284.0, "y": 662.0}, {"x": 237.0, "y": 661.0}]}, "description": "Issuer"}, {"boundingPoly": {"vertices": [{"x": 175.0, "y": 661.0}, {"x": 288.0, "y": 662.0}, {"x": 288.0, "y": 676.0}, {"x": 175.0, "y": 675.0}]}, "description": "A000000025010801"}, {"boundingPoly": {"vertices": [{"x": 216.0, "y": 675.0}, {"x": 287.0, "y": 675.0}, {"x": 287.0, "y": 689.0}, {"x": 216.0, "y": 689.0}]}, "description": "0000008000"}, {"boundingPoly": {"vertices": [{"x": 187.0, "y": 687.0}, {"x": 287.0, "y": 688.0}, {"x": 287.0, "y": 704.0}, {"x": 187.0, "y": 704.0}]}, "description": "06710103A02002"}, {"boundingPoly": {"vertices": [{"x": 257.0, "y": 703.0}, {"x": 286.0, "y": 703.0}, {"x": 287.0, "y": 717.0}, {"x": 257.0, "y": 718.0}]}, "description": "E800"}, {"boundingPoly": {"vertices": [{"x": 271.0, "y": 717.0}, {"x": 286.0, "y": 717.0}, {"x": 286.0, "y": 731.0}, {"x": 272.0, "y": 731.0}]}, "description": "00"}, {"boundingPoly": {"vertices": [{"x": 174.0, "y": 731.0}, {"x": 287.0, "y": 731.0}, {"x": 288.0, "y": 746.0}, {"x": 174.0, "y": 746.0}]}, "description": "A5FAA58EEB6847A0"}, {"boundingPoly": {"vertices": [{"x": 167.0, "y": 745.0}, {"x": 226.0, "y": 745.0}, {"x": 226.0, "y": 761.0}, {"x": 167.0, "y": 761.0}]}, "description": " 001 SEQ:"}, {"boundingPoly": {"vertices": [{"x": 214.0, "y": 759.0}, {"x": 287.0, "y": 759.0}, {"x": 287.0, "y": 774.0}, {"x": 214.0, "y": 774.0}]}, "description": "USD$ 41.83"}, {"boundingPoly": {"vertices": [{"x": 30.0, "y": 675.0}, {"x": 37.0, "y": 675.0}, {"x": 37.0, "y": 688.0}, {"x": 30.0, "y": 688.0}]}, "description": " :"}, {"boundingPoly": {"vertices": [{"x": 29.0, "y": 703.0}, {"x": 36.0, "y": 703.0}, {"x": 36.0, "y": 717.0}, {"x": 29.0, "y": 717.0}]}, "description": " :"}, {"boundingPoly": {"vertices": [{"x": 42.0, "y": 745.0}, {"x": 88.0, "y": 745.0}, {"x": 88.0, "y": 761.0}, {"x": 42.0, "y": 761.0}]}, "description": " 262153"}, {"boundingPoly": {"vertices": [{"x": 112.0, "y": 745.0}, {"x": 144.0, "y": 745.0}, {"x": 144.0, "y": 760.0}, {"x": 112.0, "y": 760.0}]}, "description": " TID:"}, {"boundingPoly": {"vertices": [{"x": 228.0, "y": 746.0}, {"x": 274.0, "y": 746.0}, {"x": 274.0, "y": 761.0}, {"x": 228.0, "y": 761.0}]}, "description": " 063615"}, {"boundingPoly": {"vertices": [{"x": 36.0, "y": 791.0}, {"x": 80.0, "y": 792.0}, {"x": 79.0, "y": 806.0}, {"x": 36.0, "y": 806.0}]}, "description": "CHANGE"}, {"boundingPoly": {"vertices": [{"x": 226.0, "y": 794.0}, {"x": 260.0, "y": 793.0}, {"x": 261.0, "y": 806.0}, {"x": 227.0, "y": 807.0}]}, "description": "0.00"}]}