{"textAnnotations": [{"boundingPoly": {"vertices": [{"x": 47.0, "y": 27.0}, {"x": 176.0, "y": 27.0}, {"x": 176.0, "y": 61.0}, {"x": 47.0, "y": 61.0}]}, "description": " 13:27 46"}, {"boundingPoly": {"vertices": [{"x": 243.0, "y": 42.0}, {"x": 326.0, "y": 43.0}, {"x": 326.0, "y": 62.0}, {"x": 243.0, "y": 60.0}]}, "description": "KB/S LTEO"}, {"boundingPoly": {"vertices": [{"x": 379.0, "y": 38.0}, {"x": 409.0, "y": 39.0}, {"x": 409.0, "y": 52.0}, {"x": 379.0, "y": 51.0}]}, "description": "BOX"}, {"boundingPoly": {"vertices": [{"x": 986.0, "y": 37.0}, {"x": 1014.0, "y": 38.0}, {"x": 1013.0, "y": 56.0}, {"x": 985.0, "y": 55.0}]}, "description": "94"}, {"boundingPoly": {"vertices": [{"x": 951.0, "y": 128.0}, {"x": 1069.0, "y": 128.0}, {"x": 1069.0, "y": 158.0}, {"x": 951.0, "y": 158.0}]}, "description": "Support"}, {"boundingPoly": {"vertices": [{"x": 30.0, "y": 223.0}, {"x": 454.0, "y": 227.0}, {"x": 454.0, "y": 282.0}, {"x": 30.0, "y": 277.0}]}, "description": "Order Summary"}, {"boundingPoly": {"vertices": [{"x": 28.0, "y": 343.0}, {"x": 303.0, "y": 343.0}, {"x": 303.0, "y": 386.0}, {"x": 28.0, "y": 387.0}]}, "description": "merchant name"}, {"boundingPoly": {"vertices": [{"x": 30.0, "y": 394.0}, {"x": 712.0, "y": 395.0}, {"x": 712.0, "y": 426.0}, {"x": 30.0, "y": 424.0}]}, "description": "merchant address"}, {"boundingPoly": {"vertices": [{"x": 27.0, "y": 479.0}, {"x": 625.0, "y": 479.0}, {"x": 625.0, "y": 510.0}, {"x": 27.0, "y": 510.0}]}, "description": "This order with Biryani Blues was delivered"}, {"boundingPoly": {"vertices": [{"x": 26.0, "y": 606.0}, {"x": 260.0, "y": 606.0}, {"x": 260.0, "y": 647.0}, {"x": 26.0, "y": 646.0}]}, "description": "Your Order"}, {"boundingPoly": {"vertices": [{"x": 774.0, "y": 612.0}, {"x": 1024.0, "y": 612.0}, {"x": 1024.0, "y": 637.0}, {"x": 774.0, "y": 637.0}]}, "description": "MARK AS FAVORITE"}, {"boundingPoly": {"vertices": [{"x": 73.0, "y": 698.0}, {"x": 421.0, "y": 697.0}, {"x": 421.0, "y": 733.0}, {"x": 73.0, "y": 735.0}]}, "description": "Paneer Biryani Handi"}, {"boundingPoly": {"vertices": [{"x": 30.0, "y": 751.0}, {"x": 91.0, "y": 751.0}, {"x": 91.0, "y": 780.0}, {"x": 30.0, "y": 780.0}]}, "description": " Size:"}, {"boundingPoly": {"vertices": [{"x": 62.0, "y": 800.0}, {"x": 65.0, "y": 827.0}, {"x": 48.0, "y": 829.0}, {"x": 45.0, "y": 801.0}]}, "description": "-"}, {"boundingPoly": {"vertices": [{"x": 97.0, "y": 751.0}, {"x": 270.0, "y": 751.0}, {"x": 270.0, "y": 783.0}, {"x": 97.0, "y": 783.0}]}, "description": " Lovers, 2 kg"}, {"boundingPoly": {"vertices": [{"x": 100.0, "y": 800.0}, {"x": 129.0, "y": 800.0}, {"x": 129.0, "y": 830.0}, {"x": 100.0, "y": 830.0}]}, "description": " X"}, {"boundingPoly": {"vertices": [{"x": 134.0, "y": 800.0}, {"x": 212.0, "y": 800.0}, {"x": 212.0, "y": 830.0}, {"x": 134.0, "y": 830.0}]}, "description": " \u20b9 1195"}, {"boundingPoly": {"vertices": [{"x": 979.0, "y": 802.0}, {"x": 1051.0, "y": 801.0}, {"x": 1050.0, "y": 828.0}, {"x": 979.0, "y": 827.0}]}, "description": "\u20b91195"}, {"boundingPoly": {"vertices": [{"x": 28.0, "y": 909.0}, {"x": 197.0, "y": 909.0}, {"x": 197.0, "y": 940.0}, {"x": 28.0, "y": 940.0}]}, "description": "Item Total"}, {"boundingPoly": {"vertices": [{"x": 963.0, "y": 908.0}, {"x": 1050.0, "y": 909.0}, {"x": 1049.0, "y": 938.0}, {"x": 963.0, "y": 938.0}]}, "description": "\u20b91195"}, {"boundingPoly": {"vertices": [{"x": 28.0, "y": 969.0}, {"x": 229.0, "y": 970.0}, {"x": 229.0, "y": 996.0}, {"x": 28.0, "y": 994.0}]}, "description": "Taxes & charges"}, {"boundingPoly": {"vertices": [{"x": 963.0, "y": 968.0}, {"x": 1049.0, "y": 970.0}, {"x": 1048.0, "y": 998.0}, {"x": 963.0, "y": 996.0}]}, "description": "\u20b991.26"}, {"boundingPoly": {"vertices": [{"x": 151.0, "y": 993.0}, {"x": 225.0, "y": 993.0}, {"x": 225.0, "y": 1011.0}, {"x": 151.0, "y": 1012.0}]}, "description": "-----"}, {"boundingPoly": {"vertices": [{"x": 28.0, "y": 1030.0}, {"x": 236.0, "y": 1031.0}, {"x": 235.0, "y": 1059.0}, {"x": 28.0, "y": 1059.0}]}, "description": "Delivery Charge"}, {"boundingPoly": {"vertices": [{"x": 1006.0, "y": 1029.0}, {"x": 1051.0, "y": 1031.0}, {"x": 1050.0, "y": 1055.0}, {"x": 1005.0, "y": 1053.0}]}, "description": "\u4e4f41"}, {"boundingPoly": {"vertices": [{"x": 27.0, "y": 1109.0}, {"x": 118.0, "y": 1110.0}, {"x": 117.0, "y": 1141.0}, {"x": 27.0, "y": 1140.0}]}, "description": "Total"}, {"boundingPoly": {"vertices": [{"x": 907.0, "y": 1108.0}, {"x": 1050.0, "y": 1110.0}, {"x": 1050.0, "y": 1141.0}, {"x": 907.0, "y": 1139.0}]}, "description": "\u20b91327.26"}, {"boundingPoly": {"vertices": [{"x": 27.0, "y": 1276.0}, {"x": 311.0, "y": 1275.0}, {"x": 311.0, "y": 1313.0}, {"x": 27.0, "y": 1314.0}]}, "description": "Order Details"}, {"boundingPoly": {"vertices": [{"x": 28.0, "y": 1369.0}, {"x": 206.0, "y": 1369.0}, {"x": 206.0, "y": 1394.0}, {"x": 28.0, "y": 1394.0}]}, "description": "Order Number"}, {"boundingPoly": {"vertices": [{"x": 26.0, "y": 1401.0}, {"x": 203.0, "y": 1401.0}, {"x": 203.0, "y": 1429.0}, {"x": 26.0, "y": 1429.0}]}, "description": "2091470329"}, {"boundingPoly": {"vertices": [{"x": 28.0, "y": 1478.0}, {"x": 139.0, "y": 1478.0}, {"x": 139.0, "y": 1502.0}, {"x": 28.0, "y": 1503.0}]}, "description": "Payment"}, {"boundingPoly": {"vertices": [{"x": 30.0, "y": 1509.0}, {"x": 87.0, "y": 1509.0}, {"x": 87.0, "y": 1540.0}, {"x": 30.0, "y": 1540.0}]}, "description": " Paid"}, {"boundingPoly": {"vertices": [{"x": 93.0, "y": 1509.0}, {"x": 270.0, "y": 1509.0}, {"x": 270.0, "y": 1540.0}, {"x": 93.0, "y": 1540.0}]}, "description": " : Using Card"}, {"boundingPoly": {"vertices": [{"x": 29.0, "y": 1587.0}, {"x": 87.0, "y": 1586.0}, {"x": 87.0, "y": 1608.0}, {"x": 30.0, "y": 1609.0}]}, "description": "Date"}, {"boundingPoly": {"vertices": [{"x": 30.0, "y": 1617.0}, {"x": 477.0, "y": 1617.0}, {"x": 477.0, "y": 1647.0}, {"x": 30.0, "y": 1647.0}]}, "description": " November 29, 2019 at 02:09 AM"}, {"boundingPoly": {"vertices": [{"x": 28.0, "y": 1694.0}, {"x": 208.0, "y": 1694.0}, {"x": 208.0, "y": 1719.0}, {"x": 28.0, "y": 1719.0}]}, "description": "Phone number"}, {"boundingPoly": {"vertices": [{"x": 28.0, "y": 1802.0}, {"x": 147.0, "y": 1802.0}, {"x": 147.0, "y": 1826.0}, {"x": 28.0, "y": 1827.0}]}, "description": "Deliver to"}, {"boundingPoly": {"vertices": [{"x": 31.0, "y": 1832.0}, {"x": 1050.0, "y": 1831.0}, {"x": 1050.0, "y": 1864.0}, {"x": 31.0, "y": 1864.0}]}, "description": "epitime towers, DLF Building No. 5 Tower C, DLF Cyber City, DLF Phase 2,"}, {"boundingPoly": {"vertices": [{"x": 30.0, "y": 1875.0}, {"x": 536.0, "y": 1875.0}, {"x": 536.0, "y": 1904.0}, {"x": 30.0, "y": 1904.0}]}, "description": "Sector 24, Gurugram, Haryana, India"}, {"boundingPoly": {"vertices": [{"x": 306.0, "y": 2034.0}, {"x": 775.0, "y": 2034.0}, {"x": 775.0, "y": 2066.0}, {"x": 306.0, "y": 2067.0}]}, "description": "merchant phone"}, {"boundingPoly": {"vertices": [{"x": 410.0, "y": 2209.0}, {"x": 546.0, "y": 2209.0}, {"x": 546.0, "y": 2250.0}, {"x": 410.0, "y": 2250.0}]}, "description": " Repeat"}, {"boundingPoly": {"vertices": [{"x": 519.0, "y": 2253.0}, {"x": 709.0, "y": 2253.0}, {"x": 709.0, "y": 2282.0}, {"x": 519.0, "y": 2282.0}]}, "description": " ON NEXT STEP"}, {"boundingPoly": {"vertices": [{"x": 553.0, "y": 2210.0}, {"x": 666.0, "y": 2210.0}, {"x": 666.0, "y": 2250.0}, {"x": 553.0, "y": 2250.0}]}, "description": " Order"}, {"boundingPoly": {"vertices": [{"x": 371.0, "y": 2254.0}, {"x": 438.0, "y": 2254.0}, {"x": 438.0, "y": 2282.0}, {"x": 371.0, "y": 2282.0}]}, "description": " VIEW"}, {"boundingPoly": {"vertices": [{"x": 442.0, "y": 2254.0}, {"x": 514.0, "y": 2254.0}, {"x": 514.0, "y": 2282.0}, {"x": 442.0, "y": 2282.0}]}, "description": " CART"}]}