{"textAnnotations": [{"boundingPoly": {"vertices": [{"x": 130.0, "y": 125.0}, {"x": 427.0, "y": 118.0}, {"x": 428.0, "y": 147.0}, {"x": 130.0, "y": 155.0}]}, "description": "merchant name"}, {"boundingPoly": {"vertices": [{"x": 181.0, "y": 159.0}, {"x": 389.0, "y": 155.0}, {"x": 390.0, "y": 185.0}, {"x": 181.0, "y": 189.0}]}, "description": "merchant address"}, {"boundingPoly": {"vertices": [{"x": 118.0, "y": 196.0}, {"x": 442.0, "y": 188.0}, {"x": 442.0, "y": 219.0}, {"x": 119.0, "y": 226.0}]}, "description": "merchant address"}, {"boundingPoly": {"vertices": [{"x": 31.0, "y": 239.0}, {"x": 72.0, "y": 239.0}, {"x": 72.0, "y": 247.0}, {"x": 31.0, "y": 247.0}]}, "description": "---"}, {"boundingPoly": {"vertices": [{"x": 220.0, "y": 264.0}, {"x": 351.0, "y": 262.0}, {"x": 352.0, "y": 289.0}, {"x": 220.0, "y": 291.0}]}, "description": "CHK 713103"}, {"boundingPoly": {"vertices": [{"x": 161.0, "y": 295.0}, {"x": 402.0, "y": 295.0}, {"x": 402.0, "y": 329.0}, {"x": 161.0, "y": 329.0}]}, "description": " 11/04/2019 08:26 AM"}, {"boundingPoly": {"vertices": [{"x": 334.0, "y": 329.0}, {"x": 431.0, "y": 329.0}, {"x": 431.0, "y": 360.0}, {"x": 334.0, "y": 360.0}]}, "description": " 1 Reg:"}, {"boundingPoly": {"vertices": [{"x": 105.0, "y": 330.0}, {"x": 208.0, "y": 331.0}, {"x": 208.0, "y": 359.0}, {"x": 105.0, "y": 358.0}]}, "description": "2818467"}, {"boundingPoly": {"vertices": [{"x": 228.0, "y": 330.0}, {"x": 328.0, "y": 330.0}, {"x": 328.0, "y": 361.0}, {"x": 228.0, "y": 361.0}]}, "description": " Drawer:"}, {"boundingPoly": {"vertices": [{"x": 437.0, "y": 329.0}, {"x": 451.0, "y": 329.0}, {"x": 451.0, "y": 359.0}, {"x": 437.0, "y": 359.0}]}, "description": " 1"}, {"boundingPoly": {"vertices": [{"x": 68.0, "y": 397.0}, {"x": 237.0, "y": 398.0}, {"x": 237.0, "y": 429.0}, {"x": 68.0, "y": 428.0}]}, "description": "Tl Cappuccino"}, {"boundingPoly": {"vertices": [{"x": 92.0, "y": 431.0}, {"x": 198.0, "y": 431.0}, {"x": 198.0, "y": 460.0}, {"x": 92.0, "y": 459.0}]}, "description": "Hazelnut"}, {"boundingPoly": {"vertices": [{"x": 70.0, "y": 464.0}, {"x": 248.0, "y": 465.0}, {"x": 247.0, "y": 493.0}, {"x": 70.0, "y": 492.0}]}, "description": "Choc Croissant"}, {"boundingPoly": {"vertices": [{"x": 424.0, "y": 398.0}, {"x": 477.0, "y": 397.0}, {"x": 477.0, "y": 423.0}, {"x": 425.0, "y": 423.0}]}, "description": "3.95"}, {"boundingPoly": {"vertices": [{"x": 424.0, "y": 432.0}, {"x": 476.0, "y": 432.0}, {"x": 475.0, "y": 457.0}, {"x": 425.0, "y": 457.0}]}, "description": "0.50"}, {"boundingPoly": {"vertices": [{"x": 423.0, "y": 464.0}, {"x": 477.0, "y": 464.0}, {"x": 477.0, "y": 488.0}, {"x": 424.0, "y": 488.0}]}, "description": "3.25"}, {"boundingPoly": {"vertices": [{"x": 70.0, "y": 531.0}, {"x": 121.0, "y": 532.0}, {"x": 121.0, "y": 555.0}, {"x": 69.0, "y": 555.0}]}, "description": "Amex"}, {"boundingPoly": {"vertices": [{"x": 68.0, "y": 561.0}, {"x": 273.0, "y": 561.0}, {"x": 273.0, "y": 587.0}, {"x": 68.0, "y": 588.0}]}, "description": "XXXXXXXXXXXX5002"}, {"boundingPoly": {"vertices": [{"x": 67.0, "y": 594.0}, {"x": 208.0, "y": 594.0}, {"x": 208.0, "y": 623.0}, {"x": 67.0, "y": 623.0}]}, "description": " Card Entry:"}, {"boundingPoly": {"vertices": [{"x": 67.0, "y": 627.0}, {"x": 209.0, "y": 627.0}, {"x": 209.0, "y": 656.0}, {"x": 67.0, "y": 656.0}]}, "description": " Trans Type:"}, {"boundingPoly": {"vertices": [{"x": 63.0, "y": 661.0}, {"x": 222.0, "y": 661.0}, {"x": 222.0, "y": 690.0}, {"x": 63.0, "y": 690.0}]}, "description": " Reference #:"}, {"boundingPoly": {"vertices": [{"x": 64.0, "y": 695.0}, {"x": 196.0, "y": 695.0}, {"x": 196.0, "y": 724.0}, {"x": 64.0, "y": 724.0}]}, "description": " App Label:"}, {"boundingPoly": {"vertices": [{"x": 66.0, "y": 728.0}, {"x": 158.0, "y": 728.0}, {"x": 158.0, "y": 756.0}, {"x": 66.0, "y": 756.0}]}, "description": " Auth #:"}, {"boundingPoly": {"vertices": [{"x": 65.0, "y": 762.0}, {"x": 122.0, "y": 762.0}, {"x": 122.0, "y": 788.0}, {"x": 65.0, "y": 788.0}]}, "description": " AID:"}, {"boundingPoly": {"vertices": [{"x": 67.0, "y": 792.0}, {"x": 124.0, "y": 792.0}, {"x": 124.0, "y": 818.0}, {"x": 67.0, "y": 818.0}]}, "description": " TVR:"}, {"boundingPoly": {"vertices": [{"x": 70.0, "y": 824.0}, {"x": 124.0, "y": 824.0}, {"x": 124.0, "y": 849.0}, {"x": 70.0, "y": 849.0}]}, "description": " TSI:"}, {"boundingPoly": {"vertices": [{"x": 423.0, "y": 527.0}, {"x": 480.0, "y": 527.0}, {"x": 480.0, "y": 555.0}, {"x": 423.0, "y": 555.0}]}, "description": "8.38"}, {"boundingPoly": {"vertices": [{"x": 214.0, "y": 594.0}, {"x": 348.0, "y": 594.0}, {"x": 348.0, "y": 623.0}, {"x": 214.0, "y": 623.0}]}, "description": " QUICK CHIP"}, {"boundingPoly": {"vertices": [{"x": 214.0, "y": 627.0}, {"x": 323.0, "y": 627.0}, {"x": 323.0, "y": 656.0}, {"x": 214.0, "y": 656.0}]}, "description": " PURCHASE"}, {"boundingPoly": {"vertices": [{"x": 226.0, "y": 663.0}, {"x": 337.0, "y": 663.0}, {"x": 337.0, "y": 691.0}, {"x": 226.0, "y": 691.0}]}, "description": " 00000022"}, {"boundingPoly": {"vertices": [{"x": 201.0, "y": 695.0}, {"x": 412.0, "y": 695.0}, {"x": 412.0, "y": 725.0}, {"x": 201.0, "y": 725.0}]}, "description": " AMERICAN EXPRESS"}, {"boundingPoly": {"vertices": [{"x": 163.0, "y": 729.0}, {"x": 247.0, "y": 729.0}, {"x": 247.0, "y": 757.0}, {"x": 163.0, "y": 757.0}]}, "description": " 866552"}, {"boundingPoly": {"vertices": [{"x": 126.0, "y": 762.0}, {"x": 332.0, "y": 762.0}, {"x": 332.0, "y": 789.0}, {"x": 126.0, "y": 789.0}]}, "description": " A000000025010801"}, {"boundingPoly": {"vertices": [{"x": 129.0, "y": 793.0}, {"x": 258.0, "y": 793.0}, {"x": 258.0, "y": 819.0}, {"x": 129.0, "y": 819.0}]}, "description": " 0000008000"}, {"boundingPoly": {"vertices": [{"x": 129.0, "y": 824.0}, {"x": 184.0, "y": 824.0}, {"x": 184.0, "y": 849.0}, {"x": 129.0, "y": 849.0}]}, "description": " E800"}, {"boundingPoly": {"vertices": [{"x": 61.0, "y": 884.0}, {"x": 167.0, "y": 885.0}, {"x": 167.0, "y": 913.0}, {"x": 61.0, "y": 912.0}]}, "description": "Subtotal"}, {"boundingPoly": {"vertices": [{"x": 61.0, "y": 919.0}, {"x": 195.0, "y": 920.0}, {"x": 195.0, "y": 949.0}, {"x": 61.0, "y": 948.0}]}, "description": "Tax 8.875%"}, {"boundingPoly": {"vertices": [{"x": 59.0, "y": 954.0}, {"x": 191.0, "y": 954.0}, {"x": 191.0, "y": 983.0}, {"x": 59.0, "y": 983.0}]}, "description": "Tax 8.875%"}, {"boundingPoly": {"vertices": [{"x": 58.0, "y": 988.0}, {"x": 123.0, "y": 990.0}, {"x": 123.0, "y": 1016.0}, {"x": 57.0, "y": 1016.0}]}, "description": "Total"}, {"boundingPoly": {"vertices": [{"x": 17.0, "y": 1022.0}, {"x": 278.0, "y": 1027.0}, {"x": 277.0, "y": 1055.0}, {"x": 16.0, "y": 1050.0}]}, "description": "Change Due"}, {"boundingPoly": {"vertices": [{"x": 394.0, "y": 889.0}, {"x": 462.0, "y": 889.0}, {"x": 461.0, "y": 918.0}, {"x": 394.0, "y": 918.0}]}, "description": "$7.70"}, {"boundingPoly": {"vertices": [{"x": 394.0, "y": 926.0}, {"x": 460.0, "y": 925.0}, {"x": 460.0, "y": 954.0}, {"x": 394.0, "y": 954.0}]}, "description": "$0.39"}, {"boundingPoly": {"vertices": [{"x": 395.0, "y": 960.0}, {"x": 461.0, "y": 960.0}, {"x": 461.0, "y": 987.0}, {"x": 395.0, "y": 988.0}]}, "description": "$0.29"}, {"boundingPoly": {"vertices": [{"x": 393.0, "y": 995.0}, {"x": 461.0, "y": 995.0}, {"x": 462.0, "y": 1022.0}, {"x": 394.0, "y": 1023.0}]}, "description": "$8.38"}, {"boundingPoly": {"vertices": [{"x": 408.0, "y": 1030.0}, {"x": 538.0, "y": 1029.0}, {"x": 538.0, "y": 1058.0}, {"x": 408.0, "y": 1059.0}]}, "description": "$0.00"}, {"boundingPoly": {"vertices": [{"x": 168.0, "y": 1089.0}, {"x": 332.0, "y": 1092.0}, {"x": 331.0, "y": 1120.0}, {"x": 168.0, "y": 1117.0}]}, "description": "Check Closed"}, {"boundingPoly": {"vertices": [{"x": 151.0, "y": 1122.0}, {"x": 394.0, "y": 1122.0}, {"x": 394.0, "y": 1150.0}, {"x": 151.0, "y": 1150.0}]}, "description": " 11/04/2019 08:26 AM"}, {"boundingPoly": {"vertices": [{"x": 340.0, "y": 1100.0}, {"x": 367.0, "y": 1100.0}, {"x": 368.0, "y": 1114.0}, {"x": 340.0, "y": 1114.0}]}, "description": "--"}]}