{"textAnnotations": [{"boundingPoly": {"vertices": [{"x": 35.0, "y": 24.0}, {"x": 299.0, "y": 24.0}, {"x": 299.0, "y": 60.0}, {"x": 35.0, "y": 60.0}]}, "description": " hunch w/ Kristina"}, {"boundingPoly": {"vertices": [{"x": 299.0, "y": 66.0}, {"x": 415.0, "y": 68.0}, {"x": 414.0, "y": 97.0}, {"x": 298.0, "y": 95.0}]}, "description": "wrok\""}, {"boundingPoly": {"vertices": [{"x": 243.0, "y": 103.0}, {"x": 353.0, "y": 103.0}, {"x": 353.0, "y": 130.0}, {"x": 243.0, "y": 130.0}]}, "description": " Visiting the"}, {"boundingPoly": {"vertices": [{"x": 196.0, "y": 149.0}, {"x": 307.0, "y": 149.0}, {"x": 307.0, "y": 177.0}, {"x": 196.0, "y": 177.0}]}, "description": "merchant address"}, {"boundingPoly": {"vertices": [{"x": 277.0, "y": 180.0}, {"x": 299.0, "y": 180.0}, {"x": 299.0, "y": 202.0}, {"x": 277.0, "y": 202.0}]}, "description": "merchant address"}, {"boundingPoly": {"vertices": [{"x": 305.0, "y": 24.0}, {"x": 445.0, "y": 24.0}, {"x": 445.0, "y": 65.0}, {"x": 305.0, "y": 65.0}]}, "description": " \"Swain's"}, {"boundingPoly": {"vertices": [{"x": 125.0, "y": 98.0}, {"x": 173.0, "y": 98.0}, {"x": 173.0, "y": 119.0}, {"x": 125.0, "y": 119.0}]}, "description": " Thank"}, {"boundingPoly": {"vertices": [{"x": 155.0, "y": 122.0}, {"x": 325.0, "y": 132.0}, {"x": 324.0, "y": 152.0}, {"x": 155.0, "y": 141.0}]}, "description": "merchant name"}, {"boundingPoly": {"vertices": [{"x": 309.0, "y": 157.0}, {"x": 325.0, "y": 157.0}, {"x": 325.0, "y": 178.0}, {"x": 309.0, "y": 178.0}]}, "description": "merchant address"}, {"boundingPoly": {"vertices": [{"x": 175.0, "y": 100.0}, {"x": 241.0, "y": 100.0}, {"x": 241.0, "y": 123.0}, {"x": 175.0, "y": 123.0}]}, "description": " You For"}, {"boundingPoly": {"vertices": [{"x": 156.0, "y": 146.0}, {"x": 194.0, "y": 146.0}, {"x": 194.0, "y": 169.0}, {"x": 156.0, "y": 169.0}]}, "description": "merchant address"}, {"boundingPoly": {"vertices": [{"x": 174.0, "y": 172.0}, {"x": 275.0, "y": 172.0}, {"x": 275.0, "y": 200.0}, {"x": 174.0, "y": 200.0}]}, "description": "merchant address"}, {"boundingPoly": {"vertices": [{"x": 390.0, "y": 219.0}, {"x": 417.0, "y": 219.0}, {"x": 417.0, "y": 233.0}, {"x": 390.0, "y": 233.0}]}, "description": "CAD"}, {"boundingPoly": {"vertices": [{"x": 380.0, "y": 234.0}, {"x": 418.0, "y": 235.0}, {"x": 417.0, "y": 251.0}, {"x": 380.0, "y": 250.0}]}, "description": "7.25"}, {"boundingPoly": {"vertices": [{"x": 382.0, "y": 253.0}, {"x": 418.0, "y": 253.0}, {"x": 418.0, "y": 269.0}, {"x": 382.0, "y": 268.0}]}, "description": "1.99"}, {"boundingPoly": {"vertices": [{"x": 59.0, "y": 238.0}, {"x": 116.0, "y": 238.0}, {"x": 116.0, "y": 255.0}, {"x": 59.0, "y": 255.0}]}, "description": " Entree"}, {"boundingPoly": {"vertices": [{"x": 57.0, "y": 257.0}, {"x": 111.0, "y": 256.0}, {"x": 111.0, "y": 271.0}, {"x": 57.0, "y": 271.0}]}, "description": "Pastry"}, {"boundingPoly": {"vertices": [{"x": 119.0, "y": 236.0}, {"x": 185.0, "y": 236.0}, {"x": 185.0, "y": 254.0}, {"x": 119.0, "y": 254.0}]}, "description": " Special"}, {"boundingPoly": {"vertices": [{"x": 188.0, "y": 234.0}, {"x": 236.0, "y": 234.0}, {"x": 236.0, "y": 252.0}, {"x": 188.0, "y": 252.0}]}, "description": " $7.25"}, {"boundingPoly": {"vertices": [{"x": 253.0, "y": 332.0}, {"x": 337.0, "y": 332.0}, {"x": 337.0, "y": 351.0}, {"x": 253.0, "y": 351.0}]}, "description": "Sub Total"}, {"boundingPoly": {"vertices": [{"x": 254.0, "y": 357.0}, {"x": 346.0, "y": 356.0}, {"x": 347.0, "y": 376.0}, {"x": 255.0, "y": 377.0}]}, "description": "Tax Amount"}, {"boundingPoly": {"vertices": [{"x": 379.0, "y": 335.0}, {"x": 418.0, "y": 336.0}, {"x": 418.0, "y": 354.0}, {"x": 378.0, "y": 353.0}]}, "description": "9.24"}, {"boundingPoly": {"vertices": [{"x": 378.0, "y": 359.0}, {"x": 417.0, "y": 359.0}, {"x": 417.0, "y": 377.0}, {"x": 379.0, "y": 377.0}]}, "description": "1.20"}, {"boundingPoly": {"vertices": [{"x": 44.0, "y": 439.0}, {"x": 204.0, "y": 439.0}, {"x": 204.0, "y": 470.0}, {"x": 43.0, "y": 470.0}]}, "description": "Total CAD"}, {"boundingPoly": {"vertices": [{"x": 325.0, "y": 434.0}, {"x": 415.0, "y": 433.0}, {"x": 416.0, "y": 469.0}, {"x": 325.0, "y": 470.0}]}, "description": "10.44"}, {"boundingPoly": {"vertices": [{"x": 43.0, "y": 552.0}, {"x": 186.0, "y": 550.0}, {"x": 187.0, "y": 570.0}, {"x": 43.0, "y": 573.0}]}, "description": "5000 Credit Card"}, {"boundingPoly": {"vertices": [{"x": 372.0, "y": 551.0}, {"x": 417.0, "y": 550.0}, {"x": 417.0, "y": 569.0}, {"x": 372.0, "y": 570.0}]}, "description": "10.44"}, {"boundingPoly": {"vertices": [{"x": 47.0, "y": 626.0}, {"x": 415.0, "y": 626.0}, {"x": 415.0, "y": 648.0}, {"x": 47.0, "y": 648.0}]}, "description": " 10/23/2019 12:28 PM #:25195 Op:5021 C:121"}, {"boundingPoly": {"vertices": [{"x": 47.0, "y": 649.0}, {"x": 133.0, "y": 649.0}, {"x": 133.0, "y": 675.0}, {"x": 47.0, "y": 675.0}]}, "description": " 102 S:1211"}, {"boundingPoly": {"vertices": [{"x": 45.0, "y": 676.0}, {"x": 132.0, "y": 676.0}, {"x": 132.0, "y": 700.0}, {"x": 45.0, "y": 700.0}]}, "description": " Served you"}, {"boundingPoly": {"vertices": [{"x": 137.0, "y": 675.0}, {"x": 240.0, "y": 675.0}, {"x": 240.0, "y": 699.0}, {"x": 137.0, "y": 699.0}]}, "description": " : Mary Zhao"}, {"boundingPoly": {"vertices": [{"x": 44.0, "y": 727.0}, {"x": 231.0, "y": 726.0}, {"x": 231.0, "y": 747.0}, {"x": 44.0, "y": 748.0}]}, "description": "Global Rewards Points"}, {"boundingPoly": {"vertices": [{"x": 44.0, "y": 753.0}, {"x": 201.0, "y": 753.0}, {"x": 201.0, "y": 773.0}, {"x": 44.0, "y": 773.0}]}, "description": " Previous Balance:"}, {"boundingPoly": {"vertices": [{"x": 44.0, "y": 778.0}, {"x": 167.0, "y": 777.0}, {"x": 167.0, "y": 797.0}, {"x": 44.0, "y": 798.0}]}, "description": "Accrued (new);"}, {"boundingPoly": {"vertices": [{"x": 44.0, "y": 803.0}, {"x": 170.0, "y": 803.0}, {"x": 170.0, "y": 824.0}, {"x": 44.0, "y": 824.0}]}, "description": " Redeemed (used)"}, {"boundingPoly": {"vertices": [{"x": 43.0, "y": 828.0}, {"x": 147.0, "y": 828.0}, {"x": 147.0, "y": 849.0}, {"x": 43.0, "y": 849.0}]}, "description": " New Balance:"}, {"boundingPoly": {"vertices": [{"x": 209.0, "y": 753.0}, {"x": 238.0, "y": 753.0}, {"x": 238.0, "y": 773.0}, {"x": 209.0, "y": 773.0}]}, "description": " 152"}, {"boundingPoly": {"vertices": [{"x": 210.0, "y": 778.0}, {"x": 229.0, "y": 779.0}, {"x": 228.0, "y": 797.0}, {"x": 209.0, "y": 796.0}]}, "description": "27"}, {"boundingPoly": {"vertices": [{"x": 208.0, "y": 805.0}, {"x": 224.0, "y": 805.0}, {"x": 223.0, "y": 819.0}, {"x": 208.0, "y": 819.0}]}, "description": "0"}, {"boundingPoly": {"vertices": [{"x": 211.0, "y": 829.0}, {"x": 239.0, "y": 828.0}, {"x": 239.0, "y": 847.0}, {"x": 211.0, "y": 847.0}]}, "description": "179"}, {"boundingPoly": {"vertices": [{"x": 174.0, "y": 802.0}, {"x": 184.0, "y": 802.0}, {"x": 184.0, "y": 823.0}, {"x": 174.0, "y": 823.0}]}, "description": " :"}, {"boundingPoly": {"vertices": [{"x": 129.0, "y": 876.0}, {"x": 324.0, "y": 876.0}, {"x": 324.0, "y": 899.0}, {"x": 129.0, "y": 900.0}]}, "description": "GST# 88778 3355 RT0001"}]}