{"textAnnotations": [{"boundingPoly": {"vertices": [{"x": 451.0, "y": 149.0}, {"x": 736.0, "y": 155.0}, {"x": 734.0, "y": 214.0}, {"x": 451.0, "y": 207.0}]}, "description": "merchant name"}, {"boundingPoly": {"vertices": [{"x": 353.0, "y": 246.0}, {"x": 840.0, "y": 247.0}, {"x": 840.0, "y": 287.0}, {"x": 353.0, "y": 286.0}]}, "description": "merchant address"}, {"boundingPoly": {"vertices": [{"x": 459.0, "y": 289.0}, {"x": 527.0, "y": 289.0}, {"x": 527.0, "y": 325.0}, {"x": 459.0, "y": 325.0}]}, "description": " Tel:"}, {"boundingPoly": {"vertices": [{"x": 443.0, "y": 329.0}, {"x": 512.0, "y": 329.0}, {"x": 512.0, "y": 364.0}, {"x": 443.0, "y": 364.0}]}, "description": " ABN:"}, {"boundingPoly": {"vertices": [{"x": 534.0, "y": 289.0}, {"x": 736.0, "y": 289.0}, {"x": 736.0, "y": 325.0}, {"x": 534.0, "y": 325.0}]}, "description": "merchant phone"}, {"boundingPoly": {"vertices": [{"x": 518.0, "y": 329.0}, {"x": 754.0, "y": 329.0}, {"x": 754.0, "y": 364.0}, {"x": 518.0, "y": 364.0}]}, "description": " 57 631 603 186"}, {"boundingPoly": {"vertices": [{"x": 506.0, "y": 407.0}, {"x": 687.0, "y": 407.0}, {"x": 687.0, "y": 442.0}, {"x": 505.0, "y": 442.0}]}, "description": "Tax Invoice"}, {"boundingPoly": {"vertices": [{"x": 203.0, "y": 483.0}, {"x": 378.0, "y": 483.0}, {"x": 378.0, "y": 520.0}, {"x": 203.0, "y": 520.0}]}, "description": " Order No .:"}, {"boundingPoly": {"vertices": [{"x": 385.0, "y": 484.0}, {"x": 420.0, "y": 484.0}, {"x": 420.0, "y": 520.0}, {"x": 385.0, "y": 520.0}]}, "description": " 13"}, {"boundingPoly": {"vertices": [{"x": 706.0, "y": 537.0}, {"x": 806.0, "y": 537.0}, {"x": 807.0, "y": 553.0}, {"x": 706.0, "y": 554.0}]}, "description": "======"}, {"boundingPoly": {"vertices": [{"x": 651.0, "y": 566.0}, {"x": 745.0, "y": 566.0}, {"x": 745.0, "y": 601.0}, {"x": 651.0, "y": 601.0}]}, "description": " Kevin"}, {"boundingPoly": {"vertices": [{"x": 203.0, "y": 601.0}, {"x": 892.0, "y": 601.0}, {"x": 892.0, "y": 641.0}, {"x": 203.0, "y": 641.0}]}, "description": " Check Id:40631 Time:13/11/2019 8:31:28 AM"}, {"boundingPoly": {"vertices": [{"x": 204.0, "y": 562.0}, {"x": 339.0, "y": 562.0}, {"x": 339.0, "y": 599.0}, {"x": 204.0, "y": 599.0}]}, "description": " Station:"}, {"boundingPoly": {"vertices": [{"x": 345.0, "y": 564.0}, {"x": 414.0, "y": 564.0}, {"x": 414.0, "y": 599.0}, {"x": 345.0, "y": 599.0}]}, "description": " SG01"}, {"boundingPoly": {"vertices": [{"x": 542.0, "y": 565.0}, {"x": 645.0, "y": 565.0}, {"x": 645.0, "y": 602.0}, {"x": 542.0, "y": 602.0}]}, "description": " Staff:"}, {"boundingPoly": {"vertices": [{"x": 201.0, "y": 683.0}, {"x": 257.0, "y": 683.0}, {"x": 255.0, "y": 717.0}, {"x": 201.0, "y": 716.0}]}, "description": "QTY"}, {"boundingPoly": {"vertices": [{"x": 294.0, "y": 684.0}, {"x": 371.0, "y": 684.0}, {"x": 370.0, "y": 718.0}, {"x": 294.0, "y": 717.0}]}, "description": "ITEM"}, {"boundingPoly": {"vertices": [{"x": 688.0, "y": 690.0}, {"x": 709.0, "y": 692.0}, {"x": 707.0, "y": 719.0}, {"x": 686.0, "y": 717.0}]}, "description": "$"}, {"boundingPoly": {"vertices": [{"x": 805.0, "y": 686.0}, {"x": 887.0, "y": 685.0}, {"x": 888.0, "y": 719.0}, {"x": 805.0, "y": 720.0}]}, "description": "TOTAL"}, {"boundingPoly": {"vertices": [{"x": 299.0, "y": 765.0}, {"x": 532.0, "y": 766.0}, {"x": 532.0, "y": 802.0}, {"x": 299.0, "y": 799.0}]}, "description": "*Mushroom Wrap"}, {"boundingPoly": {"vertices": [{"x": 299.0, "y": 803.0}, {"x": 482.0, "y": 803.0}, {"x": 482.0, "y": 838.0}, {"x": 298.0, "y": 838.0}]}, "description": "*WRAP COMBO"}, {"boundingPoly": {"vertices": [{"x": 820.0, "y": 765.0}, {"x": 888.0, "y": 766.0}, {"x": 888.0, "y": 799.0}, {"x": 821.0, "y": 799.0}]}, "description": "8.90"}, {"boundingPoly": {"vertices": [{"x": 818.0, "y": 805.0}, {"x": 890.0, "y": 806.0}, {"x": 890.0, "y": 839.0}, {"x": 819.0, "y": 839.0}]}, "description": "2.00"}, {"boundingPoly": {"vertices": [{"x": 526.0, "y": 884.0}, {"x": 712.0, "y": 884.0}, {"x": 712.0, "y": 923.0}, {"x": 526.0, "y": 923.0}]}, "description": " Sub Total:$"}, {"boundingPoly": {"vertices": [{"x": 808.0, "y": 886.0}, {"x": 892.0, "y": 886.0}, {"x": 891.0, "y": 920.0}, {"x": 808.0, "y": 922.0}]}, "description": "10.90"}, {"boundingPoly": {"vertices": [{"x": 706.0, "y": 975.0}, {"x": 891.0, "y": 976.0}, {"x": 891.0, "y": 994.0}, {"x": 706.0, "y": 993.0}]}, "description": "==========="}, {"boundingPoly": {"vertices": [{"x": 590.0, "y": 1010.0}, {"x": 714.0, "y": 1010.0}, {"x": 714.0, "y": 1071.0}, {"x": 590.0, "y": 1071.0}]}, "description": " TOTAL:$"}, {"boundingPoly": {"vertices": [{"x": 510.0, "y": 1073.0}, {"x": 711.0, "y": 1073.0}, {"x": 711.0, "y": 1113.0}, {"x": 510.0, "y": 1113.0}]}, "description": " (inc. GST):$"}, {"boundingPoly": {"vertices": [{"x": 709.0, "y": 1125.0}, {"x": 799.0, "y": 1126.0}, {"x": 799.0, "y": 1145.0}, {"x": 709.0, "y": 1144.0}]}, "description": "======"}, {"boundingPoly": {"vertices": [{"x": 608.0, "y": 1156.0}, {"x": 712.0, "y": 1156.0}, {"x": 712.0, "y": 1196.0}, {"x": 608.0, "y": 1196.0}]}, "description": " TYRO:$"}, {"boundingPoly": {"vertices": [{"x": 572.0, "y": 1201.0}, {"x": 714.0, "y": 1201.0}, {"x": 714.0, "y": 1240.0}, {"x": 572.0, "y": 1240.0}]}, "description": " Change:$"}, {"boundingPoly": {"vertices": [{"x": 808.0, "y": 1009.0}, {"x": 895.0, "y": 1009.0}, {"x": 894.0, "y": 1070.0}, {"x": 809.0, "y": 1072.0}]}, "description": "10.90"}, {"boundingPoly": {"vertices": [{"x": 792.0, "y": 1076.0}, {"x": 893.0, "y": 1075.0}, {"x": 890.0, "y": 1111.0}, {"x": 792.0, "y": 1113.0}]}, "description": "(0.99)"}, {"boundingPoly": {"vertices": [{"x": 809.0, "y": 1132.0}, {"x": 892.0, "y": 1132.0}, {"x": 892.0, "y": 1148.0}, {"x": 809.0, "y": 1147.0}]}, "description": "-----"}, {"boundingPoly": {"vertices": [{"x": 812.0, "y": 1159.0}, {"x": 894.0, "y": 1157.0}, {"x": 895.0, "y": 1195.0}, {"x": 812.0, "y": 1198.0}]}, "description": "10.90"}, {"boundingPoly": {"vertices": [{"x": 823.0, "y": 1204.0}, {"x": 896.0, "y": 1203.0}, {"x": 896.0, "y": 1238.0}, {"x": 825.0, "y": 1238.0}]}, "description": "0.00"}, {"boundingPoly": {"vertices": [{"x": 352.0, "y": 1327.0}, {"x": 834.0, "y": 1327.0}, {"x": 834.0, "y": 1360.0}, {"x": 352.0, "y": 1360.0}]}, "description": " -- SG01 13/11/2019 8:31:30 AM Kevin --"}, {"boundingPoly": {"vertices": [{"x": 308.0, "y": 1370.0}, {"x": 872.0, "y": 1372.0}, {"x": 872.0, "y": 1411.0}, {"x": 308.0, "y": 1407.0}]}, "description": "* Indicates GST inclusive item(s)"}, {"boundingPoly": {"vertices": [{"x": 423.0, "y": 1413.0}, {"x": 765.0, "y": 1415.0}, {"x": 764.0, "y": 1455.0}, {"x": 423.0, "y": 1452.0}]}, "description": "Thank you for coming"}, {"boundingPoly": {"vertices": [{"x": 441.0, "y": 1457.0}, {"x": 738.0, "y": 1460.0}, {"x": 737.0, "y": 1499.0}, {"x": 441.0, "y": 1495.0}]}, "description": "Have a lovely day"}]}